solid OpenSCAD_Model
  facet normal 0.0654131 -0.997858 0
    outer loop
      vertex 98.8 0 0
      vertex 99.3221 0.0342255 5.4
      vertex 98.8 0 5.4
    endloop
  endfacet
  facet normal 0.0654131 -0.997858 0
    outer loop
      vertex 99.3221 0.0342255 5.4
      vertex 98.8 0 0
      vertex 99.3221 0.0342255 0
    endloop
  endfacet
  facet normal 0.321319 -0.946971 0
    outer loop
      vertex 99.8353 0.136292 0
      vertex 100.331 0.304489 5.4
      vertex 99.8353 0.136292 5.4
    endloop
  endfacet
  facet normal 0.321319 -0.946971 0
    outer loop
      vertex 100.331 0.304489 5.4
      vertex 99.8353 0.136292 0
      vertex 100.331 0.304489 0
    endloop
  endfacet
  facet normal 0 -1 0
    outer loop
      vertex 4 0 0
      vertex 98.8 0 5.4
      vertex 4 0 5.4
    endloop
  endfacet
  facet normal 0 -1 -0
    outer loop
      vertex 98.8 0 5.4
      vertex 4 0 0
      vertex 98.8 0 0
    endloop
  endfacet
  facet normal 0.195062 -0.980791 0
    outer loop
      vertex 99.3221 0.0342255 0
      vertex 99.8353 0.136292 5.4
      vertex 99.3221 0.0342255 5.4
    endloop
  endfacet
  facet normal 0.195062 -0.980791 0
    outer loop
      vertex 99.8353 0.136292 5.4
      vertex 99.3221 0.0342255 0
      vertex 99.8353 0.136292 0
    endloop
  endfacet
  facet normal -0.555564 -0.831474 0
    outer loop
      vertex 1.56496 0.826584 0
      vertex 2 0.535904 5.4
      vertex 1.56496 0.826584 5.4
    endloop
  endfacet
  facet normal -0.555564 -0.831474 -0
    outer loop
      vertex 2 0.535904 5.4
      vertex 1.56496 0.826584 0
      vertex 2 0.535904 0
    endloop
  endfacet
  facet normal -0.659337 -0.751847 0
    outer loop
      vertex 1.17157 1.17157 0
      vertex 1.56496 0.826584 5.4
      vertex 1.17157 1.17157 5.4
    endloop
  endfacet
  facet normal -0.659337 -0.751847 -0
    outer loop
      vertex 1.56496 0.826584 5.4
      vertex 1.17157 1.17157 0
      vertex 1.56496 0.826584 0
    endloop
  endfacet
  facet normal -1 0 0
    outer loop
      vertex 0 4 0
      vertex 0 142.8 5.4
      vertex 0 142.8 0
    endloop
  endfacet
  facet normal -1 -0 0
    outer loop
      vertex 0 142.8 5.4
      vertex 0 4 0
      vertex 0 4 5.4
    endloop
  endfacet
  facet normal 0.556022 0.831167 -0
    outer loop
      vertex 101.235 145.973 0
      vertex 100.8 146.264 5.4
      vertex 101.235 145.973 5.4
    endloop
  endfacet
  facet normal 0.556022 0.831167 0
    outer loop
      vertex 100.8 146.264 5.4
      vertex 101.235 145.973 0
      vertex 100.8 146.264 0
    endloop
  endfacet
  facet normal 1 -0 0
    outer loop
      vertex 102.8 4 5.4
      vertex 102.8 142.8 0
      vertex 102.8 142.8 5.4
    endloop
  endfacet
  facet normal 1 0 0
    outer loop
      vertex 102.8 142.8 0
      vertex 102.8 4 5.4
      vertex 102.8 4 0
    endloop
  endfacet
  facet normal 0.89719 -0.441645 0
    outer loop
      vertex 102.264 2 5.4
      vertex 102.495 2.46927 0
      vertex 102.495 2.46927 5.4
    endloop
  endfacet
  facet normal 0.89719 -0.441645 0
    outer loop
      vertex 102.495 2.46927 0
      vertex 102.264 2 5.4
      vertex 102.264 2 0
    endloop
  endfacet
  facet normal 0.064984 0.997886 -0
    outer loop
      vertex 99.3221 146.766 0
      vertex 98.8 146.8 5.4
      vertex 99.3221 146.766 5.4
    endloop
  endfacet
  facet normal 0.064984 0.997886 0
    outer loop
      vertex 98.8 146.8 5.4
      vertex 99.3221 146.766 0
      vertex 98.8 146.8 0
    endloop
  endfacet
  facet normal -0.831474 -0.555564 0
    outer loop
      vertex 0.826584 1.56496 0
      vertex 0.535904 2 5.4
      vertex 0.535904 2 0
    endloop
  endfacet
  facet normal -0.831474 -0.555564 0
    outer loop
      vertex 0.535904 2 5.4
      vertex 0.826584 1.56496 0
      vertex 0.826584 1.56496 5.4
    endloop
  endfacet
  facet normal 0.980813 -0.194951 0
    outer loop
      vertex 102.664 2.96472 5.4
      vertex 102.766 3.47789 0
      vertex 102.766 3.47789 5.4
    endloop
  endfacet
  facet normal 0.980813 -0.194951 0
    outer loop
      vertex 102.766 3.47789 0
      vertex 102.664 2.96472 5.4
      vertex 102.664 2.96472 0
    endloop
  endfacet
  facet normal 0 1 -0
    outer loop
      vertex 98.8 146.8 0
      vertex 4 146.8 5.4
      vertex 98.8 146.8 5.4
    endloop
  endfacet
  facet normal 0 1 0
    outer loop
      vertex 4 146.8 5.4
      vertex 98.8 146.8 0
      vertex 4 146.8 0
    endloop
  endfacet
  facet normal -0.896875 -0.442284 0
    outer loop
      vertex 0.535904 2 0
      vertex 0.304489 2.46927 5.4
      vertex 0.304489 2.46927 0
    endloop
  endfacet
  facet normal -0.896875 -0.442284 0
    outer loop
      vertex 0.304489 2.46927 5.4
      vertex 0.535904 2 0
      vertex 0.535904 2 5.4
    endloop
  endfacet
  facet normal -0.997858 -0.0654119 0
    outer loop
      vertex 0.0342255 3.47789 0
      vertex 0 4 5.4
      vertex 0 4 0
    endloop
  endfacet
  facet normal -0.997858 -0.0654119 0
    outer loop
      vertex 0 4 5.4
      vertex 0.0342255 3.47789 0
      vertex 0.0342255 3.47789 5.4
    endloop
  endfacet
  facet normal -0.194951 0.980813 0
    outer loop
      vertex 3.47789 146.766 0
      vertex 2.96472 146.664 5.4
      vertex 3.47789 146.766 5.4
    endloop
  endfacet
  facet normal -0.194951 0.980813 0
    outer loop
      vertex 2.96472 146.664 5.4
      vertex 3.47789 146.766 0
      vertex 2.96472 146.664 0
    endloop
  endfacet
  facet normal 0.751834 -0.659353 0
    outer loop
      vertex 101.628 1.17157 5.4
      vertex 101.973 1.56496 0
      vertex 101.973 1.56496 5.4
    endloop
  endfacet
  facet normal 0.751834 -0.659353 0
    outer loop
      vertex 101.973 1.56496 0
      vertex 101.628 1.17157 5.4
      vertex 101.628 1.17157 0
    endloop
  endfacet
  facet normal -0.659353 0.751834 0
    outer loop
      vertex 1.56496 145.973 0
      vertex 1.17157 145.628 5.4
      vertex 1.56496 145.973 5.4
    endloop
  endfacet
  facet normal -0.659353 0.751834 0
    outer loop
      vertex 1.17157 145.628 5.4
      vertex 1.56496 145.973 0
      vertex 1.17157 145.628 0
    endloop
  endfacet
  facet normal -0.980776 0.195135 0
    outer loop
      vertex 0.0342255 143.322 0
      vertex 0.136292 143.835 5.4
      vertex 0.136292 143.835 0
    endloop
  endfacet
  facet normal -0.980776 0.195135 0
    outer loop
      vertex 0.136292 143.835 5.4
      vertex 0.0342255 143.322 0
      vertex 0.0342255 143.322 5.4
    endloop
  endfacet
  facet normal -0.751847 -0.659337 0
    outer loop
      vertex 1.17157 1.17157 0
      vertex 0.826584 1.56496 5.4
      vertex 0.826584 1.56496 0
    endloop
  endfacet
  facet normal -0.751847 -0.659337 0
    outer loop
      vertex 0.826584 1.56496 5.4
      vertex 1.17157 1.17157 0
      vertex 1.17157 1.17157 5.4
    endloop
  endfacet
  facet normal 0.75151 0.659722 0
    outer loop
      vertex 101.973 145.235 5.4
      vertex 101.628 145.628 0
      vertex 101.628 145.628 5.4
    endloop
  endfacet
  facet normal 0.75151 0.659722 0
    outer loop
      vertex 101.628 145.628 0
      vertex 101.973 145.235 5.4
      vertex 101.973 145.235 0
    endloop
  endfacet
  facet normal -0.0654119 -0.997858 0
    outer loop
      vertex 3.47789 0.0342255 0
      vertex 4 0 5.4
      vertex 3.47789 0.0342255 5.4
    endloop
  endfacet
  facet normal -0.0654119 -0.997858 -0
    outer loop
      vertex 4 0 5.4
      vertex 3.47789 0.0342255 0
      vertex 4 0 0
    endloop
  endfacet
  facet normal -0.0649827 0.997886 0
    outer loop
      vertex 4 146.8 0
      vertex 3.47789 146.766 5.4
      vertex 4 146.8 5.4
    endloop
  endfacet
  facet normal -0.0649827 0.997886 0
    outer loop
      vertex 3.47789 146.766 5.4
      vertex 4 146.8 0
      vertex 3.47789 146.766 0
    endloop
  endfacet
  facet normal -0.195073 -0.980789 0
    outer loop
      vertex 2.96472 0.136292 0
      vertex 3.47789 0.0342255 5.4
      vertex 2.96472 0.136292 5.4
    endloop
  endfacet
  facet normal -0.195073 -0.980789 -0
    outer loop
      vertex 3.47789 0.0342255 5.4
      vertex 2.96472 0.136292 0
      vertex 3.47789 0.0342255 0
    endloop
  endfacet
  facet normal 0.442488 -0.896774 0
    outer loop
      vertex 100.331 0.304489 0
      vertex 100.8 0.535904 5.4
      vertex 100.331 0.304489 5.4
    endloop
  endfacet
  facet normal 0.442488 -0.896774 0
    outer loop
      vertex 100.8 0.535904 5.4
      vertex 100.331 0.304489 0
      vertex 100.8 0.535904 0
    endloop
  endfacet
  facet normal -0.946922 -0.321464 0
    outer loop
      vertex 0.304489 2.46927 0
      vertex 0.136292 2.96472 5.4
      vertex 0.136292 2.96472 0
    endloop
  endfacet
  facet normal -0.946922 -0.321464 0
    outer loop
      vertex 0.136292 2.96472 5.4
      vertex 0.304489 2.46927 0
      vertex 0.304489 2.46927 5.4
    endloop
  endfacet
  facet normal -0.555987 0.831191 0
    outer loop
      vertex 2 146.264 0
      vertex 1.56496 145.973 5.4
      vertex 2 146.264 5.4
    endloop
  endfacet
  facet normal -0.555987 0.831191 0
    outer loop
      vertex 1.56496 145.973 5.4
      vertex 2 146.264 0
      vertex 1.56496 145.973 0
    endloop
  endfacet
  facet normal 0.946454 -0.322839 0
    outer loop
      vertex 102.495 2.46927 5.4
      vertex 102.664 2.96472 0
      vertex 102.664 2.96472 5.4
    endloop
  endfacet
  facet normal 0.946454 -0.322839 0
    outer loop
      vertex 102.664 2.96472 0
      vertex 102.495 2.46927 5.4
      vertex 102.495 2.46927 0
    endloop
  endfacet
  facet normal 0.44185 0.897089 -0
    outer loop
      vertex 100.8 146.264 0
      vertex 100.331 146.495 5.4
      vertex 100.8 146.264 5.4
    endloop
  endfacet
  facet normal 0.44185 0.897089 0
    outer loop
      vertex 100.331 146.495 5.4
      vertex 100.8 146.264 0
      vertex 100.331 146.495 0
    endloop
  endfacet
  facet normal 0.5556 -0.83145 0
    outer loop
      vertex 100.8 0.535904 0
      vertex 101.235 0.826584 5.4
      vertex 100.8 0.535904 5.4
    endloop
  endfacet
  facet normal 0.5556 -0.83145 0
    outer loop
      vertex 101.235 0.826584 5.4
      vertex 100.8 0.535904 0
      vertex 101.235 0.826584 0
    endloop
  endfacet
  facet normal -0.441645 0.89719 0
    outer loop
      vertex 2.46927 146.495 0
      vertex 2 146.264 5.4
      vertex 2.46927 146.495 5.4
    endloop
  endfacet
  facet normal -0.441645 0.89719 0
    outer loop
      vertex 2 146.264 5.4
      vertex 2.46927 146.495 0
      vertex 2 146.264 0
    endloop
  endfacet
  facet normal -0.322839 0.946454 0
    outer loop
      vertex 2.96472 146.664 0
      vertex 2.46927 146.495 5.4
      vertex 2.96472 146.664 5.4
    endloop
  endfacet
  facet normal -0.322839 0.946454 0
    outer loop
      vertex 2.46927 146.495 5.4
      vertex 2.96472 146.664 0
      vertex 2.46927 146.495 0
    endloop
  endfacet
  facet normal -0.442284 -0.896875 0
    outer loop
      vertex 2 0.535904 0
      vertex 2.46927 0.304489 5.4
      vertex 2 0.535904 5.4
    endloop
  endfacet
  facet normal -0.442284 -0.896875 -0
    outer loop
      vertex 2.46927 0.304489 5.4
      vertex 2 0.535904 0
      vertex 2.46927 0.304489 0
    endloop
  endfacet
  facet normal 0.980801 0.195013 0
    outer loop
      vertex 102.766 143.322 5.4
      vertex 102.664 143.835 0
      vertex 102.664 143.835 5.4
    endloop
  endfacet
  facet normal 0.980801 0.195013 0
    outer loop
      vertex 102.664 143.835 0
      vertex 102.766 143.322 5.4
      vertex 102.766 143.322 0
    endloop
  endfacet
  facet normal -0.94703 0.321144 0
    outer loop
      vertex 0.136292 143.835 0
      vertex 0.304489 144.331 5.4
      vertex 0.304489 144.331 0
    endloop
  endfacet
  facet normal -0.94703 0.321144 0
    outer loop
      vertex 0.304489 144.331 5.4
      vertex 0.136292 143.835 0
      vertex 0.136292 143.835 5.4
    endloop
  endfacet
  facet normal -0.321464 -0.946922 0
    outer loop
      vertex 2.46927 0.304489 0
      vertex 2.96472 0.136292 5.4
      vertex 2.46927 0.304489 5.4
    endloop
  endfacet
  facet normal -0.321464 -0.946922 -0
    outer loop
      vertex 2.96472 0.136292 5.4
      vertex 2.46927 0.304489 0
      vertex 2.96472 0.136292 0
    endloop
  endfacet
  facet normal 0.997886 0.0649964 0
    outer loop
      vertex 102.8 142.8 5.4
      vertex 102.766 143.322 0
      vertex 102.766 143.322 5.4
    endloop
  endfacet
  facet normal 0.997886 0.0649964 0
    outer loop
      vertex 102.766 143.322 0
      vertex 102.8 142.8 5.4
      vertex 102.8 142.8 0
    endloop
  endfacet
  facet normal -0.896774 0.442488 0
    outer loop
      vertex 0.304489 144.331 0
      vertex 0.535904 144.8 5.4
      vertex 0.535904 144.8 0
    endloop
  endfacet
  facet normal -0.896774 0.442488 0
    outer loop
      vertex 0.535904 144.8 5.4
      vertex 0.304489 144.331 0
      vertex 0.304489 144.331 5.4
    endloop
  endfacet
  facet normal -0.997857 0.0654256 0
    outer loop
      vertex 0 142.8 0
      vertex 0.0342255 143.322 5.4
      vertex 0.0342255 143.322 0
    endloop
  endfacet
  facet normal -0.997857 0.0654256 0
    outer loop
      vertex 0.0342255 143.322 5.4
      vertex 0 142.8 0
      vertex 0 142.8 5.4
    endloop
  endfacet
  facet normal 0.322693 0.946504 -0
    outer loop
      vertex 100.331 146.495 0
      vertex 99.8353 146.664 5.4
      vertex 100.331 146.495 5.4
    endloop
  endfacet
  facet normal 0.322693 0.946504 0
    outer loop
      vertex 99.8353 146.664 5.4
      vertex 100.331 146.495 0
      vertex 99.8353 146.664 0
    endloop
  endfacet
  facet normal -0.83145 0.5556 0
    outer loop
      vertex 0.535904 144.8 0
      vertex 0.826584 145.235 5.4
      vertex 0.826584 145.235 0
    endloop
  endfacet
  facet normal -0.83145 0.5556 0
    outer loop
      vertex 0.826584 145.235 5.4
      vertex 0.535904 144.8 0
      vertex 0.535904 144.8 5.4
    endloop
  endfacet
  facet normal 0.831191 -0.555987 0
    outer loop
      vertex 101.973 1.56496 5.4
      vertex 102.264 2 0
      vertex 102.264 2 5.4
    endloop
  endfacet
  facet normal 0.831191 -0.555987 0
    outer loop
      vertex 102.264 2 0
      vertex 101.973 1.56496 5.4
      vertex 101.973 1.56496 0
    endloop
  endfacet
  facet normal 0.659722 0.75151 -0
    outer loop
      vertex 101.628 145.628 0
      vertex 101.235 145.973 5.4
      vertex 101.628 145.628 5.4
    endloop
  endfacet
  facet normal 0.659722 0.75151 0
    outer loop
      vertex 101.235 145.973 5.4
      vertex 101.628 145.628 0
      vertex 101.235 145.973 0
    endloop
  endfacet
  facet normal -0.980789 -0.195073 0
    outer loop
      vertex 0.136292 2.96472 0
      vertex 0.0342255 3.47789 5.4
      vertex 0.0342255 3.47789 0
    endloop
  endfacet
  facet normal -0.980789 -0.195073 0
    outer loop
      vertex 0.0342255 3.47789 5.4
      vertex 0.136292 2.96472 0
      vertex 0.136292 2.96472 5.4
    endloop
  endfacet
  facet normal 0.659707 -0.751523 0
    outer loop
      vertex 101.235 0.826584 0
      vertex 101.628 1.17157 5.4
      vertex 101.235 0.826584 5.4
    endloop
  endfacet
  facet normal 0.659707 -0.751523 0
    outer loop
      vertex 101.628 1.17157 5.4
      vertex 101.235 0.826584 0
      vertex 101.628 1.17157 0
    endloop
  endfacet
  facet normal 0.946563 0.322518 0
    outer loop
      vertex 102.664 143.835 5.4
      vertex 102.495 144.331 0
      vertex 102.495 144.331 5.4
    endloop
  endfacet
  facet normal 0.946563 0.322518 0
    outer loop
      vertex 102.495 144.331 0
      vertex 102.664 143.835 5.4
      vertex 102.664 143.835 0
    endloop
  endfacet
  facet normal 0.897089 0.44185 0
    outer loop
      vertex 102.495 144.331 5.4
      vertex 102.264 144.8 0
      vertex 102.264 144.8 5.4
    endloop
  endfacet
  facet normal 0.897089 0.44185 0
    outer loop
      vertex 102.264 144.8 0
      vertex 102.495 144.331 5.4
      vertex 102.495 144.331 0
    endloop
  endfacet
  facet normal 0.19494 0.980815 -0
    outer loop
      vertex 99.8353 146.664 0
      vertex 99.3221 146.766 5.4
      vertex 99.8353 146.664 5.4
    endloop
  endfacet
  facet normal 0.19494 0.980815 0
    outer loop
      vertex 99.3221 146.766 5.4
      vertex 99.8353 146.664 0
      vertex 99.3221 146.766 0
    endloop
  endfacet
  facet normal -0.751523 0.659707 0
    outer loop
      vertex 0.826584 145.235 0
      vertex 1.17157 145.628 5.4
      vertex 1.17157 145.628 0
    endloop
  endfacet
  facet normal -0.751523 0.659707 0
    outer loop
      vertex 1.17157 145.628 5.4
      vertex 0.826584 145.235 0
      vertex 0.826584 145.235 5.4
    endloop
  endfacet
  facet normal 0 0 -1
    outer loop
      vertex 12.1024 11.6132 0
      vertex 90.6976 11.6132 0
      vertex 12.295 11.325 0
    endloop
  endfacet
  facet normal 0 0 -1
    outer loop
      vertex 91.1868 134.698 0
      vertex 12.6273 136.454 0
      vertex 12.65 136.8 0
    endloop
  endfacet
  facet normal 0 0 -1
    outer loop
      vertex 90.6976 11.6132 0
      vertex 12.1024 11.6132 0
      vertex 90.9262 11.8738 0
    endloop
  endfacet
  facet normal 0 0 -1
    outer loop
      vertex 91.1868 134.698 0
      vertex 12.5597 136.114 0
      vertex 12.6273 136.454 0
    endloop
  endfacet
  facet normal 0 0 -1
    outer loop
      vertex 11.8738 11.8738 0
      vertex 90.9262 11.8738 0
      vertex 12.1024 11.6132 0
    endloop
  endfacet
  facet normal 0 0 -1
    outer loop
      vertex 91.1868 134.698 0
      vertex 12.4483 135.786 0
      vertex 12.5597 136.114 0
    endloop
  endfacet
  facet normal 0 0 -1
    outer loop
      vertex 90.9262 11.8738 0
      vertex 11.8738 11.8738 0
      vertex 91.1868 12.1024 0
    endloop
  endfacet
  facet normal 0 0 -1
    outer loop
      vertex 91.1868 134.698 0
      vertex 12.295 135.475 0
      vertex 12.4483 135.786 0
    endloop
  endfacet
  facet normal 0 0 -1
    outer loop
      vertex 11.6132 12.1024 0
      vertex 91.1868 12.1024 0
      vertex 11.8738 11.8738 0
    endloop
  endfacet
  facet normal 0 0 -1
    outer loop
      vertex 91.1868 134.698 0
      vertex 12.1024 135.187 0
      vertex 12.295 135.475 0
    endloop
  endfacet
  facet normal 0 0 -1
    outer loop
      vertex 11.325 12.295 0
      vertex 91.1868 12.1024 0
      vertex 11.6132 12.1024 0
    endloop
  endfacet
  facet normal 0 0 -1
    outer loop
      vertex 91.1868 134.698 0
      vertex 11.8738 134.926 0
      vertex 12.1024 135.187 0
    endloop
  endfacet
  facet normal 0 0 -1
    outer loop
      vertex 91.1868 12.1024 0
      vertex 11.325 12.295 0
      vertex 91.1868 134.698 0
    endloop
  endfacet
  facet normal 0 0 -1
    outer loop
      vertex 91.1868 134.698 0
      vertex 11.6132 134.698 0
      vertex 11.8738 134.926 0
    endloop
  endfacet
  facet normal 0 0 -1
    outer loop
      vertex 11.325 134.505 0
      vertex 91.1868 134.698 0
      vertex 11.325 12.295 0
    endloop
  endfacet
  facet normal -0 0 -1
    outer loop
      vertex 91.1868 134.698 0
      vertex 11.325 134.505 0
      vertex 11.6132 134.698 0
    endloop
  endfacet
  facet normal 0 0 -1
    outer loop
      vertex 11.0141 12.4483 0
      vertex 11.325 134.505 0
      vertex 11.325 12.295 0
    endloop
  endfacet
  facet normal 0 0 -1
    outer loop
      vertex 11.0141 12.4483 0
      vertex 11.0141 134.352 0
      vertex 11.325 134.505 0
    endloop
  endfacet
  facet normal 0 0 -1
    outer loop
      vertex 10.6859 12.5597 0
      vertex 11.0141 134.352 0
      vertex 11.0141 12.4483 0
    endloop
  endfacet
  facet normal 0 0 -1
    outer loop
      vertex 10.6859 12.5597 0
      vertex 10.6859 134.24 0
      vertex 11.0141 134.352 0
    endloop
  endfacet
  facet normal 0 0 -1
    outer loop
      vertex 10.3459 12.6273 0
      vertex 10.6859 134.24 0
      vertex 10.6859 12.5597 0
    endloop
  endfacet
  facet normal 0 0 -1
    outer loop
      vertex 10.3459 12.6273 0
      vertex 10.3459 134.173 0
      vertex 10.6859 134.24 0
    endloop
  endfacet
  facet normal 0 0 -1
    outer loop
      vertex 10 12.65 0
      vertex 10.3459 134.173 0
      vertex 10.3459 12.6273 0
    endloop
  endfacet
  facet normal 0 0 -1
    outer loop
      vertex 10 12.65 0
      vertex 10 134.15 0
      vertex 10.3459 134.173 0
    endloop
  endfacet
  facet normal 0 0 -1
    outer loop
      vertex 9.65411 12.6273 0
      vertex 10 134.15 0
      vertex 10 12.65 0
    endloop
  endfacet
  facet normal 0 0 -1
    outer loop
      vertex 9.65411 12.6273 0
      vertex 9.65411 134.173 0
      vertex 10 134.15 0
    endloop
  endfacet
  facet normal 0 0 -1
    outer loop
      vertex 9.31413 12.5597 0
      vertex 9.65411 134.173 0
      vertex 9.65411 12.6273 0
    endloop
  endfacet
  facet normal 0 0 -1
    outer loop
      vertex 9.31413 12.5597 0
      vertex 9.31413 134.24 0
      vertex 9.65411 134.173 0
    endloop
  endfacet
  facet normal 0 0 -1
    outer loop
      vertex 8.98589 12.4483 0
      vertex 9.31413 134.24 0
      vertex 9.31413 12.5597 0
    endloop
  endfacet
  facet normal 0 0 -1
    outer loop
      vertex 8.98589 12.4483 0
      vertex 8.98589 134.352 0
      vertex 9.31413 134.24 0
    endloop
  endfacet
  facet normal 0 0 -1
    outer loop
      vertex 8.675 12.295 0
      vertex 8.98589 134.352 0
      vertex 8.98589 12.4483 0
    endloop
  endfacet
  facet normal 0 0 -1
    outer loop
      vertex 8.675 12.295 0
      vertex 8.675 134.505 0
      vertex 8.98589 134.352 0
    endloop
  endfacet
  facet normal 0 0 -1
    outer loop
      vertex 8.38678 12.1024 0
      vertex 8.675 134.505 0
      vertex 8.675 12.295 0
    endloop
  endfacet
  facet normal 0 0 -1
    outer loop
      vertex 8.38678 12.1024 0
      vertex 8.38678 134.698 0
      vertex 8.675 134.505 0
    endloop
  endfacet
  facet normal 0 0 -1
    outer loop
      vertex 8.12617 11.8738 0
      vertex 8.38678 134.698 0
      vertex 8.38678 12.1024 0
    endloop
  endfacet
  facet normal 0 0 -1
    outer loop
      vertex 8.12617 11.8738 0
      vertex 8.12617 134.926 0
      vertex 8.38678 134.698 0
    endloop
  endfacet
  facet normal 0 0 -1
    outer loop
      vertex 0 4 0
      vertex 8.12617 11.8738 0
      vertex 7.89761 11.6132 0
    endloop
  endfacet
  facet normal -0 0 -1
    outer loop
      vertex 8.12617 11.8738 0
      vertex 0 4 0
      vertex 8.12617 134.926 0
    endloop
  endfacet
  facet normal 0 0 -1
    outer loop
      vertex 0 4 0
      vertex 7.89761 11.6132 0
      vertex 7.70503 11.325 0
    endloop
  endfacet
  facet normal 0 0 -1
    outer loop
      vertex 0 142.8 0
      vertex 8.12617 134.926 0
      vertex 0 4 0
    endloop
  endfacet
  facet normal 0 0 -1
    outer loop
      vertex 0 4 0
      vertex 7.70503 11.325 0
      vertex 7.55172 11.0141 0
    endloop
  endfacet
  facet normal 0 0 -1
    outer loop
      vertex 8.12617 134.926 0
      vertex 0 142.8 0
      vertex 7.89761 135.187 0
    endloop
  endfacet
  facet normal 0 0 -1
    outer loop
      vertex 0 4 0
      vertex 7.55172 11.0141 0
      vertex 7.4403 10.6859 0
    endloop
  endfacet
  facet normal 0 0 -1
    outer loop
      vertex 7.89761 135.187 0
      vertex 0 142.8 0
      vertex 7.70503 135.475 0
    endloop
  endfacet
  facet normal 0 0 -1
    outer loop
      vertex 0 4 0
      vertex 7.4403 10.6859 0
      vertex 7.37267 10.3459 0
    endloop
  endfacet
  facet normal 0 0 -1
    outer loop
      vertex 7.70503 135.475 0
      vertex 0 142.8 0
      vertex 7.55172 135.786 0
    endloop
  endfacet
  facet normal 0 0 -1
    outer loop
      vertex 0 4 0
      vertex 7.37267 10.3459 0
      vertex 7.35 10 0
    endloop
  endfacet
  facet normal 0 0 -1
    outer loop
      vertex 7.55172 135.786 0
      vertex 0 142.8 0
      vertex 7.4403 136.114 0
    endloop
  endfacet
  facet normal 0 0 -1
    outer loop
      vertex 95.2483 11.0141 0
      vertex 102.8 4 0
      vertex 95.3597 10.6859 0
    endloop
  endfacet
  facet normal 0 0 -1
    outer loop
      vertex 102.8 142.8 0
      vertex 95.4273 136.454 0
      vertex 95.45 136.8 0
    endloop
  endfacet
  facet normal 0 0 -1
    outer loop
      vertex 95.095 11.325 0
      vertex 102.8 4 0
      vertex 95.2483 11.0141 0
    endloop
  endfacet
  facet normal 0 0 -1
    outer loop
      vertex 102.8 142.8 0
      vertex 95.3597 136.114 0
      vertex 95.4273 136.454 0
    endloop
  endfacet
  facet normal 0 0 -1
    outer loop
      vertex 94.9024 11.6132 0
      vertex 102.8 4 0
      vertex 95.095 11.325 0
    endloop
  endfacet
  facet normal 0 0 -1
    outer loop
      vertex 102.8 142.8 0
      vertex 95.2483 135.786 0
      vertex 95.3597 136.114 0
    endloop
  endfacet
  facet normal 0 0 -1
    outer loop
      vertex 94.6738 11.8738 0
      vertex 102.8 4 0
      vertex 94.9024 11.6132 0
    endloop
  endfacet
  facet normal 0 0 -1
    outer loop
      vertex 102.8 142.8 0
      vertex 95.095 135.475 0
      vertex 95.2483 135.786 0
    endloop
  endfacet
  facet normal 0 0 -1
    outer loop
      vertex 102.8 4 0
      vertex 94.6738 11.8738 0
      vertex 102.8 142.8 0
    endloop
  endfacet
  facet normal 0 0 -1
    outer loop
      vertex 102.8 142.8 0
      vertex 94.9024 135.187 0
      vertex 95.095 135.475 0
    endloop
  endfacet
  facet normal 0 0 -1
    outer loop
      vertex 94.6738 134.926 0
      vertex 102.8 142.8 0
      vertex 94.6738 11.8738 0
    endloop
  endfacet
  facet normal 0 0 -1
    outer loop
      vertex 102.8 142.8 0
      vertex 94.6738 134.926 0
      vertex 94.9024 135.187 0
    endloop
  endfacet
  facet normal 0 0 -1
    outer loop
      vertex 94.4132 12.1024 0
      vertex 94.6738 134.926 0
      vertex 94.6738 11.8738 0
    endloop
  endfacet
  facet normal 0 0 -1
    outer loop
      vertex 94.4132 12.1024 0
      vertex 94.4132 134.698 0
      vertex 94.6738 134.926 0
    endloop
  endfacet
  facet normal 0 0 -1
    outer loop
      vertex 94.125 12.295 0
      vertex 94.4132 134.698 0
      vertex 94.4132 12.1024 0
    endloop
  endfacet
  facet normal 0 0 -1
    outer loop
      vertex 94.125 12.295 0
      vertex 94.125 134.505 0
      vertex 94.4132 134.698 0
    endloop
  endfacet
  facet normal 0 0 -1
    outer loop
      vertex 93.8141 12.4483 0
      vertex 94.125 134.505 0
      vertex 94.125 12.295 0
    endloop
  endfacet
  facet normal 0 0 -1
    outer loop
      vertex 93.8141 12.4483 0
      vertex 93.8141 134.352 0
      vertex 94.125 134.505 0
    endloop
  endfacet
  facet normal 0 0 -1
    outer loop
      vertex 93.4859 12.5597 0
      vertex 93.8141 134.352 0
      vertex 93.8141 12.4483 0
    endloop
  endfacet
  facet normal 0 0 -1
    outer loop
      vertex 93.4859 12.5597 0
      vertex 93.4859 134.24 0
      vertex 93.8141 134.352 0
    endloop
  endfacet
  facet normal 0 0 -1
    outer loop
      vertex 93.1459 12.6273 0
      vertex 93.4859 134.24 0
      vertex 93.4859 12.5597 0
    endloop
  endfacet
  facet normal 0 0 -1
    outer loop
      vertex 93.1459 12.6273 0
      vertex 93.1459 134.173 0
      vertex 93.4859 134.24 0
    endloop
  endfacet
  facet normal 0 0 -1
    outer loop
      vertex 92.8 12.65 0
      vertex 93.1459 134.173 0
      vertex 93.1459 12.6273 0
    endloop
  endfacet
  facet normal 0 0 -1
    outer loop
      vertex 92.8 12.65 0
      vertex 92.8 134.15 0
      vertex 93.1459 134.173 0
    endloop
  endfacet
  facet normal 0 0 -1
    outer loop
      vertex 92.4541 12.6273 0
      vertex 92.8 134.15 0
      vertex 92.8 12.65 0
    endloop
  endfacet
  facet normal 0 0 -1
    outer loop
      vertex 92.4541 12.6273 0
      vertex 92.4541 134.173 0
      vertex 92.8 134.15 0
    endloop
  endfacet
  facet normal 0 0 -1
    outer loop
      vertex 92.1141 12.5597 0
      vertex 92.4541 134.173 0
      vertex 92.4541 12.6273 0
    endloop
  endfacet
  facet normal 0 0 -1
    outer loop
      vertex 92.1141 12.5597 0
      vertex 92.1141 134.24 0
      vertex 92.4541 134.173 0
    endloop
  endfacet
  facet normal 0 0 -1
    outer loop
      vertex 91.7859 12.4483 0
      vertex 92.1141 134.24 0
      vertex 92.1141 12.5597 0
    endloop
  endfacet
  facet normal 0 0 -1
    outer loop
      vertex 91.7859 12.4483 0
      vertex 91.7859 134.352 0
      vertex 92.1141 134.24 0
    endloop
  endfacet
  facet normal 0 0 -1
    outer loop
      vertex 91.475 12.295 0
      vertex 91.7859 134.352 0
      vertex 91.7859 12.4483 0
    endloop
  endfacet
  facet normal 0 0 -1
    outer loop
      vertex 91.475 12.295 0
      vertex 91.475 134.505 0
      vertex 91.7859 134.352 0
    endloop
  endfacet
  facet normal 0 0 -1
    outer loop
      vertex 91.1868 12.1024 0
      vertex 91.475 134.505 0
      vertex 91.475 12.295 0
    endloop
  endfacet
  facet normal 0 0 -1
    outer loop
      vertex 91.1868 12.1024 0
      vertex 91.1868 134.698 0
      vertex 91.475 134.505 0
    endloop
  endfacet
  facet normal 0 0 -1
    outer loop
      vertex 90.3517 11.0141 0
      vertex 12.4483 11.0141 0
      vertex 90.505 11.325 0
    endloop
  endfacet
  facet normal 0 0 -1
    outer loop
      vertex 12.295 11.325 0
      vertex 90.505 11.325 0
      vertex 12.4483 11.0141 0
    endloop
  endfacet
  facet normal 0 0 -1
    outer loop
      vertex 12.4483 11.0141 0
      vertex 90.3517 11.0141 0
      vertex 12.5597 10.6859 0
    endloop
  endfacet
  facet normal 0 0 -1
    outer loop
      vertex 90.505 11.325 0
      vertex 12.295 11.325 0
      vertex 90.6976 11.6132 0
    endloop
  endfacet
  facet normal 0 0 -1
    outer loop
      vertex 90.2403 10.6859 0
      vertex 12.5597 10.6859 0
      vertex 90.3517 11.0141 0
    endloop
  endfacet
  facet normal 0 0 -1
    outer loop
      vertex 91.1868 134.698 0
      vertex 12.65 136.8 0
      vertex 90.9262 134.926 0
    endloop
  endfacet
  facet normal 0 0 -1
    outer loop
      vertex 12.5597 10.6859 0
      vertex 90.2403 10.6859 0
      vertex 12.6273 10.3459 0
    endloop
  endfacet
  facet normal 0 0 -1
    outer loop
      vertex 90.9262 134.926 0
      vertex 12.65 136.8 0
      vertex 90.6976 135.187 0
    endloop
  endfacet
  facet normal 0 0 -1
    outer loop
      vertex 90.1727 10.3459 0
      vertex 12.6273 10.3459 0
      vertex 90.2403 10.6859 0
    endloop
  endfacet
  facet normal 0 0 -1
    outer loop
      vertex 90.6976 135.187 0
      vertex 12.65 136.8 0
      vertex 90.505 135.475 0
    endloop
  endfacet
  facet normal 0 0 -1
    outer loop
      vertex 12.6273 10.3459 0
      vertex 90.1727 10.3459 0
      vertex 12.65 10 0
    endloop
  endfacet
  facet normal 0 0 -1
    outer loop
      vertex 90.505 135.475 0
      vertex 12.65 136.8 0
      vertex 90.3517 135.786 0
    endloop
  endfacet
  facet normal 0 0 -1
    outer loop
      vertex 12.65 10 0
      vertex 90.1727 10.3459 0
      vertex 90.15 10 0
    endloop
  endfacet
  facet normal 0 0 -1
    outer loop
      vertex 90.3517 135.786 0
      vertex 12.65 136.8 0
      vertex 90.2403 136.114 0
    endloop
  endfacet
  facet normal 0 0 -1
    outer loop
      vertex 98.8 0 0
      vertex 102.8 4 0
      vertex 102.766 3.47789 0
    endloop
  endfacet
  facet normal 0 0 -1
    outer loop
      vertex 95.4273 10.3459 0
      vertex 102.8 4 0
      vertex 95.45 10 0
    endloop
  endfacet
  facet normal 0 0 -1
    outer loop
      vertex 98.8 0 0
      vertex 102.766 3.47789 0
      vertex 102.664 2.96472 0
    endloop
  endfacet
  facet normal 0 0 -1
    outer loop
      vertex 95.3597 10.6859 0
      vertex 102.8 4 0
      vertex 95.4273 10.3459 0
    endloop
  endfacet
  facet normal 0 0 -1
    outer loop
      vertex 98.8 0 0
      vertex 102.664 2.96472 0
      vertex 102.495 2.46927 0
    endloop
  endfacet
  facet normal 0 0 -1
    outer loop
      vertex 95.4273 137.146 0
      vertex 102.8 142.8 0
      vertex 95.45 136.8 0
    endloop
  endfacet
  facet normal 0 0 -1
    outer loop
      vertex 98.8 0 0
      vertex 102.495 2.46927 0
      vertex 102.264 2 0
    endloop
  endfacet
  facet normal 0 0 -1
    outer loop
      vertex 95.3597 137.486 0
      vertex 102.8 142.8 0
      vertex 95.4273 137.146 0
    endloop
  endfacet
  facet normal 0 0 -1
    outer loop
      vertex 98.8 0 0
      vertex 102.264 2 0
      vertex 101.973 1.56496 0
    endloop
  endfacet
  facet normal 0 0 -1
    outer loop
      vertex 95.2483 137.814 0
      vertex 102.8 142.8 0
      vertex 95.3597 137.486 0
    endloop
  endfacet
  facet normal 0 0 -1
    outer loop
      vertex 98.8 0 0
      vertex 101.973 1.56496 0
      vertex 101.628 1.17157 0
    endloop
  endfacet
  facet normal 0 0 -1
    outer loop
      vertex 95.095 138.125 0
      vertex 102.8 142.8 0
      vertex 95.2483 137.814 0
    endloop
  endfacet
  facet normal 0 0 -1
    outer loop
      vertex 98.8 0 0
      vertex 101.628 1.17157 0
      vertex 101.235 0.826584 0
    endloop
  endfacet
  facet normal 0 0 -1
    outer loop
      vertex 94.9024 138.413 0
      vertex 102.8 142.8 0
      vertex 95.095 138.125 0
    endloop
  endfacet
  facet normal 0 0 -1
    outer loop
      vertex 98.8 0 0
      vertex 101.235 0.826584 0
      vertex 100.8 0.535904 0
    endloop
  endfacet
  facet normal 0 0 -1
    outer loop
      vertex 94.6738 138.674 0
      vertex 102.8 142.8 0
      vertex 94.9024 138.413 0
    endloop
  endfacet
  facet normal 0 0 -1
    outer loop
      vertex 98.8 0 0
      vertex 100.8 0.535904 0
      vertex 100.331 0.304489 0
    endloop
  endfacet
  facet normal 0 -0 -1
    outer loop
      vertex 98.8 146.8 0
      vertex 102.8 142.8 0
      vertex 94.6738 138.674 0
    endloop
  endfacet
  facet normal 0 0 -1
    outer loop
      vertex 98.8 0 0
      vertex 100.331 0.304489 0
      vertex 99.8353 0.136292 0
    endloop
  endfacet
  facet normal 0 0 -1
    outer loop
      vertex 102.8 142.8 0
      vertex 98.8 146.8 0
      vertex 102.766 143.322 0
    endloop
  endfacet
  facet normal 0 0 -1
    outer loop
      vertex 98.8 0 0
      vertex 99.8353 0.136292 0
      vertex 99.3221 0.0342255 0
    endloop
  endfacet
  facet normal 0 0 -1
    outer loop
      vertex 102.766 143.322 0
      vertex 98.8 146.8 0
      vertex 102.664 143.835 0
    endloop
  endfacet
  facet normal -0 0 -1
    outer loop
      vertex 102.8 4 0
      vertex 98.8 0 0
      vertex 94.6738 8.12617 0
    endloop
  endfacet
  facet normal 0 0 -1
    outer loop
      vertex 102.664 143.835 0
      vertex 98.8 146.8 0
      vertex 102.495 144.331 0
    endloop
  endfacet
  facet normal 0 0 -1
    outer loop
      vertex 102.495 144.331 0
      vertex 98.8 146.8 0
      vertex 102.264 144.8 0
    endloop
  endfacet
  facet normal 0 0 -1
    outer loop
      vertex 102.8 4 0
      vertex 95.4273 9.65411 0
      vertex 95.45 10 0
    endloop
  endfacet
  facet normal 0 0 -1
    outer loop
      vertex 102.8 4 0
      vertex 95.3597 9.31413 0
      vertex 95.4273 9.65411 0
    endloop
  endfacet
  facet normal 0 0 -1
    outer loop
      vertex 102.8 4 0
      vertex 95.2483 8.98589 0
      vertex 95.3597 9.31413 0
    endloop
  endfacet
  facet normal 0 0 -1
    outer loop
      vertex 102.8 4 0
      vertex 95.095 8.675 0
      vertex 95.2483 8.98589 0
    endloop
  endfacet
  facet normal 0 0 -1
    outer loop
      vertex 102.8 4 0
      vertex 94.9024 8.38678 0
      vertex 95.095 8.675 0
    endloop
  endfacet
  facet normal 0 0 -1
    outer loop
      vertex 102.8 4 0
      vertex 94.6738 8.12617 0
      vertex 94.9024 8.38678 0
    endloop
  endfacet
  facet normal 0 0 -1
    outer loop
      vertex 98.8 0 0
      vertex 94.4132 7.89761 0
      vertex 94.6738 8.12617 0
    endloop
  endfacet
  facet normal 0 0 -1
    outer loop
      vertex 98.8 0 0
      vertex 94.125 7.70503 0
      vertex 94.4132 7.89761 0
    endloop
  endfacet
  facet normal 0 0 -1
    outer loop
      vertex 98.8 0 0
      vertex 93.8141 7.55172 0
      vertex 94.125 7.70503 0
    endloop
  endfacet
  facet normal 0 0 -1
    outer loop
      vertex 98.8 0 0
      vertex 93.4859 7.4403 0
      vertex 93.8141 7.55172 0
    endloop
  endfacet
  facet normal 0 0 -1
    outer loop
      vertex 98.8 0 0
      vertex 93.1459 7.37267 0
      vertex 93.4859 7.4403 0
    endloop
  endfacet
  facet normal 0 0 -1
    outer loop
      vertex 98.8 0 0
      vertex 92.8 7.35 0
      vertex 93.1459 7.37267 0
    endloop
  endfacet
  facet normal 0 0 -1
    outer loop
      vertex 98.8 0 0
      vertex 92.4541 7.37267 0
      vertex 92.8 7.35 0
    endloop
  endfacet
  facet normal 0 0 -1
    outer loop
      vertex 98.8 0 0
      vertex 92.1141 7.4403 0
      vertex 92.4541 7.37267 0
    endloop
  endfacet
  facet normal 0 0 -1
    outer loop
      vertex 98.8 0 0
      vertex 91.7859 7.55172 0
      vertex 92.1141 7.4403 0
    endloop
  endfacet
  facet normal 0 0 -1
    outer loop
      vertex 98.8 0 0
      vertex 91.475 7.70503 0
      vertex 91.7859 7.55172 0
    endloop
  endfacet
  facet normal 0 0 -1
    outer loop
      vertex 98.8 0 0
      vertex 91.1868 7.89761 0
      vertex 91.475 7.70503 0
    endloop
  endfacet
  facet normal 0 0 -1
    outer loop
      vertex 98.8 0 0
      vertex 90.9262 8.12617 0
      vertex 91.1868 7.89761 0
    endloop
  endfacet
  facet normal 0 0 -1
    outer loop
      vertex 90.2403 136.114 0
      vertex 12.65 136.8 0
      vertex 90.1727 136.454 0
    endloop
  endfacet
  facet normal 0 0 -1
    outer loop
      vertex 90.1727 9.65411 0
      vertex 12.65 10 0
      vertex 90.15 10 0
    endloop
  endfacet
  facet normal 0 0 -1
    outer loop
      vertex 12.6273 9.65411 0
      vertex 90.1727 9.65411 0
      vertex 90.2403 9.31413 0
    endloop
  endfacet
  facet normal 0 0 -1
    outer loop
      vertex 12.5597 9.31413 0
      vertex 90.2403 9.31413 0
      vertex 90.3517 8.98589 0
    endloop
  endfacet
  facet normal 0 0 -1
    outer loop
      vertex 12.4483 8.98589 0
      vertex 90.3517 8.98589 0
      vertex 90.505 8.675 0
    endloop
  endfacet
  facet normal 0 0 -1
    outer loop
      vertex 12.295 8.675 0
      vertex 90.505 8.675 0
      vertex 90.6976 8.38678 0
    endloop
  endfacet
  facet normal 0 0 -1
    outer loop
      vertex 12.1024 8.38678 0
      vertex 90.6976 8.38678 0
      vertex 90.9262 8.12617 0
    endloop
  endfacet
  facet normal 0 0 -1
    outer loop
      vertex 11.8738 8.12617 0
      vertex 90.9262 8.12617 0
      vertex 98.8 0 0
    endloop
  endfacet
  facet normal 0 0 -1
    outer loop
      vertex 90.1727 9.65411 0
      vertex 12.6273 9.65411 0
      vertex 12.65 10 0
    endloop
  endfacet
  facet normal 0 0 -1
    outer loop
      vertex 90.2403 9.31413 0
      vertex 12.5597 9.31413 0
      vertex 12.6273 9.65411 0
    endloop
  endfacet
  facet normal 0 0 -1
    outer loop
      vertex 90.3517 8.98589 0
      vertex 12.4483 8.98589 0
      vertex 12.5597 9.31413 0
    endloop
  endfacet
  facet normal 0 0 -1
    outer loop
      vertex 90.505 8.675 0
      vertex 12.295 8.675 0
      vertex 12.4483 8.98589 0
    endloop
  endfacet
  facet normal 0 0 -1
    outer loop
      vertex 90.6976 8.38678 0
      vertex 12.1024 8.38678 0
      vertex 12.295 8.675 0
    endloop
  endfacet
  facet normal 0 0 -1
    outer loop
      vertex 90.9262 8.12617 0
      vertex 11.8738 8.12617 0
      vertex 12.1024 8.38678 0
    endloop
  endfacet
  facet normal 0 0 -1
    outer loop
      vertex 98.8 0 0
      vertex 11.6132 7.89761 0
      vertex 11.8738 8.12617 0
    endloop
  endfacet
  facet normal 0 0 -1
    outer loop
      vertex 4 0 0
      vertex 11.6132 7.89761 0
      vertex 98.8 0 0
    endloop
  endfacet
  facet normal 0 0 -1
    outer loop
      vertex 11.6132 7.89761 0
      vertex 4 0 0
      vertex 11.325 7.70503 0
    endloop
  endfacet
  facet normal 0 0 -1
    outer loop
      vertex 11.325 7.70503 0
      vertex 4 0 0
      vertex 11.0141 7.55172 0
    endloop
  endfacet
  facet normal 0 0 -1
    outer loop
      vertex 11.0141 7.55172 0
      vertex 4 0 0
      vertex 10.6859 7.4403 0
    endloop
  endfacet
  facet normal 0 0 -1
    outer loop
      vertex 10.6859 7.4403 0
      vertex 4 0 0
      vertex 10.3459 7.37267 0
    endloop
  endfacet
  facet normal 0 0 -1
    outer loop
      vertex 10.3459 7.37267 0
      vertex 4 0 0
      vertex 10 7.35 0
    endloop
  endfacet
  facet normal -0 0 -1
    outer loop
      vertex 7.37267 9.65411 0
      vertex 0 4 0
      vertex 7.35 10 0
    endloop
  endfacet
  facet normal -0 0 -1
    outer loop
      vertex 7.4403 9.31413 0
      vertex 0 4 0
      vertex 7.37267 9.65411 0
    endloop
  endfacet
  facet normal -0 0 -1
    outer loop
      vertex 7.55172 8.98589 0
      vertex 0 4 0
      vertex 7.4403 9.31413 0
    endloop
  endfacet
  facet normal -0 0 -1
    outer loop
      vertex 7.70503 8.675 0
      vertex 0 4 0
      vertex 7.55172 8.98589 0
    endloop
  endfacet
  facet normal -0 0 -1
    outer loop
      vertex 7.89761 8.38678 0
      vertex 0 4 0
      vertex 7.70503 8.675 0
    endloop
  endfacet
  facet normal -0 0 -1
    outer loop
      vertex 8.12617 8.12617 0
      vertex 0 4 0
      vertex 7.89761 8.38678 0
    endloop
  endfacet
  facet normal 0 0 -1
    outer loop
      vertex 0 4 0
      vertex 8.12617 8.12617 0
      vertex 4 0 0
    endloop
  endfacet
  facet normal -0 0 -1
    outer loop
      vertex 8.38678 7.89761 0
      vertex 4 0 0
      vertex 8.12617 8.12617 0
    endloop
  endfacet
  facet normal -0 0 -1
    outer loop
      vertex 8.675 7.70503 0
      vertex 4 0 0
      vertex 8.38678 7.89761 0
    endloop
  endfacet
  facet normal -0 0 -1
    outer loop
      vertex 8.98589 7.55172 0
      vertex 4 0 0
      vertex 8.675 7.70503 0
    endloop
  endfacet
  facet normal -0 0 -1
    outer loop
      vertex 9.31413 7.4403 0
      vertex 4 0 0
      vertex 8.98589 7.55172 0
    endloop
  endfacet
  facet normal -0 0 -1
    outer loop
      vertex 9.65411 7.37267 0
      vertex 4 0 0
      vertex 9.31413 7.4403 0
    endloop
  endfacet
  facet normal -0 0 -1
    outer loop
      vertex 10 7.35 0
      vertex 4 0 0
      vertex 9.65411 7.37267 0
    endloop
  endfacet
  facet normal 0 0 -1
    outer loop
      vertex 102.264 144.8 0
      vertex 98.8 146.8 0
      vertex 101.973 145.235 0
    endloop
  endfacet
  facet normal 0 0 -1
    outer loop
      vertex 101.973 145.235 0
      vertex 98.8 146.8 0
      vertex 101.628 145.628 0
    endloop
  endfacet
  facet normal 0 0 -1
    outer loop
      vertex 101.235 145.973 0
      vertex 98.8 146.8 0
      vertex 100.8 146.264 0
    endloop
  endfacet
  facet normal 0 0 -1
    outer loop
      vertex 100.8 146.264 0
      vertex 98.8 146.8 0
      vertex 100.331 146.495 0
    endloop
  endfacet
  facet normal 0 0 -1
    outer loop
      vertex 100.331 146.495 0
      vertex 98.8 146.8 0
      vertex 99.8353 146.664 0
    endloop
  endfacet
  facet normal 0 0 -1
    outer loop
      vertex 99.8353 146.664 0
      vertex 98.8 146.8 0
      vertex 99.3221 146.766 0
    endloop
  endfacet
  facet normal 0 0 -1
    outer loop
      vertex 101.628 145.628 0
      vertex 98.8 146.8 0
      vertex 101.235 145.973 0
    endloop
  endfacet
  facet normal 0 0 -1
    outer loop
      vertex 94.4132 138.902 0
      vertex 98.8 146.8 0
      vertex 94.6738 138.674 0
    endloop
  endfacet
  facet normal 0 0 -1
    outer loop
      vertex 94.125 139.095 0
      vertex 98.8 146.8 0
      vertex 94.4132 138.902 0
    endloop
  endfacet
  facet normal 0 0 -1
    outer loop
      vertex 93.8141 139.248 0
      vertex 98.8 146.8 0
      vertex 94.125 139.095 0
    endloop
  endfacet
  facet normal 0 0 -1
    outer loop
      vertex 93.4859 139.36 0
      vertex 98.8 146.8 0
      vertex 93.8141 139.248 0
    endloop
  endfacet
  facet normal 0 0 -1
    outer loop
      vertex 93.1459 139.427 0
      vertex 98.8 146.8 0
      vertex 93.4859 139.36 0
    endloop
  endfacet
  facet normal 0 0 -1
    outer loop
      vertex 92.8 139.45 0
      vertex 98.8 146.8 0
      vertex 93.1459 139.427 0
    endloop
  endfacet
  facet normal 0 0 -1
    outer loop
      vertex 92.4541 139.427 0
      vertex 98.8 146.8 0
      vertex 92.8 139.45 0
    endloop
  endfacet
  facet normal 0 0 -1
    outer loop
      vertex 92.1141 139.36 0
      vertex 98.8 146.8 0
      vertex 92.4541 139.427 0
    endloop
  endfacet
  facet normal 0 0 -1
    outer loop
      vertex 91.7859 139.248 0
      vertex 98.8 146.8 0
      vertex 92.1141 139.36 0
    endloop
  endfacet
  facet normal 0 0 -1
    outer loop
      vertex 91.475 139.095 0
      vertex 98.8 146.8 0
      vertex 91.7859 139.248 0
    endloop
  endfacet
  facet normal 0 0 -1
    outer loop
      vertex 91.1868 138.902 0
      vertex 98.8 146.8 0
      vertex 91.475 139.095 0
    endloop
  endfacet
  facet normal 0 0 -1
    outer loop
      vertex 90.9262 138.674 0
      vertex 98.8 146.8 0
      vertex 91.1868 138.902 0
    endloop
  endfacet
  facet normal 0 0 -1
    outer loop
      vertex 90.1727 136.454 0
      vertex 12.65 136.8 0
      vertex 90.15 136.8 0
    endloop
  endfacet
  facet normal 0 0 -1
    outer loop
      vertex 90.15 136.8 0
      vertex 12.65 136.8 0
      vertex 90.1727 137.146 0
    endloop
  endfacet
  facet normal 0 0 -1
    outer loop
      vertex 12.6273 137.146 0
      vertex 90.1727 137.146 0
      vertex 12.65 136.8 0
    endloop
  endfacet
  facet normal 0 0 -1
    outer loop
      vertex 90.1727 137.146 0
      vertex 12.6273 137.146 0
      vertex 90.2403 137.486 0
    endloop
  endfacet
  facet normal 0 0 -1
    outer loop
      vertex 12.5597 137.486 0
      vertex 90.2403 137.486 0
      vertex 12.6273 137.146 0
    endloop
  endfacet
  facet normal 0 0 -1
    outer loop
      vertex 90.2403 137.486 0
      vertex 12.5597 137.486 0
      vertex 90.3517 137.814 0
    endloop
  endfacet
  facet normal 0 0 -1
    outer loop
      vertex 12.4483 137.814 0
      vertex 90.3517 137.814 0
      vertex 12.5597 137.486 0
    endloop
  endfacet
  facet normal 0 0 -1
    outer loop
      vertex 90.3517 137.814 0
      vertex 12.4483 137.814 0
      vertex 90.505 138.125 0
    endloop
  endfacet
  facet normal 0 0 -1
    outer loop
      vertex 12.295 138.125 0
      vertex 90.505 138.125 0
      vertex 12.4483 137.814 0
    endloop
  endfacet
  facet normal 0 0 -1
    outer loop
      vertex 90.505 138.125 0
      vertex 12.295 138.125 0
      vertex 90.6976 138.413 0
    endloop
  endfacet
  facet normal 0 0 -1
    outer loop
      vertex 12.1024 138.413 0
      vertex 90.6976 138.413 0
      vertex 12.295 138.125 0
    endloop
  endfacet
  facet normal 0 0 -1
    outer loop
      vertex 90.6976 138.413 0
      vertex 12.1024 138.413 0
      vertex 90.9262 138.674 0
    endloop
  endfacet
  facet normal 0 0 -1
    outer loop
      vertex 11.8738 138.674 0
      vertex 90.9262 138.674 0
      vertex 12.1024 138.413 0
    endloop
  endfacet
  facet normal 0 0 -1
    outer loop
      vertex 90.9262 138.674 0
      vertex 11.8738 138.674 0
      vertex 98.8 146.8 0
    endloop
  endfacet
  facet normal 0 0 -1
    outer loop
      vertex 11.6132 138.902 0
      vertex 98.8 146.8 0
      vertex 11.8738 138.674 0
    endloop
  endfacet
  facet normal 0 0 -1
    outer loop
      vertex 4 146.8 0
      vertex 11.6132 138.902 0
      vertex 11.325 139.095 0
    endloop
  endfacet
  facet normal 0 0 -1
    outer loop
      vertex 4 146.8 0
      vertex 11.325 139.095 0
      vertex 11.0141 139.248 0
    endloop
  endfacet
  facet normal 0 0 -1
    outer loop
      vertex 4 146.8 0
      vertex 11.0141 139.248 0
      vertex 10.6859 139.36 0
    endloop
  endfacet
  facet normal 0 0 -1
    outer loop
      vertex 4 146.8 0
      vertex 10.6859 139.36 0
      vertex 10.3459 139.427 0
    endloop
  endfacet
  facet normal 0 0 -1
    outer loop
      vertex 4 146.8 0
      vertex 10.3459 139.427 0
      vertex 10 139.45 0
    endloop
  endfacet
  facet normal 0 0 -1
    outer loop
      vertex 4 146.8 0
      vertex 10 139.45 0
      vertex 9.65411 139.427 0
    endloop
  endfacet
  facet normal 0 0 -1
    outer loop
      vertex 11.6132 138.902 0
      vertex 4 146.8 0
      vertex 98.8 146.8 0
    endloop
  endfacet
  facet normal 0 0 -1
    outer loop
      vertex 9.31413 139.36 0
      vertex 4 146.8 0
      vertex 9.65411 139.427 0
    endloop
  endfacet
  facet normal 0 0 -1
    outer loop
      vertex 8.98589 139.248 0
      vertex 4 146.8 0
      vertex 9.31413 139.36 0
    endloop
  endfacet
  facet normal 0 0 -1
    outer loop
      vertex 8.675 139.095 0
      vertex 4 146.8 0
      vertex 8.98589 139.248 0
    endloop
  endfacet
  facet normal 0 0 -1
    outer loop
      vertex 8.38678 138.902 0
      vertex 4 146.8 0
      vertex 8.675 139.095 0
    endloop
  endfacet
  facet normal 0 0 -1
    outer loop
      vertex 8.12617 138.674 0
      vertex 4 146.8 0
      vertex 8.38678 138.902 0
    endloop
  endfacet
  facet normal 0 0 -1
    outer loop
      vertex 0 142.8 0
      vertex 8.12617 138.674 0
      vertex 7.89761 138.413 0
    endloop
  endfacet
  facet normal 0 0 -1
    outer loop
      vertex 0 142.8 0
      vertex 7.89761 138.413 0
      vertex 7.70503 138.125 0
    endloop
  endfacet
  facet normal 0 0 -1
    outer loop
      vertex 0 142.8 0
      vertex 7.70503 138.125 0
      vertex 7.55172 137.814 0
    endloop
  endfacet
  facet normal 0 0 -1
    outer loop
      vertex 0 142.8 0
      vertex 7.55172 137.814 0
      vertex 7.4403 137.486 0
    endloop
  endfacet
  facet normal 0 0 -1
    outer loop
      vertex 0 142.8 0
      vertex 7.4403 137.486 0
      vertex 7.37267 137.146 0
    endloop
  endfacet
  facet normal 0 0 -1
    outer loop
      vertex 0 142.8 0
      vertex 7.37267 137.146 0
      vertex 7.35 136.8 0
    endloop
  endfacet
  facet normal 0 0 -1
    outer loop
      vertex 7.4403 136.114 0
      vertex 0 142.8 0
      vertex 7.37267 136.454 0
    endloop
  endfacet
  facet normal 0 0 -1
    outer loop
      vertex 0 4 0
      vertex 4 0 0
      vertex 3.47789 0.0342255 0
    endloop
  endfacet
  facet normal 0 0 -1
    outer loop
      vertex 7.37267 136.454 0
      vertex 0 142.8 0
      vertex 7.35 136.8 0
    endloop
  endfacet
  facet normal 0 0 -1
    outer loop
      vertex 0 4 0
      vertex 3.47789 0.0342255 0
      vertex 2.96472 0.136292 0
    endloop
  endfacet
  facet normal 0 0 -1
    outer loop
      vertex 8.12617 138.674 0
      vertex 0 142.8 0
      vertex 4 146.8 0
    endloop
  endfacet
  facet normal 0 0 -1
    outer loop
      vertex 0 4 0
      vertex 2.96472 0.136292 0
      vertex 2.46927 0.304489 0
    endloop
  endfacet
  facet normal 0 0 -1
    outer loop
      vertex 4 146.8 0
      vertex 0 142.8 0
      vertex 3.47789 146.766 0
    endloop
  endfacet
  facet normal 0 0 -1
    outer loop
      vertex 0 4 0
      vertex 2.46927 0.304489 0
      vertex 2 0.535904 0
    endloop
  endfacet
  facet normal 0 0 -1
    outer loop
      vertex 3.47789 146.766 0
      vertex 0 142.8 0
      vertex 2.96472 146.664 0
    endloop
  endfacet
  facet normal 0 0 -1
    outer loop
      vertex 0 4 0
      vertex 2 0.535904 0
      vertex 1.56496 0.826584 0
    endloop
  endfacet
  facet normal 0 0 -1
    outer loop
      vertex 2.96472 146.664 0
      vertex 0 142.8 0
      vertex 2.46927 146.495 0
    endloop
  endfacet
  facet normal 0 0 -1
    outer loop
      vertex 0 4 0
      vertex 1.56496 0.826584 0
      vertex 1.17157 1.17157 0
    endloop
  endfacet
  facet normal 0 0 -1
    outer loop
      vertex 2.46927 146.495 0
      vertex 0 142.8 0
      vertex 2 146.264 0
    endloop
  endfacet
  facet normal 0 0 -1
    outer loop
      vertex 0 4 0
      vertex 1.17157 1.17157 0
      vertex 0.826584 1.56496 0
    endloop
  endfacet
  facet normal 0 0 -1
    outer loop
      vertex 2 146.264 0
      vertex 0 142.8 0
      vertex 1.56496 145.973 0
    endloop
  endfacet
  facet normal 0 0 -1
    outer loop
      vertex 0 4 0
      vertex 0.826584 1.56496 0
      vertex 0.535904 2 0
    endloop
  endfacet
  facet normal 0 0 -1
    outer loop
      vertex 1.56496 145.973 0
      vertex 0 142.8 0
      vertex 1.17157 145.628 0
    endloop
  endfacet
  facet normal 0 0 -1
    outer loop
      vertex 0 4 0
      vertex 0.535904 2 0
      vertex 0.304489 2.46927 0
    endloop
  endfacet
  facet normal 0 0 -1
    outer loop
      vertex 1.17157 145.628 0
      vertex 0 142.8 0
      vertex 0.826584 145.235 0
    endloop
  endfacet
  facet normal 0 0 -1
    outer loop
      vertex 0 4 0
      vertex 0.304489 2.46927 0
      vertex 0.136292 2.96472 0
    endloop
  endfacet
  facet normal 0 0 -1
    outer loop
      vertex 0.826584 145.235 0
      vertex 0 142.8 0
      vertex 0.535904 144.8 0
    endloop
  endfacet
  facet normal 0 0 -1
    outer loop
      vertex 0 4 0
      vertex 0.136292 2.96472 0
      vertex 0.0342255 3.47789 0
    endloop
  endfacet
  facet normal 0 0 -1
    outer loop
      vertex 0.535904 144.8 0
      vertex 0 142.8 0
      vertex 0.304489 144.331 0
    endloop
  endfacet
  facet normal 0 0 -1
    outer loop
      vertex 0.304489 144.331 0
      vertex 0 142.8 0
      vertex 0.136292 143.835 0
    endloop
  endfacet
  facet normal 0 0 -1
    outer loop
      vertex 0.136292 143.835 0
      vertex 0 142.8 0
      vertex 0.0342255 143.322 0
    endloop
  endfacet
  facet normal 0.997886 -0.0649827 0
    outer loop
      vertex 102.766 3.47789 5.4
      vertex 102.8 4 0
      vertex 102.8 4 5.4
    endloop
  endfacet
  facet normal 0.997886 -0.0649827 0
    outer loop
      vertex 102.8 4 0
      vertex 102.766 3.47789 5.4
      vertex 102.766 3.47789 0
    endloop
  endfacet
  facet normal 0.831167 0.556022 0
    outer loop
      vertex 102.264 144.8 5.4
      vertex 101.973 145.235 0
      vertex 101.973 145.235 5.4
    endloop
  endfacet
  facet normal 0.831167 0.556022 0
    outer loop
      vertex 101.973 145.235 0
      vertex 102.264 144.8 5.4
      vertex 102.264 144.8 0
    endloop
  endfacet
  facet normal 0 0 1
    outer loop
      vertex 3.79115 2.41368 44.4
      vertex 2.4 2.4 44.4
      vertex 3.99991 2.4 44.4
    endloop
  endfacet
  facet normal 0 0 1
    outer loop
      vertex 3.58589 2.45451 44.4
      vertex 2.4 2.4 44.4
      vertex 3.79115 2.41368 44.4
    endloop
  endfacet
  facet normal 0 0 1
    outer loop
      vertex 3.38771 2.52179 44.4
      vertex 2.4 2.4 44.4
      vertex 3.58589 2.45451 44.4
    endloop
  endfacet
  facet normal 0 0 1
    outer loop
      vertex 3.2 2.61436 44.4
      vertex 2.4 2.4 44.4
      vertex 3.38771 2.52179 44.4
    endloop
  endfacet
  facet normal 0 0 1
    outer loop
      vertex 3.02599 2.73064 44.4
      vertex 2.4 2.4 44.4
      vertex 3.2 2.61436 44.4
    endloop
  endfacet
  facet normal 0 0 1
    outer loop
      vertex 2.86862 2.86862 44.4
      vertex 2.4 2.4 44.4
      vertex 3.02599 2.73064 44.4
    endloop
  endfacet
  facet normal 0 0 1
    outer loop
      vertex 2.73064 3.02599 44.4
      vertex 2.4 2.4 44.4
      vertex 2.86862 2.86862 44.4
    endloop
  endfacet
  facet normal 0 0 1
    outer loop
      vertex 2.61436 3.2 44.4
      vertex 2.4 2.4 44.4
      vertex 2.73064 3.02599 44.4
    endloop
  endfacet
  facet normal 0 0 1
    outer loop
      vertex 2.52179 3.38771 44.4
      vertex 2.4 2.4 44.4
      vertex 2.61436 3.2 44.4
    endloop
  endfacet
  facet normal 0 0 1
    outer loop
      vertex 2.45451 3.58589 44.4
      vertex 2.4 2.4 44.4
      vertex 2.52179 3.38771 44.4
    endloop
  endfacet
  facet normal 0 0 1
    outer loop
      vertex 2.41368 3.79115 44.4
      vertex 2.4 2.4 44.4
      vertex 2.45451 3.58589 44.4
    endloop
  endfacet
  facet normal 0 0 1
    outer loop
      vertex 2.4 2.4 44.4
      vertex 2.41368 3.79115 44.4
      vertex 2.4 3.99991 44.4
    endloop
  endfacet
  facet normal -0 0 1
    outer loop
      vertex 2.4 144.4 44.4
      vertex 3.79115 144.386 44.4
      vertex 4 144.4 44.4
    endloop
  endfacet
  facet normal 0 0 1
    outer loop
      vertex 2.4 144.4 44.4
      vertex 3.58589 144.345 44.4
      vertex 3.79115 144.386 44.4
    endloop
  endfacet
  facet normal 0 0 1
    outer loop
      vertex 2.4 144.4 44.4
      vertex 3.38771 144.278 44.4
      vertex 3.58589 144.345 44.4
    endloop
  endfacet
  facet normal 0 0 1
    outer loop
      vertex 2.4 144.4 44.4
      vertex 3.2 144.186 44.4
      vertex 3.38771 144.278 44.4
    endloop
  endfacet
  facet normal 0 0 1
    outer loop
      vertex 2.4 144.4 44.4
      vertex 3.02599 144.069 44.4
      vertex 3.2 144.186 44.4
    endloop
  endfacet
  facet normal 0 0 1
    outer loop
      vertex 2.4 144.4 44.4
      vertex 2.86862 143.931 44.4
      vertex 3.02599 144.069 44.4
    endloop
  endfacet
  facet normal 0 0 1
    outer loop
      vertex 2.4 144.4 44.4
      vertex 2.73064 143.774 44.4
      vertex 2.86862 143.931 44.4
    endloop
  endfacet
  facet normal 0 0 1
    outer loop
      vertex 2.4 144.4 44.4
      vertex 2.61436 143.6 44.4
      vertex 2.73064 143.774 44.4
    endloop
  endfacet
  facet normal 0 0 1
    outer loop
      vertex 2.4 144.4 44.4
      vertex 2.52179 143.412 44.4
      vertex 2.61436 143.6 44.4
    endloop
  endfacet
  facet normal 0 0 1
    outer loop
      vertex 2.4 144.4 44.4
      vertex 2.45451 143.214 44.4
      vertex 2.52179 143.412 44.4
    endloop
  endfacet
  facet normal 0 0 1
    outer loop
      vertex 2.4 144.4 44.4
      vertex 2.41368 143.009 44.4
      vertex 2.45451 143.214 44.4
    endloop
  endfacet
  facet normal 0 0 1
    outer loop
      vertex 2.41368 143.009 44.4
      vertex 2.4 144.4 44.4
      vertex 2.4 142.8 44.4
    endloop
  endfacet
  facet normal 0 0 0
    outer loop
      vertex 100.4 144.4 44.4
      vertex 100.4 142.8 44.4
      vertex 100.4 2.4 44.4
    endloop
  endfacet
  facet normal 0 0 1
    outer loop
      vertex 100.4 144.4 44.4
      vertex 100.386 143.009 44.4
      vertex 100.4 142.8 44.4
    endloop
  endfacet
  facet normal 0 0 1
    outer loop
      vertex 100.4 144.4 44.4
      vertex 100.345 143.214 44.4
      vertex 100.386 143.009 44.4
    endloop
  endfacet
  facet normal 0 0 1
    outer loop
      vertex 100.4 144.4 44.4
      vertex 100.278 143.412 44.4
      vertex 100.345 143.214 44.4
    endloop
  endfacet
  facet normal 0 0 1
    outer loop
      vertex 100.4 144.4 44.4
      vertex 100.186 143.6 44.4
      vertex 100.278 143.412 44.4
    endloop
  endfacet
  facet normal 0 0 1
    outer loop
      vertex 100.4 144.4 44.4
      vertex 100.069 143.774 44.4
      vertex 100.186 143.6 44.4
    endloop
  endfacet
  facet normal 0 0 1
    outer loop
      vertex 100.4 144.4 44.4
      vertex 99.9314 143.931 44.4
      vertex 100.069 143.774 44.4
    endloop
  endfacet
  facet normal 0 0 1
    outer loop
      vertex 100.4 144.4 44.4
      vertex 99.774 144.069 44.4
      vertex 99.9314 143.931 44.4
    endloop
  endfacet
  facet normal 0 0 1
    outer loop
      vertex 100.4 144.4 44.4
      vertex 99.6 144.186 44.4
      vertex 99.774 144.069 44.4
    endloop
  endfacet
  facet normal 0 0 1
    outer loop
      vertex 100.4 144.4 44.4
      vertex 99.4123 144.278 44.4
      vertex 99.6 144.186 44.4
    endloop
  endfacet
  facet normal 0 0 1
    outer loop
      vertex 100.4 144.4 44.4
      vertex 99.2141 144.345 44.4
      vertex 99.4123 144.278 44.4
    endloop
  endfacet
  facet normal 0 0 1
    outer loop
      vertex 100.4 144.4 44.4
      vertex 99.0088 144.386 44.4
      vertex 99.2141 144.345 44.4
    endloop
  endfacet
  facet normal 0 -0 1
    outer loop
      vertex 99.0088 144.386 44.4
      vertex 100.4 144.4 44.4
      vertex 98.8 144.4 44.4
    endloop
  endfacet
  facet normal -0 0 0
    outer loop
      vertex 100.4 4 44.4
      vertex 100.4 2.4 44.4
      vertex 100.4 142.8 44.4
    endloop
  endfacet
  facet normal -0 0 1
    outer loop
      vertex 100.386 3.79115 44.4
      vertex 100.4 2.4 44.4
      vertex 100.4 4 44.4
    endloop
  endfacet
  facet normal -0 0 1
    outer loop
      vertex 100.345 3.58589 44.4
      vertex 100.4 2.4 44.4
      vertex 100.386 3.79115 44.4
    endloop
  endfacet
  facet normal -0 0 1
    outer loop
      vertex 100.278 3.38771 44.4
      vertex 100.4 2.4 44.4
      vertex 100.345 3.58589 44.4
    endloop
  endfacet
  facet normal -0 0 1
    outer loop
      vertex 100.186 3.2 44.4
      vertex 100.4 2.4 44.4
      vertex 100.278 3.38771 44.4
    endloop
  endfacet
  facet normal -0 0 1
    outer loop
      vertex 100.069 3.02599 44.4
      vertex 100.4 2.4 44.4
      vertex 100.186 3.2 44.4
    endloop
  endfacet
  facet normal -0 0 1
    outer loop
      vertex 99.9314 2.86862 44.4
      vertex 100.4 2.4 44.4
      vertex 100.069 3.02599 44.4
    endloop
  endfacet
  facet normal -0 0 1
    outer loop
      vertex 99.774 2.73064 44.4
      vertex 100.4 2.4 44.4
      vertex 99.9314 2.86862 44.4
    endloop
  endfacet
  facet normal -0 0 1
    outer loop
      vertex 99.6 2.61436 44.4
      vertex 100.4 2.4 44.4
      vertex 99.774 2.73064 44.4
    endloop
  endfacet
  facet normal -0 0 1
    outer loop
      vertex 99.4123 2.52179 44.4
      vertex 100.4 2.4 44.4
      vertex 99.6 2.61436 44.4
    endloop
  endfacet
  facet normal -0 0 1
    outer loop
      vertex 99.2141 2.45451 44.4
      vertex 100.4 2.4 44.4
      vertex 99.4123 2.52179 44.4
    endloop
  endfacet
  facet normal -0 0 1
    outer loop
      vertex 99.0088 2.41368 44.4
      vertex 100.4 2.4 44.4
      vertex 99.2141 2.45451 44.4
    endloop
  endfacet
  facet normal 0 0 1
    outer loop
      vertex 100.4 2.4 44.4
      vertex 99.0088 2.41368 44.4
      vertex 98.8001 2.4 44.4
    endloop
  endfacet
  facet normal 0 -0 0
    outer loop
      vertex 98.8 144.4 44.4
      vertex 100.4 144.4 44.4
      vertex 2.4 144.4 44.4
    endloop
  endfacet
  facet normal 0 0 0
    outer loop
      vertex 2.4 144.4 44.4
      vertex 4 144.4 44.4
      vertex 98.8 144.4 44.4
    endloop
  endfacet
  facet normal 0.997865 -0.0653148 0
    outer loop
      vertex 2.4 142.8 5.4
      vertex 2.41368 143.009 44.4
      vertex 2.4 142.8 44.4
    endloop
  endfacet
  facet normal 0.997865 -0.0653148 0
    outer loop
      vertex 2.41368 143.009 44.4
      vertex 2.4 142.8 5.4
      vertex 2.41368 143.009 2.4
    endloop
  endfacet
  facet normal 0 -1 0
    outer loop
      vertex 2.39999 142.8 2.4
      vertex 2.4 142.8 5.4
      vertex 2.39999 142.8 5.4
    endloop
  endfacet
  facet normal 0.997862 -0.0653623 -3.32621e-06
    outer loop
      vertex 2.4 142.8 5.4
      vertex 2.39999 142.8 2.4
      vertex 2.41368 143.009 2.4
    endloop
  endfacet
  facet normal -0.0654083 0.997859 0
    outer loop
      vertex 99.0088 2.41368 44.4
      vertex 98.8001 2.4 5.4
      vertex 98.8001 2.4 44.4
    endloop
  endfacet
  facet normal -0.0654083 0.997859 0
    outer loop
      vertex 99.0088 2.41368 2.4
      vertex 98.8001 2.4 5.4
      vertex 99.0088 2.41368 44.4
    endloop
  endfacet
  facet normal -0.0654247 0.997858 -1.14537e-06
    outer loop
      vertex 98.8 2.39999 2.4
      vertex 98.8001 2.4 5.4
      vertex 99.0088 2.41368 2.4
    endloop
  endfacet
  facet normal -0.0995037 0.995037 0
    outer loop
      vertex 98.8001 2.4 5.4
      vertex 98.8 2.39999 2.4
      vertex 98.8 2.39999 5.4
    endloop
  endfacet
  facet normal -0.997764 -0.0668359 0
    outer loop
      vertex 100.4 142.8 2.4
      vertex 100.386 143.009 44.4
      vertex 100.386 143.009 2.4
    endloop
  endfacet
  facet normal -0.997764 -0.0668359 0
    outer loop
      vertex 100.386 143.009 44.4
      vertex 100.4 142.8 2.4
      vertex 100.4 142.8 44.4
    endloop
  endfacet
  facet normal 1 -0 0
    outer loop
      vertex 2.39999 4 5.4
      vertex 2.39999 142.8 2.4
      vertex 2.39999 142.8 5.4
    endloop
  endfacet
  facet normal 1 0 0
    outer loop
      vertex 2.39999 142.8 2.4
      vertex 2.39999 4 5.4
      vertex 2.39999 4 2.4
    endloop
  endfacet
  facet normal 0.75191 0.659265 0
    outer loop
      vertex 2.86862 2.86862 44.4
      vertex 2.73064 3.02599 2.4
      vertex 2.73064 3.02599 44.4
    endloop
  endfacet
  facet normal 0.75191 0.659265 0
    outer loop
      vertex 2.73064 3.02599 2.4
      vertex 2.86862 2.86862 44.4
      vertex 2.86862 2.86862 2.4
    endloop
  endfacet
  facet normal -0.555626 0.831432 0
    outer loop
      vertex 99.774 2.73064 2.4
      vertex 99.6 2.61436 44.4
      vertex 99.774 2.73064 44.4
    endloop
  endfacet
  facet normal -0.555626 0.831432 0
    outer loop
      vertex 99.6 2.61436 44.4
      vertex 99.774 2.73064 2.4
      vertex 99.6 2.61436 2.4
    endloop
  endfacet
  facet normal 0 1 -0
    outer loop
      vertex 98.8 2.39999 2.4
      vertex 4 2.39999 5.4
      vertex 98.8 2.39999 5.4
    endloop
  endfacet
  facet normal 0 1 0
    outer loop
      vertex 4 2.39999 5.4
      vertex 98.8 2.39999 2.4
      vertex 4 2.39999 2.4
    endloop
  endfacet
  facet normal -0.32024 -0.947336 0
    outer loop
      vertex 99.2141 144.345 2.4
      vertex 99.4123 144.278 44.4
      vertex 99.2141 144.345 44.4
    endloop
  endfacet
  facet normal -0.32024 -0.947336 -0
    outer loop
      vertex 99.4123 144.278 44.4
      vertex 99.2141 144.345 2.4
      vertex 99.4123 144.278 2.4
    endloop
  endfacet
  facet normal 0.89687 0.442295 0
    outer loop
      vertex 2.61436 3.2 44.4
      vertex 2.52179 3.38771 2.4
      vertex 2.52179 3.38771 44.4
    endloop
  endfacet
  facet normal 0.89687 0.442295 0
    outer loop
      vertex 2.52179 3.38771 2.4
      vertex 2.61436 3.2 44.4
      vertex 2.61436 3.2 2.4
    endloop
  endfacet
  facet normal 0 -1 0
    outer loop
      vertex 4 144.4 2.4
      vertex 98.8 144.4 44.4
      vertex 4 144.4 44.4
    endloop
  endfacet
  facet normal 0 -1 -0
    outer loop
      vertex 98.8 144.4 44.4
      vertex 4 144.4 2.4
      vertex 98.8 144.4 2.4
    endloop
  endfacet
  facet normal 0.110432 0.993884 0
    outer loop
      vertex 4 2.39999 5.4
      vertex 4 2.39999 2.4
      vertex 3.99991 2.4 5.4
    endloop
  endfacet
  facet normal 0.0653895 0.99786 -0
    outer loop
      vertex 3.99991 2.4 5.4
      vertex 3.79115 2.41368 44.4
      vertex 3.99991 2.4 44.4
    endloop
  endfacet
  facet normal 0.0654091 0.997859 -1.36392e-06
    outer loop
      vertex 3.79115 2.41368 2.4
      vertex 3.99991 2.4 5.4
      vertex 4 2.39999 2.4
    endloop
  endfacet
  facet normal 0.0653895 0.99786 0
    outer loop
      vertex 3.99991 2.4 5.4
      vertex 3.79115 2.41368 2.4
      vertex 3.79115 2.41368 44.4
    endloop
  endfacet
  facet normal -0.659194 0.751973 0
    outer loop
      vertex 99.9314 2.86862 2.4
      vertex 99.774 2.73064 44.4
      vertex 99.9314 2.86862 44.4
    endloop
  endfacet
  facet normal -0.659194 0.751973 0
    outer loop
      vertex 99.774 2.73064 44.4
      vertex 99.9314 2.86862 2.4
      vertex 99.774 2.73064 2.4
    endloop
  endfacet
  facet normal 0.4401 -0.897949 0
    outer loop
      vertex 3.2 144.186 2.4
      vertex 3.38771 144.278 44.4
      vertex 3.2 144.186 44.4
    endloop
  endfacet
  facet normal 0.4401 -0.897949 0
    outer loop
      vertex 3.38771 144.278 44.4
      vertex 3.2 144.186 2.4
      vertex 3.38771 144.278 2.4
    endloop
  endfacet
  facet normal 0.659265 0.75191 -0
    outer loop
      vertex 3.02599 2.73064 2.4
      vertex 2.86862 2.86862 44.4
      vertex 3.02599 2.73064 44.4
    endloop
  endfacet
  facet normal 0.659265 0.75191 0
    outer loop
      vertex 2.86862 2.86862 44.4
      vertex 3.02599 2.73064 2.4
      vertex 2.86862 2.86862 2.4
    endloop
  endfacet
  facet normal -0.997761 0.0668837 0
    outer loop
      vertex 100.386 3.79115 2.4
      vertex 100.4 4 44.4
      vertex 100.4 4 2.4
    endloop
  endfacet
  facet normal -0.997761 0.0668837 0
    outer loop
      vertex 100.4 4 44.4
      vertex 100.386 3.79115 2.4
      vertex 100.386 3.79115 44.4
    endloop
  endfacet
  facet normal 0.0668837 -0.997761 0
    outer loop
      vertex 3.79115 144.386 2.4
      vertex 4 144.4 44.4
      vertex 3.79115 144.386 44.4
    endloop
  endfacet
  facet normal 0.0668837 -0.997761 0
    outer loop
      vertex 4 144.4 44.4
      vertex 3.79115 144.386 2.4
      vertex 4 144.4 2.4
    endloop
  endfacet
  facet normal -1 0 0
    outer loop
      vertex 100.4 112.684 16.4116
      vertex 100.4 142.8 2.4
      vertex 100.4 112.75 15.4
    endloop
  endfacet
  facet normal -1 0 0
    outer loop
      vertex 100.4 142.8 2.4
      vertex 100.4 112.684 14.3884
      vertex 100.4 112.75 15.4
    endloop
  endfacet
  facet normal -1 0 0
    outer loop
      vertex 100.4 142.8 2.4
      vertex 100.4 112.486 13.3942
      vertex 100.4 112.684 14.3884
    endloop
  endfacet
  facet normal -1 0 0
    outer loop
      vertex 100.4 142.8 2.4
      vertex 100.4 112.16 12.4342
      vertex 100.4 112.486 13.3942
    endloop
  endfacet
  facet normal -1 0 0
    outer loop
      vertex 100.4 142.8 2.4
      vertex 100.4 111.712 11.525
      vertex 100.4 112.16 12.4342
    endloop
  endfacet
  facet normal -1 0 0
    outer loop
      vertex 100.4 142.8 2.4
      vertex 100.4 111.148 10.6821
      vertex 100.4 111.712 11.525
    endloop
  endfacet
  facet normal -1 0 0
    outer loop
      vertex 100.4 142.8 2.4
      vertex 100.4 110.48 9.91992
      vertex 100.4 111.148 10.6821
    endloop
  endfacet
  facet normal -1 0 0
    outer loop
      vertex 100.4 142.8 2.4
      vertex 100.4 109.718 9.25151
      vertex 100.4 110.48 9.91992
    endloop
  endfacet
  facet normal -1 0 0
    outer loop
      vertex 100.4 142.8 2.4
      vertex 100.4 108.875 8.6883
      vertex 100.4 109.718 9.25151
    endloop
  endfacet
  facet normal -1 0 0
    outer loop
      vertex 100.4 142.8 2.4
      vertex 100.4 107.966 8.23993
      vertex 100.4 108.875 8.6883
    endloop
  endfacet
  facet normal -1 0 0
    outer loop
      vertex 100.4 142.8 2.4
      vertex 100.4 107.006 7.91407
      vertex 100.4 107.966 8.23993
    endloop
  endfacet
  facet normal -1 0 0
    outer loop
      vertex 100.4 142.8 2.4
      vertex 100.4 106.012 7.7163
      vertex 100.4 107.006 7.91407
    endloop
  endfacet
  facet normal -1 0 0
    outer loop
      vertex 100.4 142.8 2.4
      vertex 100.4 105 7.65
      vertex 100.4 106.012 7.7163
    endloop
  endfacet
  facet normal -1 0 0
    outer loop
      vertex 100.4 142.8 2.4
      vertex 100.4 103.988 7.7163
      vertex 100.4 105 7.65
    endloop
  endfacet
  facet normal -1 0 0
    outer loop
      vertex 100.4 97.3163 14.3884
      vertex 100.4 60.75 15.4
      vertex 100.4 97.25 15.4
    endloop
  endfacet
  facet normal -1 0 0
    outer loop
      vertex 100.4 60.6837 14.3884
      vertex 100.4 97.3163 14.3884
      vertex 100.4 97.5141 13.3942
    endloop
  endfacet
  facet normal -1 0 0
    outer loop
      vertex 100.4 60.4859 13.3942
      vertex 100.4 97.5141 13.3942
      vertex 100.4 97.8399 12.4342
    endloop
  endfacet
  facet normal -1 0 0
    outer loop
      vertex 100.4 60.1601 12.4342
      vertex 100.4 97.8399 12.4342
      vertex 100.4 98.2883 11.525
    endloop
  endfacet
  facet normal -1 0 0
    outer loop
      vertex 100.4 59.7117 11.525
      vertex 100.4 98.2883 11.525
      vertex 100.4 98.8515 10.6821
    endloop
  endfacet
  facet normal -1 0 0
    outer loop
      vertex 100.4 59.1485 10.6821
      vertex 100.4 98.8515 10.6821
      vertex 100.4 99.5199 9.91992
    endloop
  endfacet
  facet normal -1 0 0
    outer loop
      vertex 100.4 58.4801 9.91992
      vertex 100.4 99.5199 9.91992
      vertex 100.4 100.282 9.25151
    endloop
  endfacet
  facet normal -1 0 0
    outer loop
      vertex 100.4 57.7179 9.25151
      vertex 100.4 100.282 9.25151
      vertex 100.4 101.125 8.6883
    endloop
  endfacet
  facet normal -1 0 0
    outer loop
      vertex 100.4 56.875 8.6883
      vertex 100.4 101.125 8.6883
      vertex 100.4 102.034 8.23993
    endloop
  endfacet
  facet normal -1 0 0
    outer loop
      vertex 100.4 55.9658 8.23993
      vertex 100.4 102.034 8.23993
      vertex 100.4 102.994 7.91407
    endloop
  endfacet
  facet normal -1 0 0
    outer loop
      vertex 100.4 55.0058 7.91407
      vertex 100.4 102.994 7.91407
      vertex 100.4 103.988 7.7163
    endloop
  endfacet
  facet normal -1 0 0
    outer loop
      vertex 100.4 97.3163 14.3884
      vertex 100.4 60.6837 14.3884
      vertex 100.4 60.75 15.4
    endloop
  endfacet
  facet normal -1 0 0
    outer loop
      vertex 100.4 97.5141 13.3942
      vertex 100.4 60.4859 13.3942
      vertex 100.4 60.6837 14.3884
    endloop
  endfacet
  facet normal -1 0 0
    outer loop
      vertex 100.4 54.0116 7.7163
      vertex 100.4 103.988 7.7163
      vertex 100.4 142.8 2.4
    endloop
  endfacet
  facet normal -1 0 0
    outer loop
      vertex 100.4 97.8399 12.4342
      vertex 100.4 60.1601 12.4342
      vertex 100.4 60.4859 13.3942
    endloop
  endfacet
  facet normal -1 0 0
    outer loop
      vertex 100.4 98.2883 11.525
      vertex 100.4 59.7117 11.525
      vertex 100.4 60.1601 12.4342
    endloop
  endfacet
  facet normal -1 0 0
    outer loop
      vertex 100.4 98.8515 10.6821
      vertex 100.4 59.1485 10.6821
      vertex 100.4 59.7117 11.525
    endloop
  endfacet
  facet normal -1 0 0
    outer loop
      vertex 100.4 99.5199 9.91992
      vertex 100.4 58.4801 9.91992
      vertex 100.4 59.1485 10.6821
    endloop
  endfacet
  facet normal -1 0 0
    outer loop
      vertex 100.4 100.282 9.25151
      vertex 100.4 57.7179 9.25151
      vertex 100.4 58.4801 9.91992
    endloop
  endfacet
  facet normal -1 0 0
    outer loop
      vertex 100.4 101.125 8.6883
      vertex 100.4 56.875 8.6883
      vertex 100.4 57.7179 9.25151
    endloop
  endfacet
  facet normal -1 0 0
    outer loop
      vertex 100.4 102.034 8.23993
      vertex 100.4 55.9658 8.23993
      vertex 100.4 56.875 8.6883
    endloop
  endfacet
  facet normal -1 0 0
    outer loop
      vertex 100.4 102.994 7.91407
      vertex 100.4 55.0058 7.91407
      vertex 100.4 55.9658 8.23993
    endloop
  endfacet
  facet normal -1 0 0
    outer loop
      vertex 100.4 103.988 7.7163
      vertex 100.4 54.0116 7.7163
      vertex 100.4 55.0058 7.91407
    endloop
  endfacet
  facet normal -1 0 0
    outer loop
      vertex 100.4 142.8 2.4
      vertex 100.4 53 7.65
      vertex 100.4 54.0116 7.7163
    endloop
  endfacet
  facet normal -1 0 0
    outer loop
      vertex 100.4 45.3163 14.3884
      vertex 100.4 36.75 15.4
      vertex 100.4 45.25 15.4
    endloop
  endfacet
  facet normal -1 0 0
    outer loop
      vertex 100.4 36.6837 14.3884
      vertex 100.4 45.3163 14.3884
      vertex 100.4 45.5141 13.3942
    endloop
  endfacet
  facet normal -1 0 0
    outer loop
      vertex 100.4 36.4859 13.3942
      vertex 100.4 45.5141 13.3942
      vertex 100.4 45.8399 12.4342
    endloop
  endfacet
  facet normal -1 0 0
    outer loop
      vertex 100.4 36.1601 12.4342
      vertex 100.4 45.8399 12.4342
      vertex 100.4 46.2883 11.525
    endloop
  endfacet
  facet normal -1 0 0
    outer loop
      vertex 100.4 35.7117 11.525
      vertex 100.4 46.2883 11.525
      vertex 100.4 46.8515 10.6821
    endloop
  endfacet
  facet normal -1 0 0
    outer loop
      vertex 100.4 35.1485 10.6821
      vertex 100.4 46.8515 10.6821
      vertex 100.4 47.5199 9.91992
    endloop
  endfacet
  facet normal -1 0 0
    outer loop
      vertex 100.4 34.4801 9.91992
      vertex 100.4 47.5199 9.91992
      vertex 100.4 48.2821 9.25151
    endloop
  endfacet
  facet normal -1 0 0
    outer loop
      vertex 100.4 33.7179 9.25151
      vertex 100.4 48.2821 9.25151
      vertex 100.4 49.125 8.6883
    endloop
  endfacet
  facet normal -1 0 0
    outer loop
      vertex 100.4 45.3163 14.3884
      vertex 100.4 36.6837 14.3884
      vertex 100.4 36.75 15.4
    endloop
  endfacet
  facet normal -1 0 0
    outer loop
      vertex 100.4 32.875 8.6883
      vertex 100.4 49.125 8.6883
      vertex 100.4 50.0342 8.23993
    endloop
  endfacet
  facet normal -1 0 0
    outer loop
      vertex 100.4 45.5141 13.3942
      vertex 100.4 36.4859 13.3942
      vertex 100.4 36.6837 14.3884
    endloop
  endfacet
  facet normal -1 0 0
    outer loop
      vertex 100.4 45.8399 12.4342
      vertex 100.4 36.1601 12.4342
      vertex 100.4 36.4859 13.3942
    endloop
  endfacet
  facet normal -1 0 0
    outer loop
      vertex 100.4 31.9658 8.23993
      vertex 100.4 50.0342 8.23993
      vertex 100.4 50.9942 7.91407
    endloop
  endfacet
  facet normal -1 0 0
    outer loop
      vertex 100.4 46.2883 11.525
      vertex 100.4 35.7117 11.525
      vertex 100.4 36.1601 12.4342
    endloop
  endfacet
  facet normal -1 0 0
    outer loop
      vertex 100.4 46.8515 10.6821
      vertex 100.4 35.1485 10.6821
      vertex 100.4 35.7117 11.525
    endloop
  endfacet
  facet normal -1 0 0
    outer loop
      vertex 100.4 31.0058 7.91407
      vertex 100.4 50.9942 7.91407
      vertex 100.4 51.9884 7.7163
    endloop
  endfacet
  facet normal -1 0 0
    outer loop
      vertex 100.4 47.5199 9.91992
      vertex 100.4 34.4801 9.91992
      vertex 100.4 35.1485 10.6821
    endloop
  endfacet
  facet normal -1 0 0
    outer loop
      vertex 100.4 48.2821 9.25151
      vertex 100.4 33.7179 9.25151
      vertex 100.4 34.4801 9.91992
    endloop
  endfacet
  facet normal -1 0 0
    outer loop
      vertex 100.4 49.125 8.6883
      vertex 100.4 32.875 8.6883
      vertex 100.4 33.7179 9.25151
    endloop
  endfacet
  facet normal -1 0 0
    outer loop
      vertex 100.4 4 2.4
      vertex 100.4 51.9884 7.7163
      vertex 100.4 53 7.65
    endloop
  endfacet
  facet normal -1 0 0
    outer loop
      vertex 100.4 4 2.4
      vertex 100.4 53 7.65
      vertex 100.4 142.8 2.4
    endloop
  endfacet
  facet normal -1 0 0
    outer loop
      vertex 100.4 50.0342 8.23993
      vertex 100.4 31.9658 8.23993
      vertex 100.4 32.875 8.6883
    endloop
  endfacet
  facet normal -1 0 0
    outer loop
      vertex 100.4 50.9942 7.91407
      vertex 100.4 31.0058 7.91407
      vertex 100.4 31.9658 8.23993
    endloop
  endfacet
  facet normal -1 0 0
    outer loop
      vertex 100.4 51.9884 7.7163
      vertex 100.4 30.0116 7.7163
      vertex 100.4 31.0058 7.91407
    endloop
  endfacet
  facet normal -1 -0 0
    outer loop
      vertex 100.4 51.9884 7.7163
      vertex 100.4 4 2.4
      vertex 100.4 30.0116 7.7163
    endloop
  endfacet
  facet normal -1 -0 0
    outer loop
      vertex 100.4 21.3163 14.3884
      vertex 100.4 4 2.4
      vertex 100.4 21.25 15.4
    endloop
  endfacet
  facet normal -1 -0 0
    outer loop
      vertex 100.4 21.5141 13.3942
      vertex 100.4 4 2.4
      vertex 100.4 21.3163 14.3884
    endloop
  endfacet
  facet normal -1 -0 0
    outer loop
      vertex 100.4 21.8399 12.4342
      vertex 100.4 4 2.4
      vertex 100.4 21.5141 13.3942
    endloop
  endfacet
  facet normal -1 -0 0
    outer loop
      vertex 100.4 22.2883 11.525
      vertex 100.4 4 2.4
      vertex 100.4 21.8399 12.4342
    endloop
  endfacet
  facet normal -1 -0 0
    outer loop
      vertex 100.4 22.8515 10.6821
      vertex 100.4 4 2.4
      vertex 100.4 22.2883 11.525
    endloop
  endfacet
  facet normal -1 -0 0
    outer loop
      vertex 100.4 23.5199 9.91992
      vertex 100.4 4 2.4
      vertex 100.4 22.8515 10.6821
    endloop
  endfacet
  facet normal -1 -0 0
    outer loop
      vertex 100.4 24.2821 9.25151
      vertex 100.4 4 2.4
      vertex 100.4 23.5199 9.91992
    endloop
  endfacet
  facet normal -1 -0 0
    outer loop
      vertex 100.4 25.125 8.6883
      vertex 100.4 4 2.4
      vertex 100.4 24.2821 9.25151
    endloop
  endfacet
  facet normal -1 -0 0
    outer loop
      vertex 100.4 26.0342 8.23993
      vertex 100.4 4 2.4
      vertex 100.4 25.125 8.6883
    endloop
  endfacet
  facet normal -1 -0 0
    outer loop
      vertex 100.4 26.9942 7.91407
      vertex 100.4 4 2.4
      vertex 100.4 26.0342 8.23993
    endloop
  endfacet
  facet normal -1 -0 0
    outer loop
      vertex 100.4 27.9884 7.7163
      vertex 100.4 4 2.4
      vertex 100.4 26.9942 7.91407
    endloop
  endfacet
  facet normal -1 -0 0
    outer loop
      vertex 100.4 29 7.65
      vertex 100.4 4 2.4
      vertex 100.4 27.9884 7.7163
    endloop
  endfacet
  facet normal -1 0 0
    outer loop
      vertex 100.4 30.0116 7.7163
      vertex 100.4 4 2.4
      vertex 100.4 29 7.65
    endloop
  endfacet
  facet normal -1 0 0
    outer loop
      vertex 100.4 112.486 17.4058
      vertex 100.4 142.8 2.4
      vertex 100.4 112.684 16.4116
    endloop
  endfacet
  facet normal -1 0 0
    outer loop
      vertex 100.4 142.8 2.4
      vertex 100.4 112.486 17.4058
      vertex 100.4 142.8 44.4
    endloop
  endfacet
  facet normal -1 0 0
    outer loop
      vertex 100.4 112.16 18.3658
      vertex 100.4 142.8 44.4
      vertex 100.4 112.486 17.4058
    endloop
  endfacet
  facet normal -1 0 0
    outer loop
      vertex 100.4 111.712 19.275
      vertex 100.4 142.8 44.4
      vertex 100.4 112.16 18.3658
    endloop
  endfacet
  facet normal -1 0 0
    outer loop
      vertex 100.4 111.148 20.1179
      vertex 100.4 142.8 44.4
      vertex 100.4 111.712 19.275
    endloop
  endfacet
  facet normal -1 0 0
    outer loop
      vertex 100.4 110.48 20.8801
      vertex 100.4 142.8 44.4
      vertex 100.4 111.148 20.1179
    endloop
  endfacet
  facet normal -1 0 0
    outer loop
      vertex 100.4 109.718 21.5485
      vertex 100.4 142.8 44.4
      vertex 100.4 110.48 20.8801
    endloop
  endfacet
  facet normal -1 0 0
    outer loop
      vertex 100.4 108.875 22.1117
      vertex 100.4 142.8 44.4
      vertex 100.4 109.718 21.5485
    endloop
  endfacet
  facet normal -1 0 0
    outer loop
      vertex 100.4 107.966 22.5601
      vertex 100.4 142.8 44.4
      vertex 100.4 108.875 22.1117
    endloop
  endfacet
  facet normal -1 0 0
    outer loop
      vertex 100.4 107.006 22.8859
      vertex 100.4 142.8 44.4
      vertex 100.4 107.966 22.5601
    endloop
  endfacet
  facet normal -1 0 0
    outer loop
      vertex 100.4 106.012 23.0837
      vertex 100.4 142.8 44.4
      vertex 100.4 107.006 22.8859
    endloop
  endfacet
  facet normal -1 0 0
    outer loop
      vertex 100.4 105 23.15
      vertex 100.4 142.8 44.4
      vertex 100.4 106.012 23.0837
    endloop
  endfacet
  facet normal -1 0 0
    outer loop
      vertex 100.4 103.988 23.0837
      vertex 100.4 142.8 44.4
      vertex 100.4 105 23.15
    endloop
  endfacet
  facet normal -1 0 0
    outer loop
      vertex 100.4 102.994 22.8859
      vertex 100.4 142.8 44.4
      vertex 100.4 103.988 23.0837
    endloop
  endfacet
  facet normal -1 0 0
    outer loop
      vertex 100.4 55.0058 22.8859
      vertex 100.4 102.994 22.8859
      vertex 100.4 102.034 22.5601
    endloop
  endfacet
  facet normal -1 0 0
    outer loop
      vertex 100.4 55.9658 22.5601
      vertex 100.4 102.034 22.5601
      vertex 100.4 101.125 22.1117
    endloop
  endfacet
  facet normal -1 0 0
    outer loop
      vertex 100.4 60.75 15.4
      vertex 100.4 97.3163 16.4116
      vertex 100.4 97.25 15.4
    endloop
  endfacet
  facet normal -1 0 0
    outer loop
      vertex 100.4 60.6837 16.4116
      vertex 100.4 97.3163 16.4116
      vertex 100.4 60.75 15.4
    endloop
  endfacet
  facet normal -1 0 0
    outer loop
      vertex 100.4 97.3163 16.4116
      vertex 100.4 60.6837 16.4116
      vertex 100.4 97.5141 17.4058
    endloop
  endfacet
  facet normal -1 0 0
    outer loop
      vertex 100.4 60.4859 17.4058
      vertex 100.4 97.5141 17.4058
      vertex 100.4 60.6837 16.4116
    endloop
  endfacet
  facet normal -1 0 0
    outer loop
      vertex 100.4 97.5141 17.4058
      vertex 100.4 60.4859 17.4058
      vertex 100.4 97.8399 18.3658
    endloop
  endfacet
  facet normal -1 0 0
    outer loop
      vertex 100.4 60.1601 18.3658
      vertex 100.4 97.8399 18.3658
      vertex 100.4 60.4859 17.4058
    endloop
  endfacet
  facet normal -1 0 0
    outer loop
      vertex 100.4 97.8399 18.3658
      vertex 100.4 60.1601 18.3658
      vertex 100.4 98.2883 19.275
    endloop
  endfacet
  facet normal -1 0 0
    outer loop
      vertex 100.4 59.7117 19.275
      vertex 100.4 98.2883 19.275
      vertex 100.4 60.1601 18.3658
    endloop
  endfacet
  facet normal -1 0 0
    outer loop
      vertex 100.4 98.2883 19.275
      vertex 100.4 59.7117 19.275
      vertex 100.4 98.8515 20.1179
    endloop
  endfacet
  facet normal -1 0 0
    outer loop
      vertex 100.4 59.1485 20.1179
      vertex 100.4 98.8515 20.1179
      vertex 100.4 59.7117 19.275
    endloop
  endfacet
  facet normal -1 0 0
    outer loop
      vertex 100.4 98.8515 20.1179
      vertex 100.4 59.1485 20.1179
      vertex 100.4 99.5199 20.8801
    endloop
  endfacet
  facet normal -1 0 0
    outer loop
      vertex 100.4 58.4801 20.8801
      vertex 100.4 99.5199 20.8801
      vertex 100.4 59.1485 20.1179
    endloop
  endfacet
  facet normal -1 0 0
    outer loop
      vertex 100.4 99.5199 20.8801
      vertex 100.4 58.4801 20.8801
      vertex 100.4 100.282 21.5485
    endloop
  endfacet
  facet normal -1 0 0
    outer loop
      vertex 100.4 57.7179 21.5485
      vertex 100.4 100.282 21.5485
      vertex 100.4 58.4801 20.8801
    endloop
  endfacet
  facet normal -1 0 0
    outer loop
      vertex 100.4 100.282 21.5485
      vertex 100.4 57.7179 21.5485
      vertex 100.4 101.125 22.1117
    endloop
  endfacet
  facet normal -1 0 0
    outer loop
      vertex 100.4 56.875 22.1117
      vertex 100.4 101.125 22.1117
      vertex 100.4 57.7179 21.5485
    endloop
  endfacet
  facet normal -1 0 0
    outer loop
      vertex 100.4 55.9658 22.5601
      vertex 100.4 101.125 22.1117
      vertex 100.4 56.875 22.1117
    endloop
  endfacet
  facet normal -1 0 0
    outer loop
      vertex 100.4 102.034 22.5601
      vertex 100.4 55.9658 22.5601
      vertex 100.4 55.0058 22.8859
    endloop
  endfacet
  facet normal -1 0 0
    outer loop
      vertex 100.4 102.994 22.8859
      vertex 100.4 55.0058 22.8859
      vertex 100.4 142.8 44.4
    endloop
  endfacet
  facet normal -1 0 0
    outer loop
      vertex 100.4 54.0116 23.0837
      vertex 100.4 142.8 44.4
      vertex 100.4 55.0058 22.8859
    endloop
  endfacet
  facet normal -1 0 0
    outer loop
      vertex 100.4 4 44.4
      vertex 100.4 54.0116 23.0837
      vertex 100.4 53 23.15
    endloop
  endfacet
  facet normal -1 0 0
    outer loop
      vertex 100.4 4 44.4
      vertex 100.4 53 23.15
      vertex 100.4 51.9884 23.0837
    endloop
  endfacet
  facet normal -1 0 0
    outer loop
      vertex 100.4 4 44.4
      vertex 100.4 51.9884 23.0837
      vertex 100.4 50.9942 22.8859
    endloop
  endfacet
  facet normal -1 0 0
    outer loop
      vertex 100.4 36.75 15.4
      vertex 100.4 45.3163 16.4116
      vertex 100.4 45.25 15.4
    endloop
  endfacet
  facet normal -1 0 0
    outer loop
      vertex 100.4 36.6837 16.4116
      vertex 100.4 45.3163 16.4116
      vertex 100.4 36.75 15.4
    endloop
  endfacet
  facet normal -1 0 0
    outer loop
      vertex 100.4 45.3163 16.4116
      vertex 100.4 36.6837 16.4116
      vertex 100.4 45.5141 17.4058
    endloop
  endfacet
  facet normal -1 0 0
    outer loop
      vertex 100.4 36.4859 17.4058
      vertex 100.4 45.5141 17.4058
      vertex 100.4 36.6837 16.4116
    endloop
  endfacet
  facet normal -1 0 0
    outer loop
      vertex 100.4 45.5141 17.4058
      vertex 100.4 36.4859 17.4058
      vertex 100.4 45.8399 18.3658
    endloop
  endfacet
  facet normal -1 0 0
    outer loop
      vertex 100.4 36.1601 18.3658
      vertex 100.4 45.8399 18.3658
      vertex 100.4 36.4859 17.4058
    endloop
  endfacet
  facet normal -1 0 0
    outer loop
      vertex 100.4 45.8399 18.3658
      vertex 100.4 36.1601 18.3658
      vertex 100.4 46.2883 19.275
    endloop
  endfacet
  facet normal -1 0 0
    outer loop
      vertex 100.4 35.7117 19.275
      vertex 100.4 46.2883 19.275
      vertex 100.4 36.1601 18.3658
    endloop
  endfacet
  facet normal -1 0 0
    outer loop
      vertex 100.4 46.2883 19.275
      vertex 100.4 35.7117 19.275
      vertex 100.4 46.8515 20.1179
    endloop
  endfacet
  facet normal -1 0 0
    outer loop
      vertex 100.4 35.1485 20.1179
      vertex 100.4 46.8515 20.1179
      vertex 100.4 35.7117 19.275
    endloop
  endfacet
  facet normal -1 0 0
    outer loop
      vertex 100.4 46.8515 20.1179
      vertex 100.4 35.1485 20.1179
      vertex 100.4 47.5199 20.8801
    endloop
  endfacet
  facet normal -1 0 0
    outer loop
      vertex 100.4 34.4801 20.8801
      vertex 100.4 47.5199 20.8801
      vertex 100.4 35.1485 20.1179
    endloop
  endfacet
  facet normal -1 0 0
    outer loop
      vertex 100.4 47.5199 20.8801
      vertex 100.4 34.4801 20.8801
      vertex 100.4 48.2821 21.5485
    endloop
  endfacet
  facet normal -1 0 0
    outer loop
      vertex 100.4 33.7179 21.5485
      vertex 100.4 48.2821 21.5485
      vertex 100.4 34.4801 20.8801
    endloop
  endfacet
  facet normal -1 0 0
    outer loop
      vertex 100.4 48.2821 21.5485
      vertex 100.4 33.7179 21.5485
      vertex 100.4 49.125 22.1117
    endloop
  endfacet
  facet normal -1 0 0
    outer loop
      vertex 100.4 32.875 22.1117
      vertex 100.4 49.125 22.1117
      vertex 100.4 33.7179 21.5485
    endloop
  endfacet
  facet normal -1 0 0
    outer loop
      vertex 100.4 49.125 22.1117
      vertex 100.4 32.875 22.1117
      vertex 100.4 50.0342 22.5601
    endloop
  endfacet
  facet normal -1 0 0
    outer loop
      vertex 100.4 31.9658 22.5601
      vertex 100.4 50.0342 22.5601
      vertex 100.4 32.875 22.1117
    endloop
  endfacet
  facet normal -1 0 0
    outer loop
      vertex 100.4 50.0342 22.5601
      vertex 100.4 31.9658 22.5601
      vertex 100.4 50.9942 22.8859
    endloop
  endfacet
  facet normal -1 0 0
    outer loop
      vertex 100.4 31.0058 22.8859
      vertex 100.4 50.9942 22.8859
      vertex 100.4 31.9658 22.5601
    endloop
  endfacet
  facet normal -1 0 0
    outer loop
      vertex 100.4 50.9942 22.8859
      vertex 100.4 31.0058 22.8859
      vertex 100.4 4 44.4
    endloop
  endfacet
  facet normal -1 0 0
    outer loop
      vertex 100.4 4 44.4
      vertex 100.4 31.0058 22.8859
      vertex 100.4 30.0116 23.0837
    endloop
  endfacet
  facet normal -1 0 0
    outer loop
      vertex 100.4 4 44.4
      vertex 100.4 30.0116 23.0837
      vertex 100.4 29 23.15
    endloop
  endfacet
  facet normal -1 0 0
    outer loop
      vertex 100.4 4 44.4
      vertex 100.4 29 23.15
      vertex 100.4 27.9884 23.0837
    endloop
  endfacet
  facet normal -1 0 0
    outer loop
      vertex 100.4 4 2.4
      vertex 100.4 21.3163 16.4116
      vertex 100.4 21.25 15.4
    endloop
  endfacet
  facet normal -1 0 0
    outer loop
      vertex 100.4 4 2.4
      vertex 100.4 21.5141 17.4058
      vertex 100.4 21.3163 16.4116
    endloop
  endfacet
  facet normal -1 0 0
    outer loop
      vertex 100.4 4 44.4
      vertex 100.4 21.5141 17.4058
      vertex 100.4 4 2.4
    endloop
  endfacet
  facet normal -1 0 0
    outer loop
      vertex 100.4 21.5141 17.4058
      vertex 100.4 4 44.4
      vertex 100.4 21.8399 18.3658
    endloop
  endfacet
  facet normal -1 0 0
    outer loop
      vertex 100.4 21.8399 18.3658
      vertex 100.4 4 44.4
      vertex 100.4 22.2883 19.275
    endloop
  endfacet
  facet normal -1 0 0
    outer loop
      vertex 100.4 22.2883 19.275
      vertex 100.4 4 44.4
      vertex 100.4 22.8515 20.1179
    endloop
  endfacet
  facet normal -1 0 0
    outer loop
      vertex 100.4 54.0116 23.0837
      vertex 100.4 4 44.4
      vertex 100.4 142.8 44.4
    endloop
  endfacet
  facet normal -1 0 0
    outer loop
      vertex 100.4 26.9942 22.8859
      vertex 100.4 4 44.4
      vertex 100.4 27.9884 23.0837
    endloop
  endfacet
  facet normal -1 0 0
    outer loop
      vertex 100.4 26.0342 22.5601
      vertex 100.4 4 44.4
      vertex 100.4 26.9942 22.8859
    endloop
  endfacet
  facet normal -1 0 0
    outer loop
      vertex 100.4 25.125 22.1117
      vertex 100.4 4 44.4
      vertex 100.4 26.0342 22.5601
    endloop
  endfacet
  facet normal -1 0 0
    outer loop
      vertex 100.4 24.2821 21.5485
      vertex 100.4 4 44.4
      vertex 100.4 25.125 22.1117
    endloop
  endfacet
  facet normal -1 0 0
    outer loop
      vertex 100.4 23.5199 20.8801
      vertex 100.4 4 44.4
      vertex 100.4 24.2821 21.5485
    endloop
  endfacet
  facet normal -1 0 0
    outer loop
      vertex 100.4 22.8515 20.1179
      vertex 100.4 4 44.4
      vertex 100.4 23.5199 20.8801
    endloop
  endfacet
  facet normal -0.0668996 -0.99776 0
    outer loop
      vertex 98.8 144.4 2.4
      vertex 99.0088 144.386 44.4
      vertex 98.8 144.4 44.4
    endloop
  endfacet
  facet normal -0.0668996 -0.99776 -0
    outer loop
      vertex 99.0088 144.386 44.4
      vertex 98.8 144.4 2.4
      vertex 99.0088 144.386 2.4
    endloop
  endfacet
  facet normal 0.99786 0.0653895 0
    outer loop
      vertex 2.4 3.99991 44.4
      vertex 2.41368 3.79115 44.4
      vertex 2.4 3.99991 5.4
    endloop
  endfacet
  facet normal 0.993884 0.110432 0
    outer loop
      vertex 2.4 3.99991 5.4
      vertex 2.39999 4 2.4
      vertex 2.39999 4 5.4
    endloop
  endfacet
  facet normal 0.99786 0.0653895 -0
    outer loop
      vertex 2.41368 3.79115 2.4
      vertex 2.4 3.99991 5.4
      vertex 2.41368 3.79115 44.4
    endloop
  endfacet
  facet normal 0.997859 0.0654091 -1.36392e-06
    outer loop
      vertex 2.4 3.99991 5.4
      vertex 2.41368 3.79115 2.4
      vertex 2.39999 4 2.4
    endloop
  endfacet
  facet normal 0.75114 -0.660142 0
    outer loop
      vertex 2.73064 143.774 44.4
      vertex 2.86862 143.931 2.4
      vertex 2.86862 143.931 44.4
    endloop
  endfacet
  facet normal 0.75114 -0.660142 0
    outer loop
      vertex 2.86862 143.931 2.4
      vertex 2.73064 143.774 44.4
      vertex 2.73064 143.774 2.4
    endloop
  endfacet
  facet normal -0.195841 -0.980636 0
    outer loop
      vertex 99.0088 144.386 2.4
      vertex 99.2141 144.345 44.4
      vertex 99.0088 144.386 44.4
    endloop
  endfacet
  facet normal -0.195841 -0.980636 -0
    outer loop
      vertex 99.2141 144.345 44.4
      vertex 99.0088 144.386 2.4
      vertex 99.2141 144.345 2.4
    endloop
  endfacet
  facet normal 0.195096 0.980784 -0
    outer loop
      vertex 3.79115 2.41368 2.4
      vertex 3.58589 2.45451 44.4
      vertex 3.79115 2.41368 44.4
    endloop
  endfacet
  facet normal 0.195096 0.980784 0
    outer loop
      vertex 3.58589 2.45451 44.4
      vertex 3.79115 2.41368 2.4
      vertex 3.58589 2.45451 2.4
    endloop
  endfacet
  facet normal -0.829843 -0.557998 0
    outer loop
      vertex 100.186 143.6 2.4
      vertex 100.069 143.774 44.4
      vertex 100.069 143.774 2.4
    endloop
  endfacet
  facet normal -0.829843 -0.557998 0
    outer loop
      vertex 100.069 143.774 44.4
      vertex 100.186 143.6 2.4
      vertex 100.186 143.6 44.4
    endloop
  endfacet
  facet normal 0.442295 0.89687 -0
    outer loop
      vertex 3.38771 2.52179 2.4
      vertex 3.2 2.61436 44.4
      vertex 3.38771 2.52179 44.4
    endloop
  endfacet
  facet normal 0.442295 0.89687 0
    outer loop
      vertex 3.2 2.61436 44.4
      vertex 3.38771 2.52179 2.4
      vertex 3.2 2.61436 2.4
    endloop
  endfacet
  facet normal 0.195877 -0.980628 0
    outer loop
      vertex 3.58589 144.345 2.4
      vertex 3.79115 144.386 44.4
      vertex 3.58589 144.345 44.4
    endloop
  endfacet
  facet normal 0.195877 -0.980628 0
    outer loop
      vertex 3.79115 144.386 44.4
      vertex 3.58589 144.345 2.4
      vertex 3.79115 144.386 2.4
    endloop
  endfacet
  facet normal 0.980737 -0.195334 0
    outer loop
      vertex 2.41368 143.009 44.4
      vertex 2.45451 143.214 2.4
      vertex 2.45451 143.214 44.4
    endloop
  endfacet
  facet normal 0.980737 -0.195334 0
    outer loop
      vertex 2.45451 143.214 2.4
      vertex 2.41368 143.009 44.4
      vertex 2.41368 143.009 2.4
    endloop
  endfacet
  facet normal 0.946831 -0.321731 0
    outer loop
      vertex 2.45451 143.214 44.4
      vertex 2.52179 143.412 2.4
      vertex 2.52179 143.412 44.4
    endloop
  endfacet
  facet normal 0.946831 -0.321731 0
    outer loop
      vertex 2.52179 143.412 2.4
      vertex 2.45451 143.214 44.4
      vertex 2.45451 143.214 2.4
    endloop
  endfacet
  facet normal 0.321469 0.94692 -0
    outer loop
      vertex 3.58589 2.45451 2.4
      vertex 3.38771 2.52179 44.4
      vertex 3.58589 2.45451 44.4
    endloop
  endfacet
  facet normal 0.321469 0.94692 0
    outer loop
      vertex 3.38771 2.52179 44.4
      vertex 3.58589 2.45451 2.4
      vertex 3.38771 2.52179 2.4
    endloop
  endfacet
  facet normal -0.752042 -0.659115 0
    outer loop
      vertex 100.069 143.774 2.4
      vertex 99.9314 143.931 44.4
      vertex 99.9314 143.931 2.4
    endloop
  endfacet
  facet normal -0.752042 -0.659115 0
    outer loop
      vertex 99.9314 143.931 44.4
      vertex 100.069 143.774 2.4
      vertex 100.069 143.774 44.4
    endloop
  endfacet
  facet normal -0.659248 -0.751925 0
    outer loop
      vertex 99.774 144.069 2.4
      vertex 99.9314 143.931 44.4
      vertex 99.774 144.069 44.4
    endloop
  endfacet
  facet normal -0.659248 -0.751925 -0
    outer loop
      vertex 99.9314 143.931 44.4
      vertex 99.774 144.069 2.4
      vertex 99.9314 143.931 2.4
    endloop
  endfacet
  facet normal -0.752811 0.658237 0
    outer loop
      vertex 99.9314 2.86862 2.4
      vertex 100.069 3.02599 44.4
      vertex 100.069 3.02599 2.4
    endloop
  endfacet
  facet normal -0.752811 0.658237 0
    outer loop
      vertex 100.069 3.02599 44.4
      vertex 99.9314 2.86862 2.4
      vertex 99.9314 2.86862 44.4
    endloop
  endfacet
  facet normal -0.440119 -0.897939 0
    outer loop
      vertex 99.4123 144.278 2.4
      vertex 99.6 144.186 44.4
      vertex 99.4123 144.278 44.4
    endloop
  endfacet
  facet normal -0.440119 -0.897939 -0
    outer loop
      vertex 99.6 144.186 44.4
      vertex 99.4123 144.278 2.4
      vertex 99.6 144.186 2.4
    endloop
  endfacet
  facet normal 0.557976 -0.829857 0
    outer loop
      vertex 3.02599 144.069 2.4
      vertex 3.2 144.186 44.4
      vertex 3.02599 144.069 44.4
    endloop
  endfacet
  facet normal 0.557976 -0.829857 0
    outer loop
      vertex 3.2 144.186 44.4
      vertex 3.02599 144.069 2.4
      vertex 3.2 144.186 2.4
    endloop
  endfacet
  facet normal -0.557998 -0.829843 0
    outer loop
      vertex 99.6 144.186 2.4
      vertex 99.774 144.069 44.4
      vertex 99.6 144.186 44.4
    endloop
  endfacet
  facet normal -0.557998 -0.829843 -0
    outer loop
      vertex 99.774 144.069 44.4
      vertex 99.6 144.186 2.4
      vertex 99.774 144.069 2.4
    endloop
  endfacet
  facet normal -0 0 1
    outer loop
      vertex 10 131.8 2.4
      vertex 10.2 122.1 2.4
      vertex 10.2 131.813 2.4
    endloop
  endfacet
  facet normal 0 0 1
    outer loop
      vertex 9.34737 131.843 2.4
      vertex 10.2 122.1 2.4
      vertex 10 131.8 2.4
    endloop
  endfacet
  facet normal 0 0 1
    outer loop
      vertex 10.2 122.1 2.4
      vertex 9.65 109.431 2.4
      vertex 10.0307 109.177 2.4
    endloop
  endfacet
  facet normal 0 0 1
    outer loop
      vertex 8.7059 131.97 2.4
      vertex 10.2 122.1 2.4
      vertex 9.34737 131.843 2.4
    endloop
  endfacet
  facet normal 0 0 1
    outer loop
      vertex 10.2 122.1 2.4
      vertex 9.23939 109.634 2.4
      vertex 9.65 109.431 2.4
    endloop
  endfacet
  facet normal 0 0 1
    outer loop
      vertex 10.2 122.1 2.4
      vertex 8.80587 109.781 2.4
      vertex 9.23939 109.634 2.4
    endloop
  endfacet
  facet normal 0 0 1
    outer loop
      vertex 8.08658 132.181 2.4
      vertex 10.2 122.1 2.4
      vertex 8.7059 131.97 2.4
    endloop
  endfacet
  facet normal 0 0 1
    outer loop
      vertex 10.2 122.1 2.4
      vertex 8.35684 109.87 2.4
      vertex 8.80587 109.781 2.4
    endloop
  endfacet
  facet normal 0 0 1
    outer loop
      vertex 7.5 132.47 2.4
      vertex 10.2 122.1 2.4
      vertex 8.08658 132.181 2.4
    endloop
  endfacet
  facet normal 0 0 1
    outer loop
      vertex 10.2 122.1 2.4
      vertex 7.9 109.9 2.4
      vertex 8.35684 109.87 2.4
    endloop
  endfacet
  facet normal 0 0 1
    outer loop
      vertex 6.95619 132.833 2.4
      vertex 10.2 122.1 2.4
      vertex 7.5 132.47 2.4
    endloop
  endfacet
  facet normal 0 0 1
    outer loop
      vertex 10.2 122.1 2.4
      vertex 7.44316 109.87 2.4
      vertex 7.9 109.9 2.4
    endloop
  endfacet
  facet normal 0 0 1
    outer loop
      vertex 10.2 122.1 2.4
      vertex 6.99413 109.781 2.4
      vertex 7.44316 109.87 2.4
    endloop
  endfacet
  facet normal 0 0 1
    outer loop
      vertex 6.46447 133.264 2.4
      vertex 10.2 122.1 2.4
      vertex 6.95619 132.833 2.4
    endloop
  endfacet
  facet normal 0 0 1
    outer loop
      vertex 10.2 122.1 2.4
      vertex 6.56061 109.634 2.4
      vertex 6.99413 109.781 2.4
    endloop
  endfacet
  facet normal 0 0 1
    outer loop
      vertex 6.03323 133.756 2.4
      vertex 10.2 122.1 2.4
      vertex 6.46447 133.264 2.4
    endloop
  endfacet
  facet normal 0 0 1
    outer loop
      vertex 10.2 122.1 2.4
      vertex 6.15 109.431 2.4
      vertex 6.56061 109.634 2.4
    endloop
  endfacet
  facet normal 0 0 1
    outer loop
      vertex 10.2 122.1 2.4
      vertex 6.03323 133.756 2.4
      vertex 5.42513 108.875 2.4
    endloop
  endfacet
  facet normal 0 0 1
    outer loop
      vertex 10.2 122.1 2.4
      vertex 5.76933 109.177 2.4
      vertex 6.15 109.431 2.4
    endloop
  endfacet
  facet normal 0 0 1
    outer loop
      vertex 5.12326 108.531 2.4
      vertex 6.03323 133.756 2.4
      vertex 5.66987 134.3 2.4
    endloop
  endfacet
  facet normal 0 0 1
    outer loop
      vertex 10.2 122.1 2.4
      vertex 5.42513 108.875 2.4
      vertex 5.76933 109.177 2.4
    endloop
  endfacet
  facet normal 0 0 1
    outer loop
      vertex 4.86891 108.15 2.4
      vertex 5.66987 134.3 2.4
      vertex 5.3806 134.887 2.4
    endloop
  endfacet
  facet normal 0 0 1
    outer loop
      vertex 4.66642 107.739 2.4
      vertex 5.3806 134.887 2.4
      vertex 5.17037 135.506 2.4
    endloop
  endfacet
  facet normal 0 0 1
    outer loop
      vertex 6.03323 133.756 2.4
      vertex 5.12326 108.531 2.4
      vertex 5.42513 108.875 2.4
    endloop
  endfacet
  facet normal 0 0 1
    outer loop
      vertex 2.39999 142.8 2.4
      vertex 5.17037 135.506 2.4
      vertex 5.04278 136.147 2.4
    endloop
  endfacet
  facet normal 0 0 1
    outer loop
      vertex 2.39999 142.8 2.4
      vertex 5.04278 136.147 2.4
      vertex 5 136.8 2.4
    endloop
  endfacet
  facet normal 0 0 1
    outer loop
      vertex 5.66987 134.3 2.4
      vertex 4.86891 108.15 2.4
      vertex 5.12326 108.531 2.4
    endloop
  endfacet
  facet normal -0 0 1
    outer loop
      vertex 11.1336 105.061 2.4
      vertex 57.6 69.9 2.4
      vertex 11.2807 105.494 2.4
    endloop
  endfacet
  facet normal 0 0 1
    outer loop
      vertex 57.6 69.9 2.4
      vertex 11.1336 105.061 2.4
      vertex 20.2 69.9 2.4
    endloop
  endfacet
  facet normal -0 0 1
    outer loop
      vertex 10.9311 104.65 2.4
      vertex 20.2 69.9 2.4
      vertex 11.1336 105.061 2.4
    endloop
  endfacet
  facet normal 0 0 1
    outer loop
      vertex 20.2 69.9 2.4
      vertex 10.9311 104.65 2.4
      vertex 11.4 78.7 2.4
    endloop
  endfacet
  facet normal -0 0 1
    outer loop
      vertex 10.6767 104.269 2.4
      vertex 11.4 78.7 2.4
      vertex 10.9311 104.65 2.4
    endloop
  endfacet
  facet normal -0 0 1
    outer loop
      vertex 10.3749 103.925 2.4
      vertex 11.4 78.7 2.4
      vertex 10.6767 104.269 2.4
    endloop
  endfacet
  facet normal -0 0 1
    outer loop
      vertex 10.0307 103.623 2.4
      vertex 11.4 78.7 2.4
      vertex 10.3749 103.925 2.4
    endloop
  endfacet
  facet normal -0 0 1
    outer loop
      vertex 9.23939 103.166 2.4
      vertex 11.4 78.7 2.4
      vertex 9.65 103.369 2.4
    endloop
  endfacet
  facet normal -0 0 1
    outer loop
      vertex 9.65 103.369 2.4
      vertex 11.4 78.7 2.4
      vertex 10.0307 103.623 2.4
    endloop
  endfacet
  facet normal 0 0 1
    outer loop
      vertex 20.2 130.9 2.4
      vertex 11.3701 106.857 2.4
      vertex 11.4 106.4 2.4
    endloop
  endfacet
  facet normal 0 0 1
    outer loop
      vertex 20.2 130.9 2.4
      vertex 11.2807 107.306 2.4
      vertex 11.3701 106.857 2.4
    endloop
  endfacet
  facet normal 0 0 1
    outer loop
      vertex 20.2 130.9 2.4
      vertex 11.1336 107.739 2.4
      vertex 11.2807 107.306 2.4
    endloop
  endfacet
  facet normal 0 0 1
    outer loop
      vertex 11.4 122.1 2.4
      vertex 10.9311 108.15 2.4
      vertex 11.1336 107.739 2.4
    endloop
  endfacet
  facet normal 0 0 1
    outer loop
      vertex 11.4 122.1 2.4
      vertex 10.6767 108.531 2.4
      vertex 10.9311 108.15 2.4
    endloop
  endfacet
  facet normal 0 0 1
    outer loop
      vertex 11.4 122.1 2.4
      vertex 10.3749 108.875 2.4
      vertex 10.6767 108.531 2.4
    endloop
  endfacet
  facet normal 0 0 1
    outer loop
      vertex 10.0307 109.177 2.4
      vertex 11.4 122.1 2.4
      vertex 10.2 122.1 2.4
    endloop
  endfacet
  facet normal 0 0 1
    outer loop
      vertex 11.4 122.1 2.4
      vertex 10.0307 109.177 2.4
      vertex 10.3749 108.875 2.4
    endloop
  endfacet
  facet normal -0 0 1
    outer loop
      vertex 12.7 50.1 2.4
      vertex 13.9 46.7 2.4
      vertex 13.9 50.1 2.4
    endloop
  endfacet
  facet normal 0 0 1
    outer loop
      vertex 13.9 46.7 2.4
      vertex 12.7 50.1 2.4
      vertex 12.7 46.7 2.4
    endloop
  endfacet
  facet normal 0 0 1
    outer loop
      vertex 42.4 18.4 2.4
      vertex 14.9572 10.6526 2.4
      vertex 15 10 2.4
    endloop
  endfacet
  facet normal 0 0 1
    outer loop
      vertex 42.4 18.4 2.4
      vertex 14.8296 11.2941 2.4
      vertex 14.9572 10.6526 2.4
    endloop
  endfacet
  facet normal 0 0 1
    outer loop
      vertex 42.4 18.4 2.4
      vertex 14.6194 11.9134 2.4
      vertex 14.8296 11.2941 2.4
    endloop
  endfacet
  facet normal 0 0 1
    outer loop
      vertex 42.4 18.4 2.4
      vertex 14.3301 12.5 2.4
      vertex 14.6194 11.9134 2.4
    endloop
  endfacet
  facet normal 0 0 1
    outer loop
      vertex 42.4 18.4 2.4
      vertex 13.9668 13.0438 2.4
      vertex 14.3301 12.5 2.4
    endloop
  endfacet
  facet normal 0 0 1
    outer loop
      vertex 22.7 36.7 2.4
      vertex 13.5355 13.5355 2.4
      vertex 13.9668 13.0438 2.4
    endloop
  endfacet
  facet normal 0 0 1
    outer loop
      vertex 22.7 36.7 2.4
      vertex 13.0438 13.9668 2.4
      vertex 13.5355 13.5355 2.4
    endloop
  endfacet
  facet normal 0 0 1
    outer loop
      vertex 12.5 14.3301 2.4
      vertex 22.7 36.7 2.4
      vertex 12.7 36.7 2.4
    endloop
  endfacet
  facet normal 0 0 1
    outer loop
      vertex 22.7 36.7 2.4
      vertex 12.5 14.3301 2.4
      vertex 13.0438 13.9668 2.4
    endloop
  endfacet
  facet normal 0 0 1
    outer loop
      vertex 11.4 122.1 2.4
      vertex 20.2 130.9 2.4
      vertex 11.4 130.9 2.4
    endloop
  endfacet
  facet normal 0 0 1
    outer loop
      vertex 11.1336 107.739 2.4
      vertex 20.2 130.9 2.4
      vertex 11.4 122.1 2.4
    endloop
  endfacet
  facet normal 0 0 1
    outer loop
      vertex 11.3701 105.943 2.4
      vertex 20.2 130.9 2.4
      vertex 11.4 106.4 2.4
    endloop
  endfacet
  facet normal 0 0 1
    outer loop
      vertex 66.4 78.7 2.4
      vertex 11.2807 105.494 2.4
      vertex 57.6 69.9 2.4
    endloop
  endfacet
  facet normal 0 0 1
    outer loop
      vertex 20.2 69.9 2.4
      vertex 11.4 78.7 2.4
      vertex 11.4 69.9 2.4
    endloop
  endfacet
  facet normal 0 0 1
    outer loop
      vertex 13.9 50.1 2.4
      vertex 22.7 58.9 2.4
      vertex 13.9 58.9 2.4
    endloop
  endfacet
  facet normal 0 0 1
    outer loop
      vertex 22.7 58.9 2.4
      vertex 13.9 50.1 2.4
      vertex 22.7 37.9 2.4
    endloop
  endfacet
  facet normal -0 0 1
    outer loop
      vertex 13.9 46.7 2.4
      vertex 22.7 37.9 2.4
      vertex 13.9 50.1 2.4
    endloop
  endfacet
  facet normal 0 0 1
    outer loop
      vertex 22.7 37.9 2.4
      vertex 13.9 46.7 2.4
      vertex 13.9 37.9 2.4
    endloop
  endfacet
  facet normal -0 0 1
    outer loop
      vertex 48.1 58.9 2.4
      vertex 56.9 50.1 2.4
      vertex 56.9 58.9 2.4
    endloop
  endfacet
  facet normal 0 0 1
    outer loop
      vertex 56.9 50.1 2.4
      vertex 48.1 58.9 2.4
      vertex 56.9 46.7 2.4
    endloop
  endfacet
  facet normal 0 0 1
    outer loop
      vertex 48.1 37.9 2.4
      vertex 56.9 46.7 2.4
      vertex 48.1 58.9 2.4
    endloop
  endfacet
  facet normal 0 0 1
    outer loop
      vertex 56.9 46.7 2.4
      vertex 48.1 37.9 2.4
      vertex 56.9 37.9 2.4
    endloop
  endfacet
  facet normal -0 0 1
    outer loop
      vertex 56.9 50.1 2.4
      vertex 58.1 46.7 2.4
      vertex 58.1 50.1 2.4
    endloop
  endfacet
  facet normal 0 0 1
    outer loop
      vertex 58.1 46.7 2.4
      vertex 56.9 50.1 2.4
      vertex 56.9 46.7 2.4
    endloop
  endfacet
  facet normal -0 0 1
    outer loop
      vertex 57.6 130.9 2.4
      vertex 66.4 117.4 2.4
      vertex 66.4 130.9 2.4
    endloop
  endfacet
  facet normal 0 0 1
    outer loop
      vertex 11.3701 105.943 2.4
      vertex 57.6 130.9 2.4
      vertex 20.2 130.9 2.4
    endloop
  endfacet
  facet normal 0 0 1
    outer loop
      vertex 57.6 130.9 2.4
      vertex 11.3701 105.943 2.4
      vertex 66.4 117.4 2.4
    endloop
  endfacet
  facet normal 0 0 1
    outer loop
      vertex 66.4 78.7 2.4
      vertex 57.6 69.9 2.4
      vertex 66.4 69.9 2.4
    endloop
  endfacet
  facet normal 0 0 1
    outer loop
      vertex 58.1 36.7 2.4
      vertex 79.4 53.4 2.4
      vertex 66.4 53.4 2.4
    endloop
  endfacet
  facet normal 0 0 1
    outer loop
      vertex 58.1 50.1 2.4
      vertex 66.4 53.4 2.4
      vertex 58.1 60.1 2.4
    endloop
  endfacet
  facet normal 0 0 1
    outer loop
      vertex 58.1 46.7 2.4
      vertex 66.4 53.4 2.4
      vertex 58.1 50.1 2.4
    endloop
  endfacet
  facet normal 0 0 1
    outer loop
      vertex 58.1 36.7 2.4
      vertex 66.4 53.4 2.4
      vertex 58.1 46.7 2.4
    endloop
  endfacet
  facet normal 0 0 1
    outer loop
      vertex 79.4 53.4 2.4
      vertex 58.1 36.7 2.4
      vertex 72.4 18.4 2.4
    endloop
  endfacet
  facet normal 0 0 1
    outer loop
      vertex 42.4 18.4 2.4
      vertex 58.1 36.7 2.4
      vertex 48.1 36.7 2.4
    endloop
  endfacet
  facet normal 0 0 1
    outer loop
      vertex 58.1 36.7 2.4
      vertex 42.4 18.4 2.4
      vertex 72.4 18.4 2.4
    endloop
  endfacet
  facet normal 0 0 1
    outer loop
      vertex 79.4 117.4 2.4
      vertex 67.6 78.7 2.4
      vertex 79.4 61.4 2.4
    endloop
  endfacet
  facet normal -0 0 1
    outer loop
      vertex 66.4 117.4 2.4
      vertex 67.6 78.7 2.4
      vertex 79.4 117.4 2.4
    endloop
  endfacet
  facet normal 0 0 1
    outer loop
      vertex 67.6 78.7 2.4
      vertex 66.4 117.4 2.4
      vertex 66.4 78.7 2.4
    endloop
  endfacet
  facet normal 0 0 1
    outer loop
      vertex 97.4194 134.887 2.4
      vertex 100.4 142.8 2.4
      vertex 97.6296 135.506 2.4
    endloop
  endfacet
  facet normal 0 0 1
    outer loop
      vertex 100.4 4 2.4
      vertex 97.7572 10.6526 2.4
      vertex 97.8 10 2.4
    endloop
  endfacet
  facet normal 0 0 1
    outer loop
      vertex 100.4 142.8 2.4
      vertex 97.4194 134.887 2.4
      vertex 100.4 4 2.4
    endloop
  endfacet
  facet normal 0 0 1
    outer loop
      vertex 100.4 4 2.4
      vertex 97.6296 11.2941 2.4
      vertex 97.7572 10.6526 2.4
    endloop
  endfacet
  facet normal -0 0 1
    outer loop
      vertex 97.4194 11.9134 2.4
      vertex 100.4 4 2.4
      vertex 97.4194 134.887 2.4
    endloop
  endfacet
  facet normal 0 0 1
    outer loop
      vertex 100.4 4 2.4
      vertex 97.4194 11.9134 2.4
      vertex 97.6296 11.2941 2.4
    endloop
  endfacet
  facet normal -0 0 1
    outer loop
      vertex 97.1301 134.3 2.4
      vertex 97.4194 11.9134 2.4
      vertex 97.4194 134.887 2.4
    endloop
  endfacet
  facet normal 0 0 1
    outer loop
      vertex 97.1301 134.3 2.4
      vertex 97.1301 12.5 2.4
      vertex 97.4194 11.9134 2.4
    endloop
  endfacet
  facet normal -0 0 1
    outer loop
      vertex 96.7668 133.756 2.4
      vertex 97.1301 12.5 2.4
      vertex 97.1301 134.3 2.4
    endloop
  endfacet
  facet normal 0 0 1
    outer loop
      vertex 96.7668 133.756 2.4
      vertex 96.7668 13.0438 2.4
      vertex 97.1301 12.5 2.4
    endloop
  endfacet
  facet normal 0 0 1
    outer loop
      vertex 79.4 61.4 2.4
      vertex 96.7668 133.756 2.4
      vertex 96.3355 133.264 2.4
    endloop
  endfacet
  facet normal 0 0 1
    outer loop
      vertex 96.7668 133.756 2.4
      vertex 79.4 61.4 2.4
      vertex 96.7668 13.0438 2.4
    endloop
  endfacet
  facet normal 0 0 1
    outer loop
      vertex 79.4 61.4 2.4
      vertex 96.3355 133.264 2.4
      vertex 95.8438 132.833 2.4
    endloop
  endfacet
  facet normal 0 0 1
    outer loop
      vertex 96.7668 13.0438 2.4
      vertex 79.4 61.4 2.4
      vertex 96.3355 13.5355 2.4
    endloop
  endfacet
  facet normal 0 0 1
    outer loop
      vertex 79.4 61.4 2.4
      vertex 95.8438 132.833 2.4
      vertex 95.3 132.47 2.4
    endloop
  endfacet
  facet normal -0 0 1
    outer loop
      vertex 79.4 53.4 2.4
      vertex 96.3355 13.5355 2.4
      vertex 79.4 61.4 2.4
    endloop
  endfacet
  facet normal 0 0 1
    outer loop
      vertex 79.4 117.4 2.4
      vertex 95.3 132.47 2.4
      vertex 94.7134 132.181 2.4
    endloop
  endfacet
  facet normal 0 0 1
    outer loop
      vertex 96.3355 13.5355 2.4
      vertex 79.4 53.4 2.4
      vertex 95.8438 13.9668 2.4
    endloop
  endfacet
  facet normal 0 0 1
    outer loop
      vertex 79.4 117.4 2.4
      vertex 94.7134 132.181 2.4
      vertex 94.0941 131.97 2.4
    endloop
  endfacet
  facet normal 0 0 1
    outer loop
      vertex 95.8438 13.9668 2.4
      vertex 79.4 53.4 2.4
      vertex 95.3 14.3301 2.4
    endloop
  endfacet
  facet normal 0 0 1
    outer loop
      vertex 79.4 117.4 2.4
      vertex 94.0941 131.97 2.4
      vertex 93.4526 131.843 2.4
    endloop
  endfacet
  facet normal 0 0 1
    outer loop
      vertex 95.3 14.3301 2.4
      vertex 79.4 53.4 2.4
      vertex 94.7134 14.6194 2.4
    endloop
  endfacet
  facet normal 0 0 1
    outer loop
      vertex 79.4 117.4 2.4
      vertex 93.4526 131.843 2.4
      vertex 92.8 131.8 2.4
    endloop
  endfacet
  facet normal 0 0 1
    outer loop
      vertex 94.7134 14.6194 2.4
      vertex 79.4 53.4 2.4
      vertex 94.0941 14.8296 2.4
    endloop
  endfacet
  facet normal 0 0 1
    outer loop
      vertex 79.4 117.4 2.4
      vertex 92.8 131.8 2.4
      vertex 92.1474 131.843 2.4
    endloop
  endfacet
  facet normal 0 0 1
    outer loop
      vertex 94.0941 14.8296 2.4
      vertex 79.4 53.4 2.4
      vertex 93.4526 14.9572 2.4
    endloop
  endfacet
  facet normal 0 0 1
    outer loop
      vertex 79.4 117.4 2.4
      vertex 92.1474 131.843 2.4
      vertex 91.5059 131.97 2.4
    endloop
  endfacet
  facet normal 0 0 1
    outer loop
      vertex 93.4526 14.9572 2.4
      vertex 79.4 53.4 2.4
      vertex 92.8 15 2.4
    endloop
  endfacet
  facet normal 0 0 1
    outer loop
      vertex 79.4 125.4 2.4
      vertex 91.5059 131.97 2.4
      vertex 90.8866 132.181 2.4
    endloop
  endfacet
  facet normal 0 0 1
    outer loop
      vertex 92.8 15 2.4
      vertex 79.4 53.4 2.4
      vertex 92.1474 14.9572 2.4
    endloop
  endfacet
  facet normal 0 0 1
    outer loop
      vertex 79.4 125.4 2.4
      vertex 90.8866 132.181 2.4
      vertex 90.3 132.47 2.4
    endloop
  endfacet
  facet normal 0 0 1
    outer loop
      vertex 92.1474 14.9572 2.4
      vertex 79.4 53.4 2.4
      vertex 91.5059 14.8296 2.4
    endloop
  endfacet
  facet normal 0 0 1
    outer loop
      vertex 79.4 125.4 2.4
      vertex 90.3 132.47 2.4
      vertex 89.7562 132.833 2.4
    endloop
  endfacet
  facet normal -0 0 1
    outer loop
      vertex 72.4 18.4 2.4
      vertex 91.5059 14.8296 2.4
      vertex 79.4 53.4 2.4
    endloop
  endfacet
  facet normal 0 0 1
    outer loop
      vertex 79.4 125.4 2.4
      vertex 89.7562 132.833 2.4
      vertex 89.2645 133.264 2.4
    endloop
  endfacet
  facet normal 0 0 1
    outer loop
      vertex 91.5059 14.8296 2.4
      vertex 72.4 18.4 2.4
      vertex 90.8866 14.6194 2.4
    endloop
  endfacet
  facet normal 0 0 1
    outer loop
      vertex 79.4 125.4 2.4
      vertex 89.2645 133.264 2.4
      vertex 88.8332 133.756 2.4
    endloop
  endfacet
  facet normal 0 0 1
    outer loop
      vertex 90.8866 14.6194 2.4
      vertex 72.4 18.4 2.4
      vertex 90.3 14.3301 2.4
    endloop
  endfacet
  facet normal 0 0 1
    outer loop
      vertex 79.4 125.4 2.4
      vertex 88.8332 133.756 2.4
      vertex 88.4699 134.3 2.4
    endloop
  endfacet
  facet normal 0 0 1
    outer loop
      vertex 90.3 14.3301 2.4
      vertex 72.4 18.4 2.4
      vertex 89.7562 13.9668 2.4
    endloop
  endfacet
  facet normal 0 0 1
    outer loop
      vertex 79.4 125.4 2.4
      vertex 88.4699 134.3 2.4
      vertex 88.1806 134.887 2.4
    endloop
  endfacet
  facet normal 0 0 1
    outer loop
      vertex 89.7562 13.9668 2.4
      vertex 72.4 18.4 2.4
      vertex 89.2645 13.5355 2.4
    endloop
  endfacet
  facet normal 0 0 1
    outer loop
      vertex 79.4 125.4 2.4
      vertex 88.1806 134.887 2.4
      vertex 87.9704 135.506 2.4
    endloop
  endfacet
  facet normal 0 0 1
    outer loop
      vertex 89.2645 13.5355 2.4
      vertex 72.4 18.4 2.4
      vertex 88.8332 13.0438 2.4
    endloop
  endfacet
  facet normal 0 0 1
    outer loop
      vertex 79.4 125.4 2.4
      vertex 87.9704 135.506 2.4
      vertex 87.8428 136.147 2.4
    endloop
  endfacet
  facet normal 0 0 1
    outer loop
      vertex 88.8332 13.0438 2.4
      vertex 72.4 18.4 2.4
      vertex 88.4699 12.5 2.4
    endloop
  endfacet
  facet normal 0 0 1
    outer loop
      vertex 67.6 132.1 2.4
      vertex 87.8428 136.147 2.4
      vertex 87.8 136.8 2.4
    endloop
  endfacet
  facet normal 0 0 1
    outer loop
      vertex 88.4699 12.5 2.4
      vertex 72.4 18.4 2.4
      vertex 88.1806 11.9134 2.4
    endloop
  endfacet
  facet normal 0 0 1
    outer loop
      vertex 98.8 144.4 2.4
      vertex 100.4 142.8 2.4
      vertex 100.386 143.009 2.4
    endloop
  endfacet
  facet normal 0 0 1
    outer loop
      vertex 97.7572 136.147 2.4
      vertex 100.4 142.8 2.4
      vertex 97.8 136.8 2.4
    endloop
  endfacet
  facet normal 0 0 1
    outer loop
      vertex 98.8 144.4 2.4
      vertex 100.386 143.009 2.4
      vertex 100.345 143.214 2.4
    endloop
  endfacet
  facet normal 0 0 1
    outer loop
      vertex 97.6296 135.506 2.4
      vertex 100.4 142.8 2.4
      vertex 97.7572 136.147 2.4
    endloop
  endfacet
  facet normal 0 0 1
    outer loop
      vertex 98.8 144.4 2.4
      vertex 100.345 143.214 2.4
      vertex 100.278 143.412 2.4
    endloop
  endfacet
  facet normal -0 0 1
    outer loop
      vertex 97.7572 9.34737 2.4
      vertex 100.4 4 2.4
      vertex 97.8 10 2.4
    endloop
  endfacet
  facet normal 0 0 1
    outer loop
      vertex 98.8 144.4 2.4
      vertex 100.278 143.412 2.4
      vertex 100.186 143.6 2.4
    endloop
  endfacet
  facet normal -0 0 1
    outer loop
      vertex 97.6296 8.7059 2.4
      vertex 100.4 4 2.4
      vertex 97.7572 9.34737 2.4
    endloop
  endfacet
  facet normal 0 0 1
    outer loop
      vertex 98.8 144.4 2.4
      vertex 100.186 143.6 2.4
      vertex 100.069 143.774 2.4
    endloop
  endfacet
  facet normal -0 0 1
    outer loop
      vertex 97.4194 8.08658 2.4
      vertex 100.4 4 2.4
      vertex 97.6296 8.7059 2.4
    endloop
  endfacet
  facet normal 0 0 1
    outer loop
      vertex 98.8 144.4 2.4
      vertex 100.069 143.774 2.4
      vertex 99.9314 143.931 2.4
    endloop
  endfacet
  facet normal -0 0 1
    outer loop
      vertex 97.1301 7.5 2.4
      vertex 100.4 4 2.4
      vertex 97.4194 8.08658 2.4
    endloop
  endfacet
  facet normal 0 0 1
    outer loop
      vertex 98.8 144.4 2.4
      vertex 99.9314 143.931 2.4
      vertex 99.774 144.069 2.4
    endloop
  endfacet
  facet normal -0 0 1
    outer loop
      vertex 96.7668 6.95619 2.4
      vertex 100.4 4 2.4
      vertex 97.1301 7.5 2.4
    endloop
  endfacet
  facet normal 0 0 1
    outer loop
      vertex 98.8 144.4 2.4
      vertex 99.774 144.069 2.4
      vertex 99.6 144.186 2.4
    endloop
  endfacet
  facet normal -0 0 1
    outer loop
      vertex 96.3355 6.46447 2.4
      vertex 100.4 4 2.4
      vertex 96.7668 6.95619 2.4
    endloop
  endfacet
  facet normal 0 0 1
    outer loop
      vertex 98.8 144.4 2.4
      vertex 99.6 144.186 2.4
      vertex 99.4123 144.278 2.4
    endloop
  endfacet
  facet normal 0 -0 1
    outer loop
      vertex 98.8 2.39999 2.4
      vertex 100.4 4 2.4
      vertex 96.3355 6.46447 2.4
    endloop
  endfacet
  facet normal 0 0 1
    outer loop
      vertex 98.8 144.4 2.4
      vertex 99.4123 144.278 2.4
      vertex 99.2141 144.345 2.4
    endloop
  endfacet
  facet normal 0 0 1
    outer loop
      vertex 100.4 4 2.4
      vertex 98.8 2.39999 2.4
      vertex 100.386 3.79115 2.4
    endloop
  endfacet
  facet normal 0 0 1
    outer loop
      vertex 98.8 144.4 2.4
      vertex 99.2141 144.345 2.4
      vertex 99.0088 144.386 2.4
    endloop
  endfacet
  facet normal 0 0 1
    outer loop
      vertex 100.386 3.79115 2.4
      vertex 98.8 2.39999 2.4
      vertex 100.345 3.58589 2.4
    endloop
  endfacet
  facet normal 0 0 1
    outer loop
      vertex 100.4 142.8 2.4
      vertex 98.8 144.4 2.4
      vertex 96.3355 140.336 2.4
    endloop
  endfacet
  facet normal 0 0 1
    outer loop
      vertex 100.345 3.58589 2.4
      vertex 98.8 2.39999 2.4
      vertex 100.278 3.38771 2.4
    endloop
  endfacet
  facet normal 0 0 1
    outer loop
      vertex 100.278 3.38771 2.4
      vertex 98.8 2.39999 2.4
      vertex 100.186 3.2 2.4
    endloop
  endfacet
  facet normal 0 0 1
    outer loop
      vertex 100.4 142.8 2.4
      vertex 97.7572 137.453 2.4
      vertex 97.8 136.8 2.4
    endloop
  endfacet
  facet normal 0 0 1
    outer loop
      vertex 100.4 142.8 2.4
      vertex 97.6296 138.094 2.4
      vertex 97.7572 137.453 2.4
    endloop
  endfacet
  facet normal 0 0 1
    outer loop
      vertex 100.4 142.8 2.4
      vertex 97.4194 138.713 2.4
      vertex 97.6296 138.094 2.4
    endloop
  endfacet
  facet normal 0 0 1
    outer loop
      vertex 100.4 142.8 2.4
      vertex 97.1301 139.3 2.4
      vertex 97.4194 138.713 2.4
    endloop
  endfacet
  facet normal 0 0 1
    outer loop
      vertex 100.4 142.8 2.4
      vertex 96.7668 139.844 2.4
      vertex 97.1301 139.3 2.4
    endloop
  endfacet
  facet normal 0 0 1
    outer loop
      vertex 100.4 142.8 2.4
      vertex 96.3355 140.336 2.4
      vertex 96.7668 139.844 2.4
    endloop
  endfacet
  facet normal 0 0 1
    outer loop
      vertex 98.8 144.4 2.4
      vertex 95.8438 140.767 2.4
      vertex 96.3355 140.336 2.4
    endloop
  endfacet
  facet normal 0 0 1
    outer loop
      vertex 98.8 144.4 2.4
      vertex 95.3 141.13 2.4
      vertex 95.8438 140.767 2.4
    endloop
  endfacet
  facet normal 0 0 1
    outer loop
      vertex 98.8 144.4 2.4
      vertex 94.7134 141.419 2.4
      vertex 95.3 141.13 2.4
    endloop
  endfacet
  facet normal 0 0 1
    outer loop
      vertex 98.8 144.4 2.4
      vertex 94.0941 141.63 2.4
      vertex 94.7134 141.419 2.4
    endloop
  endfacet
  facet normal 0 0 1
    outer loop
      vertex 98.8 144.4 2.4
      vertex 93.4526 141.757 2.4
      vertex 94.0941 141.63 2.4
    endloop
  endfacet
  facet normal 0 0 1
    outer loop
      vertex 98.8 144.4 2.4
      vertex 92.8 141.8 2.4
      vertex 93.4526 141.757 2.4
    endloop
  endfacet
  facet normal 0 0 1
    outer loop
      vertex 98.8 144.4 2.4
      vertex 92.1474 141.757 2.4
      vertex 92.8 141.8 2.4
    endloop
  endfacet
  facet normal 0 0 1
    outer loop
      vertex 98.8 144.4 2.4
      vertex 91.5059 141.63 2.4
      vertex 92.1474 141.757 2.4
    endloop
  endfacet
  facet normal 0 0 1
    outer loop
      vertex 98.8 144.4 2.4
      vertex 90.8866 141.419 2.4
      vertex 91.5059 141.63 2.4
    endloop
  endfacet
  facet normal 0 0 1
    outer loop
      vertex 91.5059 131.97 2.4
      vertex 79.4 125.4 2.4
      vertex 79.4 117.4 2.4
    endloop
  endfacet
  facet normal 0 0 1
    outer loop
      vertex 67.6 132.1 2.4
      vertex 87.8 136.8 2.4
      vertex 87.8428 137.453 2.4
    endloop
  endfacet
  facet normal 0 0 1
    outer loop
      vertex 67.6 132.1 2.4
      vertex 87.8428 137.453 2.4
      vertex 87.9704 138.094 2.4
    endloop
  endfacet
  facet normal 0 0 1
    outer loop
      vertex 67.6 132.1 2.4
      vertex 87.9704 138.094 2.4
      vertex 88.1806 138.713 2.4
    endloop
  endfacet
  facet normal 0 0 1
    outer loop
      vertex 67.6 132.1 2.4
      vertex 88.1806 138.713 2.4
      vertex 88.4699 139.3 2.4
    endloop
  endfacet
  facet normal 0 0 1
    outer loop
      vertex 87.8428 136.147 2.4
      vertex 67.6 132.1 2.4
      vertex 79.4 125.4 2.4
    endloop
  endfacet
  facet normal 0 0 1
    outer loop
      vertex 88.8332 139.844 2.4
      vertex 67.6 132.1 2.4
      vertex 88.4699 139.3 2.4
    endloop
  endfacet
  facet normal 0 0 1
    outer loop
      vertex 89.2645 140.336 2.4
      vertex 67.6 132.1 2.4
      vertex 88.8332 139.844 2.4
    endloop
  endfacet
  facet normal 0 0 1
    outer loop
      vertex 89.7562 140.767 2.4
      vertex 67.6 132.1 2.4
      vertex 89.2645 140.336 2.4
    endloop
  endfacet
  facet normal 0 0 1
    outer loop
      vertex 57.6 132.1 2.4
      vertex 89.7562 140.767 2.4
      vertex 90.3 141.13 2.4
    endloop
  endfacet
  facet normal 0 0 1
    outer loop
      vertex 12.5 141.13 2.4
      vertex 90.3 141.13 2.4
      vertex 90.8866 141.419 2.4
    endloop
  endfacet
  facet normal 0 0 1
    outer loop
      vertex 89.7562 140.767 2.4
      vertex 57.6 132.1 2.4
      vertex 67.6 132.1 2.4
    endloop
  endfacet
  facet normal 0 0 1
    outer loop
      vertex 11.9134 141.419 2.4
      vertex 90.8866 141.419 2.4
      vertex 98.8 144.4 2.4
    endloop
  endfacet
  facet normal 0 0 1
    outer loop
      vertex 20.2 130.9 2.4
      vertex 57.6 130.9 2.4
      vertex 57.6 132.1 2.4
    endloop
  endfacet
  facet normal 0 0 1
    outer loop
      vertex 11.2807 105.494 2.4
      vertex 66.4 117.4 2.4
      vertex 11.3701 105.943 2.4
    endloop
  endfacet
  facet normal 0 -0 1
    outer loop
      vertex 48.1 60.1 2.4
      vertex 57.6 69.9 2.4
      vertex 20.2 69.9 2.4
    endloop
  endfacet
  facet normal 0 0 1
    outer loop
      vertex 22.7 58.9 2.4
      vertex 48.1 58.9 2.4
      vertex 48.1 60.1 2.4
    endloop
  endfacet
  facet normal 0 0 1
    outer loop
      vertex 48.1 58.9 2.4
      vertex 22.7 58.9 2.4
      vertex 48.1 37.9 2.4
    endloop
  endfacet
  facet normal 0 0 1
    outer loop
      vertex 48.1 37.9 2.4
      vertex 22.7 37.9 2.4
      vertex 48.1 36.7 2.4
    endloop
  endfacet
  facet normal 0 0 1
    outer loop
      vertex 57.6 69.9 2.4
      vertex 48.1 60.1 2.4
      vertex 57.6 68.7 2.4
    endloop
  endfacet
  facet normal 0 0 1
    outer loop
      vertex 48.1 37.9 2.4
      vertex 22.7 58.9 2.4
      vertex 22.7 37.9 2.4
    endloop
  endfacet
  facet normal 0 0 1
    outer loop
      vertex 22.7 58.9 2.4
      vertex 48.1 60.1 2.4
      vertex 22.7 60.1 2.4
    endloop
  endfacet
  facet normal 0 0 1
    outer loop
      vertex 20.2 130.9 2.4
      vertex 57.6 132.1 2.4
      vertex 20.2 132.1 2.4
    endloop
  endfacet
  facet normal 0 0 1
    outer loop
      vertex 90.3 141.13 2.4
      vertex 12.5 141.13 2.4
      vertex 57.6 132.1 2.4
    endloop
  endfacet
  facet normal 0 0 1
    outer loop
      vertex 57.6 132.1 2.4
      vertex 14.3301 139.3 2.4
      vertex 20.2 132.1 2.4
    endloop
  endfacet
  facet normal 0 0 1
    outer loop
      vertex 20.2 132.1 2.4
      vertex 14.9572 137.453 2.4
      vertex 15 136.8 2.4
    endloop
  endfacet
  facet normal 0 0 1
    outer loop
      vertex 20.2 132.1 2.4
      vertex 14.8296 138.094 2.4
      vertex 14.9572 137.453 2.4
    endloop
  endfacet
  facet normal 0 0 1
    outer loop
      vertex 20.2 132.1 2.4
      vertex 14.6194 138.713 2.4
      vertex 14.8296 138.094 2.4
    endloop
  endfacet
  facet normal 0 0 1
    outer loop
      vertex 20.2 132.1 2.4
      vertex 14.3301 139.3 2.4
      vertex 14.6194 138.713 2.4
    endloop
  endfacet
  facet normal 0 0 1
    outer loop
      vertex 57.6 132.1 2.4
      vertex 13.9668 139.844 2.4
      vertex 14.3301 139.3 2.4
    endloop
  endfacet
  facet normal 0 0 1
    outer loop
      vertex 57.6 132.1 2.4
      vertex 13.5355 140.336 2.4
      vertex 13.9668 139.844 2.4
    endloop
  endfacet
  facet normal 0 0 1
    outer loop
      vertex 57.6 132.1 2.4
      vertex 13.0438 140.767 2.4
      vertex 13.5355 140.336 2.4
    endloop
  endfacet
  facet normal 0 0 1
    outer loop
      vertex 57.6 132.1 2.4
      vertex 12.5 141.13 2.4
      vertex 13.0438 140.767 2.4
    endloop
  endfacet
  facet normal 0 0 1
    outer loop
      vertex 90.8866 141.419 2.4
      vertex 11.9134 141.419 2.4
      vertex 12.5 141.13 2.4
    endloop
  endfacet
  facet normal 0 0 1
    outer loop
      vertex 98.8 144.4 2.4
      vertex 11.2941 141.63 2.4
      vertex 11.9134 141.419 2.4
    endloop
  endfacet
  facet normal -0 0 1
    outer loop
      vertex 4 144.4 2.4
      vertex 11.2941 141.63 2.4
      vertex 98.8 144.4 2.4
    endloop
  endfacet
  facet normal 0 0 1
    outer loop
      vertex 11.2941 141.63 2.4
      vertex 4 144.4 2.4
      vertex 10.6526 141.757 2.4
    endloop
  endfacet
  facet normal 0 0 1
    outer loop
      vertex 5.3806 134.887 2.4
      vertex 4.66642 107.739 2.4
      vertex 4.86891 108.15 2.4
    endloop
  endfacet
  facet normal 0 0 1
    outer loop
      vertex 5.17037 135.506 2.4
      vertex 2.39999 142.8 2.4
      vertex 4.66642 107.739 2.4
    endloop
  endfacet
  facet normal 0 0 1
    outer loop
      vertex 4.66642 107.739 2.4
      vertex 2.39999 142.8 2.4
      vertex 4.51926 107.306 2.4
    endloop
  endfacet
  facet normal 0 0 1
    outer loop
      vertex 4.51926 107.306 2.4
      vertex 2.39999 142.8 2.4
      vertex 4.42994 106.857 2.4
    endloop
  endfacet
  facet normal 0 0 1
    outer loop
      vertex 4.42994 106.857 2.4
      vertex 2.39999 142.8 2.4
      vertex 4.4 106.4 2.4
    endloop
  endfacet
  facet normal 0 0 1
    outer loop
      vertex 5.04278 137.453 2.4
      vertex 2.39999 142.8 2.4
      vertex 5 136.8 2.4
    endloop
  endfacet
  facet normal 0 0 1
    outer loop
      vertex 5.17037 138.094 2.4
      vertex 2.39999 142.8 2.4
      vertex 5.04278 137.453 2.4
    endloop
  endfacet
  facet normal 0 0 1
    outer loop
      vertex 5.3806 138.713 2.4
      vertex 2.39999 142.8 2.4
      vertex 5.17037 138.094 2.4
    endloop
  endfacet
  facet normal 0 0 1
    outer loop
      vertex 5.66987 139.3 2.4
      vertex 2.39999 142.8 2.4
      vertex 5.3806 138.713 2.4
    endloop
  endfacet
  facet normal 0 0 1
    outer loop
      vertex 6.03323 139.844 2.4
      vertex 2.39999 142.8 2.4
      vertex 5.66987 139.3 2.4
    endloop
  endfacet
  facet normal 0 0 1
    outer loop
      vertex 6.46447 140.336 2.4
      vertex 2.39999 142.8 2.4
      vertex 6.03323 139.844 2.4
    endloop
  endfacet
  facet normal -0 0 1
    outer loop
      vertex 2.39999 142.8 2.4
      vertex 6.46447 140.336 2.4
      vertex 4 144.4 2.4
    endloop
  endfacet
  facet normal 0 0 1
    outer loop
      vertex 6.95619 140.767 2.4
      vertex 4 144.4 2.4
      vertex 6.46447 140.336 2.4
    endloop
  endfacet
  facet normal 0 0 1
    outer loop
      vertex 7.5 141.13 2.4
      vertex 4 144.4 2.4
      vertex 6.95619 140.767 2.4
    endloop
  endfacet
  facet normal 0 0 1
    outer loop
      vertex 8.08658 141.419 2.4
      vertex 4 144.4 2.4
      vertex 7.5 141.13 2.4
    endloop
  endfacet
  facet normal 0 0 1
    outer loop
      vertex 8.7059 141.63 2.4
      vertex 4 144.4 2.4
      vertex 8.08658 141.419 2.4
    endloop
  endfacet
  facet normal 0 0 1
    outer loop
      vertex 9.34737 141.757 2.4
      vertex 4 144.4 2.4
      vertex 8.7059 141.63 2.4
    endloop
  endfacet
  facet normal 0 0 1
    outer loop
      vertex 10 141.8 2.4
      vertex 4 144.4 2.4
      vertex 9.34737 141.757 2.4
    endloop
  endfacet
  facet normal 0 0 1
    outer loop
      vertex 10.6526 141.757 2.4
      vertex 4 144.4 2.4
      vertex 10 141.8 2.4
    endloop
  endfacet
  facet normal 0 0 1
    outer loop
      vertex 100.186 3.2 2.4
      vertex 98.8 2.39999 2.4
      vertex 100.069 3.02599 2.4
    endloop
  endfacet
  facet normal 0 0 1
    outer loop
      vertex 100.069 3.02599 2.4
      vertex 98.8 2.39999 2.4
      vertex 99.9314 2.86862 2.4
    endloop
  endfacet
  facet normal 0 0 1
    outer loop
      vertex 99.774 2.73064 2.4
      vertex 98.8 2.39999 2.4
      vertex 99.6 2.61436 2.4
    endloop
  endfacet
  facet normal 0 0 1
    outer loop
      vertex 99.6 2.61436 2.4
      vertex 98.8 2.39999 2.4
      vertex 99.4123 2.52179 2.4
    endloop
  endfacet
  facet normal 0 0 1
    outer loop
      vertex 99.4123 2.52179 2.4
      vertex 98.8 2.39999 2.4
      vertex 99.2141 2.45451 2.4
    endloop
  endfacet
  facet normal 0 0 1
    outer loop
      vertex 99.2141 2.45451 2.4
      vertex 98.8 2.39999 2.4
      vertex 99.0088 2.41368 2.4
    endloop
  endfacet
  facet normal 0 0 1
    outer loop
      vertex 99.9314 2.86862 2.4
      vertex 98.8 2.39999 2.4
      vertex 99.774 2.73064 2.4
    endloop
  endfacet
  facet normal -0 0 1
    outer loop
      vertex 95.8438 6.03323 2.4
      vertex 98.8 2.39999 2.4
      vertex 96.3355 6.46447 2.4
    endloop
  endfacet
  facet normal -0 0 1
    outer loop
      vertex 95.3 5.66987 2.4
      vertex 98.8 2.39999 2.4
      vertex 95.8438 6.03323 2.4
    endloop
  endfacet
  facet normal -0 0 1
    outer loop
      vertex 94.7134 5.3806 2.4
      vertex 98.8 2.39999 2.4
      vertex 95.3 5.66987 2.4
    endloop
  endfacet
  facet normal -0 0 1
    outer loop
      vertex 94.0941 5.17037 2.4
      vertex 98.8 2.39999 2.4
      vertex 94.7134 5.3806 2.4
    endloop
  endfacet
  facet normal -0 0 1
    outer loop
      vertex 93.4526 5.04278 2.4
      vertex 98.8 2.39999 2.4
      vertex 94.0941 5.17037 2.4
    endloop
  endfacet
  facet normal -0 0 1
    outer loop
      vertex 92.8 5 2.4
      vertex 98.8 2.39999 2.4
      vertex 93.4526 5.04278 2.4
    endloop
  endfacet
  facet normal 0 0 1
    outer loop
      vertex 92.1474 5.04278 2.4
      vertex 98.8 2.39999 2.4
      vertex 92.8 5 2.4
    endloop
  endfacet
  facet normal 0 0 1
    outer loop
      vertex 91.5059 5.17037 2.4
      vertex 98.8 2.39999 2.4
      vertex 92.1474 5.04278 2.4
    endloop
  endfacet
  facet normal 0 0 1
    outer loop
      vertex 72.4 4.4 2.4
      vertex 91.5059 5.17037 2.4
      vertex 90.8866 5.3806 2.4
    endloop
  endfacet
  facet normal 0 0 1
    outer loop
      vertex 95.3 132.47 2.4
      vertex 79.4 117.4 2.4
      vertex 79.4 61.4 2.4
    endloop
  endfacet
  facet normal 0 0 1
    outer loop
      vertex 88.1806 11.9134 2.4
      vertex 72.4 18.4 2.4
      vertex 87.9704 11.2941 2.4
    endloop
  endfacet
  facet normal 0 0 1
    outer loop
      vertex 87.9704 11.2941 2.4
      vertex 72.4 18.4 2.4
      vertex 87.8428 10.6526 2.4
    endloop
  endfacet
  facet normal 0 0 1
    outer loop
      vertex 72.4 4.4 2.4
      vertex 87.8428 10.6526 2.4
      vertex 72.4 18.4 2.4
    endloop
  endfacet
  facet normal 0 0 1
    outer loop
      vertex 87.8428 10.6526 2.4
      vertex 72.4 4.4 2.4
      vertex 87.8 10 2.4
    endloop
  endfacet
  facet normal 0 0 1
    outer loop
      vertex 87.8 10 2.4
      vertex 72.4 4.4 2.4
      vertex 87.8428 9.34737 2.4
    endloop
  endfacet
  facet normal 0 0 1
    outer loop
      vertex 87.8428 9.34737 2.4
      vertex 72.4 4.4 2.4
      vertex 87.9704 8.7059 2.4
    endloop
  endfacet
  facet normal 0 0 1
    outer loop
      vertex 87.9704 8.7059 2.4
      vertex 72.4 4.4 2.4
      vertex 88.1806 8.08658 2.4
    endloop
  endfacet
  facet normal 0 0 1
    outer loop
      vertex 88.1806 8.08658 2.4
      vertex 72.4 4.4 2.4
      vertex 88.4699 7.5 2.4
    endloop
  endfacet
  facet normal 0 0 1
    outer loop
      vertex 88.4699 7.5 2.4
      vertex 72.4 4.4 2.4
      vertex 88.8332 6.95619 2.4
    endloop
  endfacet
  facet normal 0 0 1
    outer loop
      vertex 88.8332 6.95619 2.4
      vertex 72.4 4.4 2.4
      vertex 89.2645 6.46447 2.4
    endloop
  endfacet
  facet normal 0 0 1
    outer loop
      vertex 89.2645 6.46447 2.4
      vertex 72.4 4.4 2.4
      vertex 89.7562 6.03323 2.4
    endloop
  endfacet
  facet normal 0 0 1
    outer loop
      vertex 72.4 4.4 2.4
      vertex 90.3 5.66987 2.4
      vertex 89.7562 6.03323 2.4
    endloop
  endfacet
  facet normal 0 0 1
    outer loop
      vertex 72.4 4.4 2.4
      vertex 90.8866 5.3806 2.4
      vertex 90.3 5.66987 2.4
    endloop
  endfacet
  facet normal 0 0 1
    outer loop
      vertex 91.5059 5.17037 2.4
      vertex 72.4 4.4 2.4
      vertex 98.8 2.39999 2.4
    endloop
  endfacet
  facet normal -0 0 1
    outer loop
      vertex 42.4 4.4 2.4
      vertex 98.8 2.39999 2.4
      vertex 72.4 4.4 2.4
    endloop
  endfacet
  facet normal 0 0 1
    outer loop
      vertex 22.7 36.7 2.4
      vertex 48.1 36.7 2.4
      vertex 22.7 37.9 2.4
    endloop
  endfacet
  facet normal 0 0 1
    outer loop
      vertex 48.1 36.7 2.4
      vertex 22.7 36.7 2.4
      vertex 42.4 18.4 2.4
    endloop
  endfacet
  facet normal 0 0 1
    outer loop
      vertex 13.9668 13.0438 2.4
      vertex 42.4 18.4 2.4
      vertex 22.7 36.7 2.4
    endloop
  endfacet
  facet normal 0 0 1
    outer loop
      vertex 42.4 18.4 2.4
      vertex 15 10 2.4
      vertex 42.4 4.4 2.4
    endloop
  endfacet
  facet normal -0 0 1
    outer loop
      vertex 14.9572 9.34737 2.4
      vertex 42.4 4.4 2.4
      vertex 15 10 2.4
    endloop
  endfacet
  facet normal -0 0 1
    outer loop
      vertex 14.8296 8.7059 2.4
      vertex 42.4 4.4 2.4
      vertex 14.9572 9.34737 2.4
    endloop
  endfacet
  facet normal -0 0 1
    outer loop
      vertex 14.6194 8.08658 2.4
      vertex 42.4 4.4 2.4
      vertex 14.8296 8.7059 2.4
    endloop
  endfacet
  facet normal -0 0 1
    outer loop
      vertex 14.3301 7.5 2.4
      vertex 42.4 4.4 2.4
      vertex 14.6194 8.08658 2.4
    endloop
  endfacet
  facet normal -0 0 1
    outer loop
      vertex 13.9668 6.95619 2.4
      vertex 42.4 4.4 2.4
      vertex 14.3301 7.5 2.4
    endloop
  endfacet
  facet normal -0 0 1
    outer loop
      vertex 13.5355 6.46447 2.4
      vertex 42.4 4.4 2.4
      vertex 13.9668 6.95619 2.4
    endloop
  endfacet
  facet normal -0 0 1
    outer loop
      vertex 13.0438 6.03323 2.4
      vertex 42.4 4.4 2.4
      vertex 13.5355 6.46447 2.4
    endloop
  endfacet
  facet normal -0 0 1
    outer loop
      vertex 12.5 5.66987 2.4
      vertex 42.4 4.4 2.4
      vertex 13.0438 6.03323 2.4
    endloop
  endfacet
  facet normal -0 0 1
    outer loop
      vertex 11.9134 5.3806 2.4
      vertex 42.4 4.4 2.4
      vertex 12.5 5.66987 2.4
    endloop
  endfacet
  facet normal -0 0 1
    outer loop
      vertex 11.2941 5.17037 2.4
      vertex 42.4 4.4 2.4
      vertex 11.9134 5.3806 2.4
    endloop
  endfacet
  facet normal 0 0 1
    outer loop
      vertex 4 2.39999 2.4
      vertex 42.4 4.4 2.4
      vertex 11.2941 5.17037 2.4
    endloop
  endfacet
  facet normal 0 0 1
    outer loop
      vertex 4 2.39999 2.4
      vertex 11.2941 5.17037 2.4
      vertex 10.6526 5.04278 2.4
    endloop
  endfacet
  facet normal 0 0 1
    outer loop
      vertex 4 2.39999 2.4
      vertex 10.6526 5.04278 2.4
      vertex 10 5 2.4
    endloop
  endfacet
  facet normal 0 0 1
    outer loop
      vertex 5.17037 11.2941 2.4
      vertex 2.39999 4 2.4
      vertex 5.04278 10.6526 2.4
    endloop
  endfacet
  facet normal 0 0 1
    outer loop
      vertex 2.39999 4 2.4
      vertex 4.66642 46.0606 2.4
      vertex 4.51926 46.4941 2.4
    endloop
  endfacet
  facet normal 0 0 1
    outer loop
      vertex 2.39999 4 2.4
      vertex 4.51926 46.4941 2.4
      vertex 4.42994 46.9432 2.4
    endloop
  endfacet
  facet normal 0 0 1
    outer loop
      vertex 2.39999 4 2.4
      vertex 4.42994 46.9432 2.4
      vertex 4.4 47.4 2.4
    endloop
  endfacet
  facet normal 0 0 1
    outer loop
      vertex 42.4 4.4 2.4
      vertex 4 2.39999 2.4
      vertex 98.8 2.39999 2.4
    endloop
  endfacet
  facet normal 0 0 1
    outer loop
      vertex 9.34737 5.04278 2.4
      vertex 4 2.39999 2.4
      vertex 10 5 2.4
    endloop
  endfacet
  facet normal 0 0 1
    outer loop
      vertex 8.7059 5.17037 2.4
      vertex 4 2.39999 2.4
      vertex 9.34737 5.04278 2.4
    endloop
  endfacet
  facet normal 0 0 1
    outer loop
      vertex 8.08658 5.3806 2.4
      vertex 4 2.39999 2.4
      vertex 8.7059 5.17037 2.4
    endloop
  endfacet
  facet normal 0 0 1
    outer loop
      vertex 7.5 5.66987 2.4
      vertex 4 2.39999 2.4
      vertex 8.08658 5.3806 2.4
    endloop
  endfacet
  facet normal 0 0 1
    outer loop
      vertex 6.95619 6.03323 2.4
      vertex 4 2.39999 2.4
      vertex 7.5 5.66987 2.4
    endloop
  endfacet
  facet normal 0 0 1
    outer loop
      vertex 6.46447 6.46447 2.4
      vertex 4 2.39999 2.4
      vertex 6.95619 6.03323 2.4
    endloop
  endfacet
  facet normal 0 0 1
    outer loop
      vertex 2.39999 4 2.4
      vertex 6.46447 6.46447 2.4
      vertex 6.03323 6.95619 2.4
    endloop
  endfacet
  facet normal 0 0 1
    outer loop
      vertex 2.39999 4 2.4
      vertex 6.03323 6.95619 2.4
      vertex 5.66987 7.5 2.4
    endloop
  endfacet
  facet normal 0 0 1
    outer loop
      vertex 2.39999 4 2.4
      vertex 5.66987 7.5 2.4
      vertex 5.3806 8.08658 2.4
    endloop
  endfacet
  facet normal 0 0 1
    outer loop
      vertex 2.39999 4 2.4
      vertex 5.3806 8.08658 2.4
      vertex 5.17037 8.7059 2.4
    endloop
  endfacet
  facet normal 0 0 1
    outer loop
      vertex 2.39999 4 2.4
      vertex 5.17037 8.7059 2.4
      vertex 5.04278 9.34737 2.4
    endloop
  endfacet
  facet normal 0 0 1
    outer loop
      vertex 2.39999 4 2.4
      vertex 5.04278 9.34737 2.4
      vertex 5 10 2.4
    endloop
  endfacet
  facet normal 0 0 1
    outer loop
      vertex 5.04278 10.6526 2.4
      vertex 2.39999 4 2.4
      vertex 5 10 2.4
    endloop
  endfacet
  facet normal 0 0 1
    outer loop
      vertex 4.4 106.4 2.4
      vertex 2.39999 142.8 2.4
      vertex 4.4 47.4 2.4
    endloop
  endfacet
  facet normal 0 0 1
    outer loop
      vertex 2.39999 142.8 2.4
      vertex 4 144.4 2.4
      vertex 3.79115 144.386 2.4
    endloop
  endfacet
  facet normal 0 0 1
    outer loop
      vertex 2.39999 4 2.4
      vertex 4.4 47.4 2.4
      vertex 2.39999 142.8 2.4
    endloop
  endfacet
  facet normal 0 0 1
    outer loop
      vertex 2.39999 142.8 2.4
      vertex 3.79115 144.386 2.4
      vertex 3.58589 144.345 2.4
    endloop
  endfacet
  facet normal 0 0 1
    outer loop
      vertex 6.46447 6.46447 2.4
      vertex 2.39999 4 2.4
      vertex 4 2.39999 2.4
    endloop
  endfacet
  facet normal 0 0 1
    outer loop
      vertex 2.39999 142.8 2.4
      vertex 3.58589 144.345 2.4
      vertex 3.38771 144.278 2.4
    endloop
  endfacet
  facet normal 0 0 1
    outer loop
      vertex 4 2.39999 2.4
      vertex 2.39999 4 2.4
      vertex 3.79115 2.41368 2.4
    endloop
  endfacet
  facet normal 0 0 1
    outer loop
      vertex 2.39999 142.8 2.4
      vertex 3.38771 144.278 2.4
      vertex 3.2 144.186 2.4
    endloop
  endfacet
  facet normal 0 0 1
    outer loop
      vertex 3.79115 2.41368 2.4
      vertex 2.39999 4 2.4
      vertex 3.58589 2.45451 2.4
    endloop
  endfacet
  facet normal 0 0 1
    outer loop
      vertex 2.39999 142.8 2.4
      vertex 3.2 144.186 2.4
      vertex 3.02599 144.069 2.4
    endloop
  endfacet
  facet normal 0 0 1
    outer loop
      vertex 3.58589 2.45451 2.4
      vertex 2.39999 4 2.4
      vertex 3.38771 2.52179 2.4
    endloop
  endfacet
  facet normal 0 0 1
    outer loop
      vertex 2.39999 142.8 2.4
      vertex 3.02599 144.069 2.4
      vertex 2.86862 143.931 2.4
    endloop
  endfacet
  facet normal 0 0 1
    outer loop
      vertex 3.38771 2.52179 2.4
      vertex 2.39999 4 2.4
      vertex 3.2 2.61436 2.4
    endloop
  endfacet
  facet normal 0 0 1
    outer loop
      vertex 2.39999 142.8 2.4
      vertex 2.86862 143.931 2.4
      vertex 2.73064 143.774 2.4
    endloop
  endfacet
  facet normal 0 0 1
    outer loop
      vertex 3.2 2.61436 2.4
      vertex 2.39999 4 2.4
      vertex 3.02599 2.73064 2.4
    endloop
  endfacet
  facet normal 0 0 1
    outer loop
      vertex 2.39999 142.8 2.4
      vertex 2.73064 143.774 2.4
      vertex 2.61436 143.6 2.4
    endloop
  endfacet
  facet normal 0 0 1
    outer loop
      vertex 3.02599 2.73064 2.4
      vertex 2.39999 4 2.4
      vertex 2.86862 2.86862 2.4
    endloop
  endfacet
  facet normal 0 0 1
    outer loop
      vertex 2.39999 142.8 2.4
      vertex 2.61436 143.6 2.4
      vertex 2.52179 143.412 2.4
    endloop
  endfacet
  facet normal 0 0 1
    outer loop
      vertex 2.86862 2.86862 2.4
      vertex 2.39999 4 2.4
      vertex 2.73064 3.02599 2.4
    endloop
  endfacet
  facet normal 0 0 1
    outer loop
      vertex 2.39999 142.8 2.4
      vertex 2.52179 143.412 2.4
      vertex 2.45451 143.214 2.4
    endloop
  endfacet
  facet normal 0 0 1
    outer loop
      vertex 2.73064 3.02599 2.4
      vertex 2.39999 4 2.4
      vertex 2.61436 3.2 2.4
    endloop
  endfacet
  facet normal 0 0 1
    outer loop
      vertex 2.39999 142.8 2.4
      vertex 2.45451 143.214 2.4
      vertex 2.41368 143.009 2.4
    endloop
  endfacet
  facet normal 0 0 1
    outer loop
      vertex 2.61436 3.2 2.4
      vertex 2.39999 4 2.4
      vertex 2.52179 3.38771 2.4
    endloop
  endfacet
  facet normal 0 0 1
    outer loop
      vertex 2.52179 3.38771 2.4
      vertex 2.39999 4 2.4
      vertex 2.45451 3.58589 2.4
    endloop
  endfacet
  facet normal 0 0 1
    outer loop
      vertex 2.45451 3.58589 2.4
      vertex 2.39999 4 2.4
      vertex 2.41368 3.79115 2.4
    endloop
  endfacet
  facet normal 0 0 1
    outer loop
      vertex 79.4 125.4 2.4
      vertex 67.6 132.1 2.4
      vertex 67.6 125.4 2.4
    endloop
  endfacet
  facet normal -0 0 1
    outer loop
      vertex 67.6 68.7 2.4
      vertex 79.4 61.4 2.4
      vertex 67.6 78.7 2.4
    endloop
  endfacet
  facet normal 0 0 1
    outer loop
      vertex 67.6 68.7 2.4
      vertex 66.4 61.4 2.4
      vertex 79.4 61.4 2.4
    endloop
  endfacet
  facet normal 0 0 1
    outer loop
      vertex 66.4 61.4 2.4
      vertex 58.1 60.1 2.4
      vertex 66.4 53.4 2.4
    endloop
  endfacet
  facet normal -0 0 1
    outer loop
      vertex 57.6 68.7 2.4
      vertex 66.4 61.4 2.4
      vertex 67.6 68.7 2.4
    endloop
  endfacet
  facet normal 0 0 1
    outer loop
      vertex 66.4 61.4 2.4
      vertex 57.6 68.7 2.4
      vertex 58.1 60.1 2.4
    endloop
  endfacet
  facet normal 0 0 1
    outer loop
      vertex 58.1 60.1 2.4
      vertex 57.6 68.7 2.4
      vertex 48.1 60.1 2.4
    endloop
  endfacet
  facet normal 0 0 1
    outer loop
      vertex 66.4 117.4 2.4
      vertex 11.2807 105.494 2.4
      vertex 66.4 78.7 2.4
    endloop
  endfacet
  facet normal -0 0 1
    outer loop
      vertex 20.2 68.7 2.4
      vertex 48.1 60.1 2.4
      vertex 20.2 69.9 2.4
    endloop
  endfacet
  facet normal 0 0 1
    outer loop
      vertex 48.1 60.1 2.4
      vertex 20.2 68.7 2.4
      vertex 22.7 60.1 2.4
    endloop
  endfacet
  facet normal 0 0 1
    outer loop
      vertex 20.2 68.7 2.4
      vertex 12.7 60.1 2.4
      vertex 22.7 60.1 2.4
    endloop
  endfacet
  facet normal -0 0 1
    outer loop
      vertex 9.65 50.4311 2.4
      vertex 12.7 50.1 2.4
      vertex 12.7 60.1 2.4
    endloop
  endfacet
  facet normal 0 -0 1
    outer loop
      vertex 11.1336 48.7394 2.4
      vertex 12.7 50.1 2.4
      vertex 10.9311 49.15 2.4
    endloop
  endfacet
  facet normal -0 0 1
    outer loop
      vertex 11.3701 46.9432 2.4
      vertex 12.7 46.7 2.4
      vertex 11.4 47.4 2.4
    endloop
  endfacet
  facet normal 0 0 1
    outer loop
      vertex 11.2807 46.4941 2.4
      vertex 12.7 46.7 2.4
      vertex 11.3701 46.9432 2.4
    endloop
  endfacet
  facet normal 0 0 1
    outer loop
      vertex 11.1336 46.0606 2.4
      vertex 12.7 46.7 2.4
      vertex 11.2807 46.4941 2.4
    endloop
  endfacet
  facet normal 0 0 1
    outer loop
      vertex 12.7 46.7 2.4
      vertex 11.3701 47.8568 2.4
      vertex 11.4 47.4 2.4
    endloop
  endfacet
  facet normal 0 0 1
    outer loop
      vertex 12.7 50.1 2.4
      vertex 11.3701 47.8568 2.4
      vertex 12.7 46.7 2.4
    endloop
  endfacet
  facet normal 0 -0 1
    outer loop
      vertex 11.3701 47.8568 2.4
      vertex 12.7 50.1 2.4
      vertex 11.2807 48.3059 2.4
    endloop
  endfacet
  facet normal 0 -0 1
    outer loop
      vertex 11.2807 48.3059 2.4
      vertex 12.7 50.1 2.4
      vertex 11.1336 48.7394 2.4
    endloop
  endfacet
  facet normal 0 0 1
    outer loop
      vertex 12.7 50.1 2.4
      vertex 10.6767 49.5307 2.4
      vertex 10.9311 49.15 2.4
    endloop
  endfacet
  facet normal 0 0 1
    outer loop
      vertex 12.7 50.1 2.4
      vertex 10.3749 49.8749 2.4
      vertex 10.6767 49.5307 2.4
    endloop
  endfacet
  facet normal -0 0 1
    outer loop
      vertex 10.2 68.7 2.4
      vertex 12.7 60.1 2.4
      vertex 20.2 68.7 2.4
    endloop
  endfacet
  facet normal 0 0 1
    outer loop
      vertex 6.15 50.4311 2.4
      vertex 12.7 60.1 2.4
      vertex 10.2 68.7 2.4
    endloop
  endfacet
  facet normal 0 0 1
    outer loop
      vertex 12.7 50.1 2.4
      vertex 10.0307 50.1767 2.4
      vertex 10.3749 49.8749 2.4
    endloop
  endfacet
  facet normal -0 0 1
    outer loop
      vertex 8.80587 103.019 2.4
      vertex 11.4 78.7 2.4
      vertex 9.23939 103.166 2.4
    endloop
  endfacet
  facet normal -0 0 1
    outer loop
      vertex 8.35684 102.93 2.4
      vertex 11.4 78.7 2.4
      vertex 8.80587 103.019 2.4
    endloop
  endfacet
  facet normal 0 0 1
    outer loop
      vertex 12.7 50.1 2.4
      vertex 9.65 50.4311 2.4
      vertex 10.0307 50.1767 2.4
    endloop
  endfacet
  facet normal 0 0 1
    outer loop
      vertex 11.4 78.7 2.4
      vertex 8.35684 102.93 2.4
      vertex 10.2 78.7 2.4
    endloop
  endfacet
  facet normal 0 0 1
    outer loop
      vertex 12.7 60.1 2.4
      vertex 9.23939 50.6336 2.4
      vertex 9.65 50.4311 2.4
    endloop
  endfacet
  facet normal -0 0 1
    outer loop
      vertex 7.9 102.9 2.4
      vertex 10.2 78.7 2.4
      vertex 8.35684 102.93 2.4
    endloop
  endfacet
  facet normal 0 0 1
    outer loop
      vertex 12.7 60.1 2.4
      vertex 8.80587 50.7807 2.4
      vertex 9.23939 50.6336 2.4
    endloop
  endfacet
  facet normal 0 0 1
    outer loop
      vertex 7.44316 102.93 2.4
      vertex 10.2 78.7 2.4
      vertex 7.9 102.9 2.4
    endloop
  endfacet
  facet normal 0 0 1
    outer loop
      vertex 12.7 60.1 2.4
      vertex 8.35684 50.8701 2.4
      vertex 8.80587 50.7807 2.4
    endloop
  endfacet
  facet normal 0 0 1
    outer loop
      vertex 6.99413 103.019 2.4
      vertex 10.2 78.7 2.4
      vertex 7.44316 102.93 2.4
    endloop
  endfacet
  facet normal 0 0 1
    outer loop
      vertex 12.7 60.1 2.4
      vertex 7.9 50.9 2.4
      vertex 8.35684 50.8701 2.4
    endloop
  endfacet
  facet normal 0 0 1
    outer loop
      vertex 6.56061 103.166 2.4
      vertex 10.2 78.7 2.4
      vertex 6.99413 103.019 2.4
    endloop
  endfacet
  facet normal 0 0 1
    outer loop
      vertex 12.7 60.1 2.4
      vertex 7.44316 50.8701 2.4
      vertex 7.9 50.9 2.4
    endloop
  endfacet
  facet normal 0 0 1
    outer loop
      vertex 6.15 103.369 2.4
      vertex 10.2 78.7 2.4
      vertex 6.56061 103.166 2.4
    endloop
  endfacet
  facet normal 0 0 1
    outer loop
      vertex 12.7 60.1 2.4
      vertex 6.99413 50.7807 2.4
      vertex 7.44316 50.8701 2.4
    endloop
  endfacet
  facet normal 0 0 1
    outer loop
      vertex 5.76933 103.623 2.4
      vertex 10.2 78.7 2.4
      vertex 6.15 103.369 2.4
    endloop
  endfacet
  facet normal 0 0 1
    outer loop
      vertex 12.7 60.1 2.4
      vertex 6.56061 50.6336 2.4
      vertex 6.99413 50.7807 2.4
    endloop
  endfacet
  facet normal 0 0 1
    outer loop
      vertex 5.42513 103.925 2.4
      vertex 10.2 78.7 2.4
      vertex 5.76933 103.623 2.4
    endloop
  endfacet
  facet normal 0 0 1
    outer loop
      vertex 12.7 60.1 2.4
      vertex 6.15 50.4311 2.4
      vertex 6.56061 50.6336 2.4
    endloop
  endfacet
  facet normal 0 0 1
    outer loop
      vertex 5.12326 104.269 2.4
      vertex 10.2 78.7 2.4
      vertex 5.42513 103.925 2.4
    endloop
  endfacet
  facet normal 0 0 1
    outer loop
      vertex 10.2 68.7 2.4
      vertex 5.76933 50.1767 2.4
      vertex 6.15 50.4311 2.4
    endloop
  endfacet
  facet normal 0 0 1
    outer loop
      vertex 4.86891 104.65 2.4
      vertex 10.2 78.7 2.4
      vertex 5.12326 104.269 2.4
    endloop
  endfacet
  facet normal 0 0 1
    outer loop
      vertex 10.2 68.7 2.4
      vertex 5.42513 49.8749 2.4
      vertex 5.76933 50.1767 2.4
    endloop
  endfacet
  facet normal 0 0 1
    outer loop
      vertex 4.66642 105.061 2.4
      vertex 10.2 78.7 2.4
      vertex 4.86891 104.65 2.4
    endloop
  endfacet
  facet normal 0 0 1
    outer loop
      vertex 10.2 68.7 2.4
      vertex 5.12326 49.5307 2.4
      vertex 5.42513 49.8749 2.4
    endloop
  endfacet
  facet normal 0 0 1
    outer loop
      vertex 4.66642 48.7394 2.4
      vertex 10.2 78.7 2.4
      vertex 4.66642 105.061 2.4
    endloop
  endfacet
  facet normal 0 0 1
    outer loop
      vertex 10.2 68.7 2.4
      vertex 4.86891 49.15 2.4
      vertex 5.12326 49.5307 2.4
    endloop
  endfacet
  facet normal 0 0 1
    outer loop
      vertex 10.2 78.7 2.4
      vertex 4.66642 48.7394 2.4
      vertex 10.2 68.7 2.4
    endloop
  endfacet
  facet normal 0 0 1
    outer loop
      vertex 10.2 68.7 2.4
      vertex 4.66642 48.7394 2.4
      vertex 4.86891 49.15 2.4
    endloop
  endfacet
  facet normal 0 0 1
    outer loop
      vertex 4.51926 105.494 2.4
      vertex 4.66642 48.7394 2.4
      vertex 4.66642 105.061 2.4
    endloop
  endfacet
  facet normal 0 0 1
    outer loop
      vertex 4.51926 105.494 2.4
      vertex 4.51926 48.3059 2.4
      vertex 4.66642 48.7394 2.4
    endloop
  endfacet
  facet normal 0 0 1
    outer loop
      vertex 4.42994 105.943 2.4
      vertex 4.51926 48.3059 2.4
      vertex 4.51926 105.494 2.4
    endloop
  endfacet
  facet normal 0 0 1
    outer loop
      vertex 4.42994 105.943 2.4
      vertex 4.42994 47.8568 2.4
      vertex 4.51926 48.3059 2.4
    endloop
  endfacet
  facet normal 0 0 1
    outer loop
      vertex 4.4 106.4 2.4
      vertex 4.42994 47.8568 2.4
      vertex 4.42994 105.943 2.4
    endloop
  endfacet
  facet normal 0 0 1
    outer loop
      vertex 4.42994 47.8568 2.4
      vertex 4.4 106.4 2.4
      vertex 4.4 47.4 2.4
    endloop
  endfacet
  facet normal -0 0 1
    outer loop
      vertex 14.9572 136.147 2.4
      vertex 20.2 132.1 2.4
      vertex 15 136.8 2.4
    endloop
  endfacet
  facet normal -0 0 1
    outer loop
      vertex 14.8296 135.506 2.4
      vertex 20.2 132.1 2.4
      vertex 14.9572 136.147 2.4
    endloop
  endfacet
  facet normal -0 0 1
    outer loop
      vertex 14.6194 134.887 2.4
      vertex 20.2 132.1 2.4
      vertex 14.8296 135.506 2.4
    endloop
  endfacet
  facet normal -0 0 1
    outer loop
      vertex 14.3301 134.3 2.4
      vertex 20.2 132.1 2.4
      vertex 14.6194 134.887 2.4
    endloop
  endfacet
  facet normal -0 0 1
    outer loop
      vertex 13.9668 133.756 2.4
      vertex 20.2 132.1 2.4
      vertex 14.3301 134.3 2.4
    endloop
  endfacet
  facet normal -0 0 1
    outer loop
      vertex 13.5355 133.264 2.4
      vertex 20.2 132.1 2.4
      vertex 13.9668 133.756 2.4
    endloop
  endfacet
  facet normal -0 0 1
    outer loop
      vertex 13.0438 132.833 2.4
      vertex 20.2 132.1 2.4
      vertex 13.5355 133.264 2.4
    endloop
  endfacet
  facet normal -0 0 1
    outer loop
      vertex 12.5 132.47 2.4
      vertex 20.2 132.1 2.4
      vertex 13.0438 132.833 2.4
    endloop
  endfacet
  facet normal -0 0 1
    outer loop
      vertex 11.9134 132.181 2.4
      vertex 20.2 132.1 2.4
      vertex 12.5 132.47 2.4
    endloop
  endfacet
  facet normal 0 0 1
    outer loop
      vertex 20.2 132.1 2.4
      vertex 11.9134 132.181 2.4
      vertex 11.676 132.1 2.4
    endloop
  endfacet
  facet normal 0 0 1
    outer loop
      vertex 10.9311 45.65 2.4
      vertex 12.7 46.7 2.4
      vertex 11.1336 46.0606 2.4
    endloop
  endfacet
  facet normal 0 0 1
    outer loop
      vertex 10.6767 45.2693 2.4
      vertex 12.7 46.7 2.4
      vertex 10.9311 45.65 2.4
    endloop
  endfacet
  facet normal 0 0 1
    outer loop
      vertex 12.7 46.7 2.4
      vertex 10.6767 45.2693 2.4
      vertex 12.7 36.7 2.4
    endloop
  endfacet
  facet normal -0 0 1
    outer loop
      vertex 10.3749 44.9251 2.4
      vertex 12.7 36.7 2.4
      vertex 10.6767 45.2693 2.4
    endloop
  endfacet
  facet normal -0 0 1
    outer loop
      vertex 10.0307 44.6233 2.4
      vertex 12.7 36.7 2.4
      vertex 10.3749 44.9251 2.4
    endloop
  endfacet
  facet normal -0 0 1
    outer loop
      vertex 9.65 44.3689 2.4
      vertex 12.7 36.7 2.4
      vertex 10.0307 44.6233 2.4
    endloop
  endfacet
  facet normal 0 0 1
    outer loop
      vertex 12.7 36.7 2.4
      vertex 11.9134 14.6194 2.4
      vertex 12.5 14.3301 2.4
    endloop
  endfacet
  facet normal -0 0 1
    outer loop
      vertex 9.23939 44.1664 2.4
      vertex 12.7 36.7 2.4
      vertex 9.65 44.3689 2.4
    endloop
  endfacet
  facet normal 0 0 1
    outer loop
      vertex 12.7 36.7 2.4
      vertex 11.2941 14.8296 2.4
      vertex 11.9134 14.6194 2.4
    endloop
  endfacet
  facet normal -0 0 1
    outer loop
      vertex 8.80587 44.0193 2.4
      vertex 12.7 36.7 2.4
      vertex 9.23939 44.1664 2.4
    endloop
  endfacet
  facet normal 0 0 1
    outer loop
      vertex 12.7 36.7 2.4
      vertex 10.6526 14.9572 2.4
      vertex 11.2941 14.8296 2.4
    endloop
  endfacet
  facet normal -0 0 1
    outer loop
      vertex 8.35684 43.9299 2.4
      vertex 12.7 36.7 2.4
      vertex 8.80587 44.0193 2.4
    endloop
  endfacet
  facet normal -0 0 1
    outer loop
      vertex 7.9 43.9 2.4
      vertex 12.7 36.7 2.4
      vertex 8.35684 43.9299 2.4
    endloop
  endfacet
  facet normal 0 0 1
    outer loop
      vertex 12.7 36.7 2.4
      vertex 10 15 2.4
      vertex 10.6526 14.9572 2.4
    endloop
  endfacet
  facet normal 0 0 1
    outer loop
      vertex 7.44316 43.9299 2.4
      vertex 12.7 36.7 2.4
      vertex 7.9 43.9 2.4
    endloop
  endfacet
  facet normal 0 0 1
    outer loop
      vertex 12.7 36.7 2.4
      vertex 9.34737 14.9572 2.4
      vertex 10 15 2.4
    endloop
  endfacet
  facet normal 0 0 1
    outer loop
      vertex 6.99413 44.0193 2.4
      vertex 12.7 36.7 2.4
      vertex 7.44316 43.9299 2.4
    endloop
  endfacet
  facet normal 0 0 1
    outer loop
      vertex 12.7 36.7 2.4
      vertex 8.7059 14.8296 2.4
      vertex 9.34737 14.9572 2.4
    endloop
  endfacet
  facet normal 0 0 1
    outer loop
      vertex 6.56061 44.1664 2.4
      vertex 12.7 36.7 2.4
      vertex 6.99413 44.0193 2.4
    endloop
  endfacet
  facet normal 0 0 1
    outer loop
      vertex 12.7 36.7 2.4
      vertex 8.08658 14.6194 2.4
      vertex 8.7059 14.8296 2.4
    endloop
  endfacet
  facet normal 0 0 1
    outer loop
      vertex 6.15 44.3689 2.4
      vertex 12.7 36.7 2.4
      vertex 6.56061 44.1664 2.4
    endloop
  endfacet
  facet normal 0 0 1
    outer loop
      vertex 12.7 36.7 2.4
      vertex 7.5 14.3301 2.4
      vertex 8.08658 14.6194 2.4
    endloop
  endfacet
  facet normal 0 -0 1
    outer loop
      vertex 6.95619 13.9668 2.4
      vertex 12.7 36.7 2.4
      vertex 6.15 44.3689 2.4
    endloop
  endfacet
  facet normal 0 0 1
    outer loop
      vertex 12.7 36.7 2.4
      vertex 6.95619 13.9668 2.4
      vertex 7.5 14.3301 2.4
    endloop
  endfacet
  facet normal 0 0 1
    outer loop
      vertex 5.76933 44.6233 2.4
      vertex 6.95619 13.9668 2.4
      vertex 6.15 44.3689 2.4
    endloop
  endfacet
  facet normal 0 0 1
    outer loop
      vertex 6.95619 13.9668 2.4
      vertex 5.76933 44.6233 2.4
      vertex 6.46447 13.5355 2.4
    endloop
  endfacet
  facet normal 0 0 1
    outer loop
      vertex 5.42513 44.9251 2.4
      vertex 6.46447 13.5355 2.4
      vertex 5.76933 44.6233 2.4
    endloop
  endfacet
  facet normal 0 0 1
    outer loop
      vertex 6.46447 13.5355 2.4
      vertex 5.42513 44.9251 2.4
      vertex 6.03323 13.0438 2.4
    endloop
  endfacet
  facet normal 0 0 1
    outer loop
      vertex 5.12326 45.2693 2.4
      vertex 6.03323 13.0438 2.4
      vertex 5.42513 44.9251 2.4
    endloop
  endfacet
  facet normal 0 0 1
    outer loop
      vertex 6.03323 13.0438 2.4
      vertex 5.12326 45.2693 2.4
      vertex 5.66987 12.5 2.4
    endloop
  endfacet
  facet normal 0 0 1
    outer loop
      vertex 4.86891 45.65 2.4
      vertex 5.66987 12.5 2.4
      vertex 5.12326 45.2693 2.4
    endloop
  endfacet
  facet normal 0 0 1
    outer loop
      vertex 5.66987 12.5 2.4
      vertex 4.86891 45.65 2.4
      vertex 5.3806 11.9134 2.4
    endloop
  endfacet
  facet normal 0 0 1
    outer loop
      vertex 4.66642 46.0606 2.4
      vertex 5.3806 11.9134 2.4
      vertex 4.86891 45.65 2.4
    endloop
  endfacet
  facet normal 0 0 1
    outer loop
      vertex 5.3806 11.9134 2.4
      vertex 4.66642 46.0606 2.4
      vertex 5.17037 11.2941 2.4
    endloop
  endfacet
  facet normal 0 0 1
    outer loop
      vertex 2.39999 4 2.4
      vertex 5.17037 11.2941 2.4
      vertex 4.66642 46.0606 2.4
    endloop
  endfacet
  facet normal -0 0 1
    outer loop
      vertex 43.6 17.2 2.4
      vertex 71.2 5.6 2.4
      vertex 71.2 17.2 2.4
    endloop
  endfacet
  facet normal 0 0 1
    outer loop
      vertex 71.2 5.6 2.4
      vertex 43.6 17.2 2.4
      vertex 43.6 5.6 2.4
    endloop
  endfacet
  facet normal -0.195059 0.980791 0
    outer loop
      vertex 99.2141 2.45451 2.4
      vertex 99.0088 2.41368 44.4
      vertex 99.2141 2.45451 44.4
    endloop
  endfacet
  facet normal -0.195059 0.980791 0
    outer loop
      vertex 99.0088 2.41368 44.4
      vertex 99.2141 2.45451 2.4
      vertex 99.0088 2.41368 2.4
    endloop
  endfacet
  facet normal -0.898217 -0.439553 0
    outer loop
      vertex 100.278 143.412 2.4
      vertex 100.186 143.6 44.4
      vertex 100.186 143.6 2.4
    endloop
  endfacet
  facet normal -0.898217 -0.439553 0
    outer loop
      vertex 100.186 143.6 44.4
      vertex 100.278 143.412 2.4
      vertex 100.278 143.412 44.4
    endloop
  endfacet
  facet normal 0.94692 0.321469 0
    outer loop
      vertex 2.52179 3.38771 44.4
      vertex 2.45451 3.58589 2.4
      vertex 2.45451 3.58589 44.4
    endloop
  endfacet
  facet normal 0.94692 0.321469 0
    outer loop
      vertex 2.45451 3.58589 2.4
      vertex 2.52179 3.38771 44.4
      vertex 2.52179 3.38771 2.4
    endloop
  endfacet
  facet normal 0.659319 -0.751863 0
    outer loop
      vertex 2.86862 143.931 2.4
      vertex 3.02599 144.069 44.4
      vertex 2.86862 143.931 44.4
    endloop
  endfacet
  facet normal 0.659319 -0.751863 0
    outer loop
      vertex 3.02599 144.069 44.4
      vertex 2.86862 143.931 2.4
      vertex 3.02599 144.069 2.4
    endloop
  endfacet
  facet normal 0.320269 -0.947327 0
    outer loop
      vertex 3.38771 144.278 2.4
      vertex 3.58589 144.345 44.4
      vertex 3.38771 144.278 44.4
    endloop
  endfacet
  facet normal 0.320269 -0.947327 0
    outer loop
      vertex 3.58589 144.345 44.4
      vertex 3.38771 144.278 2.4
      vertex 3.58589 144.345 2.4
    endloop
  endfacet
  facet normal 0.555604 0.831447 -0
    outer loop
      vertex 3.2 2.61436 2.4
      vertex 3.02599 2.73064 44.4
      vertex 3.2 2.61436 44.4
    endloop
  endfacet
  facet normal 0.555604 0.831447 0
    outer loop
      vertex 3.02599 2.73064 44.4
      vertex 3.2 2.61436 2.4
      vertex 3.02599 2.73064 2.4
    endloop
  endfacet
  facet normal 0.980784 0.195096 0
    outer loop
      vertex 2.45451 3.58589 44.4
      vertex 2.41368 3.79115 2.4
      vertex 2.41368 3.79115 44.4
    endloop
  endfacet
  facet normal 0.980784 0.195096 0
    outer loop
      vertex 2.41368 3.79115 2.4
      vertex 2.45451 3.58589 44.4
      vertex 2.45451 3.58589 2.4
    endloop
  endfacet
  facet normal 0.831447 0.555604 0
    outer loop
      vertex 2.73064 3.02599 44.4
      vertex 2.61436 3.2 2.4
      vertex 2.61436 3.2 44.4
    endloop
  endfacet
  facet normal 0.831447 0.555604 0
    outer loop
      vertex 2.61436 3.2 2.4
      vertex 2.73064 3.02599 44.4
      vertex 2.73064 3.02599 2.4
    endloop
  endfacet
  facet normal 0.89714 -0.441746 0
    outer loop
      vertex 2.52179 143.412 44.4
      vertex 2.61436 143.6 2.4
      vertex 2.61436 143.6 44.4
    endloop
  endfacet
  facet normal 0.89714 -0.441746 0
    outer loop
      vertex 2.61436 143.6 2.4
      vertex 2.52179 143.412 44.4
      vertex 2.52179 143.412 2.4
    endloop
  endfacet
  facet normal -0.980581 -0.196116 0
    outer loop
      vertex 100.386 143.009 2.4
      vertex 100.345 143.214 44.4
      vertex 100.345 143.214 2.4
    endloop
  endfacet
  facet normal -0.980581 -0.196116 0
    outer loop
      vertex 100.345 143.214 44.4
      vertex 100.386 143.009 2.4
      vertex 100.386 143.009 44.4
    endloop
  endfacet
  facet normal 0.831432 -0.555626 0
    outer loop
      vertex 2.61436 143.6 44.4
      vertex 2.73064 143.774 2.4
      vertex 2.73064 143.774 44.4
    endloop
  endfacet
  facet normal 0.831432 -0.555626 0
    outer loop
      vertex 2.73064 143.774 2.4
      vertex 2.61436 143.6 44.4
      vertex 2.61436 143.6 2.4
    endloop
  endfacet
  facet normal -0.32144 0.94693 0
    outer loop
      vertex 99.4123 2.52179 2.4
      vertex 99.2141 2.45451 44.4
      vertex 99.4123 2.52179 44.4
    endloop
  endfacet
  facet normal -0.32144 0.94693 0
    outer loop
      vertex 99.2141 2.45451 44.4
      vertex 99.4123 2.52179 2.4
      vertex 99.2141 2.45451 2.4
    endloop
  endfacet
  facet normal -0.947238 -0.32053 0
    outer loop
      vertex 100.345 143.214 2.4
      vertex 100.278 143.412 44.4
      vertex 100.278 143.412 2.4
    endloop
  endfacet
  facet normal -0.947238 -0.32053 0
    outer loop
      vertex 100.278 143.412 44.4
      vertex 100.345 143.214 2.4
      vertex 100.345 143.214 44.4
    endloop
  endfacet
  facet normal -0.947327 0.320269 0
    outer loop
      vertex 100.278 3.38771 2.4
      vertex 100.345 3.58589 44.4
      vertex 100.345 3.58589 2.4
    endloop
  endfacet
  facet normal -0.947327 0.320269 0
    outer loop
      vertex 100.345 3.58589 44.4
      vertex 100.278 3.38771 2.4
      vertex 100.278 3.38771 44.4
    endloop
  endfacet
  facet normal -0.829857 0.557976 0
    outer loop
      vertex 100.069 3.02599 2.4
      vertex 100.186 3.2 44.4
      vertex 100.186 3.2 2.4
    endloop
  endfacet
  facet normal -0.829857 0.557976 0
    outer loop
      vertex 100.186 3.2 44.4
      vertex 100.069 3.02599 2.4
      vertex 100.069 3.02599 44.4
    endloop
  endfacet
  facet normal -0.897949 0.4401 0
    outer loop
      vertex 100.186 3.2 2.4
      vertex 100.278 3.38771 44.4
      vertex 100.278 3.38771 2.4
    endloop
  endfacet
  facet normal -0.897949 0.4401 0
    outer loop
      vertex 100.278 3.38771 44.4
      vertex 100.186 3.2 2.4
      vertex 100.186 3.2 44.4
    endloop
  endfacet
  facet normal -0.442314 0.89686 0
    outer loop
      vertex 99.6 2.61436 2.4
      vertex 99.4123 2.52179 44.4
      vertex 99.6 2.61436 44.4
    endloop
  endfacet
  facet normal -0.442314 0.89686 0
    outer loop
      vertex 99.4123 2.52179 44.4
      vertex 99.6 2.61436 2.4
      vertex 99.4123 2.52179 2.4
    endloop
  endfacet
  facet normal -0.980628 0.195877 0
    outer loop
      vertex 100.345 3.58589 2.4
      vertex 100.386 3.79115 44.4
      vertex 100.386 3.79115 2.4
    endloop
  endfacet
  facet normal -0.980628 0.195877 0
    outer loop
      vertex 100.386 3.79115 44.4
      vertex 100.345 3.58589 2.4
      vertex 100.345 3.58589 44.4
    endloop
  endfacet
  facet normal -0.946926 -0.321452 0
    outer loop
      vertex 4.66642 46.0606 2.4
      vertex 4.51926 46.4941 17.39
      vertex 4.51926 46.4941 2.4
    endloop
  endfacet
  facet normal -0.946926 -0.321452 0
    outer loop
      vertex 4.51926 46.4941 17.39
      vertex 4.66642 46.0606 2.4
      vertex 4.66642 46.0606 17.39
    endloop
  endfacet
  facet normal 0.195263 -0.980751 0
    outer loop
      vertex 8.35684 43.9299 2.4
      vertex 8.80587 44.0193 17.39
      vertex 8.35684 43.9299 17.39
    endloop
  endfacet
  facet normal 0.195263 -0.980751 0
    outer loop
      vertex 8.80587 44.0193 17.39
      vertex 8.35684 43.9299 2.4
      vertex 8.80587 44.0193 2.4
    endloop
  endfacet
  facet normal 0.980757 0.195234 0
    outer loop
      vertex 11.3701 47.8568 17.39
      vertex 11.2807 48.3059 2.4
      vertex 11.2807 48.3059 17.39
    endloop
  endfacet
  facet normal 0.980757 0.195234 0
    outer loop
      vertex 11.2807 48.3059 2.4
      vertex 11.3701 47.8568 17.39
      vertex 11.3701 47.8568 2.4
    endloop
  endfacet
  facet normal 0.997865 0.0653156 0
    outer loop
      vertex 11.4 47.4 17.39
      vertex 11.3701 47.8568 2.4
      vertex 11.3701 47.8568 17.39
    endloop
  endfacet
  facet normal 0.997865 0.0653156 0
    outer loop
      vertex 11.3701 47.8568 2.4
      vertex 11.4 47.4 17.39
      vertex 11.4 47.4 2.4
    endloop
  endfacet
  facet normal -0.442305 0.896864 0
    outer loop
      vertex 6.56061 50.6336 2.4
      vertex 6.15 50.4311 17.39
      vertex 6.56061 50.6336 17.39
    endloop
  endfacet
  facet normal -0.442305 0.896864 0
    outer loop
      vertex 6.15 50.4311 17.39
      vertex 6.56061 50.6336 2.4
      vertex 6.15 50.4311 2.4
    endloop
  endfacet
  facet normal 0.89686 -0.442314 0
    outer loop
      vertex 10.9311 45.65 17.39
      vertex 11.1336 46.0606 2.4
      vertex 11.1336 46.0606 17.39
    endloop
  endfacet
  facet normal 0.89686 -0.442314 0
    outer loop
      vertex 11.1336 46.0606 2.4
      vertex 10.9311 45.65 17.39
      vertex 10.9311 45.65 2.4
    endloop
  endfacet
  facet normal 0.997865 -0.0653156 0
    outer loop
      vertex 11.3701 46.9432 17.39
      vertex 11.4 47.4 2.4
      vertex 11.4 47.4 17.39
    endloop
  endfacet
  facet normal 0.997865 -0.0653156 0
    outer loop
      vertex 11.4 47.4 2.4
      vertex 11.3701 46.9432 17.39
      vertex 11.3701 46.9432 2.4
    endloop
  endfacet
  facet normal 0.659278 0.7519 -0
    outer loop
      vertex 10.3749 49.8749 2.4
      vertex 10.0307 50.1767 17.39
      vertex 10.3749 49.8749 17.39
    endloop
  endfacet
  facet normal 0.659278 0.7519 0
    outer loop
      vertex 10.0307 50.1767 17.39
      vertex 10.3749 49.8749 2.4
      vertex 10.0307 50.1767 2.4
    endloop
  endfacet
  facet normal -0.659278 0.7519 0
    outer loop
      vertex 5.76933 50.1767 2.4
      vertex 5.42513 49.8749 17.39
      vertex 5.76933 50.1767 17.39
    endloop
  endfacet
  facet normal -0.659278 0.7519 0
    outer loop
      vertex 5.42513 49.8749 17.39
      vertex 5.76933 50.1767 2.4
      vertex 5.42513 49.8749 2.4
    endloop
  endfacet
  facet normal 0.0653099 0.997865 -0
    outer loop
      vertex 8.35684 50.8701 2.4
      vertex 7.9 50.9 17.39
      vertex 8.35684 50.8701 17.39
    endloop
  endfacet
  facet normal 0.0653099 0.997865 0
    outer loop
      vertex 7.9 50.9 17.39
      vertex 8.35684 50.8701 2.4
      vertex 7.9 50.9 2.4
    endloop
  endfacet
  facet normal -0.997859 0.0654026 0
    outer loop
      vertex 4.4 47.4 2.4
      vertex 4.42994 47.8568 17.39
      vertex 4.42994 47.8568 2.4
    endloop
  endfacet
  facet normal -0.997859 0.0654026 0
    outer loop
      vertex 4.42994 47.8568 17.39
      vertex 4.4 47.4 2.4
      vertex 4.4 47.4 17.39
    endloop
  endfacet
  facet normal -0.751824 -0.659364 0
    outer loop
      vertex 5.42513 44.9251 2.4
      vertex 5.12326 45.2693 17.39
      vertex 5.12326 45.2693 2.4
    endloop
  endfacet
  facet normal -0.751824 -0.659364 0
    outer loop
      vertex 5.12326 45.2693 17.39
      vertex 5.42513 44.9251 2.4
      vertex 5.42513 44.9251 17.39
    endloop
  endfacet
  facet normal -0.98079 -0.195066 0
    outer loop
      vertex 4.51926 46.4941 2.4
      vertex 4.42994 46.9432 17.39
      vertex 4.42994 46.9432 2.4
    endloop
  endfacet
  facet normal -0.98079 -0.195066 0
    outer loop
      vertex 4.42994 46.9432 17.39
      vertex 4.51926 46.4941 2.4
      vertex 4.51926 46.4941 17.39
    endloop
  endfacet
  facet normal 0.831445 -0.555607 0
    outer loop
      vertex 10.6767 45.2693 17.39
      vertex 10.9311 45.65 2.4
      vertex 10.9311 45.65 17.39
    endloop
  endfacet
  facet normal 0.831445 -0.555607 0
    outer loop
      vertex 10.9311 45.65 2.4
      vertex 10.6767 45.2693 17.39
      vertex 10.6767 45.2693 2.4
    endloop
  endfacet
  facet normal -0.896869 0.442297 0
    outer loop
      vertex 4.66642 48.7394 2.4
      vertex 4.86891 49.15 17.39
      vertex 4.86891 49.15 2.4
    endloop
  endfacet
  facet normal -0.896869 0.442297 0
    outer loop
      vertex 4.86891 49.15 17.39
      vertex 4.66642 48.7394 2.4
      vertex 4.66642 48.7394 17.39
    endloop
  endfacet
  facet normal -0.831495 -0.555532 0
    outer loop
      vertex 5.12326 45.2693 2.4
      vertex 4.86891 45.65 17.39
      vertex 4.86891 45.65 2.4
    endloop
  endfacet
  facet normal -0.831495 -0.555532 0
    outer loop
      vertex 4.86891 45.65 17.39
      vertex 5.12326 45.2693 2.4
      vertex 5.12326 45.2693 17.39
    endloop
  endfacet
  facet normal -0.831495 0.555532 0
    outer loop
      vertex 4.86891 49.15 2.4
      vertex 5.12326 49.5307 17.39
      vertex 5.12326 49.5307 2.4
    endloop
  endfacet
  facet normal -0.831495 0.555532 0
    outer loop
      vertex 5.12326 49.5307 17.39
      vertex 4.86891 49.15 2.4
      vertex 4.86891 49.15 17.39
    endloop
  endfacet
  facet normal -0.0653099 0.997865 0
    outer loop
      vertex 7.9 50.9 2.4
      vertex 7.44316 50.8701 17.39
      vertex 7.9 50.9 17.39
    endloop
  endfacet
  facet normal -0.0653099 0.997865 0
    outer loop
      vertex 7.44316 50.8701 17.39
      vertex 7.9 50.9 2.4
      vertex 7.44316 50.8701 2.4
    endloop
  endfacet
  facet normal -0.321322 -0.94697 0
    outer loop
      vertex 6.56061 44.1664 2.4
      vertex 6.99413 44.0193 17.39
      vertex 6.56061 44.1664 17.39
    endloop
  endfacet
  facet normal -0.321322 -0.94697 -0
    outer loop
      vertex 6.99413 44.0193 17.39
      vertex 6.56061 44.1664 2.4
      vertex 6.99413 44.0193 2.4
    endloop
  endfacet
  facet normal 0.442305 0.896864 -0
    outer loop
      vertex 9.65 50.4311 2.4
      vertex 9.23939 50.6336 17.39
      vertex 9.65 50.4311 17.39
    endloop
  endfacet
  facet normal 0.442305 0.896864 0
    outer loop
      vertex 9.23939 50.6336 17.39
      vertex 9.65 50.4311 2.4
      vertex 9.23939 50.6336 2.4
    endloop
  endfacet
  facet normal 0.0653099 -0.997865 0
    outer loop
      vertex 7.9 43.9 2.4
      vertex 8.35684 43.9299 17.39
      vertex 7.9 43.9 17.39
    endloop
  endfacet
  facet normal 0.0653099 -0.997865 0
    outer loop
      vertex 8.35684 43.9299 17.39
      vertex 7.9 43.9 2.4
      vertex 8.35684 43.9299 2.4
    endloop
  endfacet
  facet normal 0.555607 -0.831445 0
    outer loop
      vertex 9.65 44.3689 2.4
      vertex 10.0307 44.6233 17.39
      vertex 9.65 44.3689 17.39
    endloop
  endfacet
  facet normal 0.555607 -0.831445 0
    outer loop
      vertex 10.0307 44.6233 17.39
      vertex 9.65 44.3689 2.4
      vertex 10.0307 44.6233 2.4
    endloop
  endfacet
  facet normal 0.980757 -0.195234 0
    outer loop
      vertex 11.2807 46.4941 17.39
      vertex 11.3701 46.9432 2.4
      vertex 11.3701 46.9432 17.39
    endloop
  endfacet
  facet normal 0.980757 -0.195234 0
    outer loop
      vertex 11.3701 46.9432 2.4
      vertex 11.2807 46.4941 17.39
      vertex 11.2807 46.4941 2.4
    endloop
  endfacet
  facet normal -0.751824 0.659364 0
    outer loop
      vertex 5.12326 49.5307 2.4
      vertex 5.42513 49.8749 17.39
      vertex 5.42513 49.8749 2.4
    endloop
  endfacet
  facet normal -0.751824 0.659364 0
    outer loop
      vertex 5.42513 49.8749 17.39
      vertex 5.12326 49.5307 2.4
      vertex 5.12326 49.5307 17.39
    endloop
  endfacet
  facet normal -0.98079 0.195066 0
    outer loop
      vertex 4.42994 47.8568 2.4
      vertex 4.51926 48.3059 17.39
      vertex 4.51926 48.3059 2.4
    endloop
  endfacet
  facet normal -0.98079 0.195066 0
    outer loop
      vertex 4.51926 48.3059 17.39
      vertex 4.42994 47.8568 2.4
      vertex 4.42994 47.8568 17.39
    endloop
  endfacet
  facet normal 0.831445 0.555607 0
    outer loop
      vertex 10.9311 49.15 17.39
      vertex 10.6767 49.5307 2.4
      vertex 10.6767 49.5307 17.39
    endloop
  endfacet
  facet normal 0.831445 0.555607 0
    outer loop
      vertex 10.6767 49.5307 2.4
      vertex 10.9311 49.15 17.39
      vertex 10.9311 49.15 2.4
    endloop
  endfacet
  facet normal 0.555607 0.831445 -0
    outer loop
      vertex 10.0307 50.1767 2.4
      vertex 9.65 50.4311 17.39
      vertex 10.0307 50.1767 17.39
    endloop
  endfacet
  facet normal 0.555607 0.831445 0
    outer loop
      vertex 9.65 50.4311 17.39
      vertex 10.0307 50.1767 2.4
      vertex 9.65 50.4311 2.4
    endloop
  endfacet
  facet normal -0.997859 -0.0654026 0
    outer loop
      vertex 4.42994 46.9432 2.4
      vertex 4.4 47.4 17.39
      vertex 4.4 47.4 2.4
    endloop
  endfacet
  facet normal -0.997859 -0.0654026 0
    outer loop
      vertex 4.4 47.4 17.39
      vertex 4.42994 46.9432 2.4
      vertex 4.42994 46.9432 17.39
    endloop
  endfacet
  facet normal 0.321322 0.94697 -0
    outer loop
      vertex 9.23939 50.6336 2.4
      vertex 8.80587 50.7807 17.39
      vertex 9.23939 50.6336 17.39
    endloop
  endfacet
  facet normal 0.321322 0.94697 0
    outer loop
      vertex 8.80587 50.7807 17.39
      vertex 9.23939 50.6336 2.4
      vertex 8.80587 50.7807 2.4
    endloop
  endfacet
  facet normal 0.659278 -0.7519 0
    outer loop
      vertex 10.0307 44.6233 2.4
      vertex 10.3749 44.9251 17.39
      vertex 10.0307 44.6233 17.39
    endloop
  endfacet
  facet normal 0.659278 -0.7519 0
    outer loop
      vertex 10.3749 44.9251 17.39
      vertex 10.0307 44.6233 2.4
      vertex 10.3749 44.9251 2.4
    endloop
  endfacet
  facet normal -0.195263 0.980751 0
    outer loop
      vertex 7.44316 50.8701 2.4
      vertex 6.99413 50.7807 17.39
      vertex 7.44316 50.8701 17.39
    endloop
  endfacet
  facet normal -0.195263 0.980751 0
    outer loop
      vertex 6.99413 50.7807 17.39
      vertex 7.44316 50.8701 2.4
      vertex 6.99413 50.7807 2.4
    endloop
  endfacet
  facet normal 0.89686 0.442314 0
    outer loop
      vertex 11.1336 48.7394 17.39
      vertex 10.9311 49.15 2.4
      vertex 10.9311 49.15 17.39
    endloop
  endfacet
  facet normal 0.89686 0.442314 0
    outer loop
      vertex 10.9311 49.15 2.4
      vertex 11.1336 48.7394 17.39
      vertex 11.1336 48.7394 2.4
    endloop
  endfacet
  facet normal 0.946966 -0.321335 0
    outer loop
      vertex 11.1336 46.0606 17.39
      vertex 11.2807 46.4941 2.4
      vertex 11.2807 46.4941 17.39
    endloop
  endfacet
  facet normal 0.946966 -0.321335 0
    outer loop
      vertex 11.2807 46.4941 2.4
      vertex 11.1336 46.0606 17.39
      vertex 11.1336 46.0606 2.4
    endloop
  endfacet
  facet normal -0.555637 -0.831425 0
    outer loop
      vertex 5.76933 44.6233 2.4
      vertex 6.15 44.3689 17.39
      vertex 5.76933 44.6233 17.39
    endloop
  endfacet
  facet normal -0.555637 -0.831425 -0
    outer loop
      vertex 6.15 44.3689 17.39
      vertex 5.76933 44.6233 2.4
      vertex 6.15 44.3689 2.4
    endloop
  endfacet
  facet normal -0.659278 -0.7519 0
    outer loop
      vertex 5.42513 44.9251 2.4
      vertex 5.76933 44.6233 17.39
      vertex 5.42513 44.9251 17.39
    endloop
  endfacet
  facet normal -0.659278 -0.7519 -0
    outer loop
      vertex 5.76933 44.6233 17.39
      vertex 5.42513 44.9251 2.4
      vertex 5.76933 44.6233 2.4
    endloop
  endfacet
  facet normal 0.7519 -0.659278 0
    outer loop
      vertex 10.3749 44.9251 17.39
      vertex 10.6767 45.2693 2.4
      vertex 10.6767 45.2693 17.39
    endloop
  endfacet
  facet normal 0.7519 -0.659278 0
    outer loop
      vertex 10.6767 45.2693 2.4
      vertex 10.3749 44.9251 17.39
      vertex 10.3749 44.9251 2.4
    endloop
  endfacet
  facet normal -0.896869 -0.442297 0
    outer loop
      vertex 4.86891 45.65 2.4
      vertex 4.66642 46.0606 17.39
      vertex 4.66642 46.0606 2.4
    endloop
  endfacet
  facet normal -0.896869 -0.442297 0
    outer loop
      vertex 4.66642 46.0606 17.39
      vertex 4.86891 45.65 2.4
      vertex 4.86891 45.65 17.39
    endloop
  endfacet
  facet normal -0.0653099 -0.997865 0
    outer loop
      vertex 7.44316 43.9299 2.4
      vertex 7.9 43.9 17.39
      vertex 7.44316 43.9299 17.39
    endloop
  endfacet
  facet normal -0.0653099 -0.997865 -0
    outer loop
      vertex 7.9 43.9 17.39
      vertex 7.44316 43.9299 2.4
      vertex 7.9 43.9 2.4
    endloop
  endfacet
  facet normal 0.7519 0.659278 0
    outer loop
      vertex 10.6767 49.5307 17.39
      vertex 10.3749 49.8749 2.4
      vertex 10.3749 49.8749 17.39
    endloop
  endfacet
  facet normal 0.7519 0.659278 0
    outer loop
      vertex 10.3749 49.8749 2.4
      vertex 10.6767 49.5307 17.39
      vertex 10.6767 49.5307 2.4
    endloop
  endfacet
  facet normal -0.555637 0.831425 0
    outer loop
      vertex 6.15 50.4311 2.4
      vertex 5.76933 50.1767 17.39
      vertex 6.15 50.4311 17.39
    endloop
  endfacet
  facet normal -0.555637 0.831425 0
    outer loop
      vertex 5.76933 50.1767 17.39
      vertex 6.15 50.4311 2.4
      vertex 5.76933 50.1767 2.4
    endloop
  endfacet
  facet normal 0.946966 0.321335 0
    outer loop
      vertex 11.2807 48.3059 17.39
      vertex 11.1336 48.7394 2.4
      vertex 11.1336 48.7394 17.39
    endloop
  endfacet
  facet normal 0.946966 0.321335 0
    outer loop
      vertex 11.1336 48.7394 2.4
      vertex 11.2807 48.3059 17.39
      vertex 11.2807 48.3059 2.4
    endloop
  endfacet
  facet normal 0.321322 -0.94697 0
    outer loop
      vertex 8.80587 44.0193 2.4
      vertex 9.23939 44.1664 17.39
      vertex 8.80587 44.0193 17.39
    endloop
  endfacet
  facet normal 0.321322 -0.94697 0
    outer loop
      vertex 9.23939 44.1664 17.39
      vertex 8.80587 44.0193 2.4
      vertex 9.23939 44.1664 2.4
    endloop
  endfacet
  facet normal 0.442305 -0.896864 0
    outer loop
      vertex 9.23939 44.1664 2.4
      vertex 9.65 44.3689 17.39
      vertex 9.23939 44.1664 17.39
    endloop
  endfacet
  facet normal 0.442305 -0.896864 0
    outer loop
      vertex 9.65 44.3689 17.39
      vertex 9.23939 44.1664 2.4
      vertex 9.65 44.3689 2.4
    endloop
  endfacet
  facet normal -0.321322 0.94697 0
    outer loop
      vertex 6.99413 50.7807 2.4
      vertex 6.56061 50.6336 17.39
      vertex 6.99413 50.7807 17.39
    endloop
  endfacet
  facet normal -0.321322 0.94697 0
    outer loop
      vertex 6.56061 50.6336 17.39
      vertex 6.99413 50.7807 2.4
      vertex 6.56061 50.6336 2.4
    endloop
  endfacet
  facet normal 0 0 1
    outer loop
      vertex 9.2 47.4 17.39
      vertex 11.4 47.4 17.39
      vertex 11.3701 47.8568 17.39
    endloop
  endfacet
  facet normal 0 0 1
    outer loop
      vertex 9.18888 47.5697 17.39
      vertex 11.3701 47.8568 17.39
      vertex 11.2807 48.3059 17.39
    endloop
  endfacet
  facet normal 0 0 1
    outer loop
      vertex 11.4 47.4 17.39
      vertex 9.2 47.4 17.39
      vertex 11.3701 46.9432 17.39
    endloop
  endfacet
  facet normal 0 0 1
    outer loop
      vertex 9.1557 47.7365 17.39
      vertex 11.2807 48.3059 17.39
      vertex 11.1336 48.7394 17.39
    endloop
  endfacet
  facet normal -0 0 1
    outer loop
      vertex 9.18888 47.2303 17.39
      vertex 11.3701 46.9432 17.39
      vertex 9.2 47.4 17.39
    endloop
  endfacet
  facet normal 0 0 1
    outer loop
      vertex 9.10104 47.8975 17.39
      vertex 11.1336 48.7394 17.39
      vertex 10.9311 49.15 17.39
    endloop
  endfacet
  facet normal 0 0 1
    outer loop
      vertex 11.3701 46.9432 17.39
      vertex 9.18888 47.2303 17.39
      vertex 11.2807 46.4941 17.39
    endloop
  endfacet
  facet normal 0 0 1
    outer loop
      vertex 9.02583 48.05 17.39
      vertex 10.9311 49.15 17.39
      vertex 10.6767 49.5307 17.39
    endloop
  endfacet
  facet normal -0 0 1
    outer loop
      vertex 9.1557 47.0635 17.39
      vertex 11.2807 46.4941 17.39
      vertex 9.18888 47.2303 17.39
    endloop
  endfacet
  facet normal 0 0 1
    outer loop
      vertex 8.93136 48.1914 17.39
      vertex 10.6767 49.5307 17.39
      vertex 10.3749 49.8749 17.39
    endloop
  endfacet
  facet normal 0 0 1
    outer loop
      vertex 11.2807 46.4941 17.39
      vertex 9.1557 47.0635 17.39
      vertex 11.1336 46.0606 17.39
    endloop
  endfacet
  facet normal 0 0 1
    outer loop
      vertex 8.81924 48.3192 17.39
      vertex 10.3749 49.8749 17.39
      vertex 10.0307 50.1767 17.39
    endloop
  endfacet
  facet normal -0 0 1
    outer loop
      vertex 9.10104 46.9025 17.39
      vertex 11.1336 46.0606 17.39
      vertex 9.1557 47.0635 17.39
    endloop
  endfacet
  facet normal 0 0 1
    outer loop
      vertex 8.69139 48.4314 17.39
      vertex 10.0307 50.1767 17.39
      vertex 9.65 50.4311 17.39
    endloop
  endfacet
  facet normal 0 0 1
    outer loop
      vertex 11.1336 46.0606 17.39
      vertex 9.10104 46.9025 17.39
      vertex 10.9311 45.65 17.39
    endloop
  endfacet
  facet normal 0 0 1
    outer loop
      vertex 8.55 48.5258 17.39
      vertex 9.65 50.4311 17.39
      vertex 9.23939 50.6336 17.39
    endloop
  endfacet
  facet normal -0 0 1
    outer loop
      vertex 9.02583 46.75 17.39
      vertex 10.9311 45.65 17.39
      vertex 9.10104 46.9025 17.39
    endloop
  endfacet
  facet normal 0 0 1
    outer loop
      vertex 10.9311 45.65 17.39
      vertex 9.02583 46.75 17.39
      vertex 10.6767 45.2693 17.39
    endloop
  endfacet
  facet normal 0 0 1
    outer loop
      vertex 11.3701 47.8568 17.39
      vertex 9.18888 47.5697 17.39
      vertex 9.2 47.4 17.39
    endloop
  endfacet
  facet normal 0 0 1
    outer loop
      vertex 11.2807 48.3059 17.39
      vertex 9.1557 47.7365 17.39
      vertex 9.18888 47.5697 17.39
    endloop
  endfacet
  facet normal 0 0 1
    outer loop
      vertex 11.1336 48.7394 17.39
      vertex 9.10104 47.8975 17.39
      vertex 9.1557 47.7365 17.39
    endloop
  endfacet
  facet normal 0 0 1
    outer loop
      vertex 10.9311 49.15 17.39
      vertex 9.02583 48.05 17.39
      vertex 9.10104 47.8975 17.39
    endloop
  endfacet
  facet normal 0 0 1
    outer loop
      vertex 10.6767 49.5307 17.39
      vertex 8.93136 48.1914 17.39
      vertex 9.02583 48.05 17.39
    endloop
  endfacet
  facet normal 0 0 1
    outer loop
      vertex 10.3749 49.8749 17.39
      vertex 8.81924 48.3192 17.39
      vertex 8.93136 48.1914 17.39
    endloop
  endfacet
  facet normal 0 0 1
    outer loop
      vertex 8.39749 48.601 17.39
      vertex 9.23939 50.6336 17.39
      vertex 8.80587 50.7807 17.39
    endloop
  endfacet
  facet normal 0 0 1
    outer loop
      vertex 10.0307 50.1767 17.39
      vertex 8.69139 48.4314 17.39
      vertex 8.81924 48.3192 17.39
    endloop
  endfacet
  facet normal 0 0 1
    outer loop
      vertex 9.65 50.4311 17.39
      vertex 8.55 48.5258 17.39
      vertex 8.69139 48.4314 17.39
    endloop
  endfacet
  facet normal 0 0 1
    outer loop
      vertex 9.23939 50.6336 17.39
      vertex 8.39749 48.601 17.39
      vertex 8.55 48.5258 17.39
    endloop
  endfacet
  facet normal 0 0 1
    outer loop
      vertex 8.23646 48.6557 17.39
      vertex 8.80587 50.7807 17.39
      vertex 8.35684 50.8701 17.39
    endloop
  endfacet
  facet normal 0 0 1
    outer loop
      vertex 8.80587 50.7807 17.39
      vertex 8.23646 48.6557 17.39
      vertex 8.39749 48.601 17.39
    endloop
  endfacet
  facet normal 0 0 1
    outer loop
      vertex 8.35684 50.8701 17.39
      vertex 8.06968 48.6889 17.39
      vertex 8.23646 48.6557 17.39
    endloop
  endfacet
  facet normal 0 0 1
    outer loop
      vertex 7.9 50.9 17.39
      vertex 8.06968 48.6889 17.39
      vertex 8.35684 50.8701 17.39
    endloop
  endfacet
  facet normal 0 0 1
    outer loop
      vertex 7.9 50.9 17.39
      vertex 7.9 48.7 17.39
      vertex 8.06968 48.6889 17.39
    endloop
  endfacet
  facet normal 0 0 1
    outer loop
      vertex 7.9 50.9 17.39
      vertex 7.73032 48.6889 17.39
      vertex 7.9 48.7 17.39
    endloop
  endfacet
  facet normal -0 0 1
    outer loop
      vertex 7.44316 50.8701 17.39
      vertex 7.73032 48.6889 17.39
      vertex 7.9 50.9 17.39
    endloop
  endfacet
  facet normal 0 0 1
    outer loop
      vertex 7.73032 48.6889 17.39
      vertex 7.44316 50.8701 17.39
      vertex 7.56354 48.6557 17.39
    endloop
  endfacet
  facet normal -0 0 1
    outer loop
      vertex 6.99413 50.7807 17.39
      vertex 7.56354 48.6557 17.39
      vertex 7.44316 50.8701 17.39
    endloop
  endfacet
  facet normal 0 0 1
    outer loop
      vertex 7.56354 48.6557 17.39
      vertex 6.99413 50.7807 17.39
      vertex 7.40251 48.601 17.39
    endloop
  endfacet
  facet normal -0 0 1
    outer loop
      vertex 6.56061 50.6336 17.39
      vertex 7.40251 48.601 17.39
      vertex 6.99413 50.7807 17.39
    endloop
  endfacet
  facet normal 0 0 1
    outer loop
      vertex 7.40251 48.601 17.39
      vertex 6.56061 50.6336 17.39
      vertex 7.25 48.5258 17.39
    endloop
  endfacet
  facet normal -0 0 1
    outer loop
      vertex 6.15 50.4311 17.39
      vertex 7.25 48.5258 17.39
      vertex 6.56061 50.6336 17.39
    endloop
  endfacet
  facet normal 0 0 1
    outer loop
      vertex 7.25 48.5258 17.39
      vertex 6.15 50.4311 17.39
      vertex 7.10861 48.4314 17.39
    endloop
  endfacet
  facet normal -0 0 1
    outer loop
      vertex 5.76933 50.1767 17.39
      vertex 7.10861 48.4314 17.39
      vertex 6.15 50.4311 17.39
    endloop
  endfacet
  facet normal 0 0 1
    outer loop
      vertex 7.10861 48.4314 17.39
      vertex 5.76933 50.1767 17.39
      vertex 6.98076 48.3192 17.39
    endloop
  endfacet
  facet normal -0 0 1
    outer loop
      vertex 5.42513 49.8749 17.39
      vertex 6.98076 48.3192 17.39
      vertex 5.76933 50.1767 17.39
    endloop
  endfacet
  facet normal 0 0 1
    outer loop
      vertex 6.98076 48.3192 17.39
      vertex 5.42513 49.8749 17.39
      vertex 6.86864 48.1914 17.39
    endloop
  endfacet
  facet normal 0 0 1
    outer loop
      vertex 6.86864 48.1914 17.39
      vertex 5.12326 49.5307 17.39
      vertex 6.77417 48.05 17.39
    endloop
  endfacet
  facet normal -0 0 1
    outer loop
      vertex 5.12326 49.5307 17.39
      vertex 6.86864 48.1914 17.39
      vertex 5.42513 49.8749 17.39
    endloop
  endfacet
  facet normal -0 0 1
    outer loop
      vertex 8.93136 46.6086 17.39
      vertex 10.6767 45.2693 17.39
      vertex 9.02583 46.75 17.39
    endloop
  endfacet
  facet normal 0 0 1
    outer loop
      vertex 10.6767 45.2693 17.39
      vertex 8.93136 46.6086 17.39
      vertex 10.3749 44.9251 17.39
    endloop
  endfacet
  facet normal -0 0 1
    outer loop
      vertex 8.81924 46.4808 17.39
      vertex 10.3749 44.9251 17.39
      vertex 8.93136 46.6086 17.39
    endloop
  endfacet
  facet normal 0 0 1
    outer loop
      vertex 10.3749 44.9251 17.39
      vertex 8.81924 46.4808 17.39
      vertex 10.0307 44.6233 17.39
    endloop
  endfacet
  facet normal -0 0 1
    outer loop
      vertex 8.69139 46.3686 17.39
      vertex 10.0307 44.6233 17.39
      vertex 8.81924 46.4808 17.39
    endloop
  endfacet
  facet normal 0 0 1
    outer loop
      vertex 10.0307 44.6233 17.39
      vertex 8.69139 46.3686 17.39
      vertex 9.65 44.3689 17.39
    endloop
  endfacet
  facet normal -0 0 1
    outer loop
      vertex 8.55 46.2742 17.39
      vertex 9.65 44.3689 17.39
      vertex 8.69139 46.3686 17.39
    endloop
  endfacet
  facet normal 0 0 1
    outer loop
      vertex 9.65 44.3689 17.39
      vertex 8.55 46.2742 17.39
      vertex 9.23939 44.1664 17.39
    endloop
  endfacet
  facet normal -0 0 1
    outer loop
      vertex 8.39749 46.199 17.39
      vertex 9.23939 44.1664 17.39
      vertex 8.55 46.2742 17.39
    endloop
  endfacet
  facet normal 0 0 1
    outer loop
      vertex 9.23939 44.1664 17.39
      vertex 8.39749 46.199 17.39
      vertex 8.80587 44.0193 17.39
    endloop
  endfacet
  facet normal -0 0 1
    outer loop
      vertex 8.23646 46.1443 17.39
      vertex 8.80587 44.0193 17.39
      vertex 8.39749 46.199 17.39
    endloop
  endfacet
  facet normal 0 0 1
    outer loop
      vertex 8.80587 44.0193 17.39
      vertex 8.23646 46.1443 17.39
      vertex 8.35684 43.9299 17.39
    endloop
  endfacet
  facet normal -0 0 1
    outer loop
      vertex 8.06968 46.1111 17.39
      vertex 8.35684 43.9299 17.39
      vertex 8.23646 46.1443 17.39
    endloop
  endfacet
  facet normal -0 0 1
    outer loop
      vertex 7.9 46.1 17.39
      vertex 8.35684 43.9299 17.39
      vertex 8.06968 46.1111 17.39
    endloop
  endfacet
  facet normal 0 0 1
    outer loop
      vertex 7.9 46.1 17.39
      vertex 7.9 43.9 17.39
      vertex 8.35684 43.9299 17.39
    endloop
  endfacet
  facet normal 0 0 1
    outer loop
      vertex 7.73032 46.1111 17.39
      vertex 7.9 43.9 17.39
      vertex 7.9 46.1 17.39
    endloop
  endfacet
  facet normal 0 0 1
    outer loop
      vertex 7.44316 43.9299 17.39
      vertex 7.73032 46.1111 17.39
      vertex 7.56354 46.1443 17.39
    endloop
  endfacet
  facet normal 0 0 1
    outer loop
      vertex 7.73032 46.1111 17.39
      vertex 7.44316 43.9299 17.39
      vertex 7.9 43.9 17.39
    endloop
  endfacet
  facet normal 0 0 1
    outer loop
      vertex 6.99413 44.0193 17.39
      vertex 7.56354 46.1443 17.39
      vertex 7.40251 46.199 17.39
    endloop
  endfacet
  facet normal 0 0 1
    outer loop
      vertex 6.56061 44.1664 17.39
      vertex 7.40251 46.199 17.39
      vertex 7.25 46.2742 17.39
    endloop
  endfacet
  facet normal 0 0 1
    outer loop
      vertex 6.15 44.3689 17.39
      vertex 7.25 46.2742 17.39
      vertex 7.10861 46.3686 17.39
    endloop
  endfacet
  facet normal 0 0 1
    outer loop
      vertex 7.56354 46.1443 17.39
      vertex 6.99413 44.0193 17.39
      vertex 7.44316 43.9299 17.39
    endloop
  endfacet
  facet normal 0 0 1
    outer loop
      vertex 5.76933 44.6233 17.39
      vertex 7.10861 46.3686 17.39
      vertex 6.98076 46.4808 17.39
    endloop
  endfacet
  facet normal 0 0 1
    outer loop
      vertex 5.42513 44.9251 17.39
      vertex 6.98076 46.4808 17.39
      vertex 6.86864 46.6086 17.39
    endloop
  endfacet
  facet normal 0 0 1
    outer loop
      vertex 5.12326 45.2693 17.39
      vertex 6.86864 46.6086 17.39
      vertex 6.77417 46.75 17.39
    endloop
  endfacet
  facet normal 0 0 1
    outer loop
      vertex 4.86891 45.65 17.39
      vertex 6.77417 46.75 17.39
      vertex 6.69896 46.9025 17.39
    endloop
  endfacet
  facet normal 0 0 1
    outer loop
      vertex 4.66642 46.0606 17.39
      vertex 6.69896 46.9025 17.39
      vertex 6.6443 47.0635 17.39
    endloop
  endfacet
  facet normal 0 0 1
    outer loop
      vertex 4.51926 46.4941 17.39
      vertex 6.6443 47.0635 17.39
      vertex 6.61112 47.2303 17.39
    endloop
  endfacet
  facet normal 0 0 1
    outer loop
      vertex 7.40251 46.199 17.39
      vertex 6.56061 44.1664 17.39
      vertex 6.99413 44.0193 17.39
    endloop
  endfacet
  facet normal 0 0 1
    outer loop
      vertex 4.42994 46.9432 17.39
      vertex 6.61112 47.2303 17.39
      vertex 6.6 47.4 17.39
    endloop
  endfacet
  facet normal -0 0 1
    outer loop
      vertex 4.86891 49.15 17.39
      vertex 6.77417 48.05 17.39
      vertex 5.12326 49.5307 17.39
    endloop
  endfacet
  facet normal 0 0 1
    outer loop
      vertex 6.77417 48.05 17.39
      vertex 4.86891 49.15 17.39
      vertex 6.69896 47.8975 17.39
    endloop
  endfacet
  facet normal 0 0 1
    outer loop
      vertex 7.25 46.2742 17.39
      vertex 6.15 44.3689 17.39
      vertex 6.56061 44.1664 17.39
    endloop
  endfacet
  facet normal -0 0 1
    outer loop
      vertex 4.66642 48.7394 17.39
      vertex 6.69896 47.8975 17.39
      vertex 4.86891 49.15 17.39
    endloop
  endfacet
  facet normal 0 0 1
    outer loop
      vertex 7.10861 46.3686 17.39
      vertex 5.76933 44.6233 17.39
      vertex 6.15 44.3689 17.39
    endloop
  endfacet
  facet normal 0 0 1
    outer loop
      vertex 6.69896 47.8975 17.39
      vertex 4.66642 48.7394 17.39
      vertex 6.6443 47.7365 17.39
    endloop
  endfacet
  facet normal 0 0 1
    outer loop
      vertex 6.98076 46.4808 17.39
      vertex 5.42513 44.9251 17.39
      vertex 5.76933 44.6233 17.39
    endloop
  endfacet
  facet normal -0 0 1
    outer loop
      vertex 4.51926 48.3059 17.39
      vertex 6.6443 47.7365 17.39
      vertex 4.66642 48.7394 17.39
    endloop
  endfacet
  facet normal 0 0 1
    outer loop
      vertex 6.86864 46.6086 17.39
      vertex 5.12326 45.2693 17.39
      vertex 5.42513 44.9251 17.39
    endloop
  endfacet
  facet normal 0 0 1
    outer loop
      vertex 6.6443 47.7365 17.39
      vertex 4.51926 48.3059 17.39
      vertex 6.61112 47.5697 17.39
    endloop
  endfacet
  facet normal 0 0 1
    outer loop
      vertex 6.77417 46.75 17.39
      vertex 4.86891 45.65 17.39
      vertex 5.12326 45.2693 17.39
    endloop
  endfacet
  facet normal -0 0 1
    outer loop
      vertex 4.42994 47.8568 17.39
      vertex 6.61112 47.5697 17.39
      vertex 4.51926 48.3059 17.39
    endloop
  endfacet
  facet normal 0 0 1
    outer loop
      vertex 6.69896 46.9025 17.39
      vertex 4.66642 46.0606 17.39
      vertex 4.86891 45.65 17.39
    endloop
  endfacet
  facet normal 0 0 1
    outer loop
      vertex 6.61112 47.5697 17.39
      vertex 4.42994 47.8568 17.39
      vertex 6.6 47.4 17.39
    endloop
  endfacet
  facet normal 0 0 1
    outer loop
      vertex 6.6443 47.0635 17.39
      vertex 4.51926 46.4941 17.39
      vertex 4.66642 46.0606 17.39
    endloop
  endfacet
  facet normal 0 0 1
    outer loop
      vertex 4.4 47.4 17.39
      vertex 6.6 47.4 17.39
      vertex 4.42994 47.8568 17.39
    endloop
  endfacet
  facet normal 0 0 1
    outer loop
      vertex 6.61112 47.2303 17.39
      vertex 4.42994 46.9432 17.39
      vertex 4.51926 46.4941 17.39
    endloop
  endfacet
  facet normal 0 0 1
    outer loop
      vertex 6.6 47.4 17.39
      vertex 4.4 47.4 17.39
      vertex 4.42994 46.9432 17.39
    endloop
  endfacet
  facet normal -0.195263 -0.980751 0
    outer loop
      vertex 6.99413 44.0193 2.4
      vertex 7.44316 43.9299 17.39
      vertex 6.99413 44.0193 17.39
    endloop
  endfacet
  facet normal -0.195263 -0.980751 -0
    outer loop
      vertex 7.44316 43.9299 17.39
      vertex 6.99413 44.0193 2.4
      vertex 7.44316 43.9299 2.4
    endloop
  endfacet
  facet normal 0.195263 0.980751 -0
    outer loop
      vertex 8.80587 50.7807 2.4
      vertex 8.35684 50.8701 17.39
      vertex 8.80587 50.7807 17.39
    endloop
  endfacet
  facet normal 0.195263 0.980751 0
    outer loop
      vertex 8.35684 50.8701 17.39
      vertex 8.80587 50.7807 2.4
      vertex 8.35684 50.8701 2.4
    endloop
  endfacet
  facet normal -0.442305 -0.896864 0
    outer loop
      vertex 6.15 44.3689 2.4
      vertex 6.56061 44.1664 17.39
      vertex 6.15 44.3689 17.39
    endloop
  endfacet
  facet normal -0.442305 -0.896864 -0
    outer loop
      vertex 6.56061 44.1664 17.39
      vertex 6.15 44.3689 2.4
      vertex 6.56061 44.1664 2.4
    endloop
  endfacet
  facet normal -0.946926 0.321452 0
    outer loop
      vertex 4.51926 48.3059 2.4
      vertex 4.66642 48.7394 17.39
      vertex 4.66642 48.7394 2.4
    endloop
  endfacet
  facet normal -0.946926 0.321452 0
    outer loop
      vertex 4.66642 48.7394 17.39
      vertex 4.51926 48.3059 2.4
      vertex 4.51926 48.3059 17.39
    endloop
  endfacet
  facet normal -0.946813 -0.321785 0
    outer loop
      vertex 4.66642 105.061 2.4
      vertex 4.51926 105.494 17.39
      vertex 4.51926 105.494 2.4
    endloop
  endfacet
  facet normal -0.946813 -0.321785 0
    outer loop
      vertex 4.51926 105.494 17.39
      vertex 4.66642 105.061 2.4
      vertex 4.66642 105.061 17.39
    endloop
  endfacet
  facet normal 0.194423 -0.980918 0
    outer loop
      vertex 8.35684 102.93 2.4
      vertex 8.80587 103.019 17.39
      vertex 8.35684 102.93 17.39
    endloop
  endfacet
  facet normal 0.194423 -0.980918 0
    outer loop
      vertex 8.80587 103.019 17.39
      vertex 8.35684 102.93 2.4
      vertex 8.80587 103.019 2.4
    endloop
  endfacet
  facet normal 0.980748 0.195276 0
    outer loop
      vertex 11.3701 106.857 17.39
      vertex 11.2807 107.306 2.4
      vertex 11.2807 107.306 17.39
    endloop
  endfacet
  facet normal 0.980748 0.195276 0
    outer loop
      vertex 11.2807 107.306 2.4
      vertex 11.3701 106.857 17.39
      vertex 11.3701 106.857 2.4
    endloop
  endfacet
  facet normal 0.997867 0.0652871 0
    outer loop
      vertex 11.4 106.4 17.39
      vertex 11.3701 106.857 2.4
      vertex 11.3701 106.857 17.39
    endloop
  endfacet
  facet normal 0.997867 0.0652871 0
    outer loop
      vertex 11.3701 106.857 2.4
      vertex 11.4 106.4 17.39
      vertex 11.4 106.4 2.4
    endloop
  endfacet
  facet normal -0.443183 0.896431 0
    outer loop
      vertex 6.56061 109.634 2.4
      vertex 6.15 109.431 17.39
      vertex 6.56061 109.634 17.39
    endloop
  endfacet
  facet normal -0.443183 0.896431 0
    outer loop
      vertex 6.15 109.431 17.39
      vertex 6.56061 109.634 2.4
      vertex 6.15 109.431 2.4
    endloop
  endfacet
  facet normal 0.897031 -0.441968 0
    outer loop
      vertex 10.9311 104.65 17.39
      vertex 11.1336 105.061 2.4
      vertex 11.1336 105.061 17.39
    endloop
  endfacet
  facet normal 0.897031 -0.441968 0
    outer loop
      vertex 11.1336 105.061 2.4
      vertex 10.9311 104.65 17.39
      vertex 10.9311 104.65 2.4
    endloop
  endfacet
  facet normal 0.997867 -0.0652871 0
    outer loop
      vertex 11.3701 105.943 17.39
      vertex 11.4 106.4 2.4
      vertex 11.4 106.4 17.39
    endloop
  endfacet
  facet normal 0.997867 -0.0652871 0
    outer loop
      vertex 11.4 106.4 2.4
      vertex 11.3701 105.943 17.39
      vertex 11.3701 105.943 2.4
    endloop
  endfacet
  facet normal 0.659524 0.751683 -0
    outer loop
      vertex 10.3749 108.875 2.4
      vertex 10.0307 109.177 17.39
      vertex 10.3749 108.875 17.39
    endloop
  endfacet
  facet normal 0.659524 0.751683 0
    outer loop
      vertex 10.0307 109.177 17.39
      vertex 10.3749 108.875 2.4
      vertex 10.0307 109.177 2.4
    endloop
  endfacet
  facet normal -0.659524 0.751683 0
    outer loop
      vertex 5.76933 109.177 2.4
      vertex 5.42513 108.875 17.39
      vertex 5.76933 109.177 17.39
    endloop
  endfacet
  facet normal -0.659524 0.751683 0
    outer loop
      vertex 5.42513 108.875 17.39
      vertex 5.76933 109.177 2.4
      vertex 5.42513 108.875 2.4
    endloop
  endfacet
  facet normal 0.0655274 0.997851 -0
    outer loop
      vertex 8.35684 109.87 2.4
      vertex 7.9 109.9 17.39
      vertex 8.35684 109.87 17.39
    endloop
  endfacet
  facet normal 0.0655274 0.997851 0
    outer loop
      vertex 7.9 109.9 17.39
      vertex 8.35684 109.87 2.4
      vertex 7.9 109.9 2.4
    endloop
  endfacet
  facet normal -0.997861 0.0653741 0
    outer loop
      vertex 4.4 106.4 2.4
      vertex 4.42994 106.857 17.39
      vertex 4.42994 106.857 2.4
    endloop
  endfacet
  facet normal -0.997861 0.0653741 0
    outer loop
      vertex 4.42994 106.857 17.39
      vertex 4.4 106.4 2.4
      vertex 4.4 106.4 17.39
    endloop
  endfacet
  facet normal -0.751634 -0.659581 0
    outer loop
      vertex 5.42513 103.925 2.4
      vertex 5.12326 104.269 17.39
      vertex 5.12326 104.269 2.4
    endloop
  endfacet
  facet normal -0.751634 -0.659581 0
    outer loop
      vertex 5.12326 104.269 17.39
      vertex 5.42513 103.925 2.4
      vertex 5.42513 103.925 17.39
    endloop
  endfacet
  facet normal -0.980782 -0.195108 0
    outer loop
      vertex 4.51926 105.494 2.4
      vertex 4.42994 105.943 17.39
      vertex 4.42994 105.943 2.4
    endloop
  endfacet
  facet normal -0.980782 -0.195108 0
    outer loop
      vertex 4.42994 105.943 17.39
      vertex 4.51926 105.494 2.4
      vertex 4.51926 105.494 17.39
    endloop
  endfacet
  facet normal 0.831647 -0.555305 0
    outer loop
      vertex 10.6767 104.269 17.39
      vertex 10.9311 104.65 2.4
      vertex 10.9311 104.65 17.39
    endloop
  endfacet
  facet normal 0.831647 -0.555305 0
    outer loop
      vertex 10.9311 104.65 2.4
      vertex 10.6767 104.269 17.39
      vertex 10.6767 104.269 2.4
    endloop
  endfacet
  facet normal -0.89704 0.44195 0
    outer loop
      vertex 4.66642 107.739 2.4
      vertex 4.86891 108.15 17.39
      vertex 4.86891 108.15 2.4
    endloop
  endfacet
  facet normal -0.89704 0.44195 0
    outer loop
      vertex 4.86891 108.15 17.39
      vertex 4.66642 107.739 2.4
      vertex 4.66642 107.739 17.39
    endloop
  endfacet
  facet normal -0.831697 0.555229 0
    outer loop
      vertex 4.86891 108.15 2.4
      vertex 5.12326 108.531 17.39
      vertex 5.12326 108.531 2.4
    endloop
  endfacet
  facet normal -0.831697 0.555229 0
    outer loop
      vertex 5.12326 108.531 17.39
      vertex 4.86891 108.15 2.4
      vertex 4.86891 108.15 17.39
    endloop
  endfacet
  facet normal -0.0655274 0.997851 0
    outer loop
      vertex 7.9 109.9 2.4
      vertex 7.44316 109.87 17.39
      vertex 7.9 109.9 17.39
    endloop
  endfacet
  facet normal -0.0655274 0.997851 0
    outer loop
      vertex 7.44316 109.87 17.39
      vertex 7.9 109.9 2.4
      vertex 7.44316 109.87 2.4
    endloop
  endfacet
  facet normal -0.321126 -0.947037 0
    outer loop
      vertex 6.56061 103.166 2.4
      vertex 6.99413 103.019 17.39
      vertex 6.56061 103.166 17.39
    endloop
  endfacet
  facet normal -0.321126 -0.947037 -0
    outer loop
      vertex 6.99413 103.019 17.39
      vertex 6.56061 103.166 2.4
      vertex 6.99413 103.019 2.4
    endloop
  endfacet
  facet normal 0.443183 0.896431 -0
    outer loop
      vertex 9.65 109.431 2.4
      vertex 9.23939 109.634 17.39
      vertex 9.65 109.431 17.39
    endloop
  endfacet
  facet normal 0.443183 0.896431 0
    outer loop
      vertex 9.23939 109.634 17.39
      vertex 9.65 109.431 2.4
      vertex 9.23939 109.634 2.4
    endloop
  endfacet
  facet normal 0.0655274 -0.997851 0
    outer loop
      vertex 7.9 102.9 2.4
      vertex 8.35684 102.93 17.39
      vertex 7.9 102.9 17.39
    endloop
  endfacet
  facet normal 0.0655274 -0.997851 0
    outer loop
      vertex 8.35684 102.93 17.39
      vertex 7.9 102.9 2.4
      vertex 8.35684 102.93 2.4
    endloop
  endfacet
  facet normal 0.555003 -0.831849 0
    outer loop
      vertex 9.65 103.369 2.4
      vertex 10.0307 103.623 17.39
      vertex 9.65 103.369 17.39
    endloop
  endfacet
  facet normal 0.555003 -0.831849 0
    outer loop
      vertex 10.0307 103.623 17.39
      vertex 9.65 103.369 2.4
      vertex 10.0307 103.623 2.4
    endloop
  endfacet
  facet normal 0.980748 -0.195276 0
    outer loop
      vertex 11.2807 105.494 17.39
      vertex 11.3701 105.943 2.4
      vertex 11.3701 105.943 17.39
    endloop
  endfacet
  facet normal 0.980748 -0.195276 0
    outer loop
      vertex 11.3701 105.943 2.4
      vertex 11.2807 105.494 17.39
      vertex 11.2807 105.494 2.4
    endloop
  endfacet
  facet normal -0.751634 0.659581 0
    outer loop
      vertex 5.12326 108.531 2.4
      vertex 5.42513 108.875 17.39
      vertex 5.42513 108.875 2.4
    endloop
  endfacet
  facet normal -0.751634 0.659581 0
    outer loop
      vertex 5.42513 108.875 17.39
      vertex 5.12326 108.531 2.4
      vertex 5.12326 108.531 17.39
    endloop
  endfacet
  facet normal -0.980782 0.195108 0
    outer loop
      vertex 4.42994 106.857 2.4
      vertex 4.51926 107.306 17.39
      vertex 4.51926 107.306 2.4
    endloop
  endfacet
  facet normal -0.980782 0.195108 0
    outer loop
      vertex 4.51926 107.306 17.39
      vertex 4.42994 106.857 2.4
      vertex 4.42994 106.857 17.39
    endloop
  endfacet
  facet normal 0.831647 0.555305 0
    outer loop
      vertex 10.9311 108.15 17.39
      vertex 10.6767 108.531 2.4
      vertex 10.6767 108.531 17.39
    endloop
  endfacet
  facet normal 0.831647 0.555305 0
    outer loop
      vertex 10.6767 108.531 2.4
      vertex 10.9311 108.15 17.39
      vertex 10.9311 108.15 2.4
    endloop
  endfacet
  facet normal 0.555003 0.831849 -0
    outer loop
      vertex 10.0307 109.177 2.4
      vertex 9.65 109.431 17.39
      vertex 10.0307 109.177 17.39
    endloop
  endfacet
  facet normal 0.555003 0.831849 0
    outer loop
      vertex 9.65 109.431 17.39
      vertex 10.0307 109.177 2.4
      vertex 9.65 109.431 2.4
    endloop
  endfacet
  facet normal -0.997861 -0.0653741 0
    outer loop
      vertex 4.42994 105.943 2.4
      vertex 4.4 106.4 17.39
      vertex 4.4 106.4 2.4
    endloop
  endfacet
  facet normal -0.997861 -0.0653741 0
    outer loop
      vertex 4.4 106.4 17.39
      vertex 4.42994 105.943 2.4
      vertex 4.42994 105.943 17.39
    endloop
  endfacet
  facet normal 0.321126 0.947037 -0
    outer loop
      vertex 9.23939 109.634 2.4
      vertex 8.80587 109.781 17.39
      vertex 9.23939 109.634 17.39
    endloop
  endfacet
  facet normal 0.321126 0.947037 0
    outer loop
      vertex 8.80587 109.781 17.39
      vertex 9.23939 109.634 2.4
      vertex 8.80587 109.781 2.4
    endloop
  endfacet
  facet normal 0.659524 -0.751683 0
    outer loop
      vertex 10.0307 103.623 2.4
      vertex 10.3749 103.925 17.39
      vertex 10.0307 103.623 17.39
    endloop
  endfacet
  facet normal 0.659524 -0.751683 0
    outer loop
      vertex 10.3749 103.925 17.39
      vertex 10.0307 103.623 2.4
      vertex 10.3749 103.925 2.4
    endloop
  endfacet
  facet normal -0.194423 0.980918 0
    outer loop
      vertex 7.44316 109.87 2.4
      vertex 6.99413 109.781 17.39
      vertex 7.44316 109.87 17.39
    endloop
  endfacet
  facet normal -0.194423 0.980918 0
    outer loop
      vertex 6.99413 109.781 17.39
      vertex 7.44316 109.87 2.4
      vertex 6.99413 109.781 2.4
    endloop
  endfacet
  facet normal 0.897031 0.441968 0
    outer loop
      vertex 11.1336 107.739 17.39
      vertex 10.9311 108.15 2.4
      vertex 10.9311 108.15 17.39
    endloop
  endfacet
  facet normal 0.897031 0.441968 0
    outer loop
      vertex 10.9311 108.15 2.4
      vertex 11.1336 107.739 17.39
      vertex 11.1336 107.739 2.4
    endloop
  endfacet
  facet normal 0.946853 -0.321668 0
    outer loop
      vertex 11.1336 105.061 17.39
      vertex 11.2807 105.494 2.4
      vertex 11.2807 105.494 17.39
    endloop
  endfacet
  facet normal 0.946853 -0.321668 0
    outer loop
      vertex 11.2807 105.494 2.4
      vertex 11.1336 105.061 17.39
      vertex 11.1336 105.061 2.4
    endloop
  endfacet
  facet normal -0.555033 -0.831828 0
    outer loop
      vertex 5.76933 103.623 2.4
      vertex 6.15 103.369 17.39
      vertex 5.76933 103.623 17.39
    endloop
  endfacet
  facet normal -0.555033 -0.831828 -0
    outer loop
      vertex 6.15 103.369 17.39
      vertex 5.76933 103.623 2.4
      vertex 6.15 103.369 2.4
    endloop
  endfacet
  facet normal -0.659524 -0.751683 0
    outer loop
      vertex 5.42513 103.925 2.4
      vertex 5.76933 103.623 17.39
      vertex 5.42513 103.925 17.39
    endloop
  endfacet
  facet normal -0.659524 -0.751683 -0
    outer loop
      vertex 5.76933 103.623 17.39
      vertex 5.42513 103.925 2.4
      vertex 5.76933 103.623 2.4
    endloop
  endfacet
  facet normal 0.75171 -0.659494 0
    outer loop
      vertex 10.3749 103.925 17.39
      vertex 10.6767 104.269 2.4
      vertex 10.6767 104.269 17.39
    endloop
  endfacet
  facet normal 0.75171 -0.659494 0
    outer loop
      vertex 10.6767 104.269 2.4
      vertex 10.3749 103.925 17.39
      vertex 10.3749 103.925 2.4
    endloop
  endfacet
  facet normal -0.89704 -0.44195 0
    outer loop
      vertex 4.86891 104.65 2.4
      vertex 4.66642 105.061 17.39
      vertex 4.66642 105.061 2.4
    endloop
  endfacet
  facet normal -0.89704 -0.44195 0
    outer loop
      vertex 4.66642 105.061 17.39
      vertex 4.86891 104.65 2.4
      vertex 4.86891 104.65 17.39
    endloop
  endfacet
  facet normal -0.0655274 -0.997851 0
    outer loop
      vertex 7.44316 102.93 2.4
      vertex 7.9 102.9 17.39
      vertex 7.44316 102.93 17.39
    endloop
  endfacet
  facet normal -0.0655274 -0.997851 -0
    outer loop
      vertex 7.9 102.9 17.39
      vertex 7.44316 102.93 2.4
      vertex 7.9 102.9 2.4
    endloop
  endfacet
  facet normal 0.75171 0.659494 0
    outer loop
      vertex 10.6767 108.531 17.39
      vertex 10.3749 108.875 2.4
      vertex 10.3749 108.875 17.39
    endloop
  endfacet
  facet normal 0.75171 0.659494 0
    outer loop
      vertex 10.3749 108.875 2.4
      vertex 10.6767 108.531 17.39
      vertex 10.6767 108.531 2.4
    endloop
  endfacet
  facet normal -0.555033 0.831828 0
    outer loop
      vertex 6.15 109.431 2.4
      vertex 5.76933 109.177 17.39
      vertex 6.15 109.431 17.39
    endloop
  endfacet
  facet normal -0.555033 0.831828 0
    outer loop
      vertex 5.76933 109.177 17.39
      vertex 6.15 109.431 2.4
      vertex 5.76933 109.177 2.4
    endloop
  endfacet
  facet normal 0.946853 0.321668 0
    outer loop
      vertex 11.2807 107.306 17.39
      vertex 11.1336 107.739 2.4
      vertex 11.1336 107.739 17.39
    endloop
  endfacet
  facet normal 0.946853 0.321668 0
    outer loop
      vertex 11.1336 107.739 2.4
      vertex 11.2807 107.306 17.39
      vertex 11.2807 107.306 2.4
    endloop
  endfacet
  facet normal 0.321126 -0.947037 0
    outer loop
      vertex 8.80587 103.019 2.4
      vertex 9.23939 103.166 17.39
      vertex 8.80587 103.019 17.39
    endloop
  endfacet
  facet normal 0.321126 -0.947037 0
    outer loop
      vertex 9.23939 103.166 17.39
      vertex 8.80587 103.019 2.4
      vertex 9.23939 103.166 2.4
    endloop
  endfacet
  facet normal 0.443183 -0.896431 0
    outer loop
      vertex 9.23939 103.166 2.4
      vertex 9.65 103.369 17.39
      vertex 9.23939 103.166 17.39
    endloop
  endfacet
  facet normal 0.443183 -0.896431 0
    outer loop
      vertex 9.65 103.369 17.39
      vertex 9.23939 103.166 2.4
      vertex 9.65 103.369 2.4
    endloop
  endfacet
  facet normal -0.321126 0.947037 0
    outer loop
      vertex 6.99413 109.781 2.4
      vertex 6.56061 109.634 17.39
      vertex 6.99413 109.781 17.39
    endloop
  endfacet
  facet normal -0.321126 0.947037 0
    outer loop
      vertex 6.56061 109.634 17.39
      vertex 6.99413 109.781 2.4
      vertex 6.56061 109.634 2.4
    endloop
  endfacet
  facet normal 0 0 1
    outer loop
      vertex 9.2 106.4 17.39
      vertex 11.4 106.4 17.39
      vertex 11.3701 106.857 17.39
    endloop
  endfacet
  facet normal 0 0 1
    outer loop
      vertex 9.18888 106.57 17.39
      vertex 11.3701 106.857 17.39
      vertex 11.2807 107.306 17.39
    endloop
  endfacet
  facet normal 0 0 1
    outer loop
      vertex 11.4 106.4 17.39
      vertex 9.2 106.4 17.39
      vertex 11.3701 105.943 17.39
    endloop
  endfacet
  facet normal 0 0 1
    outer loop
      vertex 9.1557 106.736 17.39
      vertex 11.2807 107.306 17.39
      vertex 11.1336 107.739 17.39
    endloop
  endfacet
  facet normal -0 0 1
    outer loop
      vertex 9.18888 106.23 17.39
      vertex 11.3701 105.943 17.39
      vertex 9.2 106.4 17.39
    endloop
  endfacet
  facet normal 0 0 1
    outer loop
      vertex 9.10104 106.897 17.39
      vertex 11.1336 107.739 17.39
      vertex 10.9311 108.15 17.39
    endloop
  endfacet
  facet normal 0 0 1
    outer loop
      vertex 11.3701 105.943 17.39
      vertex 9.18888 106.23 17.39
      vertex 11.2807 105.494 17.39
    endloop
  endfacet
  facet normal 0 0 1
    outer loop
      vertex 9.02583 107.05 17.39
      vertex 10.9311 108.15 17.39
      vertex 10.6767 108.531 17.39
    endloop
  endfacet
  facet normal -0 0 1
    outer loop
      vertex 9.1557 106.064 17.39
      vertex 11.2807 105.494 17.39
      vertex 9.18888 106.23 17.39
    endloop
  endfacet
  facet normal 0 0 1
    outer loop
      vertex 8.93136 107.191 17.39
      vertex 10.6767 108.531 17.39
      vertex 10.3749 108.875 17.39
    endloop
  endfacet
  facet normal 0 0 1
    outer loop
      vertex 11.2807 105.494 17.39
      vertex 9.1557 106.064 17.39
      vertex 11.1336 105.061 17.39
    endloop
  endfacet
  facet normal 0 0 1
    outer loop
      vertex 8.81924 107.319 17.39
      vertex 10.3749 108.875 17.39
      vertex 10.0307 109.177 17.39
    endloop
  endfacet
  facet normal -0 0 1
    outer loop
      vertex 9.10104 105.903 17.39
      vertex 11.1336 105.061 17.39
      vertex 9.1557 106.064 17.39
    endloop
  endfacet
  facet normal 0 0 1
    outer loop
      vertex 8.69139 107.431 17.39
      vertex 10.0307 109.177 17.39
      vertex 9.65 109.431 17.39
    endloop
  endfacet
  facet normal 0 0 1
    outer loop
      vertex 11.1336 105.061 17.39
      vertex 9.10104 105.903 17.39
      vertex 10.9311 104.65 17.39
    endloop
  endfacet
  facet normal 0 0 1
    outer loop
      vertex 8.55 107.526 17.39
      vertex 9.65 109.431 17.39
      vertex 9.23939 109.634 17.39
    endloop
  endfacet
  facet normal -0 0 1
    outer loop
      vertex 9.02583 105.75 17.39
      vertex 10.9311 104.65 17.39
      vertex 9.10104 105.903 17.39
    endloop
  endfacet
  facet normal 0 0 1
    outer loop
      vertex 10.9311 104.65 17.39
      vertex 9.02583 105.75 17.39
      vertex 10.6767 104.269 17.39
    endloop
  endfacet
  facet normal 0 0 1
    outer loop
      vertex 11.3701 106.857 17.39
      vertex 9.18888 106.57 17.39
      vertex 9.2 106.4 17.39
    endloop
  endfacet
  facet normal 0 0 1
    outer loop
      vertex 11.2807 107.306 17.39
      vertex 9.1557 106.736 17.39
      vertex 9.18888 106.57 17.39
    endloop
  endfacet
  facet normal 0 0 1
    outer loop
      vertex 11.1336 107.739 17.39
      vertex 9.10104 106.897 17.39
      vertex 9.1557 106.736 17.39
    endloop
  endfacet
  facet normal 0 0 1
    outer loop
      vertex 10.9311 108.15 17.39
      vertex 9.02583 107.05 17.39
      vertex 9.10104 106.897 17.39
    endloop
  endfacet
  facet normal 0 0 1
    outer loop
      vertex 10.6767 108.531 17.39
      vertex 8.93136 107.191 17.39
      vertex 9.02583 107.05 17.39
    endloop
  endfacet
  facet normal 0 0 1
    outer loop
      vertex 10.3749 108.875 17.39
      vertex 8.81924 107.319 17.39
      vertex 8.93136 107.191 17.39
    endloop
  endfacet
  facet normal 0 0 1
    outer loop
      vertex 8.39749 107.601 17.39
      vertex 9.23939 109.634 17.39
      vertex 8.80587 109.781 17.39
    endloop
  endfacet
  facet normal 0 0 1
    outer loop
      vertex 10.0307 109.177 17.39
      vertex 8.69139 107.431 17.39
      vertex 8.81924 107.319 17.39
    endloop
  endfacet
  facet normal 0 0 1
    outer loop
      vertex 9.65 109.431 17.39
      vertex 8.55 107.526 17.39
      vertex 8.69139 107.431 17.39
    endloop
  endfacet
  facet normal 0 0 1
    outer loop
      vertex 9.23939 109.634 17.39
      vertex 8.39749 107.601 17.39
      vertex 8.55 107.526 17.39
    endloop
  endfacet
  facet normal 0 0 1
    outer loop
      vertex 8.23646 107.656 17.39
      vertex 8.80587 109.781 17.39
      vertex 8.35684 109.87 17.39
    endloop
  endfacet
  facet normal 0 0 1
    outer loop
      vertex 8.80587 109.781 17.39
      vertex 8.23646 107.656 17.39
      vertex 8.39749 107.601 17.39
    endloop
  endfacet
  facet normal 0 0 1
    outer loop
      vertex 8.35684 109.87 17.39
      vertex 8.06968 107.689 17.39
      vertex 8.23646 107.656 17.39
    endloop
  endfacet
  facet normal 0 0 1
    outer loop
      vertex 7.9 109.9 17.39
      vertex 8.06968 107.689 17.39
      vertex 8.35684 109.87 17.39
    endloop
  endfacet
  facet normal 0 0 1
    outer loop
      vertex 7.9 109.9 17.39
      vertex 7.9 107.7 17.39
      vertex 8.06968 107.689 17.39
    endloop
  endfacet
  facet normal 0 0 1
    outer loop
      vertex 7.9 109.9 17.39
      vertex 7.73032 107.689 17.39
      vertex 7.9 107.7 17.39
    endloop
  endfacet
  facet normal -0 0 1
    outer loop
      vertex 7.44316 109.87 17.39
      vertex 7.73032 107.689 17.39
      vertex 7.9 109.9 17.39
    endloop
  endfacet
  facet normal 0 0 1
    outer loop
      vertex 7.73032 107.689 17.39
      vertex 7.44316 109.87 17.39
      vertex 7.56354 107.656 17.39
    endloop
  endfacet
  facet normal -0 0 1
    outer loop
      vertex 6.99413 109.781 17.39
      vertex 7.56354 107.656 17.39
      vertex 7.44316 109.87 17.39
    endloop
  endfacet
  facet normal 0 0 1
    outer loop
      vertex 7.56354 107.656 17.39
      vertex 6.99413 109.781 17.39
      vertex 7.40251 107.601 17.39
    endloop
  endfacet
  facet normal -0 0 1
    outer loop
      vertex 6.56061 109.634 17.39
      vertex 7.40251 107.601 17.39
      vertex 6.99413 109.781 17.39
    endloop
  endfacet
  facet normal 0 0 1
    outer loop
      vertex 7.40251 107.601 17.39
      vertex 6.56061 109.634 17.39
      vertex 7.25 107.526 17.39
    endloop
  endfacet
  facet normal -0 0 1
    outer loop
      vertex 6.15 109.431 17.39
      vertex 7.25 107.526 17.39
      vertex 6.56061 109.634 17.39
    endloop
  endfacet
  facet normal 0 0 1
    outer loop
      vertex 7.25 107.526 17.39
      vertex 6.15 109.431 17.39
      vertex 7.10861 107.431 17.39
    endloop
  endfacet
  facet normal -0 0 1
    outer loop
      vertex 5.76933 109.177 17.39
      vertex 7.10861 107.431 17.39
      vertex 6.15 109.431 17.39
    endloop
  endfacet
  facet normal 0 0 1
    outer loop
      vertex 7.10861 107.431 17.39
      vertex 5.76933 109.177 17.39
      vertex 6.98076 107.319 17.39
    endloop
  endfacet
  facet normal -0 0 1
    outer loop
      vertex 5.42513 108.875 17.39
      vertex 6.98076 107.319 17.39
      vertex 5.76933 109.177 17.39
    endloop
  endfacet
  facet normal 0 0 1
    outer loop
      vertex 6.98076 107.319 17.39
      vertex 5.42513 108.875 17.39
      vertex 6.86864 107.191 17.39
    endloop
  endfacet
  facet normal 0 0 1
    outer loop
      vertex 6.86864 107.191 17.39
      vertex 5.12326 108.531 17.39
      vertex 6.77417 107.05 17.39
    endloop
  endfacet
  facet normal -0 0 1
    outer loop
      vertex 5.12326 108.531 17.39
      vertex 6.86864 107.191 17.39
      vertex 5.42513 108.875 17.39
    endloop
  endfacet
  facet normal -0 0 1
    outer loop
      vertex 8.93136 105.609 17.39
      vertex 10.6767 104.269 17.39
      vertex 9.02583 105.75 17.39
    endloop
  endfacet
  facet normal 0 0 1
    outer loop
      vertex 10.6767 104.269 17.39
      vertex 8.93136 105.609 17.39
      vertex 10.3749 103.925 17.39
    endloop
  endfacet
  facet normal -0 0 1
    outer loop
      vertex 8.81924 105.481 17.39
      vertex 10.3749 103.925 17.39
      vertex 8.93136 105.609 17.39
    endloop
  endfacet
  facet normal 0 0 1
    outer loop
      vertex 10.3749 103.925 17.39
      vertex 8.81924 105.481 17.39
      vertex 10.0307 103.623 17.39
    endloop
  endfacet
  facet normal -0 0 1
    outer loop
      vertex 8.69139 105.369 17.39
      vertex 10.0307 103.623 17.39
      vertex 8.81924 105.481 17.39
    endloop
  endfacet
  facet normal 0 0 1
    outer loop
      vertex 10.0307 103.623 17.39
      vertex 8.69139 105.369 17.39
      vertex 9.65 103.369 17.39
    endloop
  endfacet
  facet normal -0 0 1
    outer loop
      vertex 8.55 105.274 17.39
      vertex 9.65 103.369 17.39
      vertex 8.69139 105.369 17.39
    endloop
  endfacet
  facet normal 0 0 1
    outer loop
      vertex 9.65 103.369 17.39
      vertex 8.55 105.274 17.39
      vertex 9.23939 103.166 17.39
    endloop
  endfacet
  facet normal -0 0 1
    outer loop
      vertex 8.39749 105.199 17.39
      vertex 9.23939 103.166 17.39
      vertex 8.55 105.274 17.39
    endloop
  endfacet
  facet normal 0 0 1
    outer loop
      vertex 9.23939 103.166 17.39
      vertex 8.39749 105.199 17.39
      vertex 8.80587 103.019 17.39
    endloop
  endfacet
  facet normal -0 0 1
    outer loop
      vertex 8.23646 105.144 17.39
      vertex 8.80587 103.019 17.39
      vertex 8.39749 105.199 17.39
    endloop
  endfacet
  facet normal 0 0 1
    outer loop
      vertex 8.80587 103.019 17.39
      vertex 8.23646 105.144 17.39
      vertex 8.35684 102.93 17.39
    endloop
  endfacet
  facet normal -0 0 1
    outer loop
      vertex 8.06968 105.111 17.39
      vertex 8.35684 102.93 17.39
      vertex 8.23646 105.144 17.39
    endloop
  endfacet
  facet normal -0 0 1
    outer loop
      vertex 7.9 105.1 17.39
      vertex 8.35684 102.93 17.39
      vertex 8.06968 105.111 17.39
    endloop
  endfacet
  facet normal 0 0 1
    outer loop
      vertex 7.9 105.1 17.39
      vertex 7.9 102.9 17.39
      vertex 8.35684 102.93 17.39
    endloop
  endfacet
  facet normal 0 0 1
    outer loop
      vertex 7.73032 105.111 17.39
      vertex 7.9 102.9 17.39
      vertex 7.9 105.1 17.39
    endloop
  endfacet
  facet normal 0 0 1
    outer loop
      vertex 7.44316 102.93 17.39
      vertex 7.73032 105.111 17.39
      vertex 7.56354 105.144 17.39
    endloop
  endfacet
  facet normal 0 0 1
    outer loop
      vertex 7.73032 105.111 17.39
      vertex 7.44316 102.93 17.39
      vertex 7.9 102.9 17.39
    endloop
  endfacet
  facet normal 0 0 1
    outer loop
      vertex 6.99413 103.019 17.39
      vertex 7.56354 105.144 17.39
      vertex 7.40251 105.199 17.39
    endloop
  endfacet
  facet normal 0 0 1
    outer loop
      vertex 6.56061 103.166 17.39
      vertex 7.40251 105.199 17.39
      vertex 7.25 105.274 17.39
    endloop
  endfacet
  facet normal 0 0 1
    outer loop
      vertex 6.15 103.369 17.39
      vertex 7.25 105.274 17.39
      vertex 7.10861 105.369 17.39
    endloop
  endfacet
  facet normal 0 0 1
    outer loop
      vertex 7.56354 105.144 17.39
      vertex 6.99413 103.019 17.39
      vertex 7.44316 102.93 17.39
    endloop
  endfacet
  facet normal 0 0 1
    outer loop
      vertex 5.76933 103.623 17.39
      vertex 7.10861 105.369 17.39
      vertex 6.98076 105.481 17.39
    endloop
  endfacet
  facet normal 0 0 1
    outer loop
      vertex 5.42513 103.925 17.39
      vertex 6.98076 105.481 17.39
      vertex 6.86864 105.609 17.39
    endloop
  endfacet
  facet normal 0 0 1
    outer loop
      vertex 5.12326 104.269 17.39
      vertex 6.86864 105.609 17.39
      vertex 6.77417 105.75 17.39
    endloop
  endfacet
  facet normal 0 0 1
    outer loop
      vertex 4.86891 104.65 17.39
      vertex 6.77417 105.75 17.39
      vertex 6.69896 105.903 17.39
    endloop
  endfacet
  facet normal 0 0 1
    outer loop
      vertex 4.66642 105.061 17.39
      vertex 6.69896 105.903 17.39
      vertex 6.6443 106.064 17.39
    endloop
  endfacet
  facet normal 0 0 1
    outer loop
      vertex 4.51926 105.494 17.39
      vertex 6.6443 106.064 17.39
      vertex 6.61112 106.23 17.39
    endloop
  endfacet
  facet normal 0 0 1
    outer loop
      vertex 7.40251 105.199 17.39
      vertex 6.56061 103.166 17.39
      vertex 6.99413 103.019 17.39
    endloop
  endfacet
  facet normal 0 0 1
    outer loop
      vertex 4.42994 105.943 17.39
      vertex 6.61112 106.23 17.39
      vertex 6.6 106.4 17.39
    endloop
  endfacet
  facet normal -0 0 1
    outer loop
      vertex 4.86891 108.15 17.39
      vertex 6.77417 107.05 17.39
      vertex 5.12326 108.531 17.39
    endloop
  endfacet
  facet normal 0 0 1
    outer loop
      vertex 6.77417 107.05 17.39
      vertex 4.86891 108.15 17.39
      vertex 6.69896 106.897 17.39
    endloop
  endfacet
  facet normal 0 0 1
    outer loop
      vertex 7.25 105.274 17.39
      vertex 6.15 103.369 17.39
      vertex 6.56061 103.166 17.39
    endloop
  endfacet
  facet normal -0 0 1
    outer loop
      vertex 4.66642 107.739 17.39
      vertex 6.69896 106.897 17.39
      vertex 4.86891 108.15 17.39
    endloop
  endfacet
  facet normal 0 0 1
    outer loop
      vertex 7.10861 105.369 17.39
      vertex 5.76933 103.623 17.39
      vertex 6.15 103.369 17.39
    endloop
  endfacet
  facet normal 0 0 1
    outer loop
      vertex 6.69896 106.897 17.39
      vertex 4.66642 107.739 17.39
      vertex 6.6443 106.736 17.39
    endloop
  endfacet
  facet normal 0 0 1
    outer loop
      vertex 6.98076 105.481 17.39
      vertex 5.42513 103.925 17.39
      vertex 5.76933 103.623 17.39
    endloop
  endfacet
  facet normal -0 0 1
    outer loop
      vertex 4.51926 107.306 17.39
      vertex 6.6443 106.736 17.39
      vertex 4.66642 107.739 17.39
    endloop
  endfacet
  facet normal 0 0 1
    outer loop
      vertex 6.86864 105.609 17.39
      vertex 5.12326 104.269 17.39
      vertex 5.42513 103.925 17.39
    endloop
  endfacet
  facet normal 0 0 1
    outer loop
      vertex 6.6443 106.736 17.39
      vertex 4.51926 107.306 17.39
      vertex 6.61112 106.57 17.39
    endloop
  endfacet
  facet normal 0 0 1
    outer loop
      vertex 6.77417 105.75 17.39
      vertex 4.86891 104.65 17.39
      vertex 5.12326 104.269 17.39
    endloop
  endfacet
  facet normal -0 0 1
    outer loop
      vertex 4.42994 106.857 17.39
      vertex 6.61112 106.57 17.39
      vertex 4.51926 107.306 17.39
    endloop
  endfacet
  facet normal 0 0 1
    outer loop
      vertex 6.69896 105.903 17.39
      vertex 4.66642 105.061 17.39
      vertex 4.86891 104.65 17.39
    endloop
  endfacet
  facet normal 0 0 1
    outer loop
      vertex 6.61112 106.57 17.39
      vertex 4.42994 106.857 17.39
      vertex 6.6 106.4 17.39
    endloop
  endfacet
  facet normal 0 0 1
    outer loop
      vertex 6.6443 106.064 17.39
      vertex 4.51926 105.494 17.39
      vertex 4.66642 105.061 17.39
    endloop
  endfacet
  facet normal 0 0 1
    outer loop
      vertex 4.4 106.4 17.39
      vertex 6.6 106.4 17.39
      vertex 4.42994 106.857 17.39
    endloop
  endfacet
  facet normal 0 0 1
    outer loop
      vertex 6.61112 106.23 17.39
      vertex 4.42994 105.943 17.39
      vertex 4.51926 105.494 17.39
    endloop
  endfacet
  facet normal 0 0 1
    outer loop
      vertex 6.6 106.4 17.39
      vertex 4.4 106.4 17.39
      vertex 4.42994 105.943 17.39
    endloop
  endfacet
  facet normal -0.194423 -0.980918 0
    outer loop
      vertex 6.99413 103.019 2.4
      vertex 7.44316 102.93 17.39
      vertex 6.99413 103.019 17.39
    endloop
  endfacet
  facet normal -0.194423 -0.980918 -0
    outer loop
      vertex 7.44316 102.93 17.39
      vertex 6.99413 103.019 2.4
      vertex 7.44316 102.93 2.4
    endloop
  endfacet
  facet normal 0.194423 0.980918 -0
    outer loop
      vertex 8.80587 109.781 2.4
      vertex 8.35684 109.87 17.39
      vertex 8.80587 109.781 17.39
    endloop
  endfacet
  facet normal 0.194423 0.980918 0
    outer loop
      vertex 8.35684 109.87 17.39
      vertex 8.80587 109.781 2.4
      vertex 8.35684 109.87 2.4
    endloop
  endfacet
  facet normal -0.443183 -0.896431 0
    outer loop
      vertex 6.15 103.369 2.4
      vertex 6.56061 103.166 17.39
      vertex 6.15 103.369 17.39
    endloop
  endfacet
  facet normal -0.443183 -0.896431 -0
    outer loop
      vertex 6.56061 103.166 17.39
      vertex 6.15 103.369 2.4
      vertex 6.56061 103.166 2.4
    endloop
  endfacet
  facet normal -0.831697 -0.555229 0
    outer loop
      vertex 5.12326 104.269 2.4
      vertex 4.86891 104.65 17.39
      vertex 4.86891 104.65 2.4
    endloop
  endfacet
  facet normal -0.831697 -0.555229 0
    outer loop
      vertex 4.86891 104.65 17.39
      vertex 5.12326 104.269 2.4
      vertex 5.12326 104.269 17.39
    endloop
  endfacet
  facet normal -0.946813 0.321785 0
    outer loop
      vertex 4.51926 107.306 2.4
      vertex 4.66642 107.739 17.39
      vertex 4.66642 107.739 2.4
    endloop
  endfacet
  facet normal -0.946813 0.321785 0
    outer loop
      vertex 4.66642 107.739 17.39
      vertex 4.51926 107.306 2.4
      vertex 4.51926 107.306 17.39
    endloop
  endfacet
  facet normal 1 -0 0
    outer loop
      vertex 79.4 53.4 18.69
      vertex 79.4 61.4 2.4
      vertex 79.4 61.4 18.69
    endloop
  endfacet
  facet normal 1 0 0
    outer loop
      vertex 79.4 61.4 2.4
      vertex 79.4 53.4 18.69
      vertex 79.4 53.4 2.4
    endloop
  endfacet
  facet normal -0 0 1
    outer loop
      vertex 66.4 61.4 17.39
      vertex 71.4 53.4 17.39
      vertex 71.4 61.4 17.39
    endloop
  endfacet
  facet normal 0 0 1
    outer loop
      vertex 71.4 53.4 17.39
      vertex 66.4 61.4 17.39
      vertex 66.4 53.4 17.39
    endloop
  endfacet
  facet normal -1 0 0
    outer loop
      vertex 66.4 53.4 2.4
      vertex 66.4 61.4 17.39
      vertex 66.4 61.4 2.4
    endloop
  endfacet
  facet normal -1 -0 0
    outer loop
      vertex 66.4 61.4 17.39
      vertex 66.4 53.4 2.4
      vertex 66.4 53.4 17.39
    endloop
  endfacet
  facet normal 0 1 0
    outer loop
      vertex 79.4 61.4 18.69
      vertex 71.4 61.4 17.39
      vertex 71.4 61.4 18.69
    endloop
  endfacet
  facet normal 0 1 -0
    outer loop
      vertex 79.4 61.4 2.4
      vertex 71.4 61.4 17.39
      vertex 79.4 61.4 18.69
    endloop
  endfacet
  facet normal 0 1 0
    outer loop
      vertex 66.4 61.4 2.4
      vertex 71.4 61.4 17.39
      vertex 79.4 61.4 2.4
    endloop
  endfacet
  facet normal 0 1 0
    outer loop
      vertex 71.4 61.4 17.39
      vertex 66.4 61.4 2.4
      vertex 66.4 61.4 17.39
    endloop
  endfacet
  facet normal 0 -1 0
    outer loop
      vertex 66.4 53.4 17.39
      vertex 66.4 53.4 2.4
      vertex 71.4 53.4 17.39
    endloop
  endfacet
  facet normal 0 -1 0
    outer loop
      vertex 71.4 53.4 17.39
      vertex 79.4 53.4 18.69
      vertex 71.4 53.4 18.69
    endloop
  endfacet
  facet normal 0 -1 0
    outer loop
      vertex 79.4 53.4 2.4
      vertex 71.4 53.4 17.39
      vertex 66.4 53.4 2.4
    endloop
  endfacet
  facet normal 0 -1 0
    outer loop
      vertex 71.4 53.4 17.39
      vertex 79.4 53.4 2.4
      vertex 79.4 53.4 18.69
    endloop
  endfacet
  facet normal 0 0 1
    outer loop
      vertex 79.4 61.4 18.69
      vertex 76.7 57.4 18.69
      vertex 79.4 53.4 18.69
    endloop
  endfacet
  facet normal 0 0 1
    outer loop
      vertex 79.4 61.4 18.69
      vertex 76.6889 57.5697 18.69
      vertex 76.7 57.4 18.69
    endloop
  endfacet
  facet normal 0 0 1
    outer loop
      vertex 79.4 61.4 18.69
      vertex 76.6557 57.7365 18.69
      vertex 76.6889 57.5697 18.69
    endloop
  endfacet
  facet normal 0 0 1
    outer loop
      vertex 79.4 61.4 18.69
      vertex 76.601 57.8975 18.69
      vertex 76.6557 57.7365 18.69
    endloop
  endfacet
  facet normal 0 0 1
    outer loop
      vertex 79.4 61.4 18.69
      vertex 76.5258 58.05 18.69
      vertex 76.601 57.8975 18.69
    endloop
  endfacet
  facet normal 0 0 1
    outer loop
      vertex 79.4 61.4 18.69
      vertex 76.4314 58.1914 18.69
      vertex 76.5258 58.05 18.69
    endloop
  endfacet
  facet normal 0 0 1
    outer loop
      vertex 79.4 61.4 18.69
      vertex 76.3192 58.3192 18.69
      vertex 76.4314 58.1914 18.69
    endloop
  endfacet
  facet normal 0 0 1
    outer loop
      vertex 79.4 61.4 18.69
      vertex 76.1914 58.4314 18.69
      vertex 76.3192 58.3192 18.69
    endloop
  endfacet
  facet normal 0 0 1
    outer loop
      vertex 79.4 61.4 18.69
      vertex 76.05 58.5258 18.69
      vertex 76.1914 58.4314 18.69
    endloop
  endfacet
  facet normal 0 0 1
    outer loop
      vertex 79.4 61.4 18.69
      vertex 75.8975 58.601 18.69
      vertex 76.05 58.5258 18.69
    endloop
  endfacet
  facet normal 0 0 1
    outer loop
      vertex 79.4 61.4 18.69
      vertex 75.7365 58.6557 18.69
      vertex 75.8975 58.601 18.69
    endloop
  endfacet
  facet normal 0 0 1
    outer loop
      vertex 79.4 61.4 18.69
      vertex 75.5697 58.6889 18.69
      vertex 75.7365 58.6557 18.69
    endloop
  endfacet
  facet normal 0 0 1
    outer loop
      vertex 79.4 61.4 18.69
      vertex 75.4 58.7 18.69
      vertex 75.5697 58.6889 18.69
    endloop
  endfacet
  facet normal -0 0 1
    outer loop
      vertex 71.4 61.4 18.69
      vertex 75.4 58.7 18.69
      vertex 79.4 61.4 18.69
    endloop
  endfacet
  facet normal 0 0 1
    outer loop
      vertex 75.4 58.7 18.69
      vertex 71.4 61.4 18.69
      vertex 75.2303 58.6889 18.69
    endloop
  endfacet
  facet normal 0 0 1
    outer loop
      vertex 75.2303 58.6889 18.69
      vertex 71.4 61.4 18.69
      vertex 75.0635 58.6557 18.69
    endloop
  endfacet
  facet normal 0 0 1
    outer loop
      vertex 75.0635 58.6557 18.69
      vertex 71.4 61.4 18.69
      vertex 74.9025 58.601 18.69
    endloop
  endfacet
  facet normal 0 0 1
    outer loop
      vertex 74.1111 57.5697 18.69
      vertex 71.4 61.4 18.69
      vertex 74.1 57.4 18.69
    endloop
  endfacet
  facet normal 0 0 1
    outer loop
      vertex 74.1443 57.7365 18.69
      vertex 71.4 61.4 18.69
      vertex 74.1111 57.5697 18.69
    endloop
  endfacet
  facet normal 0 0 1
    outer loop
      vertex 74.199 57.8975 18.69
      vertex 71.4 61.4 18.69
      vertex 74.1443 57.7365 18.69
    endloop
  endfacet
  facet normal 0 0 1
    outer loop
      vertex 74.2742 58.05 18.69
      vertex 71.4 61.4 18.69
      vertex 74.199 57.8975 18.69
    endloop
  endfacet
  facet normal 0 0 1
    outer loop
      vertex 74.3686 58.1914 18.69
      vertex 71.4 61.4 18.69
      vertex 74.2742 58.05 18.69
    endloop
  endfacet
  facet normal 0 0 1
    outer loop
      vertex 74.4808 58.3192 18.69
      vertex 71.4 61.4 18.69
      vertex 74.3686 58.1914 18.69
    endloop
  endfacet
  facet normal 0 0 1
    outer loop
      vertex 74.6086 58.4314 18.69
      vertex 71.4 61.4 18.69
      vertex 74.4808 58.3192 18.69
    endloop
  endfacet
  facet normal 0 0 1
    outer loop
      vertex 74.75 58.5258 18.69
      vertex 71.4 61.4 18.69
      vertex 74.6086 58.4314 18.69
    endloop
  endfacet
  facet normal 0 0 1
    outer loop
      vertex 74.9025 58.601 18.69
      vertex 71.4 61.4 18.69
      vertex 74.75 58.5258 18.69
    endloop
  endfacet
  facet normal -0 0 1
    outer loop
      vertex 76.6889 57.2303 18.69
      vertex 79.4 53.4 18.69
      vertex 76.7 57.4 18.69
    endloop
  endfacet
  facet normal -0 0 1
    outer loop
      vertex 76.6557 57.0635 18.69
      vertex 79.4 53.4 18.69
      vertex 76.6889 57.2303 18.69
    endloop
  endfacet
  facet normal -0 0 1
    outer loop
      vertex 76.601 56.9025 18.69
      vertex 79.4 53.4 18.69
      vertex 76.6557 57.0635 18.69
    endloop
  endfacet
  facet normal -0 0 1
    outer loop
      vertex 76.5258 56.75 18.69
      vertex 79.4 53.4 18.69
      vertex 76.601 56.9025 18.69
    endloop
  endfacet
  facet normal -0 0 1
    outer loop
      vertex 76.4314 56.6086 18.69
      vertex 79.4 53.4 18.69
      vertex 76.5258 56.75 18.69
    endloop
  endfacet
  facet normal -0 0 1
    outer loop
      vertex 76.3192 56.4808 18.69
      vertex 79.4 53.4 18.69
      vertex 76.4314 56.6086 18.69
    endloop
  endfacet
  facet normal -0 0 1
    outer loop
      vertex 76.1914 56.3686 18.69
      vertex 79.4 53.4 18.69
      vertex 76.3192 56.4808 18.69
    endloop
  endfacet
  facet normal -0 0 1
    outer loop
      vertex 76.05 56.2742 18.69
      vertex 79.4 53.4 18.69
      vertex 76.1914 56.3686 18.69
    endloop
  endfacet
  facet normal -0 0 1
    outer loop
      vertex 75.8975 56.199 18.69
      vertex 79.4 53.4 18.69
      vertex 76.05 56.2742 18.69
    endloop
  endfacet
  facet normal -0 0 1
    outer loop
      vertex 75.7365 56.1443 18.69
      vertex 79.4 53.4 18.69
      vertex 75.8975 56.199 18.69
    endloop
  endfacet
  facet normal -0 0 1
    outer loop
      vertex 75.5697 56.1111 18.69
      vertex 79.4 53.4 18.69
      vertex 75.7365 56.1443 18.69
    endloop
  endfacet
  facet normal -0 0 1
    outer loop
      vertex 75.4 56.1 18.69
      vertex 79.4 53.4 18.69
      vertex 75.5697 56.1111 18.69
    endloop
  endfacet
  facet normal 0 0 1
    outer loop
      vertex 71.4 53.4 18.69
      vertex 75.4 56.1 18.69
      vertex 75.2303 56.1111 18.69
    endloop
  endfacet
  facet normal 0 0 1
    outer loop
      vertex 71.4 53.4 18.69
      vertex 75.2303 56.1111 18.69
      vertex 75.0635 56.1443 18.69
    endloop
  endfacet
  facet normal 0 0 1
    outer loop
      vertex 71.4 53.4 18.69
      vertex 75.0635 56.1443 18.69
      vertex 74.9025 56.199 18.69
    endloop
  endfacet
  facet normal 0 0 1
    outer loop
      vertex 71.4 53.4 18.69
      vertex 74.9025 56.199 18.69
      vertex 74.75 56.2742 18.69
    endloop
  endfacet
  facet normal 0 0 1
    outer loop
      vertex 71.4 53.4 18.69
      vertex 74.1 57.4 18.69
      vertex 71.4 61.4 18.69
    endloop
  endfacet
  facet normal 0 0 1
    outer loop
      vertex 74.1 57.4 18.69
      vertex 71.4 53.4 18.69
      vertex 74.1111 57.2303 18.69
    endloop
  endfacet
  facet normal 0 0 1
    outer loop
      vertex 74.1111 57.2303 18.69
      vertex 71.4 53.4 18.69
      vertex 74.1443 57.0635 18.69
    endloop
  endfacet
  facet normal 0 0 1
    outer loop
      vertex 74.1443 57.0635 18.69
      vertex 71.4 53.4 18.69
      vertex 74.199 56.9025 18.69
    endloop
  endfacet
  facet normal 0 0 1
    outer loop
      vertex 75.4 56.1 18.69
      vertex 71.4 53.4 18.69
      vertex 79.4 53.4 18.69
    endloop
  endfacet
  facet normal 0 0 1
    outer loop
      vertex 74.6086 56.3686 18.69
      vertex 71.4 53.4 18.69
      vertex 74.75 56.2742 18.69
    endloop
  endfacet
  facet normal 0 0 1
    outer loop
      vertex 74.4808 56.4808 18.69
      vertex 71.4 53.4 18.69
      vertex 74.6086 56.3686 18.69
    endloop
  endfacet
  facet normal 0 0 1
    outer loop
      vertex 74.3686 56.6086 18.69
      vertex 71.4 53.4 18.69
      vertex 74.4808 56.4808 18.69
    endloop
  endfacet
  facet normal 0 0 1
    outer loop
      vertex 74.2742 56.75 18.69
      vertex 71.4 53.4 18.69
      vertex 74.3686 56.6086 18.69
    endloop
  endfacet
  facet normal 0 0 1
    outer loop
      vertex 74.199 56.9025 18.69
      vertex 71.4 53.4 18.69
      vertex 74.2742 56.75 18.69
    endloop
  endfacet
  facet normal -1 0 0
    outer loop
      vertex 71.4 53.4 17.39
      vertex 71.4 61.4 18.69
      vertex 71.4 61.4 17.39
    endloop
  endfacet
  facet normal -1 -0 0
    outer loop
      vertex 71.4 61.4 18.69
      vertex 71.4 53.4 17.39
      vertex 71.4 53.4 18.69
    endloop
  endfacet
  facet normal 1 -0 0
    outer loop
      vertex 79.4 117.4 18.69
      vertex 79.4 125.4 2.4
      vertex 79.4 125.4 18.69
    endloop
  endfacet
  facet normal 1 0 0
    outer loop
      vertex 79.4 125.4 2.4
      vertex 79.4 117.4 18.69
      vertex 79.4 117.4 2.4
    endloop
  endfacet
  facet normal -0 0 1
    outer loop
      vertex 66.4 125.4 17.39
      vertex 71.4 117.4 17.39
      vertex 71.4 125.4 17.39
    endloop
  endfacet
  facet normal 0 0 1
    outer loop
      vertex 71.4 117.4 17.39
      vertex 66.4 125.4 17.39
      vertex 66.4 117.4 17.39
    endloop
  endfacet
  facet normal -1 0 0
    outer loop
      vertex 66.4 130.9 2.4
      vertex 66.4 125.4 6.39
      vertex 66.4 130.9 6.39
    endloop
  endfacet
  facet normal -1 0 0
    outer loop
      vertex 66.4 117.4 2.4
      vertex 66.4 125.4 6.39
      vertex 66.4 130.9 2.4
    endloop
  endfacet
  facet normal -1 0 0
    outer loop
      vertex 66.4 117.4 17.39
      vertex 66.4 125.4 6.39
      vertex 66.4 117.4 2.4
    endloop
  endfacet
  facet normal -1 0 0
    outer loop
      vertex 66.4 125.4 6.39
      vertex 66.4 117.4 17.39
      vertex 66.4 125.4 17.39
    endloop
  endfacet
  facet normal 0 1 0
    outer loop
      vertex 79.4 125.4 18.69
      vertex 71.4 125.4 17.39
      vertex 71.4 125.4 18.69
    endloop
  endfacet
  facet normal 0 1 0
    outer loop
      vertex 71.4 125.4 17.39
      vertex 67.6 125.4 6.39
      vertex 66.4 125.4 17.39
    endloop
  endfacet
  facet normal 0 1 -0
    outer loop
      vertex 79.4 125.4 2.4
      vertex 71.4 125.4 17.39
      vertex 79.4 125.4 18.69
    endloop
  endfacet
  facet normal 0 1 0
    outer loop
      vertex 71.4 125.4 17.39
      vertex 79.4 125.4 2.4
      vertex 67.6 125.4 6.39
    endloop
  endfacet
  facet normal 0 1 0
    outer loop
      vertex 67.6 125.4 6.39
      vertex 79.4 125.4 2.4
      vertex 67.6 125.4 2.4
    endloop
  endfacet
  facet normal 0 1 0
    outer loop
      vertex 66.4 125.4 17.39
      vertex 67.6 125.4 6.39
      vertex 66.4 125.4 6.39
    endloop
  endfacet
  facet normal 0 -1 0
    outer loop
      vertex 66.4 117.4 17.39
      vertex 66.4 117.4 2.4
      vertex 71.4 117.4 17.39
    endloop
  endfacet
  facet normal 0 -1 0
    outer loop
      vertex 71.4 117.4 17.39
      vertex 79.4 117.4 18.69
      vertex 71.4 117.4 18.69
    endloop
  endfacet
  facet normal 0 -1 0
    outer loop
      vertex 79.4 117.4 2.4
      vertex 71.4 117.4 17.39
      vertex 66.4 117.4 2.4
    endloop
  endfacet
  facet normal 0 -1 0
    outer loop
      vertex 71.4 117.4 17.39
      vertex 79.4 117.4 2.4
      vertex 79.4 117.4 18.69
    endloop
  endfacet
  facet normal 0 0 1
    outer loop
      vertex 79.4 125.4 18.69
      vertex 76.7 121.4 18.69
      vertex 79.4 117.4 18.69
    endloop
  endfacet
  facet normal 0 0 1
    outer loop
      vertex 79.4 125.4 18.69
      vertex 76.6889 121.57 18.69
      vertex 76.7 121.4 18.69
    endloop
  endfacet
  facet normal 0 0 1
    outer loop
      vertex 79.4 125.4 18.69
      vertex 76.6557 121.736 18.69
      vertex 76.6889 121.57 18.69
    endloop
  endfacet
  facet normal 0 0 1
    outer loop
      vertex 79.4 125.4 18.69
      vertex 76.601 121.897 18.69
      vertex 76.6557 121.736 18.69
    endloop
  endfacet
  facet normal 0 0 1
    outer loop
      vertex 79.4 125.4 18.69
      vertex 76.5258 122.05 18.69
      vertex 76.601 121.897 18.69
    endloop
  endfacet
  facet normal 0 0 1
    outer loop
      vertex 79.4 125.4 18.69
      vertex 76.4314 122.191 18.69
      vertex 76.5258 122.05 18.69
    endloop
  endfacet
  facet normal 0 0 1
    outer loop
      vertex 79.4 125.4 18.69
      vertex 76.3192 122.319 18.69
      vertex 76.4314 122.191 18.69
    endloop
  endfacet
  facet normal 0 0 1
    outer loop
      vertex 79.4 125.4 18.69
      vertex 76.1914 122.431 18.69
      vertex 76.3192 122.319 18.69
    endloop
  endfacet
  facet normal 0 0 1
    outer loop
      vertex 79.4 125.4 18.69
      vertex 76.05 122.526 18.69
      vertex 76.1914 122.431 18.69
    endloop
  endfacet
  facet normal 0 0 1
    outer loop
      vertex 79.4 125.4 18.69
      vertex 75.8975 122.601 18.69
      vertex 76.05 122.526 18.69
    endloop
  endfacet
  facet normal 0 0 1
    outer loop
      vertex 79.4 125.4 18.69
      vertex 75.7365 122.656 18.69
      vertex 75.8975 122.601 18.69
    endloop
  endfacet
  facet normal 0 0 1
    outer loop
      vertex 79.4 125.4 18.69
      vertex 75.5697 122.689 18.69
      vertex 75.7365 122.656 18.69
    endloop
  endfacet
  facet normal 0 0 1
    outer loop
      vertex 79.4 125.4 18.69
      vertex 75.4 122.7 18.69
      vertex 75.5697 122.689 18.69
    endloop
  endfacet
  facet normal -0 0 1
    outer loop
      vertex 71.4 125.4 18.69
      vertex 75.4 122.7 18.69
      vertex 79.4 125.4 18.69
    endloop
  endfacet
  facet normal 0 0 1
    outer loop
      vertex 75.4 122.7 18.69
      vertex 71.4 125.4 18.69
      vertex 75.2303 122.689 18.69
    endloop
  endfacet
  facet normal 0 0 1
    outer loop
      vertex 75.2303 122.689 18.69
      vertex 71.4 125.4 18.69
      vertex 75.0635 122.656 18.69
    endloop
  endfacet
  facet normal 0 0 1
    outer loop
      vertex 75.0635 122.656 18.69
      vertex 71.4 125.4 18.69
      vertex 74.9025 122.601 18.69
    endloop
  endfacet
  facet normal 0 0 1
    outer loop
      vertex 74.1111 121.57 18.69
      vertex 71.4 125.4 18.69
      vertex 74.1 121.4 18.69
    endloop
  endfacet
  facet normal 0 0 1
    outer loop
      vertex 74.1443 121.736 18.69
      vertex 71.4 125.4 18.69
      vertex 74.1111 121.57 18.69
    endloop
  endfacet
  facet normal 0 0 1
    outer loop
      vertex 74.199 121.897 18.69
      vertex 71.4 125.4 18.69
      vertex 74.1443 121.736 18.69
    endloop
  endfacet
  facet normal 0 0 1
    outer loop
      vertex 74.2742 122.05 18.69
      vertex 71.4 125.4 18.69
      vertex 74.199 121.897 18.69
    endloop
  endfacet
  facet normal 0 0 1
    outer loop
      vertex 74.3686 122.191 18.69
      vertex 71.4 125.4 18.69
      vertex 74.2742 122.05 18.69
    endloop
  endfacet
  facet normal 0 0 1
    outer loop
      vertex 74.4808 122.319 18.69
      vertex 71.4 125.4 18.69
      vertex 74.3686 122.191 18.69
    endloop
  endfacet
  facet normal 0 0 1
    outer loop
      vertex 74.6086 122.431 18.69
      vertex 71.4 125.4 18.69
      vertex 74.4808 122.319 18.69
    endloop
  endfacet
  facet normal 0 0 1
    outer loop
      vertex 74.75 122.526 18.69
      vertex 71.4 125.4 18.69
      vertex 74.6086 122.431 18.69
    endloop
  endfacet
  facet normal 0 0 1
    outer loop
      vertex 74.9025 122.601 18.69
      vertex 71.4 125.4 18.69
      vertex 74.75 122.526 18.69
    endloop
  endfacet
  facet normal -0 0 1
    outer loop
      vertex 76.6889 121.23 18.69
      vertex 79.4 117.4 18.69
      vertex 76.7 121.4 18.69
    endloop
  endfacet
  facet normal -0 0 1
    outer loop
      vertex 76.6557 121.064 18.69
      vertex 79.4 117.4 18.69
      vertex 76.6889 121.23 18.69
    endloop
  endfacet
  facet normal -0 0 1
    outer loop
      vertex 76.601 120.903 18.69
      vertex 79.4 117.4 18.69
      vertex 76.6557 121.064 18.69
    endloop
  endfacet
  facet normal -0 0 1
    outer loop
      vertex 76.5258 120.75 18.69
      vertex 79.4 117.4 18.69
      vertex 76.601 120.903 18.69
    endloop
  endfacet
  facet normal -0 0 1
    outer loop
      vertex 76.4314 120.609 18.69
      vertex 79.4 117.4 18.69
      vertex 76.5258 120.75 18.69
    endloop
  endfacet
  facet normal -0 0 1
    outer loop
      vertex 76.3192 120.481 18.69
      vertex 79.4 117.4 18.69
      vertex 76.4314 120.609 18.69
    endloop
  endfacet
  facet normal -0 0 1
    outer loop
      vertex 76.1914 120.369 18.69
      vertex 79.4 117.4 18.69
      vertex 76.3192 120.481 18.69
    endloop
  endfacet
  facet normal -0 0 1
    outer loop
      vertex 76.05 120.274 18.69
      vertex 79.4 117.4 18.69
      vertex 76.1914 120.369 18.69
    endloop
  endfacet
  facet normal -0 0 1
    outer loop
      vertex 75.8975 120.199 18.69
      vertex 79.4 117.4 18.69
      vertex 76.05 120.274 18.69
    endloop
  endfacet
  facet normal -0 0 1
    outer loop
      vertex 75.7365 120.144 18.69
      vertex 79.4 117.4 18.69
      vertex 75.8975 120.199 18.69
    endloop
  endfacet
  facet normal -0 0 1
    outer loop
      vertex 75.5697 120.111 18.69
      vertex 79.4 117.4 18.69
      vertex 75.7365 120.144 18.69
    endloop
  endfacet
  facet normal -0 0 1
    outer loop
      vertex 75.4 120.1 18.69
      vertex 79.4 117.4 18.69
      vertex 75.5697 120.111 18.69
    endloop
  endfacet
  facet normal 0 0 1
    outer loop
      vertex 71.4 117.4 18.69
      vertex 75.4 120.1 18.69
      vertex 75.2303 120.111 18.69
    endloop
  endfacet
  facet normal 0 0 1
    outer loop
      vertex 71.4 117.4 18.69
      vertex 75.2303 120.111 18.69
      vertex 75.0635 120.144 18.69
    endloop
  endfacet
  facet normal 0 0 1
    outer loop
      vertex 71.4 117.4 18.69
      vertex 75.0635 120.144 18.69
      vertex 74.9025 120.199 18.69
    endloop
  endfacet
  facet normal 0 0 1
    outer loop
      vertex 71.4 117.4 18.69
      vertex 74.9025 120.199 18.69
      vertex 74.75 120.274 18.69
    endloop
  endfacet
  facet normal 0 0 1
    outer loop
      vertex 71.4 117.4 18.69
      vertex 74.1 121.4 18.69
      vertex 71.4 125.4 18.69
    endloop
  endfacet
  facet normal 0 0 1
    outer loop
      vertex 74.1 121.4 18.69
      vertex 71.4 117.4 18.69
      vertex 74.1111 121.23 18.69
    endloop
  endfacet
  facet normal 0 0 1
    outer loop
      vertex 74.1111 121.23 18.69
      vertex 71.4 117.4 18.69
      vertex 74.1443 121.064 18.69
    endloop
  endfacet
  facet normal 0 0 1
    outer loop
      vertex 74.1443 121.064 18.69
      vertex 71.4 117.4 18.69
      vertex 74.199 120.903 18.69
    endloop
  endfacet
  facet normal 0 0 1
    outer loop
      vertex 75.4 120.1 18.69
      vertex 71.4 117.4 18.69
      vertex 79.4 117.4 18.69
    endloop
  endfacet
  facet normal 0 0 1
    outer loop
      vertex 74.6086 120.369 18.69
      vertex 71.4 117.4 18.69
      vertex 74.75 120.274 18.69
    endloop
  endfacet
  facet normal 0 0 1
    outer loop
      vertex 74.4808 120.481 18.69
      vertex 71.4 117.4 18.69
      vertex 74.6086 120.369 18.69
    endloop
  endfacet
  facet normal 0 0 1
    outer loop
      vertex 74.3686 120.609 18.69
      vertex 71.4 117.4 18.69
      vertex 74.4808 120.481 18.69
    endloop
  endfacet
  facet normal 0 0 1
    outer loop
      vertex 74.2742 120.75 18.69
      vertex 71.4 117.4 18.69
      vertex 74.3686 120.609 18.69
    endloop
  endfacet
  facet normal 0 0 1
    outer loop
      vertex 74.199 120.903 18.69
      vertex 71.4 117.4 18.69
      vertex 74.2742 120.75 18.69
    endloop
  endfacet
  facet normal -1 0 0
    outer loop
      vertex 71.4 117.4 17.39
      vertex 71.4 125.4 18.69
      vertex 71.4 125.4 17.39
    endloop
  endfacet
  facet normal -1 -0 0
    outer loop
      vertex 71.4 125.4 18.69
      vertex 71.4 117.4 17.39
      vertex 71.4 117.4 18.69
    endloop
  endfacet
  facet normal 1 -0 0
    outer loop
      vertex 11.4 69.9 6.39
      vertex 11.4 78.7 2.4
      vertex 11.4 78.7 6.39
    endloop
  endfacet
  facet normal 1 0 0
    outer loop
      vertex 11.4 78.7 2.4
      vertex 11.4 69.9 6.39
      vertex 11.4 69.9 2.4
    endloop
  endfacet
  facet normal 0 0 1
    outer loop
      vertex 11.4 78.7 6.39
      vertex 10.2 78.7 6.39
      vertex 11.4 69.9 6.39
    endloop
  endfacet
  facet normal -0 0 1
    outer loop
      vertex 11.4 69.9 6.39
      vertex 20.2 68.7 6.39
      vertex 20.2 69.9 6.39
    endloop
  endfacet
  facet normal 0 0 1
    outer loop
      vertex 11.4 69.9 6.39
      vertex 10.2 68.7 6.39
      vertex 20.2 68.7 6.39
    endloop
  endfacet
  facet normal 0 0 1
    outer loop
      vertex 10.2 68.7 6.39
      vertex 11.4 69.9 6.39
      vertex 10.2 78.7 6.39
    endloop
  endfacet
  facet normal -1 0 0
    outer loop
      vertex 10.2 68.7 2.4
      vertex 10.2 78.7 6.39
      vertex 10.2 78.7 2.4
    endloop
  endfacet
  facet normal -1 -0 0
    outer loop
      vertex 10.2 78.7 6.39
      vertex 10.2 68.7 2.4
      vertex 10.2 68.7 6.39
    endloop
  endfacet
  facet normal 0 1 -0
    outer loop
      vertex 11.4 78.7 2.4
      vertex 10.2 78.7 6.39
      vertex 11.4 78.7 6.39
    endloop
  endfacet
  facet normal 0 1 0
    outer loop
      vertex 10.2 78.7 6.39
      vertex 11.4 78.7 2.4
      vertex 10.2 78.7 2.4
    endloop
  endfacet
  facet normal 0 -1 0
    outer loop
      vertex 10.2 68.7 2.4
      vertex 20.2 68.7 6.39
      vertex 10.2 68.7 6.39
    endloop
  endfacet
  facet normal 0 -1 -0
    outer loop
      vertex 20.2 68.7 6.39
      vertex 10.2 68.7 2.4
      vertex 20.2 68.7 2.4
    endloop
  endfacet
  facet normal 1 -0 0
    outer loop
      vertex 20.2 68.7 6.39
      vertex 20.2 69.9 2.4
      vertex 20.2 69.9 6.39
    endloop
  endfacet
  facet normal 1 0 0
    outer loop
      vertex 20.2 69.9 2.4
      vertex 20.2 68.7 6.39
      vertex 20.2 68.7 2.4
    endloop
  endfacet
  facet normal 0 1 -0
    outer loop
      vertex 20.2 69.9 2.4
      vertex 11.4 69.9 6.39
      vertex 20.2 69.9 6.39
    endloop
  endfacet
  facet normal 0 1 0
    outer loop
      vertex 11.4 69.9 6.39
      vertex 20.2 69.9 2.4
      vertex 11.4 69.9 2.4
    endloop
  endfacet
  facet normal 1 -0 0
    outer loop
      vertex 67.6 68.7 6.39
      vertex 67.6 78.7 2.4
      vertex 67.6 78.7 6.39
    endloop
  endfacet
  facet normal 1 0 0
    outer loop
      vertex 67.6 78.7 2.4
      vertex 67.6 68.7 6.39
      vertex 67.6 68.7 2.4
    endloop
  endfacet
  facet normal 0 0 1
    outer loop
      vertex 66.4 69.9 6.39
      vertex 67.6 78.7 6.39
      vertex 66.4 78.7 6.39
    endloop
  endfacet
  facet normal 0 0 1
    outer loop
      vertex 67.6 78.7 6.39
      vertex 66.4 69.9 6.39
      vertex 67.6 68.7 6.39
    endloop
  endfacet
  facet normal 0 0 1
    outer loop
      vertex 57.6 68.7 6.39
      vertex 66.4 69.9 6.39
      vertex 57.6 69.9 6.39
    endloop
  endfacet
  facet normal 0 0 1
    outer loop
      vertex 66.4 69.9 6.39
      vertex 57.6 68.7 6.39
      vertex 67.6 68.7 6.39
    endloop
  endfacet
  facet normal -1 0 0
    outer loop
      vertex 66.4 69.9 2.4
      vertex 66.4 78.7 6.39
      vertex 66.4 78.7 2.4
    endloop
  endfacet
  facet normal -1 -0 0
    outer loop
      vertex 66.4 78.7 6.39
      vertex 66.4 69.9 2.4
      vertex 66.4 69.9 6.39
    endloop
  endfacet
  facet normal 0 1 -0
    outer loop
      vertex 67.6 78.7 2.4
      vertex 66.4 78.7 6.39
      vertex 67.6 78.7 6.39
    endloop
  endfacet
  facet normal 0 1 0
    outer loop
      vertex 66.4 78.7 6.39
      vertex 67.6 78.7 2.4
      vertex 66.4 78.7 2.4
    endloop
  endfacet
  facet normal 0 -1 0
    outer loop
      vertex 57.6 68.7 2.4
      vertex 67.6 68.7 6.39
      vertex 57.6 68.7 6.39
    endloop
  endfacet
  facet normal 0 -1 -0
    outer loop
      vertex 67.6 68.7 6.39
      vertex 57.6 68.7 2.4
      vertex 67.6 68.7 2.4
    endloop
  endfacet
  facet normal -1 0 0
    outer loop
      vertex 57.6 68.7 2.4
      vertex 57.6 69.9 6.39
      vertex 57.6 69.9 2.4
    endloop
  endfacet
  facet normal -1 -0 0
    outer loop
      vertex 57.6 69.9 6.39
      vertex 57.6 68.7 2.4
      vertex 57.6 68.7 6.39
    endloop
  endfacet
  facet normal 0 1 -0
    outer loop
      vertex 66.4 69.9 2.4
      vertex 57.6 69.9 6.39
      vertex 66.4 69.9 6.39
    endloop
  endfacet
  facet normal 0 1 0
    outer loop
      vertex 57.6 69.9 6.39
      vertex 66.4 69.9 2.4
      vertex 57.6 69.9 2.4
    endloop
  endfacet
  facet normal 1 -0 0
    outer loop
      vertex 11.4 122.1 6.39
      vertex 11.4 130.9 2.4
      vertex 11.4 130.9 6.39
    endloop
  endfacet
  facet normal 1 0 0
    outer loop
      vertex 11.4 130.9 2.4
      vertex 11.4 122.1 6.39
      vertex 11.4 122.1 2.4
    endloop
  endfacet
  facet normal 0 0 1
    outer loop
      vertex 20.2 132.1 6.39
      vertex 11.4 130.9 6.39
      vertex 20.2 130.9 6.39
    endloop
  endfacet
  facet normal -0 0 1
    outer loop
      vertex 10.2 132.1 6.39
      vertex 11.4 130.9 6.39
      vertex 20.2 132.1 6.39
    endloop
  endfacet
  facet normal 0 0 1
    outer loop
      vertex 10.2 122.1 6.39
      vertex 11.4 130.9 6.39
      vertex 10.2 132.1 6.39
    endloop
  endfacet
  facet normal 0 0 1
    outer loop
      vertex 11.4 130.9 6.39
      vertex 10.2 122.1 6.39
      vertex 11.4 122.1 6.39
    endloop
  endfacet
  facet normal -1 0 0
    outer loop
      vertex 10.2 131.813 2.4
      vertex 10.2 122.1 2.4
      vertex 10.2 131.813 5.39
    endloop
  endfacet
  facet normal -1 0 0
    outer loop
      vertex 10.2 131.813 5.39
      vertex 10.2 132.1 6.39
      vertex 10.2 132.1 5.39
    endloop
  endfacet
  facet normal -1 0 0
    outer loop
      vertex 10.2 122.1 6.39
      vertex 10.2 131.813 5.39
      vertex 10.2 122.1 2.4
    endloop
  endfacet
  facet normal -1 0 0
    outer loop
      vertex 10.2 131.813 5.39
      vertex 10.2 122.1 6.39
      vertex 10.2 132.1 6.39
    endloop
  endfacet
  facet normal 0 1 0
    outer loop
      vertex 20.2 132.1 6.39
      vertex 11.676 132.1 5.39
      vertex 10.2 132.1 6.39
    endloop
  endfacet
  facet normal 0 1 -0
    outer loop
      vertex 20.2 132.1 2.4
      vertex 11.676 132.1 5.39
      vertex 20.2 132.1 6.39
    endloop
  endfacet
  facet normal 0 1 0
    outer loop
      vertex 11.676 132.1 5.39
      vertex 20.2 132.1 2.4
      vertex 11.676 132.1 2.4
    endloop
  endfacet
  facet normal 0 1 0
    outer loop
      vertex 10.2 132.1 6.39
      vertex 11.676 132.1 5.39
      vertex 10.2 132.1 5.39
    endloop
  endfacet
  facet normal 0 -1 0
    outer loop
      vertex 10.2 122.1 2.4
      vertex 11.4 122.1 6.39
      vertex 10.2 122.1 6.39
    endloop
  endfacet
  facet normal 0 -1 -0
    outer loop
      vertex 11.4 122.1 6.39
      vertex 10.2 122.1 2.4
      vertex 11.4 122.1 2.4
    endloop
  endfacet
  facet normal 1 -0 0
    outer loop
      vertex 20.2 130.9 6.39
      vertex 20.2 132.1 2.4
      vertex 20.2 132.1 6.39
    endloop
  endfacet
  facet normal 1 0 0
    outer loop
      vertex 20.2 132.1 2.4
      vertex 20.2 130.9 6.39
      vertex 20.2 130.9 2.4
    endloop
  endfacet
  facet normal 0 -1 0
    outer loop
      vertex 11.4 130.9 2.4
      vertex 20.2 130.9 6.39
      vertex 11.4 130.9 6.39
    endloop
  endfacet
  facet normal 0 -1 -0
    outer loop
      vertex 20.2 130.9 6.39
      vertex 11.4 130.9 2.4
      vertex 20.2 130.9 2.4
    endloop
  endfacet
  facet normal 1 -0 0
    outer loop
      vertex 67.6 125.4 6.39
      vertex 67.6 132.1 2.4
      vertex 67.6 132.1 6.39
    endloop
  endfacet
  facet normal 1 0 0
    outer loop
      vertex 67.6 132.1 2.4
      vertex 67.6 125.4 6.39
      vertex 67.6 125.4 2.4
    endloop
  endfacet
  facet normal 0 0 1
    outer loop
      vertex 67.6 132.1 6.39
      vertex 66.4 130.9 6.39
      vertex 67.6 125.4 6.39
    endloop
  endfacet
  facet normal -0 0 1
    outer loop
      vertex 57.6 132.1 6.39
      vertex 66.4 130.9 6.39
      vertex 67.6 132.1 6.39
    endloop
  endfacet
  facet normal 0 0 1
    outer loop
      vertex 66.4 130.9 6.39
      vertex 57.6 132.1 6.39
      vertex 57.6 130.9 6.39
    endloop
  endfacet
  facet normal 0 0 1
    outer loop
      vertex 67.6 125.4 6.39
      vertex 66.4 130.9 6.39
      vertex 66.4 125.4 6.39
    endloop
  endfacet
  facet normal 0 1 -0
    outer loop
      vertex 67.6 132.1 2.4
      vertex 57.6 132.1 6.39
      vertex 67.6 132.1 6.39
    endloop
  endfacet
  facet normal 0 1 0
    outer loop
      vertex 57.6 132.1 6.39
      vertex 67.6 132.1 2.4
      vertex 57.6 132.1 2.4
    endloop
  endfacet
  facet normal -1 0 0
    outer loop
      vertex 57.6 130.9 2.4
      vertex 57.6 132.1 6.39
      vertex 57.6 132.1 2.4
    endloop
  endfacet
  facet normal -1 -0 0
    outer loop
      vertex 57.6 132.1 6.39
      vertex 57.6 130.9 2.4
      vertex 57.6 130.9 6.39
    endloop
  endfacet
  facet normal 0 -1 0
    outer loop
      vertex 57.6 130.9 2.4
      vertex 66.4 130.9 6.39
      vertex 57.6 130.9 6.39
    endloop
  endfacet
  facet normal 0 -1 -0
    outer loop
      vertex 66.4 130.9 6.39
      vertex 57.6 130.9 2.4
      vertex 66.4 130.9 2.4
    endloop
  endfacet
  facet normal 1 -0 0
    outer loop
      vertex 13.9 37.9 4.39
      vertex 13.9 46.7 2.4
      vertex 13.9 46.7 4.39
    endloop
  endfacet
  facet normal 1 0 0
    outer loop
      vertex 13.9 46.7 2.4
      vertex 13.9 37.9 4.39
      vertex 13.9 37.9 2.4
    endloop
  endfacet
  facet normal 0 0 1
    outer loop
      vertex 13.9 46.7 4.39
      vertex 12.7 46.7 4.39
      vertex 13.9 37.9 4.39
    endloop
  endfacet
  facet normal -0 0 1
    outer loop
      vertex 13.9 37.9 4.39
      vertex 22.7 36.7 4.39
      vertex 22.7 37.9 4.39
    endloop
  endfacet
  facet normal 0 0 1
    outer loop
      vertex 13.9 37.9 4.39
      vertex 12.7 36.7 4.39
      vertex 22.7 36.7 4.39
    endloop
  endfacet
  facet normal 0 0 1
    outer loop
      vertex 12.7 36.7 4.39
      vertex 13.9 37.9 4.39
      vertex 12.7 46.7 4.39
    endloop
  endfacet
  facet normal -1 0 0
    outer loop
      vertex 12.7 36.7 2.4
      vertex 12.7 46.7 4.39
      vertex 12.7 46.7 2.4
    endloop
  endfacet
  facet normal -1 -0 0
    outer loop
      vertex 12.7 46.7 4.39
      vertex 12.7 36.7 2.4
      vertex 12.7 36.7 4.39
    endloop
  endfacet
  facet normal 0 1 -0
    outer loop
      vertex 13.9 46.7 2.4
      vertex 12.7 46.7 4.39
      vertex 13.9 46.7 4.39
    endloop
  endfacet
  facet normal 0 1 0
    outer loop
      vertex 12.7 46.7 4.39
      vertex 13.9 46.7 2.4
      vertex 12.7 46.7 2.4
    endloop
  endfacet
  facet normal 0 -1 0
    outer loop
      vertex 12.7 36.7 2.4
      vertex 22.7 36.7 4.39
      vertex 12.7 36.7 4.39
    endloop
  endfacet
  facet normal 0 -1 -0
    outer loop
      vertex 22.7 36.7 4.39
      vertex 12.7 36.7 2.4
      vertex 22.7 36.7 2.4
    endloop
  endfacet
  facet normal 1 -0 0
    outer loop
      vertex 22.7 36.7 4.39
      vertex 22.7 37.9 2.4
      vertex 22.7 37.9 4.39
    endloop
  endfacet
  facet normal 1 0 0
    outer loop
      vertex 22.7 37.9 2.4
      vertex 22.7 36.7 4.39
      vertex 22.7 36.7 2.4
    endloop
  endfacet
  facet normal 0 1 -0
    outer loop
      vertex 22.7 37.9 2.4
      vertex 13.9 37.9 4.39
      vertex 22.7 37.9 4.39
    endloop
  endfacet
  facet normal 0 1 0
    outer loop
      vertex 13.9 37.9 4.39
      vertex 22.7 37.9 2.4
      vertex 13.9 37.9 2.4
    endloop
  endfacet
  facet normal 1 -0 0
    outer loop
      vertex 58.1 36.7 4.39
      vertex 58.1 46.7 2.4
      vertex 58.1 46.7 4.39
    endloop
  endfacet
  facet normal 1 0 0
    outer loop
      vertex 58.1 46.7 2.4
      vertex 58.1 36.7 4.39
      vertex 58.1 36.7 2.4
    endloop
  endfacet
  facet normal 0 0 1
    outer loop
      vertex 56.9 37.9 4.39
      vertex 58.1 46.7 4.39
      vertex 56.9 46.7 4.39
    endloop
  endfacet
  facet normal 0 0 1
    outer loop
      vertex 58.1 46.7 4.39
      vertex 56.9 37.9 4.39
      vertex 58.1 36.7 4.39
    endloop
  endfacet
  facet normal 0 0 1
    outer loop
      vertex 48.1 36.7 4.39
      vertex 56.9 37.9 4.39
      vertex 48.1 37.9 4.39
    endloop
  endfacet
  facet normal 0 0 1
    outer loop
      vertex 56.9 37.9 4.39
      vertex 48.1 36.7 4.39
      vertex 58.1 36.7 4.39
    endloop
  endfacet
  facet normal -1 0 0
    outer loop
      vertex 56.9 37.9 2.4
      vertex 56.9 46.7 4.39
      vertex 56.9 46.7 2.4
    endloop
  endfacet
  facet normal -1 -0 0
    outer loop
      vertex 56.9 46.7 4.39
      vertex 56.9 37.9 2.4
      vertex 56.9 37.9 4.39
    endloop
  endfacet
  facet normal 0 1 -0
    outer loop
      vertex 58.1 46.7 2.4
      vertex 56.9 46.7 4.39
      vertex 58.1 46.7 4.39
    endloop
  endfacet
  facet normal 0 1 0
    outer loop
      vertex 56.9 46.7 4.39
      vertex 58.1 46.7 2.4
      vertex 56.9 46.7 2.4
    endloop
  endfacet
  facet normal 0 -1 0
    outer loop
      vertex 48.1 36.7 2.4
      vertex 58.1 36.7 4.39
      vertex 48.1 36.7 4.39
    endloop
  endfacet
  facet normal 0 -1 -0
    outer loop
      vertex 58.1 36.7 4.39
      vertex 48.1 36.7 2.4
      vertex 58.1 36.7 2.4
    endloop
  endfacet
  facet normal -1 0 0
    outer loop
      vertex 48.1 36.7 2.4
      vertex 48.1 37.9 4.39
      vertex 48.1 37.9 2.4
    endloop
  endfacet
  facet normal -1 -0 0
    outer loop
      vertex 48.1 37.9 4.39
      vertex 48.1 36.7 2.4
      vertex 48.1 36.7 4.39
    endloop
  endfacet
  facet normal 0 1 -0
    outer loop
      vertex 56.9 37.9 2.4
      vertex 48.1 37.9 4.39
      vertex 56.9 37.9 4.39
    endloop
  endfacet
  facet normal 0 1 0
    outer loop
      vertex 48.1 37.9 4.39
      vertex 56.9 37.9 2.4
      vertex 48.1 37.9 2.4
    endloop
  endfacet
  facet normal 1 -0 0
    outer loop
      vertex 13.9 50.1 4.39
      vertex 13.9 58.9 2.4
      vertex 13.9 58.9 4.39
    endloop
  endfacet
  facet normal 1 0 0
    outer loop
      vertex 13.9 58.9 2.4
      vertex 13.9 50.1 4.39
      vertex 13.9 50.1 2.4
    endloop
  endfacet
  facet normal 0 0 1
    outer loop
      vertex 22.7 60.1 4.39
      vertex 13.9 58.9 4.39
      vertex 22.7 58.9 4.39
    endloop
  endfacet
  facet normal -0 0 1
    outer loop
      vertex 12.7 60.1 4.39
      vertex 13.9 58.9 4.39
      vertex 22.7 60.1 4.39
    endloop
  endfacet
  facet normal 0 0 1
    outer loop
      vertex 12.7 50.1 4.39
      vertex 13.9 58.9 4.39
      vertex 12.7 60.1 4.39
    endloop
  endfacet
  facet normal 0 0 1
    outer loop
      vertex 13.9 58.9 4.39
      vertex 12.7 50.1 4.39
      vertex 13.9 50.1 4.39
    endloop
  endfacet
  facet normal -1 0 0
    outer loop
      vertex 12.7 50.1 2.4
      vertex 12.7 60.1 4.39
      vertex 12.7 60.1 2.4
    endloop
  endfacet
  facet normal -1 -0 0
    outer loop
      vertex 12.7 60.1 4.39
      vertex 12.7 50.1 2.4
      vertex 12.7 50.1 4.39
    endloop
  endfacet
  facet normal 0 1 -0
    outer loop
      vertex 22.7 60.1 2.4
      vertex 12.7 60.1 4.39
      vertex 22.7 60.1 4.39
    endloop
  endfacet
  facet normal 0 1 0
    outer loop
      vertex 12.7 60.1 4.39
      vertex 22.7 60.1 2.4
      vertex 12.7 60.1 2.4
    endloop
  endfacet
  facet normal 0 -1 0
    outer loop
      vertex 12.7 50.1 2.4
      vertex 13.9 50.1 4.39
      vertex 12.7 50.1 4.39
    endloop
  endfacet
  facet normal 0 -1 -0
    outer loop
      vertex 13.9 50.1 4.39
      vertex 12.7 50.1 2.4
      vertex 13.9 50.1 2.4
    endloop
  endfacet
  facet normal 1 -0 0
    outer loop
      vertex 22.7 58.9 4.39
      vertex 22.7 60.1 2.4
      vertex 22.7 60.1 4.39
    endloop
  endfacet
  facet normal 1 0 0
    outer loop
      vertex 22.7 60.1 2.4
      vertex 22.7 58.9 4.39
      vertex 22.7 58.9 2.4
    endloop
  endfacet
  facet normal 0 -1 0
    outer loop
      vertex 13.9 58.9 2.4
      vertex 22.7 58.9 4.39
      vertex 13.9 58.9 4.39
    endloop
  endfacet
  facet normal 0 -1 -0
    outer loop
      vertex 22.7 58.9 4.39
      vertex 13.9 58.9 2.4
      vertex 22.7 58.9 2.4
    endloop
  endfacet
  facet normal 1 -0 0
    outer loop
      vertex 58.1 50.1 4.39
      vertex 58.1 60.1 2.4
      vertex 58.1 60.1 4.39
    endloop
  endfacet
  facet normal 1 0 0
    outer loop
      vertex 58.1 60.1 2.4
      vertex 58.1 50.1 4.39
      vertex 58.1 50.1 2.4
    endloop
  endfacet
  facet normal 0 0 1
    outer loop
      vertex 58.1 60.1 4.39
      vertex 56.9 58.9 4.39
      vertex 58.1 50.1 4.39
    endloop
  endfacet
  facet normal -0 0 1
    outer loop
      vertex 48.1 60.1 4.39
      vertex 56.9 58.9 4.39
      vertex 58.1 60.1 4.39
    endloop
  endfacet
  facet normal 0 0 1
    outer loop
      vertex 56.9 58.9 4.39
      vertex 48.1 60.1 4.39
      vertex 48.1 58.9 4.39
    endloop
  endfacet
  facet normal 0 0 1
    outer loop
      vertex 58.1 50.1 4.39
      vertex 56.9 58.9 4.39
      vertex 56.9 50.1 4.39
    endloop
  endfacet
  facet normal -1 0 0
    outer loop
      vertex 56.9 50.1 2.4
      vertex 56.9 58.9 4.39
      vertex 56.9 58.9 2.4
    endloop
  endfacet
  facet normal -1 -0 0
    outer loop
      vertex 56.9 58.9 4.39
      vertex 56.9 50.1 2.4
      vertex 56.9 50.1 4.39
    endloop
  endfacet
  facet normal 0 1 -0
    outer loop
      vertex 58.1 60.1 2.4
      vertex 48.1 60.1 4.39
      vertex 58.1 60.1 4.39
    endloop
  endfacet
  facet normal 0 1 0
    outer loop
      vertex 48.1 60.1 4.39
      vertex 58.1 60.1 2.4
      vertex 48.1 60.1 2.4
    endloop
  endfacet
  facet normal 0 -1 0
    outer loop
      vertex 56.9 50.1 2.4
      vertex 58.1 50.1 4.39
      vertex 56.9 50.1 4.39
    endloop
  endfacet
  facet normal 0 -1 -0
    outer loop
      vertex 58.1 50.1 4.39
      vertex 56.9 50.1 2.4
      vertex 58.1 50.1 2.4
    endloop
  endfacet
  facet normal -1 0 0
    outer loop
      vertex 48.1 58.9 2.4
      vertex 48.1 60.1 4.39
      vertex 48.1 60.1 2.4
    endloop
  endfacet
  facet normal -1 -0 0
    outer loop
      vertex 48.1 60.1 4.39
      vertex 48.1 58.9 2.4
      vertex 48.1 58.9 4.39
    endloop
  endfacet
  facet normal 0 -1 0
    outer loop
      vertex 48.1 58.9 2.4
      vertex 56.9 58.9 4.39
      vertex 48.1 58.9 4.39
    endloop
  endfacet
  facet normal 0 -1 -0
    outer loop
      vertex 56.9 58.9 4.39
      vertex 48.1 58.9 2.4
      vertex 56.9 58.9 2.4
    endloop
  endfacet
  facet normal 1 -0 0
    outer loop
      vertex 72.4 4.4 8.39
      vertex 72.4 18.4 2.4
      vertex 72.4 18.4 8.39
    endloop
  endfacet
  facet normal 1 0 0
    outer loop
      vertex 72.4 18.4 2.4
      vertex 72.4 4.4 8.39
      vertex 72.4 4.4 2.4
    endloop
  endfacet
  facet normal 0 0 1
    outer loop
      vertex 72.4 18.4 8.39
      vertex 71.2 17.2 8.39
      vertex 72.4 4.4 8.39
    endloop
  endfacet
  facet normal 0 0 1
    outer loop
      vertex 72.4 18.4 8.39
      vertex 43.6 17.2 8.39
      vertex 71.2 17.2 8.39
    endloop
  endfacet
  facet normal 0 0 1
    outer loop
      vertex 43.6 17.2 8.39
      vertex 42.4 18.4 8.39
      vertex 43.6 5.6 8.39
    endloop
  endfacet
  facet normal -0 0 1
    outer loop
      vertex 42.4 18.4 8.39
      vertex 43.6 17.2 8.39
      vertex 72.4 18.4 8.39
    endloop
  endfacet
  facet normal -0 0 1
    outer loop
      vertex 71.2 5.6 8.39
      vertex 72.4 4.4 8.39
      vertex 71.2 17.2 8.39
    endloop
  endfacet
  facet normal -0 0 1
    outer loop
      vertex 43.6 5.6 8.39
      vertex 72.4 4.4 8.39
      vertex 71.2 5.6 8.39
    endloop
  endfacet
  facet normal 0 0 1
    outer loop
      vertex 43.6 5.6 8.39
      vertex 42.4 4.4 8.39
      vertex 72.4 4.4 8.39
    endloop
  endfacet
  facet normal 0 0 1
    outer loop
      vertex 42.4 4.4 8.39
      vertex 43.6 5.6 8.39
      vertex 42.4 18.4 8.39
    endloop
  endfacet
  facet normal -1 0 0
    outer loop
      vertex 42.4 4.4 2.4
      vertex 42.4 18.4 8.39
      vertex 42.4 18.4 2.4
    endloop
  endfacet
  facet normal -1 -0 0
    outer loop
      vertex 42.4 18.4 8.39
      vertex 42.4 4.4 2.4
      vertex 42.4 4.4 8.39
    endloop
  endfacet
  facet normal 0 1 -0
    outer loop
      vertex 72.4 18.4 2.4
      vertex 42.4 18.4 8.39
      vertex 72.4 18.4 8.39
    endloop
  endfacet
  facet normal 0 1 0
    outer loop
      vertex 42.4 18.4 8.39
      vertex 72.4 18.4 2.4
      vertex 42.4 18.4 2.4
    endloop
  endfacet
  facet normal 0 -1 0
    outer loop
      vertex 42.4 4.4 2.4
      vertex 72.4 4.4 8.39
      vertex 42.4 4.4 8.39
    endloop
  endfacet
  facet normal 0 -1 -0
    outer loop
      vertex 72.4 4.4 8.39
      vertex 42.4 4.4 2.4
      vertex 72.4 4.4 2.4
    endloop
  endfacet
  facet normal -1 0 0
    outer loop
      vertex 71.2 5.6 2.4
      vertex 71.2 17.2 8.39
      vertex 71.2 17.2 2.4
    endloop
  endfacet
  facet normal -1 -0 0
    outer loop
      vertex 71.2 17.2 8.39
      vertex 71.2 5.6 2.4
      vertex 71.2 5.6 8.39
    endloop
  endfacet
  facet normal 1 -0 0
    outer loop
      vertex 43.6 5.6 8.39
      vertex 43.6 17.2 2.4
      vertex 43.6 17.2 8.39
    endloop
  endfacet
  facet normal 1 0 0
    outer loop
      vertex 43.6 17.2 2.4
      vertex 43.6 5.6 8.39
      vertex 43.6 5.6 2.4
    endloop
  endfacet
  facet normal 0 -1 0
    outer loop
      vertex 43.6 17.2 2.4
      vertex 71.2 17.2 8.39
      vertex 43.6 17.2 8.39
    endloop
  endfacet
  facet normal 0 -1 -0
    outer loop
      vertex 71.2 17.2 8.39
      vertex 43.6 17.2 2.4
      vertex 71.2 17.2 2.4
    endloop
  endfacet
  facet normal 0 1 -0
    outer loop
      vertex 71.2 5.6 2.4
      vertex 43.6 5.6 8.39
      vertex 71.2 5.6 8.39
    endloop
  endfacet
  facet normal 0 1 0
    outer loop
      vertex 43.6 5.6 8.39
      vertex 71.2 5.6 2.4
      vertex 43.6 5.6 2.4
    endloop
  endfacet
  facet normal 0.195072 -0.980789 0
    outer loop
      vertex 10.6526 5.04278 2.4
      vertex 11.2941 5.17037 5.39
      vertex 10.6526 5.04278 5.39
    endloop
  endfacet
  facet normal 0.195072 -0.980789 0
    outer loop
      vertex 11.2941 5.17037 5.39
      vertex 10.6526 5.04278 2.4
      vertex 11.2941 5.17037 2.4
    endloop
  endfacet
  facet normal 0.980786 0.195087 0
    outer loop
      vertex 14.9572 10.6526 5.39
      vertex 14.8296 11.2941 2.4
      vertex 14.8296 11.2941 5.39
    endloop
  endfacet
  facet normal 0.980786 0.195087 0
    outer loop
      vertex 14.8296 11.2941 2.4
      vertex 14.9572 10.6526 5.39
      vertex 14.9572 10.6526 2.4
    endloop
  endfacet
  facet normal 0.997856 0.0654432 0
    outer loop
      vertex 15 10 5.39
      vertex 14.9572 10.6526 2.4
      vertex 14.9572 10.6526 5.39
    endloop
  endfacet
  facet normal 0.997856 0.0654432 0
    outer loop
      vertex 14.9572 10.6526 2.4
      vertex 15 10 5.39
      vertex 15 10 2.4
    endloop
  endfacet
  facet normal -0.997858 -0.0654098 0
    outer loop
      vertex 5.04278 9.34737 2.4
      vertex 5 10 5.39
      vertex 5 10 2.4
    endloop
  endfacet
  facet normal -0.997858 -0.0654098 0
    outer loop
      vertex 5 10 5.39
      vertex 5.04278 9.34737 2.4
      vertex 5.04278 9.34737 5.39
    endloop
  endfacet
  facet normal -0.321438 -0.946931 0
    outer loop
      vertex 8.08658 5.3806 2.4
      vertex 8.7059 5.17037 5.39
      vertex 8.08658 5.3806 5.39
    endloop
  endfacet
  facet normal -0.321438 -0.946931 -0
    outer loop
      vertex 8.7059 5.17037 5.39
      vertex 8.08658 5.3806 2.4
      vertex 8.7059 5.17037 2.4
    endloop
  endfacet
  facet normal -0.195081 -0.980787 0
    outer loop
      vertex 8.7059 5.17037 2.4
      vertex 9.34737 5.04278 5.39
      vertex 8.7059 5.17037 5.39
    endloop
  endfacet
  facet normal -0.195081 -0.980787 -0
    outer loop
      vertex 9.34737 5.04278 5.39
      vertex 8.7059 5.17037 2.4
      vertex 9.34737 5.04278 2.4
    endloop
  endfacet
  facet normal 0.946944 -0.321397 0
    outer loop
      vertex 14.6194 8.08658 5.39
      vertex 14.8296 8.7059 2.4
      vertex 14.8296 8.7059 5.39
    endloop
  endfacet
  facet normal 0.946944 -0.321397 0
    outer loop
      vertex 14.8296 8.7059 2.4
      vertex 14.6194 8.08658 5.39
      vertex 14.6194 8.08658 2.4
    endloop
  endfacet
  facet normal -0.997858 0.0654128 0
    outer loop
      vertex 5 10 2.4
      vertex 5.04278 10.6526 5.39
      vertex 5.04278 10.6526 2.4
    endloop
  endfacet
  facet normal -0.997858 0.0654128 0
    outer loop
      vertex 5.04278 10.6526 5.39
      vertex 5 10 2.4
      vertex 5 10 5.39
    endloop
  endfacet
  facet normal -0.831466 0.555575 0
    outer loop
      vertex 5.66987 12.5 2.4
      vertex 6.03323 13.0438 5.39
      vertex 6.03323 13.0438 2.4
    endloop
  endfacet
  facet normal -0.831466 0.555575 0
    outer loop
      vertex 6.03323 13.0438 5.39
      vertex 5.66987 12.5 2.4
      vertex 5.66987 12.5 5.39
    endloop
  endfacet
  facet normal 0.980784 -0.195096 0
    outer loop
      vertex 14.8296 8.7059 5.39
      vertex 14.9572 9.34737 2.4
      vertex 14.9572 9.34737 5.39
    endloop
  endfacet
  facet normal 0.980784 -0.195096 0
    outer loop
      vertex 14.9572 9.34737 2.4
      vertex 14.8296 8.7059 5.39
      vertex 14.8296 8.7059 2.4
    endloop
  endfacet
  facet normal -0.555568 -0.831471 0
    outer loop
      vertex 6.95619 6.03323 2.4
      vertex 7.5 5.66987 5.39
      vertex 6.95619 6.03323 5.39
    endloop
  endfacet
  facet normal -0.555568 -0.831471 -0
    outer loop
      vertex 7.5 5.66987 5.39
      vertex 6.95619 6.03323 2.4
      vertex 7.5 5.66987 2.4
    endloop
  endfacet
  facet normal 0.659372 -0.751817 0
    outer loop
      vertex 13.0438 6.03323 2.4
      vertex 13.5355 6.46447 5.39
      vertex 13.0438 6.03323 5.39
    endloop
  endfacet
  facet normal 0.659372 -0.751817 0
    outer loop
      vertex 13.5355 6.46447 5.39
      vertex 13.0438 6.03323 2.4
      vertex 13.5355 6.46447 2.4
    endloop
  endfacet
  facet normal -0.980787 -0.195081 0
    outer loop
      vertex 5.17037 8.7059 2.4
      vertex 5.04278 9.34737 5.39
      vertex 5.04278 9.34737 2.4
    endloop
  endfacet
  facet normal -0.980787 -0.195081 0
    outer loop
      vertex 5.04278 9.34737 5.39
      vertex 5.17037 8.7059 2.4
      vertex 5.17037 8.7059 5.39
    endloop
  endfacet
  facet normal 0.831509 0.555512 0
    outer loop
      vertex 14.3301 12.5 5.39
      vertex 13.9668 13.0438 2.4
      vertex 13.9668 13.0438 5.39
    endloop
  endfacet
  facet normal 0.831509 0.555512 0
    outer loop
      vertex 13.9668 13.0438 2.4
      vertex 14.3301 12.5 5.39
      vertex 14.3301 12.5 2.4
    endloop
  endfacet
  facet normal -0.75183 -0.659357 0
    outer loop
      vertex 6.46447 6.46447 2.4
      vertex 6.03323 6.95619 5.39
      vertex 6.03323 6.95619 2.4
    endloop
  endfacet
  facet normal -0.75183 -0.659357 0
    outer loop
      vertex 6.03323 6.95619 5.39
      vertex 6.46447 6.46447 2.4
      vertex 6.46447 6.46447 5.39
    endloop
  endfacet
  facet normal -0.555504 0.831514 0
    outer loop
      vertex 7.5 14.3301 2.4
      vertex 6.95619 13.9668 5.39
      vertex 7.5 14.3301 5.39
    endloop
  endfacet
  facet normal -0.555504 0.831514 0
    outer loop
      vertex 6.95619 13.9668 5.39
      vertex 7.5 14.3301 2.4
      vertex 6.95619 13.9668 2.4
    endloop
  endfacet
  facet normal 0.659424 0.751771 -0
    outer loop
      vertex 13.5355 13.5355 2.4
      vertex 13.0438 13.9668 5.39
      vertex 13.5355 13.5355 5.39
    endloop
  endfacet
  facet normal 0.659424 0.751771 0
    outer loop
      vertex 13.0438 13.9668 5.39
      vertex 13.5355 13.5355 2.4
      vertex 13.0438 13.9668 2.4
    endloop
  endfacet
  facet normal 0.442314 0.89686 -0
    outer loop
      vertex 12.5 14.3301 2.4
      vertex 11.9134 14.6194 5.39
      vertex 12.5 14.3301 5.39
    endloop
  endfacet
  facet normal 0.442314 0.89686 0
    outer loop
      vertex 11.9134 14.6194 5.39
      vertex 12.5 14.3301 2.4
      vertex 11.9134 14.6194 2.4
    endloop
  endfacet
  facet normal 0.896854 -0.442327 0
    outer loop
      vertex 14.3301 7.5 5.39
      vertex 14.6194 8.08658 2.4
      vertex 14.6194 8.08658 5.39
    endloop
  endfacet
  facet normal 0.896854 -0.442327 0
    outer loop
      vertex 14.6194 8.08658 2.4
      vertex 14.3301 7.5 5.39
      vertex 14.3301 7.5 2.4
    endloop
  endfacet
  facet normal 0.997856 -0.0654402 0
    outer loop
      vertex 14.9572 9.34737 5.39
      vertex 15 10 2.4
      vertex 15 10 5.39
    endloop
  endfacet
  facet normal 0.997856 -0.0654402 0
    outer loop
      vertex 15 10 2.4
      vertex 14.9572 9.34737 5.39
      vertex 14.9572 9.34737 2.4
    endloop
  endfacet
  facet normal -0.751817 0.659372 0
    outer loop
      vertex 6.03323 13.0438 2.4
      vertex 6.46447 13.5355 5.39
      vertex 6.46447 13.5355 2.4
    endloop
  endfacet
  facet normal -0.751817 0.659372 0
    outer loop
      vertex 6.46447 13.5355 5.39
      vertex 6.03323 13.0438 2.4
      vertex 6.03323 13.0438 5.39
    endloop
  endfacet
  facet normal 0.555512 0.831509 -0
    outer loop
      vertex 13.0438 13.9668 2.4
      vertex 12.5 14.3301 5.39
      vertex 13.0438 13.9668 5.39
    endloop
  endfacet
  facet normal 0.555512 0.831509 0
    outer loop
      vertex 12.5 14.3301 5.39
      vertex 13.0438 13.9668 2.4
      vertex 12.5 14.3301 2.4
    endloop
  endfacet
  facet normal -0.946927 0.321448 0
    outer loop
      vertex 5.17037 11.2941 2.4
      vertex 5.3806 11.9134 5.39
      vertex 5.3806 11.9134 2.4
    endloop
  endfacet
  facet normal -0.946927 0.321448 0
    outer loop
      vertex 5.3806 11.9134 5.39
      vertex 5.17037 11.2941 2.4
      vertex 5.17037 11.2941 5.39
    endloop
  endfacet
  facet normal -0.831471 -0.555568 0
    outer loop
      vertex 6.03323 6.95619 2.4
      vertex 5.66987 7.5 5.39
      vertex 5.66987 7.5 2.4
    endloop
  endfacet
  facet normal -0.831471 -0.555568 0
    outer loop
      vertex 5.66987 7.5 5.39
      vertex 6.03323 6.95619 2.4
      vertex 6.03323 6.95619 5.39
    endloop
  endfacet
  facet normal 0.0654432 0.997856 -0
    outer loop
      vertex 10.6526 14.9572 2.4
      vertex 10 15 5.39
      vertex 10.6526 14.9572 5.39
    endloop
  endfacet
  facet normal 0.0654432 0.997856 0
    outer loop
      vertex 10 15 5.39
      vertex 10.6526 14.9572 2.4
      vertex 10 15 2.4
    endloop
  endfacet
  facet normal 0.321448 -0.946927 0
    outer loop
      vertex 11.2941 5.17037 2.4
      vertex 11.9134 5.3806 5.39
      vertex 11.2941 5.17037 5.39
    endloop
  endfacet
  facet normal 0.321448 -0.946927 0
    outer loop
      vertex 11.9134 5.3806 5.39
      vertex 11.2941 5.17037 2.4
      vertex 11.9134 5.3806 2.4
    endloop
  endfacet
  facet normal -0.896872 -0.44229 0
    outer loop
      vertex 5.66987 7.5 2.4
      vertex 5.3806 8.08658 5.39
      vertex 5.3806 8.08658 2.4
    endloop
  endfacet
  facet normal -0.896872 -0.44229 0
    outer loop
      vertex 5.3806 8.08658 5.39
      vertex 5.66987 7.5 2.4
      vertex 5.66987 7.5 5.39
    endloop
  endfacet
  facet normal 0.555575 -0.831466 0
    outer loop
      vertex 12.5 5.66987 2.4
      vertex 13.0438 6.03323 5.39
      vertex 12.5 5.66987 5.39
    endloop
  endfacet
  facet normal 0.555575 -0.831466 0
    outer loop
      vertex 13.0438 6.03323 5.39
      vertex 12.5 5.66987 2.4
      vertex 13.0438 6.03323 2.4
    endloop
  endfacet
  facet normal 0 0 1
    outer loop
      vertex 14.9572 10.6526 5.39
      vertex 14.9572 9.34737 5.39
      vertex 15 10 5.39
    endloop
  endfacet
  facet normal 0 0 1
    outer loop
      vertex 14.8296 11.2941 5.39
      vertex 14.9572 9.34737 5.39
      vertex 14.9572 10.6526 5.39
    endloop
  endfacet
  facet normal 0 0 1
    outer loop
      vertex 14.8296 11.2941 5.39
      vertex 14.8296 8.7059 5.39
      vertex 14.9572 9.34737 5.39
    endloop
  endfacet
  facet normal 0 0 1
    outer loop
      vertex 14.6194 11.9134 5.39
      vertex 14.8296 8.7059 5.39
      vertex 14.8296 11.2941 5.39
    endloop
  endfacet
  facet normal 0 0 1
    outer loop
      vertex 14.6194 11.9134 5.39
      vertex 14.6194 8.08658 5.39
      vertex 14.8296 8.7059 5.39
    endloop
  endfacet
  facet normal 0 0 1
    outer loop
      vertex 14.3301 12.5 5.39
      vertex 14.6194 8.08658 5.39
      vertex 14.6194 11.9134 5.39
    endloop
  endfacet
  facet normal 0 0 1
    outer loop
      vertex 14.3301 12.5 5.39
      vertex 14.3301 7.5 5.39
      vertex 14.6194 8.08658 5.39
    endloop
  endfacet
  facet normal 0 0 1
    outer loop
      vertex 13.9668 13.0438 5.39
      vertex 14.3301 7.5 5.39
      vertex 14.3301 12.5 5.39
    endloop
  endfacet
  facet normal 0 0 1
    outer loop
      vertex 13.9668 13.0438 5.39
      vertex 13.9668 6.95619 5.39
      vertex 14.3301 7.5 5.39
    endloop
  endfacet
  facet normal 0 0 1
    outer loop
      vertex 13.5355 13.5355 5.39
      vertex 13.9668 6.95619 5.39
      vertex 13.9668 13.0438 5.39
    endloop
  endfacet
  facet normal 0 0 1
    outer loop
      vertex 13.5355 13.5355 5.39
      vertex 13.5355 6.46447 5.39
      vertex 13.9668 6.95619 5.39
    endloop
  endfacet
  facet normal 0 0 1
    outer loop
      vertex 13.0438 13.9668 5.39
      vertex 13.5355 6.46447 5.39
      vertex 13.5355 13.5355 5.39
    endloop
  endfacet
  facet normal 0 0 1
    outer loop
      vertex 13.0438 13.9668 5.39
      vertex 13.0438 6.03323 5.39
      vertex 13.5355 6.46447 5.39
    endloop
  endfacet
  facet normal 0 0 1
    outer loop
      vertex 12.5 14.3301 5.39
      vertex 13.0438 6.03323 5.39
      vertex 13.0438 13.9668 5.39
    endloop
  endfacet
  facet normal 0 0 1
    outer loop
      vertex 12.5 14.3301 5.39
      vertex 12.5 5.66987 5.39
      vertex 13.0438 6.03323 5.39
    endloop
  endfacet
  facet normal 0 0 1
    outer loop
      vertex 11.9134 14.6194 5.39
      vertex 12.5 5.66987 5.39
      vertex 12.5 14.3301 5.39
    endloop
  endfacet
  facet normal 0 0 1
    outer loop
      vertex 11.9134 14.6194 5.39
      vertex 11.9134 5.3806 5.39
      vertex 12.5 5.66987 5.39
    endloop
  endfacet
  facet normal 0 0 1
    outer loop
      vertex 11.2941 14.8296 5.39
      vertex 11.9134 5.3806 5.39
      vertex 11.9134 14.6194 5.39
    endloop
  endfacet
  facet normal 0 0 1
    outer loop
      vertex 11.2941 14.8296 5.39
      vertex 11.2941 5.17037 5.39
      vertex 11.9134 5.3806 5.39
    endloop
  endfacet
  facet normal 0 0 1
    outer loop
      vertex 10.6526 14.9572 5.39
      vertex 11.2941 5.17037 5.39
      vertex 11.2941 14.8296 5.39
    endloop
  endfacet
  facet normal 0 0 1
    outer loop
      vertex 10.6526 14.9572 5.39
      vertex 10.6526 5.04278 5.39
      vertex 11.2941 5.17037 5.39
    endloop
  endfacet
  facet normal 0 0 1
    outer loop
      vertex 10 15 5.39
      vertex 10.6526 5.04278 5.39
      vertex 10.6526 14.9572 5.39
    endloop
  endfacet
  facet normal 0 0 1
    outer loop
      vertex 10 15 5.39
      vertex 10 5 5.39
      vertex 10.6526 5.04278 5.39
    endloop
  endfacet
  facet normal -0 0 1
    outer loop
      vertex 9.34737 14.9572 5.39
      vertex 10 5 5.39
      vertex 10 15 5.39
    endloop
  endfacet
  facet normal 0 0 1
    outer loop
      vertex 9.34737 14.9572 5.39
      vertex 9.34737 5.04278 5.39
      vertex 10 5 5.39
    endloop
  endfacet
  facet normal -0 0 1
    outer loop
      vertex 8.7059 14.8296 5.39
      vertex 9.34737 5.04278 5.39
      vertex 9.34737 14.9572 5.39
    endloop
  endfacet
  facet normal 0 0 1
    outer loop
      vertex 8.7059 14.8296 5.39
      vertex 8.7059 5.17037 5.39
      vertex 9.34737 5.04278 5.39
    endloop
  endfacet
  facet normal -0 0 1
    outer loop
      vertex 8.08658 14.6194 5.39
      vertex 8.7059 5.17037 5.39
      vertex 8.7059 14.8296 5.39
    endloop
  endfacet
  facet normal 0 0 1
    outer loop
      vertex 8.08658 14.6194 5.39
      vertex 8.08658 5.3806 5.39
      vertex 8.7059 5.17037 5.39
    endloop
  endfacet
  facet normal -0 0 1
    outer loop
      vertex 7.5 14.3301 5.39
      vertex 8.08658 5.3806 5.39
      vertex 8.08658 14.6194 5.39
    endloop
  endfacet
  facet normal 0 0 1
    outer loop
      vertex 7.5 14.3301 5.39
      vertex 7.5 5.66987 5.39
      vertex 8.08658 5.3806 5.39
    endloop
  endfacet
  facet normal -0 0 1
    outer loop
      vertex 6.95619 13.9668 5.39
      vertex 7.5 5.66987 5.39
      vertex 7.5 14.3301 5.39
    endloop
  endfacet
  facet normal 0 0 1
    outer loop
      vertex 6.95619 13.9668 5.39
      vertex 6.95619 6.03323 5.39
      vertex 7.5 5.66987 5.39
    endloop
  endfacet
  facet normal -0 0 1
    outer loop
      vertex 6.46447 13.5355 5.39
      vertex 6.95619 6.03323 5.39
      vertex 6.95619 13.9668 5.39
    endloop
  endfacet
  facet normal 0 0 1
    outer loop
      vertex 6.46447 13.5355 5.39
      vertex 6.46447 6.46447 5.39
      vertex 6.95619 6.03323 5.39
    endloop
  endfacet
  facet normal -0 0 1
    outer loop
      vertex 6.03323 13.0438 5.39
      vertex 6.46447 6.46447 5.39
      vertex 6.46447 13.5355 5.39
    endloop
  endfacet
  facet normal 0 0 1
    outer loop
      vertex 6.03323 13.0438 5.39
      vertex 6.03323 6.95619 5.39
      vertex 6.46447 6.46447 5.39
    endloop
  endfacet
  facet normal -0 0 1
    outer loop
      vertex 5.66987 12.5 5.39
      vertex 6.03323 6.95619 5.39
      vertex 6.03323 13.0438 5.39
    endloop
  endfacet
  facet normal 0 0 1
    outer loop
      vertex 5.66987 12.5 5.39
      vertex 5.66987 7.5 5.39
      vertex 6.03323 6.95619 5.39
    endloop
  endfacet
  facet normal -0 0 1
    outer loop
      vertex 5.3806 11.9134 5.39
      vertex 5.66987 7.5 5.39
      vertex 5.66987 12.5 5.39
    endloop
  endfacet
  facet normal 0 0 1
    outer loop
      vertex 5.3806 11.9134 5.39
      vertex 5.3806 8.08658 5.39
      vertex 5.66987 7.5 5.39
    endloop
  endfacet
  facet normal -0 0 1
    outer loop
      vertex 5.17037 11.2941 5.39
      vertex 5.3806 8.08658 5.39
      vertex 5.3806 11.9134 5.39
    endloop
  endfacet
  facet normal 0 0 1
    outer loop
      vertex 5.17037 11.2941 5.39
      vertex 5.17037 8.7059 5.39
      vertex 5.3806 8.08658 5.39
    endloop
  endfacet
  facet normal -0 0 1
    outer loop
      vertex 5.04278 10.6526 5.39
      vertex 5.17037 8.7059 5.39
      vertex 5.17037 11.2941 5.39
    endloop
  endfacet
  facet normal 0 0 1
    outer loop
      vertex 5.04278 10.6526 5.39
      vertex 5.04278 9.34737 5.39
      vertex 5.17037 8.7059 5.39
    endloop
  endfacet
  facet normal 0 -0 1
    outer loop
      vertex 5.04278 9.34737 5.39
      vertex 5.04278 10.6526 5.39
      vertex 5 10 5.39
    endloop
  endfacet
  facet normal -0.195096 0.980784 0
    outer loop
      vertex 9.34737 14.9572 2.4
      vertex 8.7059 14.8296 5.39
      vertex 9.34737 14.9572 5.39
    endloop
  endfacet
  facet normal -0.195096 0.980784 0
    outer loop
      vertex 8.7059 14.8296 5.39
      vertex 9.34737 14.9572 2.4
      vertex 8.7059 14.8296 2.4
    endloop
  endfacet
  facet normal -0.442327 0.896854 0
    outer loop
      vertex 8.08658 14.6194 2.4
      vertex 7.5 14.3301 5.39
      vertex 8.08658 14.6194 5.39
    endloop
  endfacet
  facet normal -0.442327 0.896854 0
    outer loop
      vertex 7.5 14.3301 5.39
      vertex 8.08658 14.6194 2.4
      vertex 7.5 14.3301 2.4
    endloop
  endfacet
  facet normal -0.0654402 0.997856 0
    outer loop
      vertex 10 15 2.4
      vertex 9.34737 14.9572 5.39
      vertex 10 15 5.39
    endloop
  endfacet
  facet normal -0.0654402 0.997856 0
    outer loop
      vertex 9.34737 14.9572 5.39
      vertex 10 15 2.4
      vertex 9.34737 14.9572 2.4
    endloop
  endfacet
  facet normal 0.195087 0.980786 -0
    outer loop
      vertex 11.2941 14.8296 2.4
      vertex 10.6526 14.9572 5.39
      vertex 11.2941 14.8296 5.39
    endloop
  endfacet
  facet normal 0.195087 0.980786 0
    outer loop
      vertex 10.6526 14.9572 5.39
      vertex 11.2941 14.8296 2.4
      vertex 10.6526 14.9572 2.4
    endloop
  endfacet
  facet normal -0.659357 -0.75183 0
    outer loop
      vertex 6.46447 6.46447 2.4
      vertex 6.95619 6.03323 5.39
      vertex 6.46447 6.46447 5.39
    endloop
  endfacet
  facet normal -0.659357 -0.75183 -0
    outer loop
      vertex 6.95619 6.03323 5.39
      vertex 6.46447 6.46447 2.4
      vertex 6.95619 6.03323 2.4
    endloop
  endfacet
  facet normal 0.751784 -0.659409 0
    outer loop
      vertex 13.5355 6.46447 5.39
      vertex 13.9668 6.95619 2.4
      vertex 13.9668 6.95619 5.39
    endloop
  endfacet
  facet normal 0.751784 -0.659409 0
    outer loop
      vertex 13.9668 6.95619 2.4
      vertex 13.5355 6.46447 5.39
      vertex 13.5355 6.46447 2.4
    endloop
  endfacet
  facet normal 0.321407 0.946941 -0
    outer loop
      vertex 11.9134 14.6194 2.4
      vertex 11.2941 14.8296 5.39
      vertex 11.9134 14.6194 5.39
    endloop
  endfacet
  facet normal 0.321407 0.946941 0
    outer loop
      vertex 11.2941 14.8296 5.39
      vertex 11.9134 14.6194 2.4
      vertex 11.2941 14.8296 2.4
    endloop
  endfacet
  facet normal -0.946931 -0.321438 0
    outer loop
      vertex 5.3806 8.08658 2.4
      vertex 5.17037 8.7059 5.39
      vertex 5.17037 8.7059 2.4
    endloop
  endfacet
  facet normal -0.946931 -0.321438 0
    outer loop
      vertex 5.17037 8.7059 5.39
      vertex 5.3806 8.08658 2.4
      vertex 5.3806 8.08658 5.39
    endloop
  endfacet
  facet normal 0.831514 -0.555504 0
    outer loop
      vertex 13.9668 6.95619 5.39
      vertex 14.3301 7.5 2.4
      vertex 14.3301 7.5 5.39
    endloop
  endfacet
  facet normal 0.831514 -0.555504 0
    outer loop
      vertex 14.3301 7.5 2.4
      vertex 13.9668 6.95619 5.39
      vertex 13.9668 6.95619 2.4
    endloop
  endfacet
  facet normal -0.980789 0.195072 0
    outer loop
      vertex 5.04278 10.6526 2.4
      vertex 5.17037 11.2941 5.39
      vertex 5.17037 11.2941 2.4
    endloop
  endfacet
  facet normal -0.980789 0.195072 0
    outer loop
      vertex 5.17037 11.2941 5.39
      vertex 5.04278 10.6526 2.4
      vertex 5.04278 10.6526 5.39
    endloop
  endfacet
  facet normal 0.89686 0.442314 0
    outer loop
      vertex 14.6194 11.9134 5.39
      vertex 14.3301 12.5 2.4
      vertex 14.3301 12.5 5.39
    endloop
  endfacet
  facet normal 0.89686 0.442314 0
    outer loop
      vertex 14.3301 12.5 2.4
      vertex 14.6194 11.9134 5.39
      vertex 14.6194 11.9134 2.4
    endloop
  endfacet
  facet normal 0.0654128 -0.997858 0
    outer loop
      vertex 10 5 2.4
      vertex 10.6526 5.04278 5.39
      vertex 10 5 5.39
    endloop
  endfacet
  facet normal 0.0654128 -0.997858 0
    outer loop
      vertex 10.6526 5.04278 5.39
      vertex 10 5 2.4
      vertex 10.6526 5.04278 2.4
    endloop
  endfacet
  facet normal 0.751771 0.659424 0
    outer loop
      vertex 13.9668 13.0438 5.39
      vertex 13.5355 13.5355 2.4
      vertex 13.5355 13.5355 5.39
    endloop
  endfacet
  facet normal 0.751771 0.659424 0
    outer loop
      vertex 13.5355 13.5355 2.4
      vertex 13.9668 13.0438 5.39
      vertex 13.9668 13.0438 2.4
    endloop
  endfacet
  facet normal 0.946941 0.321407 0
    outer loop
      vertex 14.8296 11.2941 5.39
      vertex 14.6194 11.9134 2.4
      vertex 14.6194 11.9134 5.39
    endloop
  endfacet
  facet normal 0.946941 0.321407 0
    outer loop
      vertex 14.6194 11.9134 2.4
      vertex 14.8296 11.2941 5.39
      vertex 14.8296 11.2941 2.4
    endloop
  endfacet
  facet normal -0.44229 -0.896872 0
    outer loop
      vertex 7.5 5.66987 2.4
      vertex 8.08658 5.3806 5.39
      vertex 7.5 5.66987 5.39
    endloop
  endfacet
  facet normal -0.44229 -0.896872 -0
    outer loop
      vertex 8.08658 5.3806 5.39
      vertex 7.5 5.66987 2.4
      vertex 8.08658 5.3806 2.4
    endloop
  endfacet
  facet normal -0.896878 0.442277 0
    outer loop
      vertex 5.3806 11.9134 2.4
      vertex 5.66987 12.5 5.39
      vertex 5.66987 12.5 2.4
    endloop
  endfacet
  facet normal -0.896878 0.442277 0
    outer loop
      vertex 5.66987 12.5 5.39
      vertex 5.3806 11.9134 2.4
      vertex 5.3806 11.9134 5.39
    endloop
  endfacet
  facet normal -0.321397 0.946944 0
    outer loop
      vertex 8.7059 14.8296 2.4
      vertex 8.08658 14.6194 5.39
      vertex 8.7059 14.8296 5.39
    endloop
  endfacet
  facet normal -0.321397 0.946944 0
    outer loop
      vertex 8.08658 14.6194 5.39
      vertex 8.7059 14.8296 2.4
      vertex 8.08658 14.6194 2.4
    endloop
  endfacet
  facet normal 0.442277 -0.896878 0
    outer loop
      vertex 11.9134 5.3806 2.4
      vertex 12.5 5.66987 5.39
      vertex 11.9134 5.3806 5.39
    endloop
  endfacet
  facet normal 0.442277 -0.896878 0
    outer loop
      vertex 12.5 5.66987 5.39
      vertex 11.9134 5.3806 2.4
      vertex 12.5 5.66987 2.4
    endloop
  endfacet
  facet normal -0.659409 0.751784 0
    outer loop
      vertex 6.95619 13.9668 2.4
      vertex 6.46447 13.5355 5.39
      vertex 6.95619 13.9668 5.39
    endloop
  endfacet
  facet normal -0.659409 0.751784 0
    outer loop
      vertex 6.46447 13.5355 5.39
      vertex 6.95619 13.9668 2.4
      vertex 6.46447 13.5355 2.4
    endloop
  endfacet
  facet normal -0.0654098 -0.997858 0
    outer loop
      vertex 9.34737 5.04278 2.4
      vertex 10 5 5.39
      vertex 9.34737 5.04278 5.39
    endloop
  endfacet
  facet normal -0.0654098 -0.997858 -0
    outer loop
      vertex 10 5 5.39
      vertex 9.34737 5.04278 2.4
      vertex 10 5 2.4
    endloop
  endfacet
  facet normal 0.751784 -0.659409 0
    outer loop
      vertex 96.3355 6.46447 5.39
      vertex 96.7668 6.95619 2.4
      vertex 96.7668 6.95619 5.39
    endloop
  endfacet
  facet normal 0.751784 -0.659409 0
    outer loop
      vertex 96.7668 6.95619 2.4
      vertex 96.3355 6.46447 5.39
      vertex 96.3355 6.46447 2.4
    endloop
  endfacet
  facet normal 0.980786 0.195087 0
    outer loop
      vertex 97.7572 10.6526 5.39
      vertex 97.6296 11.2941 2.4
      vertex 97.6296 11.2941 5.39
    endloop
  endfacet
  facet normal 0.980786 0.195087 0
    outer loop
      vertex 97.6296 11.2941 2.4
      vertex 97.7572 10.6526 5.39
      vertex 97.7572 10.6526 2.4
    endloop
  endfacet
  facet normal 0.997856 0.0654432 0
    outer loop
      vertex 97.8 10 5.39
      vertex 97.7572 10.6526 2.4
      vertex 97.7572 10.6526 5.39
    endloop
  endfacet
  facet normal 0.997856 0.0654432 0
    outer loop
      vertex 97.7572 10.6526 2.4
      vertex 97.8 10 5.39
      vertex 97.8 10 2.4
    endloop
  endfacet
  facet normal 0.946941 0.321407 0
    outer loop
      vertex 97.6296 11.2941 5.39
      vertex 97.4194 11.9134 2.4
      vertex 97.4194 11.9134 5.39
    endloop
  endfacet
  facet normal 0.946941 0.321407 0
    outer loop
      vertex 97.4194 11.9134 2.4
      vertex 97.6296 11.2941 5.39
      vertex 97.6296 11.2941 2.4
    endloop
  endfacet
  facet normal -0.946941 0.321407 0
    outer loop
      vertex 87.9704 11.2941 2.4
      vertex 88.1806 11.9134 5.39
      vertex 88.1806 11.9134 2.4
    endloop
  endfacet
  facet normal -0.946941 0.321407 0
    outer loop
      vertex 88.1806 11.9134 5.39
      vertex 87.9704 11.2941 2.4
      vertex 87.9704 11.2941 5.39
    endloop
  endfacet
  facet normal 0.442314 0.89686 -0
    outer loop
      vertex 95.3 14.3301 2.4
      vertex 94.7134 14.6194 5.39
      vertex 95.3 14.3301 5.39
    endloop
  endfacet
  facet normal 0.442314 0.89686 0
    outer loop
      vertex 94.7134 14.6194 5.39
      vertex 95.3 14.3301 2.4
      vertex 94.7134 14.6194 2.4
    endloop
  endfacet
  facet normal 0.321448 -0.946927 0
    outer loop
      vertex 94.0941 5.17037 2.4
      vertex 94.7134 5.3806 5.39
      vertex 94.0941 5.17037 5.39
    endloop
  endfacet
  facet normal 0.321448 -0.946927 0
    outer loop
      vertex 94.7134 5.3806 5.39
      vertex 94.0941 5.17037 2.4
      vertex 94.7134 5.3806 2.4
    endloop
  endfacet
  facet normal 0.831509 0.555512 0
    outer loop
      vertex 97.1301 12.5 5.39
      vertex 96.7668 13.0438 2.4
      vertex 96.7668 13.0438 5.39
    endloop
  endfacet
  facet normal 0.831509 0.555512 0
    outer loop
      vertex 96.7668 13.0438 2.4
      vertex 97.1301 12.5 5.39
      vertex 97.1301 12.5 2.4
    endloop
  endfacet
  facet normal 0.89686 0.442314 0
    outer loop
      vertex 97.4194 11.9134 5.39
      vertex 97.1301 12.5 2.4
      vertex 97.1301 12.5 5.39
    endloop
  endfacet
  facet normal 0.89686 0.442314 0
    outer loop
      vertex 97.1301 12.5 2.4
      vertex 97.4194 11.9134 5.39
      vertex 97.4194 11.9134 2.4
    endloop
  endfacet
  facet normal 0.321407 0.946941 -0
    outer loop
      vertex 94.7134 14.6194 2.4
      vertex 94.0941 14.8296 5.39
      vertex 94.7134 14.6194 5.39
    endloop
  endfacet
  facet normal 0.321407 0.946941 0
    outer loop
      vertex 94.0941 14.8296 5.39
      vertex 94.7134 14.6194 2.4
      vertex 94.0941 14.8296 2.4
    endloop
  endfacet
  facet normal -0.555575 -0.831466 0
    outer loop
      vertex 89.7562 6.03323 2.4
      vertex 90.3 5.66987 5.39
      vertex 89.7562 6.03323 5.39
    endloop
  endfacet
  facet normal -0.555575 -0.831466 -0
    outer loop
      vertex 90.3 5.66987 5.39
      vertex 89.7562 6.03323 2.4
      vertex 90.3 5.66987 2.4
    endloop
  endfacet
  facet normal 0.195087 0.980786 -0
    outer loop
      vertex 94.0941 14.8296 2.4
      vertex 93.4526 14.9572 5.39
      vertex 94.0941 14.8296 5.39
    endloop
  endfacet
  facet normal 0.195087 0.980786 0
    outer loop
      vertex 93.4526 14.9572 5.39
      vertex 94.0941 14.8296 2.4
      vertex 93.4526 14.9572 2.4
    endloop
  endfacet
  facet normal 0.946944 -0.321397 0
    outer loop
      vertex 97.4194 8.08658 5.39
      vertex 97.6296 8.7059 2.4
      vertex 97.6296 8.7059 5.39
    endloop
  endfacet
  facet normal 0.946944 -0.321397 0
    outer loop
      vertex 97.6296 8.7059 2.4
      vertex 97.4194 8.08658 5.39
      vertex 97.4194 8.08658 2.4
    endloop
  endfacet
  facet normal -0.555512 0.831509 0
    outer loop
      vertex 90.3 14.3301 2.4
      vertex 89.7562 13.9668 5.39
      vertex 90.3 14.3301 5.39
    endloop
  endfacet
  facet normal -0.555512 0.831509 0
    outer loop
      vertex 89.7562 13.9668 5.39
      vertex 90.3 14.3301 2.4
      vertex 89.7562 13.9668 2.4
    endloop
  endfacet
  facet normal -0.659424 0.751771 0
    outer loop
      vertex 89.7562 13.9668 2.4
      vertex 89.2645 13.5355 5.39
      vertex 89.7562 13.9668 5.39
    endloop
  endfacet
  facet normal -0.659424 0.751771 0
    outer loop
      vertex 89.2645 13.5355 5.39
      vertex 89.7562 13.9668 2.4
      vertex 89.2645 13.5355 2.4
    endloop
  endfacet
  facet normal 0.659372 -0.751817 0
    outer loop
      vertex 95.8438 6.03323 2.4
      vertex 96.3355 6.46447 5.39
      vertex 95.8438 6.03323 5.39
    endloop
  endfacet
  facet normal 0.659372 -0.751817 0
    outer loop
      vertex 96.3355 6.46447 5.39
      vertex 95.8438 6.03323 2.4
      vertex 96.3355 6.46447 2.4
    endloop
  endfacet
  facet normal -0.321407 0.946941 0
    outer loop
      vertex 91.5059 14.8296 2.4
      vertex 90.8866 14.6194 5.39
      vertex 91.5059 14.8296 5.39
    endloop
  endfacet
  facet normal -0.321407 0.946941 0
    outer loop
      vertex 90.8866 14.6194 5.39
      vertex 91.5059 14.8296 2.4
      vertex 90.8866 14.6194 2.4
    endloop
  endfacet
  facet normal -0.831514 -0.555504 0
    outer loop
      vertex 88.8332 6.95619 2.4
      vertex 88.4699 7.5 5.39
      vertex 88.4699 7.5 2.4
    endloop
  endfacet
  facet normal -0.831514 -0.555504 0
    outer loop
      vertex 88.4699 7.5 5.39
      vertex 88.8332 6.95619 2.4
      vertex 88.8332 6.95619 5.39
    endloop
  endfacet
  facet normal -0.997856 0.0654432 0
    outer loop
      vertex 87.8 10 2.4
      vertex 87.8428 10.6526 5.39
      vertex 87.8428 10.6526 2.4
    endloop
  endfacet
  facet normal -0.997856 0.0654432 0
    outer loop
      vertex 87.8428 10.6526 5.39
      vertex 87.8 10 2.4
      vertex 87.8 10 5.39
    endloop
  endfacet
  facet normal -0.980786 0.195087 0
    outer loop
      vertex 87.8428 10.6526 2.4
      vertex 87.9704 11.2941 5.39
      vertex 87.9704 11.2941 2.4
    endloop
  endfacet
  facet normal -0.980786 0.195087 0
    outer loop
      vertex 87.9704 11.2941 5.39
      vertex 87.8428 10.6526 2.4
      vertex 87.8428 10.6526 5.39
    endloop
  endfacet
  facet normal 0.195072 -0.980789 0
    outer loop
      vertex 93.4526 5.04278 2.4
      vertex 94.0941 5.17037 5.39
      vertex 93.4526 5.04278 5.39
    endloop
  endfacet
  facet normal 0.195072 -0.980789 0
    outer loop
      vertex 94.0941 5.17037 5.39
      vertex 93.4526 5.04278 2.4
      vertex 94.0941 5.17037 2.4
    endloop
  endfacet
  facet normal 0.751771 0.659424 0
    outer loop
      vertex 96.7668 13.0438 5.39
      vertex 96.3355 13.5355 2.4
      vertex 96.3355 13.5355 5.39
    endloop
  endfacet
  facet normal 0.751771 0.659424 0
    outer loop
      vertex 96.3355 13.5355 2.4
      vertex 96.7668 13.0438 5.39
      vertex 96.7668 13.0438 2.4
    endloop
  endfacet
  facet normal 0.997856 -0.0654402 0
    outer loop
      vertex 97.7572 9.34737 5.39
      vertex 97.8 10 2.4
      vertex 97.8 10 5.39
    endloop
  endfacet
  facet normal 0.997856 -0.0654402 0
    outer loop
      vertex 97.8 10 2.4
      vertex 97.7572 9.34737 5.39
      vertex 97.7572 9.34737 2.4
    endloop
  endfacet
  facet normal -0.442314 0.89686 0
    outer loop
      vertex 90.8866 14.6194 2.4
      vertex 90.3 14.3301 5.39
      vertex 90.8866 14.6194 5.39
    endloop
  endfacet
  facet normal -0.442314 0.89686 0
    outer loop
      vertex 90.3 14.3301 5.39
      vertex 90.8866 14.6194 2.4
      vertex 90.3 14.3301 2.4
    endloop
  endfacet
  facet normal 0.896854 -0.442327 0
    outer loop
      vertex 97.1301 7.5 5.39
      vertex 97.4194 8.08658 2.4
      vertex 97.4194 8.08658 5.39
    endloop
  endfacet
  facet normal 0.896854 -0.442327 0
    outer loop
      vertex 97.4194 8.08658 2.4
      vertex 97.1301 7.5 5.39
      vertex 97.1301 7.5 2.4
    endloop
  endfacet
  facet normal 0.555575 -0.831466 0
    outer loop
      vertex 95.3 5.66987 2.4
      vertex 95.8438 6.03323 5.39
      vertex 95.3 5.66987 5.39
    endloop
  endfacet
  facet normal 0.555575 -0.831466 0
    outer loop
      vertex 95.8438 6.03323 5.39
      vertex 95.3 5.66987 2.4
      vertex 95.8438 6.03323 2.4
    endloop
  endfacet
  facet normal -0.442277 -0.896878 0
    outer loop
      vertex 90.3 5.66987 2.4
      vertex 90.8866 5.3806 5.39
      vertex 90.3 5.66987 5.39
    endloop
  endfacet
  facet normal -0.442277 -0.896878 -0
    outer loop
      vertex 90.8866 5.3806 5.39
      vertex 90.3 5.66987 2.4
      vertex 90.8866 5.3806 2.4
    endloop
  endfacet
  facet normal -0.195072 -0.980789 0
    outer loop
      vertex 91.5059 5.17037 2.4
      vertex 92.1474 5.04278 5.39
      vertex 91.5059 5.17037 5.39
    endloop
  endfacet
  facet normal -0.195072 -0.980789 -0
    outer loop
      vertex 92.1474 5.04278 5.39
      vertex 91.5059 5.17037 2.4
      vertex 92.1474 5.04278 2.4
    endloop
  endfacet
  facet normal -0.946944 -0.321397 0
    outer loop
      vertex 88.1806 8.08658 2.4
      vertex 87.9704 8.7059 5.39
      vertex 87.9704 8.7059 2.4
    endloop
  endfacet
  facet normal -0.946944 -0.321397 0
    outer loop
      vertex 87.9704 8.7059 5.39
      vertex 88.1806 8.08658 2.4
      vertex 88.1806 8.08658 5.39
    endloop
  endfacet
  facet normal -0.751784 -0.659409 0
    outer loop
      vertex 89.2645 6.46447 2.4
      vertex 88.8332 6.95619 5.39
      vertex 88.8332 6.95619 2.4
    endloop
  endfacet
  facet normal -0.751784 -0.659409 0
    outer loop
      vertex 88.8332 6.95619 5.39
      vertex 89.2645 6.46447 2.4
      vertex 89.2645 6.46447 5.39
    endloop
  endfacet
  facet normal 0.980784 -0.195096 0
    outer loop
      vertex 97.6296 8.7059 5.39
      vertex 97.7572 9.34737 2.4
      vertex 97.7572 9.34737 5.39
    endloop
  endfacet
  facet normal 0.980784 -0.195096 0
    outer loop
      vertex 97.7572 9.34737 2.4
      vertex 97.6296 8.7059 5.39
      vertex 97.6296 8.7059 2.4
    endloop
  endfacet
  facet normal -0.89686 0.442314 0
    outer loop
      vertex 88.1806 11.9134 2.4
      vertex 88.4699 12.5 5.39
      vertex 88.4699 12.5 2.4
    endloop
  endfacet
  facet normal -0.89686 0.442314 0
    outer loop
      vertex 88.4699 12.5 5.39
      vertex 88.1806 11.9134 2.4
      vertex 88.1806 11.9134 5.39
    endloop
  endfacet
  facet normal -0.195087 0.980786 0
    outer loop
      vertex 92.1474 14.9572 2.4
      vertex 91.5059 14.8296 5.39
      vertex 92.1474 14.9572 5.39
    endloop
  endfacet
  facet normal -0.195087 0.980786 0
    outer loop
      vertex 91.5059 14.8296 5.39
      vertex 92.1474 14.9572 2.4
      vertex 91.5059 14.8296 2.4
    endloop
  endfacet
  facet normal 0.831514 -0.555504 0
    outer loop
      vertex 96.7668 6.95619 5.39
      vertex 97.1301 7.5 2.4
      vertex 97.1301 7.5 5.39
    endloop
  endfacet
  facet normal 0.831514 -0.555504 0
    outer loop
      vertex 97.1301 7.5 2.4
      vertex 96.7668 6.95619 5.39
      vertex 96.7668 6.95619 2.4
    endloop
  endfacet
  facet normal 0.442277 -0.896878 0
    outer loop
      vertex 94.7134 5.3806 2.4
      vertex 95.3 5.66987 5.39
      vertex 94.7134 5.3806 5.39
    endloop
  endfacet
  facet normal 0.442277 -0.896878 0
    outer loop
      vertex 95.3 5.66987 5.39
      vertex 94.7134 5.3806 2.4
      vertex 95.3 5.66987 2.4
    endloop
  endfacet
  facet normal -0.0654432 0.997856 0
    outer loop
      vertex 92.8 15 2.4
      vertex 92.1474 14.9572 5.39
      vertex 92.8 15 5.39
    endloop
  endfacet
  facet normal -0.0654432 0.997856 0
    outer loop
      vertex 92.1474 14.9572 5.39
      vertex 92.8 15 2.4
      vertex 92.1474 14.9572 2.4
    endloop
  endfacet
  facet normal 0.555512 0.831509 -0
    outer loop
      vertex 95.8438 13.9668 2.4
      vertex 95.3 14.3301 5.39
      vertex 95.8438 13.9668 5.39
    endloop
  endfacet
  facet normal 0.555512 0.831509 0
    outer loop
      vertex 95.3 14.3301 5.39
      vertex 95.8438 13.9668 2.4
      vertex 95.3 14.3301 2.4
    endloop
  endfacet
  facet normal 0.659424 0.751771 -0
    outer loop
      vertex 96.3355 13.5355 2.4
      vertex 95.8438 13.9668 5.39
      vertex 96.3355 13.5355 5.39
    endloop
  endfacet
  facet normal 0.659424 0.751771 0
    outer loop
      vertex 95.8438 13.9668 5.39
      vertex 96.3355 13.5355 2.4
      vertex 95.8438 13.9668 2.4
    endloop
  endfacet
  facet normal -0.980784 -0.195096 0
    outer loop
      vertex 87.9704 8.7059 2.4
      vertex 87.8428 9.34737 5.39
      vertex 87.8428 9.34737 2.4
    endloop
  endfacet
  facet normal -0.980784 -0.195096 0
    outer loop
      vertex 87.8428 9.34737 5.39
      vertex 87.9704 8.7059 2.4
      vertex 87.9704 8.7059 5.39
    endloop
  endfacet
  facet normal -0.831509 0.555512 0
    outer loop
      vertex 88.4699 12.5 2.4
      vertex 88.8332 13.0438 5.39
      vertex 88.8332 13.0438 2.4
    endloop
  endfacet
  facet normal -0.831509 0.555512 0
    outer loop
      vertex 88.8332 13.0438 5.39
      vertex 88.4699 12.5 2.4
      vertex 88.4699 12.5 5.39
    endloop
  endfacet
  facet normal -0.896854 -0.442327 0
    outer loop
      vertex 88.4699 7.5 2.4
      vertex 88.1806 8.08658 5.39
      vertex 88.1806 8.08658 2.4
    endloop
  endfacet
  facet normal -0.896854 -0.442327 0
    outer loop
      vertex 88.1806 8.08658 5.39
      vertex 88.4699 7.5 2.4
      vertex 88.4699 7.5 5.39
    endloop
  endfacet
  facet normal 0.0654432 0.997856 -0
    outer loop
      vertex 93.4526 14.9572 2.4
      vertex 92.8 15 5.39
      vertex 93.4526 14.9572 5.39
    endloop
  endfacet
  facet normal 0.0654432 0.997856 0
    outer loop
      vertex 92.8 15 5.39
      vertex 93.4526 14.9572 2.4
      vertex 92.8 15 2.4
    endloop
  endfacet
  facet normal 0.0654128 -0.997858 0
    outer loop
      vertex 92.8 5 2.4
      vertex 93.4526 5.04278 5.39
      vertex 92.8 5 5.39
    endloop
  endfacet
  facet normal 0.0654128 -0.997858 0
    outer loop
      vertex 93.4526 5.04278 5.39
      vertex 92.8 5 2.4
      vertex 93.4526 5.04278 2.4
    endloop
  endfacet
  facet normal -0.997856 -0.0654402 0
    outer loop
      vertex 87.8428 9.34737 2.4
      vertex 87.8 10 5.39
      vertex 87.8 10 2.4
    endloop
  endfacet
  facet normal -0.997856 -0.0654402 0
    outer loop
      vertex 87.8 10 5.39
      vertex 87.8428 9.34737 2.4
      vertex 87.8428 9.34737 5.39
    endloop
  endfacet
  facet normal -0.0654128 -0.997858 0
    outer loop
      vertex 92.1474 5.04278 2.4
      vertex 92.8 5 5.39
      vertex 92.1474 5.04278 5.39
    endloop
  endfacet
  facet normal -0.0654128 -0.997858 -0
    outer loop
      vertex 92.8 5 5.39
      vertex 92.1474 5.04278 2.4
      vertex 92.8 5 2.4
    endloop
  endfacet
  facet normal -0.321448 -0.946927 0
    outer loop
      vertex 90.8866 5.3806 2.4
      vertex 91.5059 5.17037 5.39
      vertex 90.8866 5.3806 5.39
    endloop
  endfacet
  facet normal -0.321448 -0.946927 -0
    outer loop
      vertex 91.5059 5.17037 5.39
      vertex 90.8866 5.3806 2.4
      vertex 91.5059 5.17037 2.4
    endloop
  endfacet
  facet normal -0.659372 -0.751817 0
    outer loop
      vertex 89.2645 6.46447 2.4
      vertex 89.7562 6.03323 5.39
      vertex 89.2645 6.46447 5.39
    endloop
  endfacet
  facet normal -0.659372 -0.751817 -0
    outer loop
      vertex 89.7562 6.03323 5.39
      vertex 89.2645 6.46447 2.4
      vertex 89.7562 6.03323 2.4
    endloop
  endfacet
  facet normal 0 0 1
    outer loop
      vertex 97.7572 10.6526 5.39
      vertex 97.7572 9.34737 5.39
      vertex 97.8 10 5.39
    endloop
  endfacet
  facet normal 0 0 1
    outer loop
      vertex 97.6296 11.2941 5.39
      vertex 97.7572 9.34737 5.39
      vertex 97.7572 10.6526 5.39
    endloop
  endfacet
  facet normal 0 0 1
    outer loop
      vertex 97.6296 11.2941 5.39
      vertex 97.6296 8.7059 5.39
      vertex 97.7572 9.34737 5.39
    endloop
  endfacet
  facet normal 0 0 1
    outer loop
      vertex 97.4194 11.9134 5.39
      vertex 97.6296 8.7059 5.39
      vertex 97.6296 11.2941 5.39
    endloop
  endfacet
  facet normal 0 0 1
    outer loop
      vertex 97.4194 11.9134 5.39
      vertex 97.4194 8.08658 5.39
      vertex 97.6296 8.7059 5.39
    endloop
  endfacet
  facet normal 0 0 1
    outer loop
      vertex 97.1301 12.5 5.39
      vertex 97.4194 8.08658 5.39
      vertex 97.4194 11.9134 5.39
    endloop
  endfacet
  facet normal 0 0 1
    outer loop
      vertex 97.1301 12.5 5.39
      vertex 97.1301 7.5 5.39
      vertex 97.4194 8.08658 5.39
    endloop
  endfacet
  facet normal 0 0 1
    outer loop
      vertex 96.7668 13.0438 5.39
      vertex 97.1301 7.5 5.39
      vertex 97.1301 12.5 5.39
    endloop
  endfacet
  facet normal 0 0 1
    outer loop
      vertex 96.7668 13.0438 5.39
      vertex 96.7668 6.95619 5.39
      vertex 97.1301 7.5 5.39
    endloop
  endfacet
  facet normal 0 0 1
    outer loop
      vertex 96.3355 13.5355 5.39
      vertex 96.7668 6.95619 5.39
      vertex 96.7668 13.0438 5.39
    endloop
  endfacet
  facet normal 0 0 1
    outer loop
      vertex 96.3355 13.5355 5.39
      vertex 96.3355 6.46447 5.39
      vertex 96.7668 6.95619 5.39
    endloop
  endfacet
  facet normal 0 0 1
    outer loop
      vertex 95.8438 13.9668 5.39
      vertex 96.3355 6.46447 5.39
      vertex 96.3355 13.5355 5.39
    endloop
  endfacet
  facet normal 0 0 1
    outer loop
      vertex 95.8438 13.9668 5.39
      vertex 95.8438 6.03323 5.39
      vertex 96.3355 6.46447 5.39
    endloop
  endfacet
  facet normal 0 0 1
    outer loop
      vertex 95.3 14.3301 5.39
      vertex 95.8438 6.03323 5.39
      vertex 95.8438 13.9668 5.39
    endloop
  endfacet
  facet normal 0 0 1
    outer loop
      vertex 95.3 14.3301 5.39
      vertex 95.3 5.66987 5.39
      vertex 95.8438 6.03323 5.39
    endloop
  endfacet
  facet normal 0 0 1
    outer loop
      vertex 94.7134 14.6194 5.39
      vertex 95.3 5.66987 5.39
      vertex 95.3 14.3301 5.39
    endloop
  endfacet
  facet normal 0 0 1
    outer loop
      vertex 94.7134 14.6194 5.39
      vertex 94.7134 5.3806 5.39
      vertex 95.3 5.66987 5.39
    endloop
  endfacet
  facet normal 0 0 1
    outer loop
      vertex 94.0941 14.8296 5.39
      vertex 94.7134 5.3806 5.39
      vertex 94.7134 14.6194 5.39
    endloop
  endfacet
  facet normal 0 0 1
    outer loop
      vertex 94.0941 14.8296 5.39
      vertex 94.0941 5.17037 5.39
      vertex 94.7134 5.3806 5.39
    endloop
  endfacet
  facet normal 0 0 1
    outer loop
      vertex 93.4526 14.9572 5.39
      vertex 94.0941 5.17037 5.39
      vertex 94.0941 14.8296 5.39
    endloop
  endfacet
  facet normal 0 0 1
    outer loop
      vertex 93.4526 14.9572 5.39
      vertex 93.4526 5.04278 5.39
      vertex 94.0941 5.17037 5.39
    endloop
  endfacet
  facet normal 0 0 1
    outer loop
      vertex 92.8 15 5.39
      vertex 93.4526 5.04278 5.39
      vertex 93.4526 14.9572 5.39
    endloop
  endfacet
  facet normal 0 0 1
    outer loop
      vertex 92.8 15 5.39
      vertex 92.8 5 5.39
      vertex 93.4526 5.04278 5.39
    endloop
  endfacet
  facet normal -0 0 1
    outer loop
      vertex 92.1474 14.9572 5.39
      vertex 92.8 5 5.39
      vertex 92.8 15 5.39
    endloop
  endfacet
  facet normal 0 0 1
    outer loop
      vertex 92.1474 14.9572 5.39
      vertex 92.1474 5.04278 5.39
      vertex 92.8 5 5.39
    endloop
  endfacet
  facet normal -0 0 1
    outer loop
      vertex 91.5059 14.8296 5.39
      vertex 92.1474 5.04278 5.39
      vertex 92.1474 14.9572 5.39
    endloop
  endfacet
  facet normal 0 0 1
    outer loop
      vertex 91.5059 14.8296 5.39
      vertex 91.5059 5.17037 5.39
      vertex 92.1474 5.04278 5.39
    endloop
  endfacet
  facet normal -0 0 1
    outer loop
      vertex 90.8866 14.6194 5.39
      vertex 91.5059 5.17037 5.39
      vertex 91.5059 14.8296 5.39
    endloop
  endfacet
  facet normal 0 0 1
    outer loop
      vertex 90.8866 14.6194 5.39
      vertex 90.8866 5.3806 5.39
      vertex 91.5059 5.17037 5.39
    endloop
  endfacet
  facet normal -0 0 1
    outer loop
      vertex 90.3 14.3301 5.39
      vertex 90.8866 5.3806 5.39
      vertex 90.8866 14.6194 5.39
    endloop
  endfacet
  facet normal 0 0 1
    outer loop
      vertex 90.3 14.3301 5.39
      vertex 90.3 5.66987 5.39
      vertex 90.8866 5.3806 5.39
    endloop
  endfacet
  facet normal -0 0 1
    outer loop
      vertex 89.7562 13.9668 5.39
      vertex 90.3 5.66987 5.39
      vertex 90.3 14.3301 5.39
    endloop
  endfacet
  facet normal 0 0 1
    outer loop
      vertex 89.7562 13.9668 5.39
      vertex 89.7562 6.03323 5.39
      vertex 90.3 5.66987 5.39
    endloop
  endfacet
  facet normal -0 0 1
    outer loop
      vertex 89.2645 13.5355 5.39
      vertex 89.7562 6.03323 5.39
      vertex 89.7562 13.9668 5.39
    endloop
  endfacet
  facet normal 0 0 1
    outer loop
      vertex 89.2645 13.5355 5.39
      vertex 89.2645 6.46447 5.39
      vertex 89.7562 6.03323 5.39
    endloop
  endfacet
  facet normal -0 0 1
    outer loop
      vertex 88.8332 13.0438 5.39
      vertex 89.2645 6.46447 5.39
      vertex 89.2645 13.5355 5.39
    endloop
  endfacet
  facet normal 0 0 1
    outer loop
      vertex 88.8332 13.0438 5.39
      vertex 88.8332 6.95619 5.39
      vertex 89.2645 6.46447 5.39
    endloop
  endfacet
  facet normal -0 0 1
    outer loop
      vertex 88.4699 12.5 5.39
      vertex 88.8332 6.95619 5.39
      vertex 88.8332 13.0438 5.39
    endloop
  endfacet
  facet normal 0 0 1
    outer loop
      vertex 88.4699 12.5 5.39
      vertex 88.4699 7.5 5.39
      vertex 88.8332 6.95619 5.39
    endloop
  endfacet
  facet normal -0 0 1
    outer loop
      vertex 88.1806 11.9134 5.39
      vertex 88.4699 7.5 5.39
      vertex 88.4699 12.5 5.39
    endloop
  endfacet
  facet normal 0 0 1
    outer loop
      vertex 88.1806 11.9134 5.39
      vertex 88.1806 8.08658 5.39
      vertex 88.4699 7.5 5.39
    endloop
  endfacet
  facet normal -0 0 1
    outer loop
      vertex 87.9704 11.2941 5.39
      vertex 88.1806 8.08658 5.39
      vertex 88.1806 11.9134 5.39
    endloop
  endfacet
  facet normal 0 0 1
    outer loop
      vertex 87.9704 11.2941 5.39
      vertex 87.9704 8.7059 5.39
      vertex 88.1806 8.08658 5.39
    endloop
  endfacet
  facet normal -0 0 1
    outer loop
      vertex 87.8428 10.6526 5.39
      vertex 87.9704 8.7059 5.39
      vertex 87.9704 11.2941 5.39
    endloop
  endfacet
  facet normal 0 0 1
    outer loop
      vertex 87.8428 10.6526 5.39
      vertex 87.8428 9.34737 5.39
      vertex 87.9704 8.7059 5.39
    endloop
  endfacet
  facet normal 0 -0 1
    outer loop
      vertex 87.8428 9.34737 5.39
      vertex 87.8428 10.6526 5.39
      vertex 87.8 10 5.39
    endloop
  endfacet
  facet normal -0.751771 0.659424 0
    outer loop
      vertex 88.8332 13.0438 2.4
      vertex 89.2645 13.5355 5.39
      vertex 89.2645 13.5355 2.4
    endloop
  endfacet
  facet normal -0.751771 0.659424 0
    outer loop
      vertex 89.2645 13.5355 5.39
      vertex 88.8332 13.0438 2.4
      vertex 88.8332 13.0438 5.39
    endloop
  endfacet
  facet normal 0.980757 0.195233 0
    outer loop
      vertex 14.9572 137.453 5.39
      vertex 14.8296 138.094 2.4
      vertex 14.8296 138.094 5.39
    endloop
  endfacet
  facet normal 0.980757 0.195233 0
    outer loop
      vertex 14.8296 138.094 2.4
      vertex 14.9572 137.453 5.39
      vertex 14.9572 137.453 2.4
    endloop
  endfacet
  facet normal 0.997859 0.0654033 0
    outer loop
      vertex 15 136.8 5.39
      vertex 14.9572 137.453 2.4
      vertex 14.9572 137.453 5.39
    endloop
  endfacet
  facet normal 0.997859 0.0654033 0
    outer loop
      vertex 14.9572 137.453 2.4
      vertex 15 136.8 5.39
      vertex 15 136.8 2.4
    endloop
  endfacet
  facet normal 0.659165 0.751998 -0
    outer loop
      vertex 13.5355 140.336 2.4
      vertex 13.0438 140.767 5.39
      vertex 13.5355 140.336 5.39
    endloop
  endfacet
  facet normal 0.659165 0.751998 0
    outer loop
      vertex 13.0438 140.767 5.39
      vertex 13.5355 140.336 2.4
      vertex 13.0438 140.767 2.4
    endloop
  endfacet
  facet normal -0.65915 -0.752012 0
    outer loop
      vertex 6.46447 133.264 2.4
      vertex 6.95619 132.833 5.39
      vertex 6.46447 133.264 5.39
    endloop
  endfacet
  facet normal -0.65915 -0.752012 -0
    outer loop
      vertex 6.95619 132.833 5.39
      vertex 6.46447 133.264 2.4
      vertex 6.95619 132.833 2.4
    endloop
  endfacet
  facet normal 0.0648631 -0.997894 0
    outer loop
      vertex 10 131.8 2.4
      vertex 10.2 131.813 5.39
      vertex 10 131.8 5.39
    endloop
  endfacet
  facet normal 0.0648631 -0.997894 0
    outer loop
      vertex 10.2 131.813 5.39
      vertex 10 131.8 2.4
      vertex 10.2 131.813 2.4
    endloop
  endfacet
  facet normal 0.946894 -0.321546 0
    outer loop
      vertex 14.6194 134.887 5.39
      vertex 14.8296 135.506 2.4
      vertex 14.8296 135.506 5.39
    endloop
  endfacet
  facet normal 0.946894 -0.321546 0
    outer loop
      vertex 14.8296 135.506 2.4
      vertex 14.6194 134.887 5.39
      vertex 14.6194 134.887 2.4
    endloop
  endfacet
  facet normal 0.0657477 0.997836 -0
    outer loop
      vertex 10.6526 141.757 2.4
      vertex 10 141.8 5.39
      vertex 10.6526 141.757 5.39
    endloop
  endfacet
  facet normal 0.0657477 0.997836 0
    outer loop
      vertex 10 141.8 5.39
      vertex 10.6526 141.757 2.4
      vertex 10 141.8 2.4
    endloop
  endfacet
  facet normal 0.322917 -0.946427 0
    outer loop
      vertex 11.676 132.1 2.4
      vertex 11.9134 132.181 5.39
      vertex 11.676 132.1 5.39
    endloop
  endfacet
  facet normal 0.322917 -0.946427 0
    outer loop
      vertex 11.9134 132.181 5.39
      vertex 11.676 132.1 2.4
      vertex 11.9134 132.181 2.4
    endloop
  endfacet
  facet normal -0.752016 0.659145 0
    outer loop
      vertex 6.03323 139.844 2.4
      vertex 6.46447 140.336 5.39
      vertex 6.46447 140.336 2.4
    endloop
  endfacet
  facet normal -0.752016 0.659145 0
    outer loop
      vertex 6.46447 140.336 5.39
      vertex 6.03323 139.844 2.4
      vertex 6.03323 139.844 5.39
    endloop
  endfacet
  facet normal -0.194213 0.980959 0
    outer loop
      vertex 9.34737 141.757 2.4
      vertex 8.7059 141.63 5.39
      vertex 9.34737 141.757 5.39
    endloop
  endfacet
  facet normal -0.194213 0.980959 0
    outer loop
      vertex 8.7059 141.63 5.39
      vertex 9.34737 141.757 2.4
      vertex 8.7059 141.63 2.4
    endloop
  endfacet
  facet normal 0.555194 -0.831721 0
    outer loop
      vertex 12.5 132.47 2.4
      vertex 13.0438 132.833 5.39
      vertex 12.5 132.47 5.39
    endloop
  endfacet
  facet normal 0.555194 -0.831721 0
    outer loop
      vertex 13.0438 132.833 5.39
      vertex 12.5 132.47 2.4
      vertex 13.0438 132.833 2.4
    endloop
  endfacet
  facet normal -0.555187 0.831725 0
    outer loop
      vertex 7.5 141.13 2.4
      vertex 6.95619 140.767 5.39
      vertex 7.5 141.13 5.39
    endloop
  endfacet
  facet normal -0.555187 0.831725 0
    outer loop
      vertex 6.95619 140.767 5.39
      vertex 7.5 141.13 2.4
      vertex 6.95619 140.767 2.4
    endloop
  endfacet
  facet normal 0.322503 0.946569 -0
    outer loop
      vertex 11.9134 141.419 2.4
      vertex 11.2941 141.63 5.39
      vertex 11.9134 141.419 5.39
    endloop
  endfacet
  facet normal 0.322503 0.946569 0
    outer loop
      vertex 11.2941 141.63 5.39
      vertex 11.9134 141.419 2.4
      vertex 11.2941 141.63 2.4
    endloop
  endfacet
  facet normal 0.441945 -0.897042 0
    outer loop
      vertex 11.9134 132.181 2.4
      vertex 12.5 132.47 5.39
      vertex 11.9134 132.181 5.39
    endloop
  endfacet
  facet normal 0.441945 -0.897042 0
    outer loop
      vertex 12.5 132.47 5.39
      vertex 11.9134 132.181 2.4
      vertex 12.5 132.47 2.4
    endloop
  endfacet
  facet normal 0.89698 0.442072 0
    outer loop
      vertex 14.6194 138.713 5.39
      vertex 14.3301 139.3 2.4
      vertex 14.3301 139.3 5.39
    endloop
  endfacet
  facet normal 0.89698 0.442072 0
    outer loop
      vertex 14.3301 139.3 2.4
      vertex 14.6194 138.713 5.39
      vertex 14.6194 138.713 2.4
    endloop
  endfacet
  facet normal -0.752016 -0.659145 0
    outer loop
      vertex 6.46447 133.264 2.4
      vertex 6.03323 133.756 5.39
      vertex 6.03323 133.756 2.4
    endloop
  endfacet
  facet normal -0.752016 -0.659145 0
    outer loop
      vertex 6.03323 133.756 5.39
      vertex 6.46447 133.264 2.4
      vertex 6.46447 133.264 5.39
    endloop
  endfacet
  facet normal -0.0657447 0.997836 0
    outer loop
      vertex 10 141.8 2.4
      vertex 9.34737 141.757 5.39
      vertex 10 141.8 5.39
    endloop
  endfacet
  facet normal -0.0657447 0.997836 0
    outer loop
      vertex 9.34737 141.757 5.39
      vertex 10 141.8 2.4
      vertex 9.34737 141.757 2.4
    endloop
  endfacet
  facet normal 0.831603 0.55537 0
    outer loop
      vertex 14.3301 139.3 5.39
      vertex 13.9668 139.844 2.4
      vertex 13.9668 139.844 5.39
    endloop
  endfacet
  facet normal 0.831603 0.55537 0
    outer loop
      vertex 13.9668 139.844 2.4
      vertex 14.3301 139.3 5.39
      vertex 14.3301 139.3 2.4
    endloop
  endfacet
  facet normal -0.896998 -0.442035 0
    outer loop
      vertex 5.66987 134.3 2.4
      vertex 5.3806 134.887 5.39
      vertex 5.3806 134.887 2.4
    endloop
  endfacet
  facet normal -0.896998 -0.442035 0
    outer loop
      vertex 5.3806 134.887 5.39
      vertex 5.66987 134.3 2.4
      vertex 5.66987 134.3 5.39
    endloop
  endfacet
  facet normal -0.322493 0.946572 0
    outer loop
      vertex 8.7059 141.63 2.4
      vertex 8.08658 141.419 5.39
      vertex 8.7059 141.63 5.39
    endloop
  endfacet
  facet normal -0.322493 0.946572 0
    outer loop
      vertex 8.08658 141.419 5.39
      vertex 8.7059 141.63 2.4
      vertex 8.08658 141.419 2.4
    endloop
  endfacet
  facet normal 0.75197 -0.659197 0
    outer loop
      vertex 13.5355 133.264 5.39
      vertex 13.9668 133.756 2.4
      vertex 13.9668 133.756 5.39
    endloop
  endfacet
  facet normal 0.75197 -0.659197 0
    outer loop
      vertex 13.9668 133.756 2.4
      vertex 13.5355 133.264 5.39
      vertex 13.5355 133.264 2.4
    endloop
  endfacet
  facet normal -0.94688 -0.321587 0
    outer loop
      vertex 5.3806 134.887 2.4
      vertex 5.17037 135.506 5.39
      vertex 5.17037 135.506 2.4
    endloop
  endfacet
  facet normal -0.94688 -0.321587 0
    outer loop
      vertex 5.17037 135.506 5.39
      vertex 5.3806 134.887 2.4
      vertex 5.3806 134.887 5.39
    endloop
  endfacet
  facet normal 0.555194 0.831721 -0
    outer loop
      vertex 13.0438 140.767 2.4
      vertex 12.5 141.13 5.39
      vertex 13.0438 140.767 5.39
    endloop
  endfacet
  facet normal 0.555194 0.831721 0
    outer loop
      vertex 12.5 141.13 5.39
      vertex 13.0438 140.767 2.4
      vertex 12.5 141.13 2.4
    endloop
  endfacet
  facet normal -0.94688 0.321587 0
    outer loop
      vertex 5.17037 138.094 2.4
      vertex 5.3806 138.713 5.39
      vertex 5.3806 138.713 2.4
    endloop
  endfacet
  facet normal -0.94688 0.321587 0
    outer loop
      vertex 5.3806 138.713 5.39
      vertex 5.17037 138.094 2.4
      vertex 5.17037 138.094 5.39
    endloop
  endfacet
  facet normal -0.441957 0.897036 0
    outer loop
      vertex 8.08658 141.419 2.4
      vertex 7.5 141.13 5.39
      vertex 8.08658 141.419 5.39
    endloop
  endfacet
  facet normal -0.441957 0.897036 0
    outer loop
      vertex 7.5 141.13 5.39
      vertex 8.08658 141.419 2.4
      vertex 7.5 141.13 2.4
    endloop
  endfacet
  facet normal 0.831603 -0.55537 0
    outer loop
      vertex 13.9668 133.756 5.39
      vertex 14.3301 134.3 2.4
      vertex 14.3301 134.3 5.39
    endloop
  endfacet
  facet normal 0.831603 -0.55537 0
    outer loop
      vertex 14.3301 134.3 2.4
      vertex 13.9668 133.756 5.39
      vertex 13.9668 133.756 2.4
    endloop
  endfacet
  facet normal 0.89698 -0.442072 0
    outer loop
      vertex 14.3301 134.3 5.39
      vertex 14.6194 134.887 2.4
      vertex 14.6194 134.887 5.39
    endloop
  endfacet
  facet normal 0.89698 -0.442072 0
    outer loop
      vertex 14.6194 134.887 2.4
      vertex 14.3301 134.3 5.39
      vertex 14.3301 134.3 2.4
    endloop
  endfacet
  facet normal 0.441945 0.897042 -0
    outer loop
      vertex 12.5 141.13 2.4
      vertex 11.9134 141.419 5.39
      vertex 12.5 141.13 5.39
    endloop
  endfacet
  facet normal 0.441945 0.897042 0
    outer loop
      vertex 11.9134 141.419 5.39
      vertex 12.5 141.13 2.4
      vertex 11.9134 141.419 2.4
    endloop
  endfacet
  facet normal 0.980757 -0.195233 0
    outer loop
      vertex 14.8296 135.506 5.39
      vertex 14.9572 136.147 2.4
      vertex 14.9572 136.147 5.39
    endloop
  endfacet
  facet normal 0.980757 -0.195233 0
    outer loop
      vertex 14.9572 136.147 2.4
      vertex 14.8296 135.506 5.39
      vertex 14.8296 135.506 2.4
    endloop
  endfacet
  facet normal 0.997859 -0.0654033 0
    outer loop
      vertex 14.9572 136.147 5.39
      vertex 15 136.8 2.4
      vertex 15 136.8 5.39
    endloop
  endfacet
  facet normal 0.997859 -0.0654033 0
    outer loop
      vertex 15 136.8 2.4
      vertex 14.9572 136.147 5.39
      vertex 14.9572 136.147 2.4
    endloop
  endfacet
  facet normal 0 0 1
    outer loop
      vertex 14.9572 137.453 5.39
      vertex 14.9572 136.147 5.39
      vertex 15 136.8 5.39
    endloop
  endfacet
  facet normal 0 0 1
    outer loop
      vertex 10.2 132.1 5.39
      vertex 14.9572 137.453 5.39
      vertex 14.8296 138.094 5.39
    endloop
  endfacet
  facet normal 0 0 1
    outer loop
      vertex 14.9572 137.453 5.39
      vertex 10.2 132.1 5.39
      vertex 14.9572 136.147 5.39
    endloop
  endfacet
  facet normal 0 0 1
    outer loop
      vertex 10.2 132.1 5.39
      vertex 14.8296 138.094 5.39
      vertex 14.6194 138.713 5.39
    endloop
  endfacet
  facet normal 0 0 1
    outer loop
      vertex 14.9572 136.147 5.39
      vertex 10.2 132.1 5.39
      vertex 14.8296 135.506 5.39
    endloop
  endfacet
  facet normal 0 0 1
    outer loop
      vertex 10.2 132.1 5.39
      vertex 14.6194 138.713 5.39
      vertex 14.3301 139.3 5.39
    endloop
  endfacet
  facet normal 0 0 1
    outer loop
      vertex 14.8296 135.506 5.39
      vertex 10.2 132.1 5.39
      vertex 14.6194 134.887 5.39
    endloop
  endfacet
  facet normal 0 0 1
    outer loop
      vertex 10.2 132.1 5.39
      vertex 14.3301 139.3 5.39
      vertex 13.9668 139.844 5.39
    endloop
  endfacet
  facet normal 0 0 1
    outer loop
      vertex 14.6194 134.887 5.39
      vertex 10.2 132.1 5.39
      vertex 14.3301 134.3 5.39
    endloop
  endfacet
  facet normal 0 0 1
    outer loop
      vertex 10.2 132.1 5.39
      vertex 13.9668 139.844 5.39
      vertex 13.5355 140.336 5.39
    endloop
  endfacet
  facet normal 0 0 1
    outer loop
      vertex 14.3301 134.3 5.39
      vertex 10.2 132.1 5.39
      vertex 13.9668 133.756 5.39
    endloop
  endfacet
  facet normal 0 0 1
    outer loop
      vertex 10.2 132.1 5.39
      vertex 13.5355 140.336 5.39
      vertex 13.0438 140.767 5.39
    endloop
  endfacet
  facet normal 0 0 1
    outer loop
      vertex 13.9668 133.756 5.39
      vertex 10.2 132.1 5.39
      vertex 13.5355 133.264 5.39
    endloop
  endfacet
  facet normal 0 0 1
    outer loop
      vertex 10.2 132.1 5.39
      vertex 13.0438 140.767 5.39
      vertex 12.5 141.13 5.39
    endloop
  endfacet
  facet normal 0 0 1
    outer loop
      vertex 13.5355 133.264 5.39
      vertex 10.2 132.1 5.39
      vertex 13.0438 132.833 5.39
    endloop
  endfacet
  facet normal 0 0 1
    outer loop
      vertex 10.2 132.1 5.39
      vertex 12.5 141.13 5.39
      vertex 11.9134 141.419 5.39
    endloop
  endfacet
  facet normal 0 0 1
    outer loop
      vertex 13.0438 132.833 5.39
      vertex 10.2 132.1 5.39
      vertex 12.5 132.47 5.39
    endloop
  endfacet
  facet normal 0 0 1
    outer loop
      vertex 12.5 132.47 5.39
      vertex 10.2 132.1 5.39
      vertex 11.9134 132.181 5.39
    endloop
  endfacet
  facet normal 0 0 1
    outer loop
      vertex 10.2 132.1 5.39
      vertex 11.9134 141.419 5.39
      vertex 11.2941 141.63 5.39
    endloop
  endfacet
  facet normal 0 0 1
    outer loop
      vertex 10.2 132.1 5.39
      vertex 11.2941 141.63 5.39
      vertex 10.6526 141.757 5.39
    endloop
  endfacet
  facet normal 0 0 1
    outer loop
      vertex 11.9134 132.181 5.39
      vertex 10.2 132.1 5.39
      vertex 11.676 132.1 5.39
    endloop
  endfacet
  facet normal 0 0 1
    outer loop
      vertex 10 141.8 5.39
      vertex 10.2 132.1 5.39
      vertex 10.6526 141.757 5.39
    endloop
  endfacet
  facet normal -0 0 1
    outer loop
      vertex 9.34737 141.757 5.39
      vertex 10.2 132.1 5.39
      vertex 10 141.8 5.39
    endloop
  endfacet
  facet normal -0 0 1
    outer loop
      vertex 8.7059 141.63 5.39
      vertex 10.2 132.1 5.39
      vertex 9.34737 141.757 5.39
    endloop
  endfacet
  facet normal -0 0 1
    outer loop
      vertex 8.08658 141.419 5.39
      vertex 10.2 132.1 5.39
      vertex 8.7059 141.63 5.39
    endloop
  endfacet
  facet normal 0 0 1
    outer loop
      vertex 10.2 132.1 5.39
      vertex 10 131.8 5.39
      vertex 10.2 131.813 5.39
    endloop
  endfacet
  facet normal 0 -0 1
    outer loop
      vertex 9.34737 131.843 5.39
      vertex 10.2 132.1 5.39
      vertex 8.7059 131.97 5.39
    endloop
  endfacet
  facet normal 0 -0 1
    outer loop
      vertex 10 131.8 5.39
      vertex 10.2 132.1 5.39
      vertex 9.34737 131.843 5.39
    endloop
  endfacet
  facet normal -0 0 1
    outer loop
      vertex 7.5 141.13 5.39
      vertex 10.2 132.1 5.39
      vertex 8.08658 141.419 5.39
    endloop
  endfacet
  facet normal 0 0 1
    outer loop
      vertex 10.2 132.1 5.39
      vertex 8.08658 132.181 5.39
      vertex 8.7059 131.97 5.39
    endloop
  endfacet
  facet normal -0 0 1
    outer loop
      vertex 6.95619 140.767 5.39
      vertex 10.2 132.1 5.39
      vertex 7.5 141.13 5.39
    endloop
  endfacet
  facet normal 0 0 1
    outer loop
      vertex 10.2 132.1 5.39
      vertex 7.5 132.47 5.39
      vertex 8.08658 132.181 5.39
    endloop
  endfacet
  facet normal -0 0 1
    outer loop
      vertex 6.46447 140.336 5.39
      vertex 10.2 132.1 5.39
      vertex 6.95619 140.767 5.39
    endloop
  endfacet
  facet normal 0 0 1
    outer loop
      vertex 10.2 132.1 5.39
      vertex 6.95619 132.833 5.39
      vertex 7.5 132.47 5.39
    endloop
  endfacet
  facet normal -0 0 1
    outer loop
      vertex 6.03323 139.844 5.39
      vertex 10.2 132.1 5.39
      vertex 6.46447 140.336 5.39
    endloop
  endfacet
  facet normal 0 0 1
    outer loop
      vertex 10.2 132.1 5.39
      vertex 6.46447 133.264 5.39
      vertex 6.95619 132.833 5.39
    endloop
  endfacet
  facet normal -0 0 1
    outer loop
      vertex 5.66987 139.3 5.39
      vertex 10.2 132.1 5.39
      vertex 6.03323 139.844 5.39
    endloop
  endfacet
  facet normal 0 0 1
    outer loop
      vertex 10.2 132.1 5.39
      vertex 6.03323 133.756 5.39
      vertex 6.46447 133.264 5.39
    endloop
  endfacet
  facet normal -0 0 1
    outer loop
      vertex 5.3806 138.713 5.39
      vertex 10.2 132.1 5.39
      vertex 5.66987 139.3 5.39
    endloop
  endfacet
  facet normal 0 0 1
    outer loop
      vertex 10.2 132.1 5.39
      vertex 5.66987 134.3 5.39
      vertex 6.03323 133.756 5.39
    endloop
  endfacet
  facet normal -0 0 1
    outer loop
      vertex 5.17037 138.094 5.39
      vertex 10.2 132.1 5.39
      vertex 5.3806 138.713 5.39
    endloop
  endfacet
  facet normal 0 0 1
    outer loop
      vertex 10.2 132.1 5.39
      vertex 5.3806 134.887 5.39
      vertex 5.66987 134.3 5.39
    endloop
  endfacet
  facet normal -0 0 1
    outer loop
      vertex 5.04278 137.453 5.39
      vertex 10.2 132.1 5.39
      vertex 5.17037 138.094 5.39
    endloop
  endfacet
  facet normal 0 0 1
    outer loop
      vertex 10.2 132.1 5.39
      vertex 5.17037 135.506 5.39
      vertex 5.3806 134.887 5.39
    endloop
  endfacet
  facet normal -0 0 1
    outer loop
      vertex 5.04278 136.147 5.39
      vertex 10.2 132.1 5.39
      vertex 5.04278 137.453 5.39
    endloop
  endfacet
  facet normal 0 0 1
    outer loop
      vertex 10.2 132.1 5.39
      vertex 5.04278 136.147 5.39
      vertex 5.17037 135.506 5.39
    endloop
  endfacet
  facet normal 0 -0 1
    outer loop
      vertex 5.04278 136.147 5.39
      vertex 5.04278 137.453 5.39
      vertex 5 136.8 5.39
    endloop
  endfacet
  facet normal 0.659165 -0.751998 0
    outer loop
      vertex 13.0438 132.833 2.4
      vertex 13.5355 133.264 5.39
      vertex 13.0438 132.833 5.39
    endloop
  endfacet
  facet normal 0.659165 -0.751998 0
    outer loop
      vertex 13.5355 133.264 5.39
      vertex 13.0438 132.833 2.4
      vertex 13.5355 133.264 2.4
    endloop
  endfacet
  facet normal -0.555187 -0.831725 0
    outer loop
      vertex 6.95619 132.833 2.4
      vertex 7.5 132.47 5.39
      vertex 6.95619 132.833 5.39
    endloop
  endfacet
  facet normal -0.555187 -0.831725 -0
    outer loop
      vertex 7.5 132.47 5.39
      vertex 6.95619 132.833 2.4
      vertex 7.5 132.47 2.4
    endloop
  endfacet
  facet normal -0.997861 0.0653729 0
    outer loop
      vertex 5 136.8 2.4
      vertex 5.04278 137.453 5.39
      vertex 5.04278 137.453 2.4
    endloop
  endfacet
  facet normal -0.997861 0.0653729 0
    outer loop
      vertex 5.04278 137.453 5.39
      vertex 5 136.8 2.4
      vertex 5 136.8 5.39
    endloop
  endfacet
  facet normal 0.194204 0.980961 -0
    outer loop
      vertex 11.2941 141.63 2.4
      vertex 10.6526 141.757 5.39
      vertex 11.2941 141.63 5.39
    endloop
  endfacet
  facet normal 0.194204 0.980961 0
    outer loop
      vertex 10.6526 141.757 5.39
      vertex 11.2941 141.63 2.4
      vertex 10.6526 141.757 2.4
    endloop
  endfacet
  facet normal 0.75197 0.659197 0
    outer loop
      vertex 13.9668 139.844 5.39
      vertex 13.5355 140.336 2.4
      vertex 13.5355 140.336 5.39
    endloop
  endfacet
  facet normal 0.75197 0.659197 0
    outer loop
      vertex 13.5355 140.336 2.4
      vertex 13.9668 139.844 5.39
      vertex 13.9668 139.844 2.4
    endloop
  endfacet
  facet normal -0.65915 0.752012 0
    outer loop
      vertex 6.95619 140.767 2.4
      vertex 6.46447 140.336 5.39
      vertex 6.95619 140.767 5.39
    endloop
  endfacet
  facet normal -0.65915 0.752012 0
    outer loop
      vertex 6.46447 140.336 5.39
      vertex 6.95619 140.767 2.4
      vertex 6.46447 140.336 2.4
    endloop
  endfacet
  facet normal 0.946894 0.321546 0
    outer loop
      vertex 14.8296 138.094 5.39
      vertex 14.6194 138.713 2.4
      vertex 14.6194 138.713 5.39
    endloop
  endfacet
  facet normal 0.946894 0.321546 0
    outer loop
      vertex 14.6194 138.713 2.4
      vertex 14.8296 138.094 5.39
      vertex 14.8296 138.094 2.4
    endloop
  endfacet
  facet normal -0.441957 -0.897036 0
    outer loop
      vertex 7.5 132.47 2.4
      vertex 8.08658 132.181 5.39
      vertex 7.5 132.47 5.39
    endloop
  endfacet
  facet normal -0.441957 -0.897036 -0
    outer loop
      vertex 8.08658 132.181 5.39
      vertex 7.5 132.47 2.4
      vertex 8.08658 132.181 2.4
    endloop
  endfacet
  facet normal -0.831561 -0.555434 0
    outer loop
      vertex 6.03323 133.756 2.4
      vertex 5.66987 134.3 5.39
      vertex 5.66987 134.3 2.4
    endloop
  endfacet
  facet normal -0.831561 -0.555434 0
    outer loop
      vertex 5.66987 134.3 5.39
      vertex 6.03323 133.756 2.4
      vertex 6.03323 133.756 5.39
    endloop
  endfacet
  facet normal -0.322493 -0.946572 0
    outer loop
      vertex 8.08658 132.181 2.4
      vertex 8.7059 131.97 5.39
      vertex 8.08658 132.181 5.39
    endloop
  endfacet
  facet normal -0.322493 -0.946572 -0
    outer loop
      vertex 8.7059 131.97 5.39
      vertex 8.08658 132.181 2.4
      vertex 8.7059 131.97 2.4
    endloop
  endfacet
  facet normal -0.98076 0.195219 0
    outer loop
      vertex 5.04278 137.453 2.4
      vertex 5.17037 138.094 5.39
      vertex 5.17037 138.094 2.4
    endloop
  endfacet
  facet normal -0.98076 0.195219 0
    outer loop
      vertex 5.17037 138.094 5.39
      vertex 5.04278 137.453 2.4
      vertex 5.04278 137.453 5.39
    endloop
  endfacet
  facet normal -0.896998 0.442035 0
    outer loop
      vertex 5.3806 138.713 2.4
      vertex 5.66987 139.3 5.39
      vertex 5.66987 139.3 2.4
    endloop
  endfacet
  facet normal -0.896998 0.442035 0
    outer loop
      vertex 5.66987 139.3 5.39
      vertex 5.3806 138.713 2.4
      vertex 5.3806 138.713 5.39
    endloop
  endfacet
  facet normal -0.997861 -0.0653729 0
    outer loop
      vertex 5.04278 136.147 2.4
      vertex 5 136.8 5.39
      vertex 5 136.8 2.4
    endloop
  endfacet
  facet normal -0.997861 -0.0653729 0
    outer loop
      vertex 5 136.8 5.39
      vertex 5.04278 136.147 2.4
      vertex 5.04278 136.147 5.39
    endloop
  endfacet
  facet normal -0.194213 -0.980959 0
    outer loop
      vertex 8.7059 131.97 2.4
      vertex 9.34737 131.843 5.39
      vertex 8.7059 131.97 5.39
    endloop
  endfacet
  facet normal -0.194213 -0.980959 -0
    outer loop
      vertex 9.34737 131.843 5.39
      vertex 8.7059 131.97 2.4
      vertex 9.34737 131.843 2.4
    endloop
  endfacet
  facet normal -0.0657447 -0.997836 0
    outer loop
      vertex 9.34737 131.843 2.4
      vertex 10 131.8 5.39
      vertex 9.34737 131.843 5.39
    endloop
  endfacet
  facet normal -0.0657447 -0.997836 -0
    outer loop
      vertex 10 131.8 5.39
      vertex 9.34737 131.843 2.4
      vertex 10 131.8 2.4
    endloop
  endfacet
  facet normal -0.98076 -0.195219 0
    outer loop
      vertex 5.17037 135.506 2.4
      vertex 5.04278 136.147 5.39
      vertex 5.04278 136.147 2.4
    endloop
  endfacet
  facet normal -0.98076 -0.195219 0
    outer loop
      vertex 5.04278 136.147 5.39
      vertex 5.17037 135.506 2.4
      vertex 5.17037 135.506 5.39
    endloop
  endfacet
  facet normal -0.831561 0.555434 0
    outer loop
      vertex 5.66987 139.3 2.4
      vertex 6.03323 139.844 5.39
      vertex 6.03323 139.844 2.4
    endloop
  endfacet
  facet normal -0.831561 0.555434 0
    outer loop
      vertex 6.03323 139.844 5.39
      vertex 5.66987 139.3 2.4
      vertex 5.66987 139.3 5.39
    endloop
  endfacet
  facet normal -0.0657477 0.997836 0
    outer loop
      vertex 92.8 141.8 2.4
      vertex 92.1474 141.757 5.39
      vertex 92.8 141.8 5.39
    endloop
  endfacet
  facet normal -0.0657477 0.997836 0
    outer loop
      vertex 92.1474 141.757 5.39
      vertex 92.8 141.8 2.4
      vertex 92.1474 141.757 2.4
    endloop
  endfacet
  facet normal 0.980757 0.195233 0
    outer loop
      vertex 97.7572 137.453 5.39
      vertex 97.6296 138.094 2.4
      vertex 97.6296 138.094 5.39
    endloop
  endfacet
  facet normal 0.980757 0.195233 0
    outer loop
      vertex 97.6296 138.094 2.4
      vertex 97.7572 137.453 5.39
      vertex 97.7572 137.453 2.4
    endloop
  endfacet
  facet normal 0.997859 0.0654033 0
    outer loop
      vertex 97.8 136.8 5.39
      vertex 97.7572 137.453 2.4
      vertex 97.7572 137.453 5.39
    endloop
  endfacet
  facet normal 0.997859 0.0654033 0
    outer loop
      vertex 97.7572 137.453 2.4
      vertex 97.8 136.8 5.39
      vertex 97.8 136.8 2.4
    endloop
  endfacet
  facet normal 0.946894 0.321546 0
    outer loop
      vertex 97.6296 138.094 5.39
      vertex 97.4194 138.713 2.4
      vertex 97.4194 138.713 5.39
    endloop
  endfacet
  facet normal 0.946894 0.321546 0
    outer loop
      vertex 97.4194 138.713 2.4
      vertex 97.6296 138.094 5.39
      vertex 97.6296 138.094 2.4
    endloop
  endfacet
  facet normal 0.322503 0.946569 -0
    outer loop
      vertex 94.7134 141.419 2.4
      vertex 94.0941 141.63 5.39
      vertex 94.7134 141.419 5.39
    endloop
  endfacet
  facet normal 0.322503 0.946569 0
    outer loop
      vertex 94.0941 141.63 5.39
      vertex 94.7134 141.419 2.4
      vertex 94.0941 141.63 2.4
    endloop
  endfacet
  facet normal 0.980757 -0.195233 0
    outer loop
      vertex 97.6296 135.506 5.39
      vertex 97.7572 136.147 2.4
      vertex 97.7572 136.147 5.39
    endloop
  endfacet
  facet normal 0.980757 -0.195233 0
    outer loop
      vertex 97.7572 136.147 2.4
      vertex 97.6296 135.506 5.39
      vertex 97.6296 135.506 2.4
    endloop
  endfacet
  facet normal 0.194204 -0.980961 0
    outer loop
      vertex 93.4526 131.843 2.4
      vertex 94.0941 131.97 5.39
      vertex 93.4526 131.843 5.39
    endloop
  endfacet
  facet normal 0.194204 -0.980961 0
    outer loop
      vertex 94.0941 131.97 5.39
      vertex 93.4526 131.843 2.4
      vertex 94.0941 131.97 2.4
    endloop
  endfacet
  facet normal 0.831603 0.55537 0
    outer loop
      vertex 97.1301 139.3 5.39
      vertex 96.7668 139.844 2.4
      vertex 96.7668 139.844 5.39
    endloop
  endfacet
  facet normal 0.831603 0.55537 0
    outer loop
      vertex 96.7668 139.844 2.4
      vertex 97.1301 139.3 5.39
      vertex 97.1301 139.3 2.4
    endloop
  endfacet
  facet normal 0.322503 -0.946569 0
    outer loop
      vertex 94.0941 131.97 2.4
      vertex 94.7134 132.181 5.39
      vertex 94.0941 131.97 5.39
    endloop
  endfacet
  facet normal 0.322503 -0.946569 0
    outer loop
      vertex 94.7134 132.181 5.39
      vertex 94.0941 131.97 2.4
      vertex 94.7134 132.181 2.4
    endloop
  endfacet
  facet normal -0.946894 0.321546 0
    outer loop
      vertex 87.9704 138.094 2.4
      vertex 88.1806 138.713 5.39
      vertex 88.1806 138.713 2.4
    endloop
  endfacet
  facet normal -0.946894 0.321546 0
    outer loop
      vertex 88.1806 138.713 5.39
      vertex 87.9704 138.094 2.4
      vertex 87.9704 138.094 5.39
    endloop
  endfacet
  facet normal 0.89698 0.442072 0
    outer loop
      vertex 97.4194 138.713 5.39
      vertex 97.1301 139.3 2.4
      vertex 97.1301 139.3 5.39
    endloop
  endfacet
  facet normal 0.89698 0.442072 0
    outer loop
      vertex 97.1301 139.3 2.4
      vertex 97.4194 138.713 5.39
      vertex 97.4194 138.713 2.4
    endloop
  endfacet
  facet normal -0.659165 0.751998 0
    outer loop
      vertex 89.7562 140.767 2.4
      vertex 89.2645 140.336 5.39
      vertex 89.7562 140.767 5.39
    endloop
  endfacet
  facet normal -0.659165 0.751998 0
    outer loop
      vertex 89.2645 140.336 5.39
      vertex 89.7562 140.767 2.4
      vertex 89.2645 140.336 2.4
    endloop
  endfacet
  facet normal -0.555194 -0.831721 0
    outer loop
      vertex 89.7562 132.833 2.4
      vertex 90.3 132.47 5.39
      vertex 89.7562 132.833 5.39
    endloop
  endfacet
  facet normal -0.555194 -0.831721 -0
    outer loop
      vertex 90.3 132.47 5.39
      vertex 89.7562 132.833 2.4
      vertex 90.3 132.47 2.4
    endloop
  endfacet
  facet normal 0.831603 -0.55537 0
    outer loop
      vertex 96.7668 133.756 5.39
      vertex 97.1301 134.3 2.4
      vertex 97.1301 134.3 5.39
    endloop
  endfacet
  facet normal 0.831603 -0.55537 0
    outer loop
      vertex 97.1301 134.3 2.4
      vertex 96.7668 133.756 5.39
      vertex 96.7668 133.756 2.4
    endloop
  endfacet
  facet normal -0.322503 -0.946569 0
    outer loop
      vertex 90.8866 132.181 2.4
      vertex 91.5059 131.97 5.39
      vertex 90.8866 132.181 5.39
    endloop
  endfacet
  facet normal -0.322503 -0.946569 -0
    outer loop
      vertex 91.5059 131.97 5.39
      vertex 90.8866 132.181 2.4
      vertex 91.5059 131.97 2.4
    endloop
  endfacet
  facet normal 0.555194 0.831721 -0
    outer loop
      vertex 95.8438 140.767 2.4
      vertex 95.3 141.13 5.39
      vertex 95.8438 140.767 5.39
    endloop
  endfacet
  facet normal 0.555194 0.831721 0
    outer loop
      vertex 95.3 141.13 5.39
      vertex 95.8438 140.767 2.4
      vertex 95.3 141.13 2.4
    endloop
  endfacet
  facet normal 0.89698 -0.442072 0
    outer loop
      vertex 97.1301 134.3 5.39
      vertex 97.4194 134.887 2.4
      vertex 97.4194 134.887 5.39
    endloop
  endfacet
  facet normal 0.89698 -0.442072 0
    outer loop
      vertex 97.4194 134.887 2.4
      vertex 97.1301 134.3 5.39
      vertex 97.1301 134.3 2.4
    endloop
  endfacet
  facet normal -0.441945 -0.897042 0
    outer loop
      vertex 90.3 132.47 2.4
      vertex 90.8866 132.181 5.39
      vertex 90.3 132.47 5.39
    endloop
  endfacet
  facet normal -0.441945 -0.897042 -0
    outer loop
      vertex 90.8866 132.181 5.39
      vertex 90.3 132.47 2.4
      vertex 90.8866 132.181 2.4
    endloop
  endfacet
  facet normal 0.946894 -0.321546 0
    outer loop
      vertex 97.4194 134.887 5.39
      vertex 97.6296 135.506 2.4
      vertex 97.6296 135.506 5.39
    endloop
  endfacet
  facet normal 0.946894 -0.321546 0
    outer loop
      vertex 97.6296 135.506 2.4
      vertex 97.4194 134.887 5.39
      vertex 97.4194 134.887 2.4
    endloop
  endfacet
  facet normal 0.75197 0.659197 0
    outer loop
      vertex 96.7668 139.844 5.39
      vertex 96.3355 140.336 2.4
      vertex 96.3355 140.336 5.39
    endloop
  endfacet
  facet normal 0.75197 0.659197 0
    outer loop
      vertex 96.3355 140.336 2.4
      vertex 96.7668 139.844 5.39
      vertex 96.7668 139.844 2.4
    endloop
  endfacet
  facet normal 0.659165 0.751998 -0
    outer loop
      vertex 96.3355 140.336 2.4
      vertex 95.8438 140.767 5.39
      vertex 96.3355 140.336 5.39
    endloop
  endfacet
  facet normal 0.659165 0.751998 0
    outer loop
      vertex 95.8438 140.767 5.39
      vertex 96.3355 140.336 2.4
      vertex 95.8438 140.767 2.4
    endloop
  endfacet
  facet normal 0.441945 0.897042 -0
    outer loop
      vertex 95.3 141.13 2.4
      vertex 94.7134 141.419 5.39
      vertex 95.3 141.13 5.39
    endloop
  endfacet
  facet normal 0.441945 0.897042 0
    outer loop
      vertex 94.7134 141.419 5.39
      vertex 95.3 141.13 2.4
      vertex 94.7134 141.419 2.4
    endloop
  endfacet
  facet normal -0.0657477 -0.997836 0
    outer loop
      vertex 92.1474 131.843 2.4
      vertex 92.8 131.8 5.39
      vertex 92.1474 131.843 5.39
    endloop
  endfacet
  facet normal -0.0657477 -0.997836 -0
    outer loop
      vertex 92.8 131.8 5.39
      vertex 92.1474 131.843 2.4
      vertex 92.8 131.8 2.4
    endloop
  endfacet
  facet normal 0.441945 -0.897042 0
    outer loop
      vertex 94.7134 132.181 2.4
      vertex 95.3 132.47 5.39
      vertex 94.7134 132.181 5.39
    endloop
  endfacet
  facet normal 0.441945 -0.897042 0
    outer loop
      vertex 95.3 132.47 5.39
      vertex 94.7134 132.181 2.4
      vertex 95.3 132.47 2.4
    endloop
  endfacet
  facet normal -0.555194 0.831721 0
    outer loop
      vertex 90.3 141.13 2.4
      vertex 89.7562 140.767 5.39
      vertex 90.3 141.13 5.39
    endloop
  endfacet
  facet normal -0.555194 0.831721 0
    outer loop
      vertex 89.7562 140.767 5.39
      vertex 90.3 141.13 2.4
      vertex 89.7562 140.767 2.4
    endloop
  endfacet
  facet normal -0.997859 -0.0654033 0
    outer loop
      vertex 87.8428 136.147 2.4
      vertex 87.8 136.8 5.39
      vertex 87.8 136.8 2.4
    endloop
  endfacet
  facet normal -0.997859 -0.0654033 0
    outer loop
      vertex 87.8 136.8 5.39
      vertex 87.8428 136.147 2.4
      vertex 87.8428 136.147 5.39
    endloop
  endfacet
  facet normal 0.997859 -0.0654033 0
    outer loop
      vertex 97.7572 136.147 5.39
      vertex 97.8 136.8 2.4
      vertex 97.8 136.8 5.39
    endloop
  endfacet
  facet normal 0.997859 -0.0654033 0
    outer loop
      vertex 97.8 136.8 2.4
      vertex 97.7572 136.147 5.39
      vertex 97.7572 136.147 2.4
    endloop
  endfacet
  facet normal -0.194204 0.980961 0
    outer loop
      vertex 92.1474 141.757 2.4
      vertex 91.5059 141.63 5.39
      vertex 92.1474 141.757 5.39
    endloop
  endfacet
  facet normal -0.194204 0.980961 0
    outer loop
      vertex 91.5059 141.63 5.39
      vertex 92.1474 141.757 2.4
      vertex 91.5059 141.63 2.4
    endloop
  endfacet
  facet normal 0.0657477 -0.997836 0
    outer loop
      vertex 92.8 131.8 2.4
      vertex 93.4526 131.843 5.39
      vertex 92.8 131.8 5.39
    endloop
  endfacet
  facet normal 0.0657477 -0.997836 0
    outer loop
      vertex 93.4526 131.843 5.39
      vertex 92.8 131.8 2.4
      vertex 93.4526 131.843 2.4
    endloop
  endfacet
  facet normal -0.441945 0.897042 0
    outer loop
      vertex 90.8866 141.419 2.4
      vertex 90.3 141.13 5.39
      vertex 90.8866 141.419 5.39
    endloop
  endfacet
  facet normal -0.441945 0.897042 0
    outer loop
      vertex 90.3 141.13 5.39
      vertex 90.8866 141.419 2.4
      vertex 90.3 141.13 2.4
    endloop
  endfacet
  facet normal -0.831603 -0.55537 0
    outer loop
      vertex 88.8332 133.756 2.4
      vertex 88.4699 134.3 5.39
      vertex 88.4699 134.3 2.4
    endloop
  endfacet
  facet normal -0.831603 -0.55537 0
    outer loop
      vertex 88.4699 134.3 5.39
      vertex 88.8332 133.756 2.4
      vertex 88.8332 133.756 5.39
    endloop
  endfacet
  facet normal 0.555194 -0.831721 0
    outer loop
      vertex 95.3 132.47 2.4
      vertex 95.8438 132.833 5.39
      vertex 95.3 132.47 5.39
    endloop
  endfacet
  facet normal 0.555194 -0.831721 0
    outer loop
      vertex 95.8438 132.833 5.39
      vertex 95.3 132.47 2.4
      vertex 95.8438 132.833 2.4
    endloop
  endfacet
  facet normal 0.659165 -0.751998 0
    outer loop
      vertex 95.8438 132.833 2.4
      vertex 96.3355 133.264 5.39
      vertex 95.8438 132.833 5.39
    endloop
  endfacet
  facet normal 0.659165 -0.751998 0
    outer loop
      vertex 96.3355 133.264 5.39
      vertex 95.8438 132.833 2.4
      vertex 96.3355 133.264 2.4
    endloop
  endfacet
  facet normal -0.89698 -0.442072 0
    outer loop
      vertex 88.4699 134.3 2.4
      vertex 88.1806 134.887 5.39
      vertex 88.1806 134.887 2.4
    endloop
  endfacet
  facet normal -0.89698 -0.442072 0
    outer loop
      vertex 88.1806 134.887 5.39
      vertex 88.4699 134.3 2.4
      vertex 88.4699 134.3 5.39
    endloop
  endfacet
  facet normal -0.75197 0.659197 0
    outer loop
      vertex 88.8332 139.844 2.4
      vertex 89.2645 140.336 5.39
      vertex 89.2645 140.336 2.4
    endloop
  endfacet
  facet normal -0.75197 0.659197 0
    outer loop
      vertex 89.2645 140.336 5.39
      vertex 88.8332 139.844 2.4
      vertex 88.8332 139.844 5.39
    endloop
  endfacet
  facet normal -0.946894 -0.321546 0
    outer loop
      vertex 88.1806 134.887 2.4
      vertex 87.9704 135.506 5.39
      vertex 87.9704 135.506 2.4
    endloop
  endfacet
  facet normal -0.946894 -0.321546 0
    outer loop
      vertex 87.9704 135.506 5.39
      vertex 88.1806 134.887 2.4
      vertex 88.1806 134.887 5.39
    endloop
  endfacet
  facet normal -0.194204 -0.980961 0
    outer loop
      vertex 91.5059 131.97 2.4
      vertex 92.1474 131.843 5.39
      vertex 91.5059 131.97 5.39
    endloop
  endfacet
  facet normal -0.194204 -0.980961 -0
    outer loop
      vertex 92.1474 131.843 5.39
      vertex 91.5059 131.97 2.4
      vertex 92.1474 131.843 2.4
    endloop
  endfacet
  facet normal 0.0657477 0.997836 -0
    outer loop
      vertex 93.4526 141.757 2.4
      vertex 92.8 141.8 5.39
      vertex 93.4526 141.757 5.39
    endloop
  endfacet
  facet normal 0.0657477 0.997836 0
    outer loop
      vertex 92.8 141.8 5.39
      vertex 93.4526 141.757 2.4
      vertex 92.8 141.8 2.4
    endloop
  endfacet
  facet normal -0.322503 0.946569 0
    outer loop
      vertex 91.5059 141.63 2.4
      vertex 90.8866 141.419 5.39
      vertex 91.5059 141.63 5.39
    endloop
  endfacet
  facet normal -0.322503 0.946569 0
    outer loop
      vertex 90.8866 141.419 5.39
      vertex 91.5059 141.63 2.4
      vertex 90.8866 141.419 2.4
    endloop
  endfacet
  facet normal 0.194204 0.980961 -0
    outer loop
      vertex 94.0941 141.63 2.4
      vertex 93.4526 141.757 5.39
      vertex 94.0941 141.63 5.39
    endloop
  endfacet
  facet normal 0.194204 0.980961 0
    outer loop
      vertex 93.4526 141.757 5.39
      vertex 94.0941 141.63 2.4
      vertex 93.4526 141.757 2.4
    endloop
  endfacet
  facet normal -0.980757 0.195233 0
    outer loop
      vertex 87.8428 137.453 2.4
      vertex 87.9704 138.094 5.39
      vertex 87.9704 138.094 2.4
    endloop
  endfacet
  facet normal -0.980757 0.195233 0
    outer loop
      vertex 87.9704 138.094 5.39
      vertex 87.8428 137.453 2.4
      vertex 87.8428 137.453 5.39
    endloop
  endfacet
  facet normal -0.980757 -0.195233 0
    outer loop
      vertex 87.9704 135.506 2.4
      vertex 87.8428 136.147 5.39
      vertex 87.8428 136.147 2.4
    endloop
  endfacet
  facet normal -0.980757 -0.195233 0
    outer loop
      vertex 87.8428 136.147 5.39
      vertex 87.9704 135.506 2.4
      vertex 87.9704 135.506 5.39
    endloop
  endfacet
  facet normal -0.75197 -0.659197 0
    outer loop
      vertex 89.2645 133.264 2.4
      vertex 88.8332 133.756 5.39
      vertex 88.8332 133.756 2.4
    endloop
  endfacet
  facet normal -0.75197 -0.659197 0
    outer loop
      vertex 88.8332 133.756 5.39
      vertex 89.2645 133.264 2.4
      vertex 89.2645 133.264 5.39
    endloop
  endfacet
  facet normal -0.831603 0.55537 0
    outer loop
      vertex 88.4699 139.3 2.4
      vertex 88.8332 139.844 5.39
      vertex 88.8332 139.844 2.4
    endloop
  endfacet
  facet normal -0.831603 0.55537 0
    outer loop
      vertex 88.8332 139.844 5.39
      vertex 88.4699 139.3 2.4
      vertex 88.4699 139.3 5.39
    endloop
  endfacet
  facet normal -0.89698 0.442072 0
    outer loop
      vertex 88.1806 138.713 2.4
      vertex 88.4699 139.3 5.39
      vertex 88.4699 139.3 2.4
    endloop
  endfacet
  facet normal -0.89698 0.442072 0
    outer loop
      vertex 88.4699 139.3 5.39
      vertex 88.1806 138.713 2.4
      vertex 88.1806 138.713 5.39
    endloop
  endfacet
  facet normal -0.997859 0.0654033 0
    outer loop
      vertex 87.8 136.8 2.4
      vertex 87.8428 137.453 5.39
      vertex 87.8428 137.453 2.4
    endloop
  endfacet
  facet normal -0.997859 0.0654033 0
    outer loop
      vertex 87.8428 137.453 5.39
      vertex 87.8 136.8 2.4
      vertex 87.8 136.8 5.39
    endloop
  endfacet
  facet normal -0.659165 -0.751998 0
    outer loop
      vertex 89.2645 133.264 2.4
      vertex 89.7562 132.833 5.39
      vertex 89.2645 133.264 5.39
    endloop
  endfacet
  facet normal -0.659165 -0.751998 -0
    outer loop
      vertex 89.7562 132.833 5.39
      vertex 89.2645 133.264 2.4
      vertex 89.7562 132.833 2.4
    endloop
  endfacet
  facet normal 0 0 1
    outer loop
      vertex 97.7572 137.453 5.39
      vertex 97.7572 136.147 5.39
      vertex 97.8 136.8 5.39
    endloop
  endfacet
  facet normal 0 0 1
    outer loop
      vertex 97.6296 138.094 5.39
      vertex 97.7572 136.147 5.39
      vertex 97.7572 137.453 5.39
    endloop
  endfacet
  facet normal 0 0 1
    outer loop
      vertex 97.6296 138.094 5.39
      vertex 97.6296 135.506 5.39
      vertex 97.7572 136.147 5.39
    endloop
  endfacet
  facet normal 0 0 1
    outer loop
      vertex 97.4194 138.713 5.39
      vertex 97.6296 135.506 5.39
      vertex 97.6296 138.094 5.39
    endloop
  endfacet
  facet normal 0 0 1
    outer loop
      vertex 97.4194 138.713 5.39
      vertex 97.4194 134.887 5.39
      vertex 97.6296 135.506 5.39
    endloop
  endfacet
  facet normal 0 0 1
    outer loop
      vertex 97.1301 139.3 5.39
      vertex 97.4194 134.887 5.39
      vertex 97.4194 138.713 5.39
    endloop
  endfacet
  facet normal 0 0 1
    outer loop
      vertex 97.1301 139.3 5.39
      vertex 97.1301 134.3 5.39
      vertex 97.4194 134.887 5.39
    endloop
  endfacet
  facet normal 0 0 1
    outer loop
      vertex 96.7668 139.844 5.39
      vertex 97.1301 134.3 5.39
      vertex 97.1301 139.3 5.39
    endloop
  endfacet
  facet normal 0 0 1
    outer loop
      vertex 96.7668 139.844 5.39
      vertex 96.7668 133.756 5.39
      vertex 97.1301 134.3 5.39
    endloop
  endfacet
  facet normal 0 0 1
    outer loop
      vertex 96.3355 140.336 5.39
      vertex 96.7668 133.756 5.39
      vertex 96.7668 139.844 5.39
    endloop
  endfacet
  facet normal 0 0 1
    outer loop
      vertex 96.3355 140.336 5.39
      vertex 96.3355 133.264 5.39
      vertex 96.7668 133.756 5.39
    endloop
  endfacet
  facet normal 0 0 1
    outer loop
      vertex 95.8438 140.767 5.39
      vertex 96.3355 133.264 5.39
      vertex 96.3355 140.336 5.39
    endloop
  endfacet
  facet normal 0 0 1
    outer loop
      vertex 95.8438 140.767 5.39
      vertex 95.8438 132.833 5.39
      vertex 96.3355 133.264 5.39
    endloop
  endfacet
  facet normal 0 0 1
    outer loop
      vertex 95.3 141.13 5.39
      vertex 95.8438 132.833 5.39
      vertex 95.8438 140.767 5.39
    endloop
  endfacet
  facet normal 0 0 1
    outer loop
      vertex 95.3 141.13 5.39
      vertex 95.3 132.47 5.39
      vertex 95.8438 132.833 5.39
    endloop
  endfacet
  facet normal 0 0 1
    outer loop
      vertex 94.7134 141.419 5.39
      vertex 95.3 132.47 5.39
      vertex 95.3 141.13 5.39
    endloop
  endfacet
  facet normal 0 0 1
    outer loop
      vertex 94.7134 141.419 5.39
      vertex 94.7134 132.181 5.39
      vertex 95.3 132.47 5.39
    endloop
  endfacet
  facet normal 0 0 1
    outer loop
      vertex 94.0941 141.63 5.39
      vertex 94.7134 132.181 5.39
      vertex 94.7134 141.419 5.39
    endloop
  endfacet
  facet normal 0 0 1
    outer loop
      vertex 94.0941 141.63 5.39
      vertex 94.0941 131.97 5.39
      vertex 94.7134 132.181 5.39
    endloop
  endfacet
  facet normal 0 0 1
    outer loop
      vertex 93.4526 141.757 5.39
      vertex 94.0941 131.97 5.39
      vertex 94.0941 141.63 5.39
    endloop
  endfacet
  facet normal 0 0 1
    outer loop
      vertex 93.4526 141.757 5.39
      vertex 93.4526 131.843 5.39
      vertex 94.0941 131.97 5.39
    endloop
  endfacet
  facet normal 0 0 1
    outer loop
      vertex 92.8 141.8 5.39
      vertex 93.4526 131.843 5.39
      vertex 93.4526 141.757 5.39
    endloop
  endfacet
  facet normal 0 0 1
    outer loop
      vertex 92.8 141.8 5.39
      vertex 92.8 131.8 5.39
      vertex 93.4526 131.843 5.39
    endloop
  endfacet
  facet normal -0 0 1
    outer loop
      vertex 92.1474 141.757 5.39
      vertex 92.8 131.8 5.39
      vertex 92.8 141.8 5.39
    endloop
  endfacet
  facet normal 0 0 1
    outer loop
      vertex 92.1474 141.757 5.39
      vertex 92.1474 131.843 5.39
      vertex 92.8 131.8 5.39
    endloop
  endfacet
  facet normal -0 0 1
    outer loop
      vertex 91.5059 141.63 5.39
      vertex 92.1474 131.843 5.39
      vertex 92.1474 141.757 5.39
    endloop
  endfacet
  facet normal 0 0 1
    outer loop
      vertex 91.5059 141.63 5.39
      vertex 91.5059 131.97 5.39
      vertex 92.1474 131.843 5.39
    endloop
  endfacet
  facet normal -0 0 1
    outer loop
      vertex 90.8866 141.419 5.39
      vertex 91.5059 131.97 5.39
      vertex 91.5059 141.63 5.39
    endloop
  endfacet
  facet normal 0 0 1
    outer loop
      vertex 90.8866 141.419 5.39
      vertex 90.8866 132.181 5.39
      vertex 91.5059 131.97 5.39
    endloop
  endfacet
  facet normal -0 0 1
    outer loop
      vertex 90.3 141.13 5.39
      vertex 90.8866 132.181 5.39
      vertex 90.8866 141.419 5.39
    endloop
  endfacet
  facet normal 0 0 1
    outer loop
      vertex 90.3 141.13 5.39
      vertex 90.3 132.47 5.39
      vertex 90.8866 132.181 5.39
    endloop
  endfacet
  facet normal -0 0 1
    outer loop
      vertex 89.7562 140.767 5.39
      vertex 90.3 132.47 5.39
      vertex 90.3 141.13 5.39
    endloop
  endfacet
  facet normal 0 0 1
    outer loop
      vertex 89.7562 140.767 5.39
      vertex 89.7562 132.833 5.39
      vertex 90.3 132.47 5.39
    endloop
  endfacet
  facet normal -0 0 1
    outer loop
      vertex 89.2645 140.336 5.39
      vertex 89.7562 132.833 5.39
      vertex 89.7562 140.767 5.39
    endloop
  endfacet
  facet normal 0 0 1
    outer loop
      vertex 89.2645 140.336 5.39
      vertex 89.2645 133.264 5.39
      vertex 89.7562 132.833 5.39
    endloop
  endfacet
  facet normal -0 0 1
    outer loop
      vertex 88.8332 139.844 5.39
      vertex 89.2645 133.264 5.39
      vertex 89.2645 140.336 5.39
    endloop
  endfacet
  facet normal 0 0 1
    outer loop
      vertex 88.8332 139.844 5.39
      vertex 88.8332 133.756 5.39
      vertex 89.2645 133.264 5.39
    endloop
  endfacet
  facet normal -0 0 1
    outer loop
      vertex 88.4699 139.3 5.39
      vertex 88.8332 133.756 5.39
      vertex 88.8332 139.844 5.39
    endloop
  endfacet
  facet normal 0 0 1
    outer loop
      vertex 88.4699 139.3 5.39
      vertex 88.4699 134.3 5.39
      vertex 88.8332 133.756 5.39
    endloop
  endfacet
  facet normal -0 0 1
    outer loop
      vertex 88.1806 138.713 5.39
      vertex 88.4699 134.3 5.39
      vertex 88.4699 139.3 5.39
    endloop
  endfacet
  facet normal 0 0 1
    outer loop
      vertex 88.1806 138.713 5.39
      vertex 88.1806 134.887 5.39
      vertex 88.4699 134.3 5.39
    endloop
  endfacet
  facet normal -0 0 1
    outer loop
      vertex 87.9704 138.094 5.39
      vertex 88.1806 134.887 5.39
      vertex 88.1806 138.713 5.39
    endloop
  endfacet
  facet normal 0 0 1
    outer loop
      vertex 87.9704 138.094 5.39
      vertex 87.9704 135.506 5.39
      vertex 88.1806 134.887 5.39
    endloop
  endfacet
  facet normal -0 0 1
    outer loop
      vertex 87.8428 137.453 5.39
      vertex 87.9704 135.506 5.39
      vertex 87.9704 138.094 5.39
    endloop
  endfacet
  facet normal 0 0 1
    outer loop
      vertex 87.8428 137.453 5.39
      vertex 87.8428 136.147 5.39
      vertex 87.9704 135.506 5.39
    endloop
  endfacet
  facet normal 0 -0 1
    outer loop
      vertex 87.8428 136.147 5.39
      vertex 87.8428 137.453 5.39
      vertex 87.8 136.8 5.39
    endloop
  endfacet
  facet normal 0.75197 -0.659197 0
    outer loop
      vertex 96.3355 133.264 5.39
      vertex 96.7668 133.756 2.4
      vertex 96.7668 133.756 5.39
    endloop
  endfacet
  facet normal 0.75197 -0.659197 0
    outer loop
      vertex 96.7668 133.756 2.4
      vertex 96.3355 133.264 5.39
      vertex 96.3355 133.264 2.4
    endloop
  endfacet
  facet normal 0.89686 0.442314 0
    outer loop
      vertex 6.77417 46.75 17.39
      vertex 6.69896 46.9025 3.4
      vertex 6.69896 46.9025 17.39
    endloop
  endfacet
  facet normal 0.89686 0.442314 0
    outer loop
      vertex 6.69896 46.9025 3.4
      vertex 6.77417 46.75 17.39
      vertex 6.77417 46.75 3.4
    endloop
  endfacet
  facet normal -0.321638 0.946863 0
    outer loop
      vertex 8.39749 46.199 3.4
      vertex 8.23646 46.1443 17.39
      vertex 8.39749 46.199 17.39
    endloop
  endfacet
  facet normal -0.321638 0.946863 0
    outer loop
      vertex 8.23646 46.1443 17.39
      vertex 8.39749 46.199 3.4
      vertex 8.23646 46.1443 3.4
    endloop
  endfacet
  facet normal -0.980784 -0.195098 0
    outer loop
      vertex 9.18888 47.5697 3.4
      vertex 9.1557 47.7365 17.39
      vertex 9.1557 47.7365 3.4
    endloop
  endfacet
  facet normal -0.980784 -0.195098 0
    outer loop
      vertex 9.1557 47.7365 17.39
      vertex 9.18888 47.5697 3.4
      vertex 9.18888 47.5697 17.39
    endloop
  endfacet
  facet normal -0.99786 -0.0653872 0
    outer loop
      vertex 9.2 47.4 3.4
      vertex 9.18888 47.5697 17.39
      vertex 9.18888 47.5697 3.4
    endloop
  endfacet
  facet normal -0.99786 -0.0653872 0
    outer loop
      vertex 9.18888 47.5697 17.39
      vertex 9.2 47.4 3.4
      vertex 9.2 47.4 17.39
    endloop
  endfacet
  facet normal -0.946916 -0.321481 0
    outer loop
      vertex 9.1557 47.7365 3.4
      vertex 9.10104 47.8975 17.39
      vertex 9.10104 47.8975 3.4
    endloop
  endfacet
  facet normal -0.946916 -0.321481 0
    outer loop
      vertex 9.10104 47.8975 17.39
      vertex 9.1557 47.7365 3.4
      vertex 9.1557 47.7365 17.39
    endloop
  endfacet
  facet normal -0.321638 -0.946863 0
    outer loop
      vertex 8.23646 48.6557 3.4
      vertex 8.39749 48.601 17.39
      vertex 8.23646 48.6557 17.39
    endloop
  endfacet
  facet normal -0.321638 -0.946863 -0
    outer loop
      vertex 8.39749 48.601 17.39
      vertex 8.23646 48.6557 3.4
      vertex 8.39749 48.601 3.4
    endloop
  endfacet
  facet normal 0.89686 -0.442314 0
    outer loop
      vertex 6.69896 47.8975 17.39
      vertex 6.77417 48.05 3.4
      vertex 6.77417 48.05 17.39
    endloop
  endfacet
  facet normal 0.89686 -0.442314 0
    outer loop
      vertex 6.77417 48.05 3.4
      vertex 6.69896 47.8975 17.39
      vertex 6.69896 47.8975 3.4
    endloop
  endfacet
  facet normal 0.751716 0.659487 0
    outer loop
      vertex 6.98076 46.4808 17.39
      vertex 6.86864 46.6086 3.4
      vertex 6.86864 46.6086 17.39
    endloop
  endfacet
  facet normal 0.751716 0.659487 0
    outer loop
      vertex 6.86864 46.6086 3.4
      vertex 6.98076 46.4808 17.39
      vertex 6.98076 46.4808 3.4
    endloop
  endfacet
  facet normal -0.831498 -0.555528 0
    outer loop
      vertex 9.02583 48.05 3.4
      vertex 8.93136 48.1914 17.39
      vertex 8.93136 48.1914 3.4
    endloop
  endfacet
  facet normal -0.831498 -0.555528 0
    outer loop
      vertex 8.93136 48.1914 17.39
      vertex 9.02583 48.05 3.4
      vertex 9.02583 48.05 17.39
    endloop
  endfacet
  facet normal -0.89686 -0.442314 0
    outer loop
      vertex 9.10104 47.8975 3.4
      vertex 9.02583 48.05 17.39
      vertex 9.02583 48.05 3.4
    endloop
  endfacet
  facet normal -0.89686 -0.442314 0
    outer loop
      vertex 9.02583 48.05 17.39
      vertex 9.10104 47.8975 3.4
      vertex 9.10104 47.8975 17.39
    endloop
  endfacet
  facet normal 0.659607 0.751611 -0
    outer loop
      vertex 7.10861 46.3686 3.4
      vertex 6.98076 46.4808 17.39
      vertex 7.10861 46.3686 17.39
    endloop
  endfacet
  facet normal 0.659607 0.751611 0
    outer loop
      vertex 6.98076 46.4808 17.39
      vertex 7.10861 46.3686 3.4
      vertex 6.98076 46.4808 3.4
    endloop
  endfacet
  facet normal 0.751716 -0.659487 0
    outer loop
      vertex 6.86864 48.1914 17.39
      vertex 6.98076 48.3192 3.4
      vertex 6.98076 48.3192 17.39
    endloop
  endfacet
  facet normal 0.751716 -0.659487 0
    outer loop
      vertex 6.98076 48.3192 3.4
      vertex 6.86864 48.1914 17.39
      vertex 6.86864 48.1914 3.4
    endloop
  endfacet
  facet normal 0.831498 -0.555528 0
    outer loop
      vertex 6.77417 48.05 17.39
      vertex 6.86864 48.1914 3.4
      vertex 6.86864 48.1914 17.39
    endloop
  endfacet
  facet normal 0.831498 -0.555528 0
    outer loop
      vertex 6.86864 48.1914 3.4
      vertex 6.77417 48.05 17.39
      vertex 6.77417 48.05 3.4
    endloop
  endfacet
  facet normal 0.195234 -0.980757 0
    outer loop
      vertex 7.56354 48.6557 3.4
      vertex 7.73032 48.6889 17.39
      vertex 7.56354 48.6557 17.39
    endloop
  endfacet
  facet normal 0.195234 -0.980757 0
    outer loop
      vertex 7.73032 48.6889 17.39
      vertex 7.56354 48.6557 3.4
      vertex 7.73032 48.6889 3.4
    endloop
  endfacet
  facet normal -0.442243 0.896895 0
    outer loop
      vertex 8.55 46.2742 3.4
      vertex 8.39749 46.199 17.39
      vertex 8.55 46.2742 17.39
    endloop
  endfacet
  facet normal -0.442243 0.896895 0
    outer loop
      vertex 8.39749 46.199 17.39
      vertex 8.55 46.2742 3.4
      vertex 8.39749 46.199 3.4
    endloop
  endfacet
  facet normal 0.946916 -0.321481 0
    outer loop
      vertex 6.6443 47.7365 17.39
      vertex 6.69896 47.8975 3.4
      vertex 6.69896 47.8975 17.39
    endloop
  endfacet
  facet normal 0.946916 -0.321481 0
    outer loop
      vertex 6.69896 47.8975 3.4
      vertex 6.6443 47.7365 17.39
      vertex 6.6443 47.7365 3.4
    endloop
  endfacet
  facet normal 0.442243 -0.896895 0
    outer loop
      vertex 7.25 48.5258 3.4
      vertex 7.40251 48.601 17.39
      vertex 7.25 48.5258 17.39
    endloop
  endfacet
  facet normal 0.442243 -0.896895 0
    outer loop
      vertex 7.40251 48.601 17.39
      vertex 7.25 48.5258 3.4
      vertex 7.40251 48.601 3.4
    endloop
  endfacet
  facet normal 0.321638 0.946863 -0
    outer loop
      vertex 7.56354 46.1443 3.4
      vertex 7.40251 46.199 17.39
      vertex 7.56354 46.1443 17.39
    endloop
  endfacet
  facet normal 0.321638 0.946863 0
    outer loop
      vertex 7.40251 46.199 17.39
      vertex 7.56354 46.1443 3.4
      vertex 7.40251 46.199 3.4
    endloop
  endfacet
  facet normal -0.831498 0.555528 0
    outer loop
      vertex 8.93136 46.6086 3.4
      vertex 9.02583 46.75 17.39
      vertex 9.02583 46.75 3.4
    endloop
  endfacet
  facet normal -0.831498 0.555528 0
    outer loop
      vertex 9.02583 46.75 17.39
      vertex 8.93136 46.6086 3.4
      vertex 8.93136 46.6086 17.39
    endloop
  endfacet
  facet normal -0.195234 0.980757 0
    outer loop
      vertex 8.23646 46.1443 3.4
      vertex 8.06968 46.1111 17.39
      vertex 8.23646 46.1443 17.39
    endloop
  endfacet
  facet normal -0.195234 0.980757 0
    outer loop
      vertex 8.06968 46.1111 17.39
      vertex 8.23646 46.1443 3.4
      vertex 8.06968 46.1111 3.4
    endloop
  endfacet
  facet normal -0.0652777 -0.997867 0
    outer loop
      vertex 7.9 48.7 3.4
      vertex 8.06968 48.6889 17.39
      vertex 7.9 48.7 17.39
    endloop
  endfacet
  facet normal -0.0652777 -0.997867 -0
    outer loop
      vertex 8.06968 48.6889 17.39
      vertex 7.9 48.7 3.4
      vertex 8.06968 48.6889 3.4
    endloop
  endfacet
  facet normal -0.980784 0.195098 0
    outer loop
      vertex 9.1557 47.0635 3.4
      vertex 9.18888 47.2303 17.39
      vertex 9.18888 47.2303 3.4
    endloop
  endfacet
  facet normal -0.980784 0.195098 0
    outer loop
      vertex 9.18888 47.2303 17.39
      vertex 9.1557 47.0635 3.4
      vertex 9.1557 47.0635 17.39
    endloop
  endfacet
  facet normal -0.55527 0.83167 0
    outer loop
      vertex 8.69139 46.3686 3.4
      vertex 8.55 46.2742 17.39
      vertex 8.69139 46.3686 17.39
    endloop
  endfacet
  facet normal -0.55527 0.83167 0
    outer loop
      vertex 8.55 46.2742 17.39
      vertex 8.69139 46.3686 3.4
      vertex 8.55 46.2742 3.4
    endloop
  endfacet
  facet normal -0.55527 -0.83167 0
    outer loop
      vertex 8.55 48.5258 3.4
      vertex 8.69139 48.4314 17.39
      vertex 8.55 48.5258 17.39
    endloop
  endfacet
  facet normal -0.55527 -0.83167 -0
    outer loop
      vertex 8.69139 48.4314 17.39
      vertex 8.55 48.5258 3.4
      vertex 8.69139 48.4314 3.4
    endloop
  endfacet
  facet normal -0.89686 0.442314 0
    outer loop
      vertex 9.02583 46.75 3.4
      vertex 9.10104 46.9025 17.39
      vertex 9.10104 46.9025 3.4
    endloop
  endfacet
  facet normal -0.89686 0.442314 0
    outer loop
      vertex 9.10104 46.9025 17.39
      vertex 9.02583 46.75 3.4
      vertex 9.02583 46.75 17.39
    endloop
  endfacet
  facet normal 0.55527 -0.83167 0
    outer loop
      vertex 7.10861 48.4314 3.4
      vertex 7.25 48.5258 17.39
      vertex 7.10861 48.4314 17.39
    endloop
  endfacet
  facet normal 0.55527 -0.83167 0
    outer loop
      vertex 7.25 48.5258 17.39
      vertex 7.10861 48.4314 3.4
      vertex 7.25 48.5258 3.4
    endloop
  endfacet
  facet normal -0.751716 0.659487 0
    outer loop
      vertex 8.81924 46.4808 3.4
      vertex 8.93136 46.6086 17.39
      vertex 8.93136 46.6086 3.4
    endloop
  endfacet
  facet normal -0.751716 0.659487 0
    outer loop
      vertex 8.93136 46.6086 17.39
      vertex 8.81924 46.4808 3.4
      vertex 8.81924 46.4808 17.39
    endloop
  endfacet
  facet normal -0.195234 -0.980757 0
    outer loop
      vertex 8.06968 48.6889 3.4
      vertex 8.23646 48.6557 17.39
      vertex 8.06968 48.6889 17.39
    endloop
  endfacet
  facet normal -0.195234 -0.980757 -0
    outer loop
      vertex 8.23646 48.6557 17.39
      vertex 8.06968 48.6889 3.4
      vertex 8.23646 48.6557 3.4
    endloop
  endfacet
  facet normal 0.659607 -0.751611 0
    outer loop
      vertex 6.98076 48.3192 3.4
      vertex 7.10861 48.4314 17.39
      vertex 6.98076 48.3192 17.39
    endloop
  endfacet
  facet normal 0.659607 -0.751611 0
    outer loop
      vertex 7.10861 48.4314 17.39
      vertex 6.98076 48.3192 3.4
      vertex 7.10861 48.4314 3.4
    endloop
  endfacet
  facet normal 0.321638 -0.946863 0
    outer loop
      vertex 7.40251 48.601 3.4
      vertex 7.56354 48.6557 17.39
      vertex 7.40251 48.601 17.39
    endloop
  endfacet
  facet normal 0.321638 -0.946863 0
    outer loop
      vertex 7.56354 48.6557 17.39
      vertex 7.40251 48.601 3.4
      vertex 7.56354 48.6557 3.4
    endloop
  endfacet
  facet normal -0.99786 0.0653872 0
    outer loop
      vertex 9.18888 47.2303 3.4
      vertex 9.2 47.4 17.39
      vertex 9.2 47.4 3.4
    endloop
  endfacet
  facet normal -0.99786 0.0653872 0
    outer loop
      vertex 9.2 47.4 17.39
      vertex 9.18888 47.2303 3.4
      vertex 9.18888 47.2303 17.39
    endloop
  endfacet
  facet normal 0.980784 0.195098 0
    outer loop
      vertex 6.6443 47.0635 17.39
      vertex 6.61112 47.2303 3.4
      vertex 6.61112 47.2303 17.39
    endloop
  endfacet
  facet normal 0.980784 0.195098 0
    outer loop
      vertex 6.61112 47.2303 3.4
      vertex 6.6443 47.0635 17.39
      vertex 6.6443 47.0635 3.4
    endloop
  endfacet
  facet normal -0.659607 -0.751611 0
    outer loop
      vertex 8.69139 48.4314 3.4
      vertex 8.81924 48.3192 17.39
      vertex 8.69139 48.4314 17.39
    endloop
  endfacet
  facet normal -0.659607 -0.751611 -0
    outer loop
      vertex 8.81924 48.3192 17.39
      vertex 8.69139 48.4314 3.4
      vertex 8.81924 48.3192 3.4
    endloop
  endfacet
  facet normal -0.0652777 0.997867 0
    outer loop
      vertex 8.06968 46.1111 3.4
      vertex 7.9 46.1 17.39
      vertex 8.06968 46.1111 17.39
    endloop
  endfacet
  facet normal -0.0652777 0.997867 0
    outer loop
      vertex 7.9 46.1 17.39
      vertex 8.06968 46.1111 3.4
      vertex 7.9 46.1 3.4
    endloop
  endfacet
  facet normal 0.442243 0.896895 -0
    outer loop
      vertex 7.40251 46.199 3.4
      vertex 7.25 46.2742 17.39
      vertex 7.40251 46.199 17.39
    endloop
  endfacet
  facet normal 0.442243 0.896895 0
    outer loop
      vertex 7.25 46.2742 17.39
      vertex 7.40251 46.199 3.4
      vertex 7.25 46.2742 3.4
    endloop
  endfacet
  facet normal 0.831498 0.555528 0
    outer loop
      vertex 6.86864 46.6086 17.39
      vertex 6.77417 46.75 3.4
      vertex 6.77417 46.75 17.39
    endloop
  endfacet
  facet normal 0.831498 0.555528 0
    outer loop
      vertex 6.77417 46.75 3.4
      vertex 6.86864 46.6086 17.39
      vertex 6.86864 46.6086 3.4
    endloop
  endfacet
  facet normal -0.751716 -0.659487 0
    outer loop
      vertex 8.93136 48.1914 3.4
      vertex 8.81924 48.3192 17.39
      vertex 8.81924 48.3192 3.4
    endloop
  endfacet
  facet normal -0.751716 -0.659487 0
    outer loop
      vertex 8.81924 48.3192 17.39
      vertex 8.93136 48.1914 3.4
      vertex 8.93136 48.1914 17.39
    endloop
  endfacet
  facet normal -0.946916 0.321481 0
    outer loop
      vertex 9.10104 46.9025 3.4
      vertex 9.1557 47.0635 17.39
      vertex 9.1557 47.0635 3.4
    endloop
  endfacet
  facet normal -0.946916 0.321481 0
    outer loop
      vertex 9.1557 47.0635 17.39
      vertex 9.10104 46.9025 3.4
      vertex 9.10104 46.9025 17.39
    endloop
  endfacet
  facet normal 0.0652777 -0.997867 0
    outer loop
      vertex 7.73032 48.6889 3.4
      vertex 7.9 48.7 17.39
      vertex 7.73032 48.6889 17.39
    endloop
  endfacet
  facet normal 0.0652777 -0.997867 0
    outer loop
      vertex 7.9 48.7 17.39
      vertex 7.73032 48.6889 3.4
      vertex 7.9 48.7 3.4
    endloop
  endfacet
  facet normal -0.442243 -0.896895 0
    outer loop
      vertex 8.39749 48.601 3.4
      vertex 8.55 48.5258 17.39
      vertex 8.39749 48.601 17.39
    endloop
  endfacet
  facet normal -0.442243 -0.896895 -0
    outer loop
      vertex 8.55 48.5258 17.39
      vertex 8.39749 48.601 3.4
      vertex 8.55 48.5258 3.4
    endloop
  endfacet
  facet normal 0.980784 -0.195098 0
    outer loop
      vertex 6.61112 47.5697 17.39
      vertex 6.6443 47.7365 3.4
      vertex 6.6443 47.7365 17.39
    endloop
  endfacet
  facet normal 0.980784 -0.195098 0
    outer loop
      vertex 6.6443 47.7365 3.4
      vertex 6.61112 47.5697 17.39
      vertex 6.61112 47.5697 3.4
    endloop
  endfacet
  facet normal 0.946916 0.321481 0
    outer loop
      vertex 6.69896 46.9025 17.39
      vertex 6.6443 47.0635 3.4
      vertex 6.6443 47.0635 17.39
    endloop
  endfacet
  facet normal 0.946916 0.321481 0
    outer loop
      vertex 6.6443 47.0635 3.4
      vertex 6.69896 46.9025 17.39
      vertex 6.69896 46.9025 3.4
    endloop
  endfacet
  facet normal 0.99786 0.0653872 0
    outer loop
      vertex 6.61112 47.2303 17.39
      vertex 6.6 47.4 3.4
      vertex 6.6 47.4 17.39
    endloop
  endfacet
  facet normal 0.99786 0.0653872 0
    outer loop
      vertex 6.6 47.4 3.4
      vertex 6.61112 47.2303 17.39
      vertex 6.61112 47.2303 3.4
    endloop
  endfacet
  facet normal 0.99786 -0.0653872 0
    outer loop
      vertex 6.6 47.4 17.39
      vertex 6.61112 47.5697 3.4
      vertex 6.61112 47.5697 17.39
    endloop
  endfacet
  facet normal 0.99786 -0.0653872 0
    outer loop
      vertex 6.61112 47.5697 3.4
      vertex 6.6 47.4 17.39
      vertex 6.6 47.4 3.4
    endloop
  endfacet
  facet normal 0.55527 0.83167 -0
    outer loop
      vertex 7.25 46.2742 3.4
      vertex 7.10861 46.3686 17.39
      vertex 7.25 46.2742 17.39
    endloop
  endfacet
  facet normal 0.55527 0.83167 0
    outer loop
      vertex 7.10861 46.3686 17.39
      vertex 7.25 46.2742 3.4
      vertex 7.10861 46.3686 3.4
    endloop
  endfacet
  facet normal 0 0 1
    outer loop
      vertex 9.18888 47.5697 3.4
      vertex 9.18888 47.2303 3.4
      vertex 9.2 47.4 3.4
    endloop
  endfacet
  facet normal 0 0 1
    outer loop
      vertex 9.1557 47.7365 3.4
      vertex 9.18888 47.2303 3.4
      vertex 9.18888 47.5697 3.4
    endloop
  endfacet
  facet normal 0 0 1
    outer loop
      vertex 9.1557 47.7365 3.4
      vertex 9.1557 47.0635 3.4
      vertex 9.18888 47.2303 3.4
    endloop
  endfacet
  facet normal 0 0 1
    outer loop
      vertex 9.10104 47.8975 3.4
      vertex 9.1557 47.0635 3.4
      vertex 9.1557 47.7365 3.4
    endloop
  endfacet
  facet normal 0 0 1
    outer loop
      vertex 9.10104 47.8975 3.4
      vertex 9.10104 46.9025 3.4
      vertex 9.1557 47.0635 3.4
    endloop
  endfacet
  facet normal 0 0 1
    outer loop
      vertex 9.02583 48.05 3.4
      vertex 9.10104 46.9025 3.4
      vertex 9.10104 47.8975 3.4
    endloop
  endfacet
  facet normal 0 0 1
    outer loop
      vertex 9.02583 48.05 3.4
      vertex 9.02583 46.75 3.4
      vertex 9.10104 46.9025 3.4
    endloop
  endfacet
  facet normal 0 0 1
    outer loop
      vertex 8.93136 48.1914 3.4
      vertex 9.02583 46.75 3.4
      vertex 9.02583 48.05 3.4
    endloop
  endfacet
  facet normal 0 0 1
    outer loop
      vertex 8.93136 48.1914 3.4
      vertex 8.93136 46.6086 3.4
      vertex 9.02583 46.75 3.4
    endloop
  endfacet
  facet normal 0 0 1
    outer loop
      vertex 8.81924 48.3192 3.4
      vertex 8.93136 46.6086 3.4
      vertex 8.93136 48.1914 3.4
    endloop
  endfacet
  facet normal 0 0 1
    outer loop
      vertex 8.81924 48.3192 3.4
      vertex 8.81924 46.4808 3.4
      vertex 8.93136 46.6086 3.4
    endloop
  endfacet
  facet normal 0 0 1
    outer loop
      vertex 8.69139 48.4314 3.4
      vertex 8.81924 46.4808 3.4
      vertex 8.81924 48.3192 3.4
    endloop
  endfacet
  facet normal 0 0 1
    outer loop
      vertex 8.69139 48.4314 3.4
      vertex 8.69139 46.3686 3.4
      vertex 8.81924 46.4808 3.4
    endloop
  endfacet
  facet normal 0 0 1
    outer loop
      vertex 8.55 48.5258 3.4
      vertex 8.69139 46.3686 3.4
      vertex 8.69139 48.4314 3.4
    endloop
  endfacet
  facet normal 0 0 1
    outer loop
      vertex 8.55 48.5258 3.4
      vertex 8.55 46.2742 3.4
      vertex 8.69139 46.3686 3.4
    endloop
  endfacet
  facet normal 0 0 1
    outer loop
      vertex 8.39749 48.601 3.4
      vertex 8.55 46.2742 3.4
      vertex 8.55 48.5258 3.4
    endloop
  endfacet
  facet normal 0 0 1
    outer loop
      vertex 8.39749 48.601 3.4
      vertex 8.39749 46.199 3.4
      vertex 8.55 46.2742 3.4
    endloop
  endfacet
  facet normal 0 0 1
    outer loop
      vertex 8.23646 48.6557 3.4
      vertex 8.39749 46.199 3.4
      vertex 8.39749 48.601 3.4
    endloop
  endfacet
  facet normal 0 0 1
    outer loop
      vertex 8.23646 48.6557 3.4
      vertex 8.23646 46.1443 3.4
      vertex 8.39749 46.199 3.4
    endloop
  endfacet
  facet normal 0 0 1
    outer loop
      vertex 8.06968 48.6889 3.4
      vertex 8.23646 46.1443 3.4
      vertex 8.23646 48.6557 3.4
    endloop
  endfacet
  facet normal 0 0 1
    outer loop
      vertex 8.06968 48.6889 3.4
      vertex 8.06968 46.1111 3.4
      vertex 8.23646 46.1443 3.4
    endloop
  endfacet
  facet normal 0 0 1
    outer loop
      vertex 7.9 48.7 3.4
      vertex 8.06968 46.1111 3.4
      vertex 8.06968 48.6889 3.4
    endloop
  endfacet
  facet normal 0 0 1
    outer loop
      vertex 7.9 48.7 3.4
      vertex 7.9 46.1 3.4
      vertex 8.06968 46.1111 3.4
    endloop
  endfacet
  facet normal -0 0 1
    outer loop
      vertex 7.73032 48.6889 3.4
      vertex 7.9 46.1 3.4
      vertex 7.9 48.7 3.4
    endloop
  endfacet
  facet normal 0 0 1
    outer loop
      vertex 7.73032 48.6889 3.4
      vertex 7.73032 46.1111 3.4
      vertex 7.9 46.1 3.4
    endloop
  endfacet
  facet normal -0 0 1
    outer loop
      vertex 7.56354 48.6557 3.4
      vertex 7.73032 46.1111 3.4
      vertex 7.73032 48.6889 3.4
    endloop
  endfacet
  facet normal 0 0 1
    outer loop
      vertex 7.56354 48.6557 3.4
      vertex 7.56354 46.1443 3.4
      vertex 7.73032 46.1111 3.4
    endloop
  endfacet
  facet normal -0 0 1
    outer loop
      vertex 7.40251 48.601 3.4
      vertex 7.56354 46.1443 3.4
      vertex 7.56354 48.6557 3.4
    endloop
  endfacet
  facet normal 0 0 1
    outer loop
      vertex 7.40251 48.601 3.4
      vertex 7.40251 46.199 3.4
      vertex 7.56354 46.1443 3.4
    endloop
  endfacet
  facet normal -0 0 1
    outer loop
      vertex 7.25 48.5258 3.4
      vertex 7.40251 46.199 3.4
      vertex 7.40251 48.601 3.4
    endloop
  endfacet
  facet normal 0 0 1
    outer loop
      vertex 7.25 48.5258 3.4
      vertex 7.25 46.2742 3.4
      vertex 7.40251 46.199 3.4
    endloop
  endfacet
  facet normal -0 0 1
    outer loop
      vertex 7.10861 48.4314 3.4
      vertex 7.25 46.2742 3.4
      vertex 7.25 48.5258 3.4
    endloop
  endfacet
  facet normal 0 0 1
    outer loop
      vertex 7.10861 48.4314 3.4
      vertex 7.10861 46.3686 3.4
      vertex 7.25 46.2742 3.4
    endloop
  endfacet
  facet normal -0 0 1
    outer loop
      vertex 6.98076 48.3192 3.4
      vertex 7.10861 46.3686 3.4
      vertex 7.10861 48.4314 3.4
    endloop
  endfacet
  facet normal 0 0 1
    outer loop
      vertex 6.98076 48.3192 3.4
      vertex 6.98076 46.4808 3.4
      vertex 7.10861 46.3686 3.4
    endloop
  endfacet
  facet normal -0 0 1
    outer loop
      vertex 6.86864 48.1914 3.4
      vertex 6.98076 46.4808 3.4
      vertex 6.98076 48.3192 3.4
    endloop
  endfacet
  facet normal 0 0 1
    outer loop
      vertex 6.86864 48.1914 3.4
      vertex 6.86864 46.6086 3.4
      vertex 6.98076 46.4808 3.4
    endloop
  endfacet
  facet normal -0 0 1
    outer loop
      vertex 6.77417 48.05 3.4
      vertex 6.86864 46.6086 3.4
      vertex 6.86864 48.1914 3.4
    endloop
  endfacet
  facet normal 0 0 1
    outer loop
      vertex 6.77417 48.05 3.4
      vertex 6.77417 46.75 3.4
      vertex 6.86864 46.6086 3.4
    endloop
  endfacet
  facet normal -0 0 1
    outer loop
      vertex 6.69896 47.8975 3.4
      vertex 6.77417 46.75 3.4
      vertex 6.77417 48.05 3.4
    endloop
  endfacet
  facet normal 0 0 1
    outer loop
      vertex 6.69896 47.8975 3.4
      vertex 6.69896 46.9025 3.4
      vertex 6.77417 46.75 3.4
    endloop
  endfacet
  facet normal -0 0 1
    outer loop
      vertex 6.6443 47.7365 3.4
      vertex 6.69896 46.9025 3.4
      vertex 6.69896 47.8975 3.4
    endloop
  endfacet
  facet normal 0 0 1
    outer loop
      vertex 6.6443 47.7365 3.4
      vertex 6.6443 47.0635 3.4
      vertex 6.69896 46.9025 3.4
    endloop
  endfacet
  facet normal -0 0 1
    outer loop
      vertex 6.61112 47.5697 3.4
      vertex 6.6443 47.0635 3.4
      vertex 6.6443 47.7365 3.4
    endloop
  endfacet
  facet normal 0 0 1
    outer loop
      vertex 6.61112 47.5697 3.4
      vertex 6.61112 47.2303 3.4
      vertex 6.6443 47.0635 3.4
    endloop
  endfacet
  facet normal 0 -0 1
    outer loop
      vertex 6.61112 47.2303 3.4
      vertex 6.61112 47.5697 3.4
      vertex 6.6 47.4 3.4
    endloop
  endfacet
  facet normal 0.0652777 0.997867 -0
    outer loop
      vertex 7.9 46.1 3.4
      vertex 7.73032 46.1111 17.39
      vertex 7.9 46.1 17.39
    endloop
  endfacet
  facet normal 0.0652777 0.997867 0
    outer loop
      vertex 7.73032 46.1111 17.39
      vertex 7.9 46.1 3.4
      vertex 7.73032 46.1111 3.4
    endloop
  endfacet
  facet normal 0.195234 0.980757 -0
    outer loop
      vertex 7.73032 46.1111 3.4
      vertex 7.56354 46.1443 17.39
      vertex 7.73032 46.1111 17.39
    endloop
  endfacet
  facet normal 0.195234 0.980757 0
    outer loop
      vertex 7.56354 46.1443 17.39
      vertex 7.73032 46.1111 3.4
      vertex 7.56354 46.1443 3.4
    endloop
  endfacet
  facet normal -0.659607 0.751611 0
    outer loop
      vertex 8.81924 46.4808 3.4
      vertex 8.69139 46.3686 17.39
      vertex 8.81924 46.4808 17.39
    endloop
  endfacet
  facet normal -0.659607 0.751611 0
    outer loop
      vertex 8.69139 46.3686 17.39
      vertex 8.81924 46.4808 3.4
      vertex 8.69139 46.3686 3.4
    endloop
  endfacet
  facet normal 0.897433 0.44115 0
    outer loop
      vertex 6.77417 105.75 17.39
      vertex 6.69896 105.903 3.4
      vertex 6.69896 105.903 17.39
    endloop
  endfacet
  facet normal 0.897433 0.44115 0
    outer loop
      vertex 6.69896 105.903 3.4
      vertex 6.77417 105.75 17.39
      vertex 6.77417 105.75 3.4
    endloop
  endfacet
  facet normal -0.323218 0.946324 0
    outer loop
      vertex 8.39749 105.199 3.4
      vertex 8.23646 105.144 17.39
      vertex 8.39749 105.199 17.39
    endloop
  endfacet
  facet normal -0.323218 0.946324 0
    outer loop
      vertex 8.23646 105.144 17.39
      vertex 8.39749 105.199 3.4
      vertex 8.23646 105.144 3.4
    endloop
  endfacet
  facet normal -0.980603 -0.196003 0
    outer loop
      vertex 9.18888 106.57 3.4
      vertex 9.1557 106.736 17.39
      vertex 9.1557 106.736 3.4
    endloop
  endfacet
  facet normal -0.980603 -0.196003 0
    outer loop
      vertex 9.1557 106.736 17.39
      vertex 9.18888 106.57 3.4
      vertex 9.18888 106.57 17.39
    endloop
  endfacet
  facet normal -0.997867 -0.0652723 0
    outer loop
      vertex 9.2 106.4 3.4
      vertex 9.18888 106.57 17.39
      vertex 9.18888 106.57 3.4
    endloop
  endfacet
  facet normal -0.997867 -0.0652723 0
    outer loop
      vertex 9.18888 106.57 17.39
      vertex 9.2 106.4 3.4
      vertex 9.2 106.4 17.39
    endloop
  endfacet
  facet normal -0.946916 -0.321481 0
    outer loop
      vertex 9.1557 106.736 3.4
      vertex 9.10104 106.897 17.39
      vertex 9.10104 106.897 3.4
    endloop
  endfacet
  facet normal -0.946916 -0.321481 0
    outer loop
      vertex 9.10104 106.897 17.39
      vertex 9.1557 106.736 3.4
      vertex 9.1557 106.736 17.39
    endloop
  endfacet
  facet normal -0.323218 -0.946324 0
    outer loop
      vertex 8.23646 107.656 3.4
      vertex 8.39749 107.601 17.39
      vertex 8.23646 107.656 17.39
    endloop
  endfacet
  facet normal -0.323218 -0.946324 -0
    outer loop
      vertex 8.39749 107.601 17.39
      vertex 8.23646 107.656 3.4
      vertex 8.39749 107.601 3.4
    endloop
  endfacet
  facet normal 0.897433 -0.44115 0
    outer loop
      vertex 6.69896 106.897 17.39
      vertex 6.77417 107.05 3.4
      vertex 6.77417 107.05 17.39
    endloop
  endfacet
  facet normal 0.897433 -0.44115 0
    outer loop
      vertex 6.77417 107.05 3.4
      vertex 6.69896 106.897 17.39
      vertex 6.69896 106.897 3.4
    endloop
  endfacet
  facet normal 0.752227 0.658904 0
    outer loop
      vertex 6.98076 105.481 17.39
      vertex 6.86864 105.609 3.4
      vertex 6.86864 105.609 17.39
    endloop
  endfacet
  facet normal 0.752227 0.658904 0
    outer loop
      vertex 6.86864 105.609 3.4
      vertex 6.98076 105.481 17.39
      vertex 6.98076 105.481 3.4
    endloop
  endfacet
  facet normal -0.83077 -0.556616 0
    outer loop
      vertex 9.02583 107.05 3.4
      vertex 8.93136 107.191 17.39
      vertex 8.93136 107.191 3.4
    endloop
  endfacet
  facet normal -0.83077 -0.556616 0
    outer loop
      vertex 8.93136 107.191 17.39
      vertex 9.02583 107.05 3.4
      vertex 9.02583 107.05 17.39
    endloop
  endfacet
  facet normal -0.897433 -0.44115 0
    outer loop
      vertex 9.10104 106.897 3.4
      vertex 9.02583 107.05 17.39
      vertex 9.02583 107.05 3.4
    endloop
  endfacet
  facet normal -0.897433 -0.44115 0
    outer loop
      vertex 9.02583 107.05 17.39
      vertex 9.10104 106.897 3.4
      vertex 9.10104 106.897 17.39
    endloop
  endfacet
  facet normal 0.658942 0.752194 -0
    outer loop
      vertex 7.10861 105.369 3.4
      vertex 6.98076 105.481 17.39
      vertex 7.10861 105.369 17.39
    endloop
  endfacet
  facet normal 0.658942 0.752194 0
    outer loop
      vertex 6.98076 105.481 17.39
      vertex 7.10861 105.369 3.4
      vertex 6.98076 105.481 3.4
    endloop
  endfacet
  facet normal 0.752227 -0.658904 0
    outer loop
      vertex 6.86864 107.191 17.39
      vertex 6.98076 107.319 3.4
      vertex 6.98076 107.319 17.39
    endloop
  endfacet
  facet normal 0.752227 -0.658904 0
    outer loop
      vertex 6.98076 107.319 3.4
      vertex 6.86864 107.191 17.39
      vertex 6.86864 107.191 3.4
    endloop
  endfacet
  facet normal -0.946916 0.321481 0
    outer loop
      vertex 9.10104 105.903 3.4
      vertex 9.1557 106.064 17.39
      vertex 9.1557 106.064 3.4
    endloop
  endfacet
  facet normal -0.946916 0.321481 0
    outer loop
      vertex 9.1557 106.064 17.39
      vertex 9.10104 105.903 3.4
      vertex 9.10104 105.903 17.39
    endloop
  endfacet
  facet normal 0.83077 -0.556616 0
    outer loop
      vertex 6.77417 107.05 17.39
      vertex 6.86864 107.191 3.4
      vertex 6.86864 107.191 17.39
    endloop
  endfacet
  facet normal 0.83077 -0.556616 0
    outer loop
      vertex 6.86864 107.191 3.4
      vertex 6.77417 107.05 17.39
      vertex 6.77417 107.05 3.4
    endloop
  endfacet
  facet normal 0.194102 -0.980981 0
    outer loop
      vertex 7.56354 107.656 3.4
      vertex 7.73032 107.689 17.39
      vertex 7.56354 107.656 17.39
    endloop
  endfacet
  facet normal 0.194102 -0.980981 0
    outer loop
      vertex 7.73032 107.689 17.39
      vertex 7.56354 107.656 3.4
      vertex 7.73032 107.689 3.4
    endloop
  endfacet
  facet normal -0.441296 0.897361 0
    outer loop
      vertex 8.55 105.274 3.4
      vertex 8.39749 105.199 17.39
      vertex 8.55 105.274 17.39
    endloop
  endfacet
  facet normal -0.441296 0.897361 0
    outer loop
      vertex 8.39749 105.199 17.39
      vertex 8.55 105.274 3.4
      vertex 8.39749 105.199 3.4
    endloop
  endfacet
  facet normal 0.946916 -0.321481 0
    outer loop
      vertex 6.6443 106.736 17.39
      vertex 6.69896 106.897 3.4
      vertex 6.69896 106.897 17.39
    endloop
  endfacet
  facet normal 0.946916 -0.321481 0
    outer loop
      vertex 6.69896 106.897 3.4
      vertex 6.6443 106.736 17.39
      vertex 6.6443 106.736 3.4
    endloop
  endfacet
  facet normal 0.441296 -0.897361 0
    outer loop
      vertex 7.25 107.526 3.4
      vertex 7.40251 107.601 17.39
      vertex 7.25 107.526 17.39
    endloop
  endfacet
  facet normal 0.441296 -0.897361 0
    outer loop
      vertex 7.40251 107.601 17.39
      vertex 7.25 107.526 3.4
      vertex 7.40251 107.601 3.4
    endloop
  endfacet
  facet normal 0.323218 0.946324 -0
    outer loop
      vertex 7.56354 105.144 3.4
      vertex 7.40251 105.199 17.39
      vertex 7.56354 105.144 17.39
    endloop
  endfacet
  facet normal 0.323218 0.946324 0
    outer loop
      vertex 7.40251 105.199 17.39
      vertex 7.56354 105.144 3.4
      vertex 7.40251 105.199 3.4
    endloop
  endfacet
  facet normal -0.83077 0.556616 0
    outer loop
      vertex 8.93136 105.609 3.4
      vertex 9.02583 105.75 17.39
      vertex 9.02583 105.75 3.4
    endloop
  endfacet
  facet normal -0.83077 0.556616 0
    outer loop
      vertex 9.02583 105.75 17.39
      vertex 8.93136 105.609 3.4
      vertex 8.93136 105.609 17.39
    endloop
  endfacet
  facet normal -0.194102 0.980981 0
    outer loop
      vertex 8.23646 105.144 3.4
      vertex 8.06968 105.111 17.39
      vertex 8.23646 105.144 17.39
    endloop
  endfacet
  facet normal -0.194102 0.980981 0
    outer loop
      vertex 8.06968 105.111 17.39
      vertex 8.23646 105.144 3.4
      vertex 8.06968 105.111 3.4
    endloop
  endfacet
  facet normal -0.0646921 -0.997905 0
    outer loop
      vertex 7.9 107.7 3.4
      vertex 8.06968 107.689 17.39
      vertex 7.9 107.7 17.39
    endloop
  endfacet
  facet normal -0.0646921 -0.997905 -0
    outer loop
      vertex 8.06968 107.689 17.39
      vertex 7.9 107.7 3.4
      vertex 8.06968 107.689 3.4
    endloop
  endfacet
  facet normal -0.980603 0.196003 0
    outer loop
      vertex 9.1557 106.064 3.4
      vertex 9.18888 106.23 17.39
      vertex 9.18888 106.23 3.4
    endloop
  endfacet
  facet normal -0.980603 0.196003 0
    outer loop
      vertex 9.18888 106.23 17.39
      vertex 9.1557 106.064 3.4
      vertex 9.1557 106.064 17.39
    endloop
  endfacet
  facet normal -0.557704 0.83004 0
    outer loop
      vertex 8.69139 105.369 3.4
      vertex 8.55 105.274 17.39
      vertex 8.69139 105.369 17.39
    endloop
  endfacet
  facet normal -0.557704 0.83004 0
    outer loop
      vertex 8.55 105.274 17.39
      vertex 8.69139 105.369 3.4
      vertex 8.55 105.274 3.4
    endloop
  endfacet
  facet normal -0.557704 -0.83004 0
    outer loop
      vertex 8.55 107.526 3.4
      vertex 8.69139 107.431 17.39
      vertex 8.55 107.526 17.39
    endloop
  endfacet
  facet normal -0.557704 -0.83004 -0
    outer loop
      vertex 8.69139 107.431 17.39
      vertex 8.55 107.526 3.4
      vertex 8.69139 107.431 3.4
    endloop
  endfacet
  facet normal -0.897433 0.44115 0
    outer loop
      vertex 9.02583 105.75 3.4
      vertex 9.10104 105.903 17.39
      vertex 9.10104 105.903 3.4
    endloop
  endfacet
  facet normal -0.897433 0.44115 0
    outer loop
      vertex 9.10104 105.903 17.39
      vertex 9.02583 105.75 3.4
      vertex 9.02583 105.75 17.39
    endloop
  endfacet
  facet normal 0.557704 -0.83004 0
    outer loop
      vertex 7.10861 107.431 3.4
      vertex 7.25 107.526 17.39
      vertex 7.10861 107.431 17.39
    endloop
  endfacet
  facet normal 0.557704 -0.83004 0
    outer loop
      vertex 7.25 107.526 17.39
      vertex 7.10861 107.431 3.4
      vertex 7.25 107.526 3.4
    endloop
  endfacet
  facet normal -0.752227 0.658904 0
    outer loop
      vertex 8.81924 105.481 3.4
      vertex 8.93136 105.609 17.39
      vertex 8.93136 105.609 3.4
    endloop
  endfacet
  facet normal -0.752227 0.658904 0
    outer loop
      vertex 8.93136 105.609 17.39
      vertex 8.81924 105.481 3.4
      vertex 8.81924 105.481 17.39
    endloop
  endfacet
  facet normal -0.194102 -0.980981 0
    outer loop
      vertex 8.06968 107.689 3.4
      vertex 8.23646 107.656 17.39
      vertex 8.06968 107.689 17.39
    endloop
  endfacet
  facet normal -0.194102 -0.980981 -0
    outer loop
      vertex 8.23646 107.656 17.39
      vertex 8.06968 107.689 3.4
      vertex 8.23646 107.656 3.4
    endloop
  endfacet
  facet normal 0.658942 -0.752194 0
    outer loop
      vertex 6.98076 107.319 3.4
      vertex 7.10861 107.431 17.39
      vertex 6.98076 107.319 17.39
    endloop
  endfacet
  facet normal 0.658942 -0.752194 0
    outer loop
      vertex 7.10861 107.431 17.39
      vertex 6.98076 107.319 3.4
      vertex 7.10861 107.431 3.4
    endloop
  endfacet
  facet normal 0.323218 -0.946324 0
    outer loop
      vertex 7.40251 107.601 3.4
      vertex 7.56354 107.656 17.39
      vertex 7.40251 107.601 17.39
    endloop
  endfacet
  facet normal 0.323218 -0.946324 0
    outer loop
      vertex 7.56354 107.656 17.39
      vertex 7.40251 107.601 3.4
      vertex 7.56354 107.656 3.4
    endloop
  endfacet
  facet normal -0.997867 0.0652723 0
    outer loop
      vertex 9.18888 106.23 3.4
      vertex 9.2 106.4 17.39
      vertex 9.2 106.4 3.4
    endloop
  endfacet
  facet normal -0.997867 0.0652723 0
    outer loop
      vertex 9.2 106.4 17.39
      vertex 9.18888 106.23 3.4
      vertex 9.18888 106.23 17.39
    endloop
  endfacet
  facet normal 0.980603 0.196003 0
    outer loop
      vertex 6.6443 106.064 17.39
      vertex 6.61112 106.23 3.4
      vertex 6.61112 106.23 17.39
    endloop
  endfacet
  facet normal 0.980603 0.196003 0
    outer loop
      vertex 6.61112 106.23 3.4
      vertex 6.6443 106.064 17.39
      vertex 6.6443 106.064 3.4
    endloop
  endfacet
  facet normal -0.658942 -0.752194 0
    outer loop
      vertex 8.69139 107.431 3.4
      vertex 8.81924 107.319 17.39
      vertex 8.69139 107.431 17.39
    endloop
  endfacet
  facet normal -0.658942 -0.752194 -0
    outer loop
      vertex 8.81924 107.319 17.39
      vertex 8.69139 107.431 3.4
      vertex 8.81924 107.319 3.4
    endloop
  endfacet
  facet normal -0.0646921 0.997905 0
    outer loop
      vertex 8.06968 105.111 3.4
      vertex 7.9 105.1 17.39
      vertex 8.06968 105.111 17.39
    endloop
  endfacet
  facet normal -0.0646921 0.997905 0
    outer loop
      vertex 7.9 105.1 17.39
      vertex 8.06968 105.111 3.4
      vertex 7.9 105.1 3.4
    endloop
  endfacet
  facet normal 0.441296 0.897361 -0
    outer loop
      vertex 7.40251 105.199 3.4
      vertex 7.25 105.274 17.39
      vertex 7.40251 105.199 17.39
    endloop
  endfacet
  facet normal 0.441296 0.897361 0
    outer loop
      vertex 7.25 105.274 17.39
      vertex 7.40251 105.199 3.4
      vertex 7.25 105.274 3.4
    endloop
  endfacet
  facet normal 0.83077 0.556616 0
    outer loop
      vertex 6.86864 105.609 17.39
      vertex 6.77417 105.75 3.4
      vertex 6.77417 105.75 17.39
    endloop
  endfacet
  facet normal 0.83077 0.556616 0
    outer loop
      vertex 6.77417 105.75 3.4
      vertex 6.86864 105.609 17.39
      vertex 6.86864 105.609 3.4
    endloop
  endfacet
  facet normal -0.752227 -0.658904 0
    outer loop
      vertex 8.93136 107.191 3.4
      vertex 8.81924 107.319 17.39
      vertex 8.81924 107.319 3.4
    endloop
  endfacet
  facet normal -0.752227 -0.658904 0
    outer loop
      vertex 8.81924 107.319 17.39
      vertex 8.93136 107.191 3.4
      vertex 8.93136 107.191 17.39
    endloop
  endfacet
  facet normal 0.0646921 -0.997905 0
    outer loop
      vertex 7.73032 107.689 3.4
      vertex 7.9 107.7 17.39
      vertex 7.73032 107.689 17.39
    endloop
  endfacet
  facet normal 0.0646921 -0.997905 0
    outer loop
      vertex 7.9 107.7 17.39
      vertex 7.73032 107.689 3.4
      vertex 7.9 107.7 3.4
    endloop
  endfacet
  facet normal -0.441296 -0.897361 0
    outer loop
      vertex 8.39749 107.601 3.4
      vertex 8.55 107.526 17.39
      vertex 8.39749 107.601 17.39
    endloop
  endfacet
  facet normal -0.441296 -0.897361 -0
    outer loop
      vertex 8.55 107.526 17.39
      vertex 8.39749 107.601 3.4
      vertex 8.55 107.526 3.4
    endloop
  endfacet
  facet normal 0.980603 -0.196003 0
    outer loop
      vertex 6.61112 106.57 17.39
      vertex 6.6443 106.736 3.4
      vertex 6.6443 106.736 17.39
    endloop
  endfacet
  facet normal 0.980603 -0.196003 0
    outer loop
      vertex 6.6443 106.736 3.4
      vertex 6.61112 106.57 17.39
      vertex 6.61112 106.57 3.4
    endloop
  endfacet
  facet normal 0.946916 0.321481 0
    outer loop
      vertex 6.69896 105.903 17.39
      vertex 6.6443 106.064 3.4
      vertex 6.6443 106.064 17.39
    endloop
  endfacet
  facet normal 0.946916 0.321481 0
    outer loop
      vertex 6.6443 106.064 3.4
      vertex 6.69896 105.903 17.39
      vertex 6.69896 105.903 3.4
    endloop
  endfacet
  facet normal 0.997867 0.0652723 0
    outer loop
      vertex 6.61112 106.23 17.39
      vertex 6.6 106.4 3.4
      vertex 6.6 106.4 17.39
    endloop
  endfacet
  facet normal 0.997867 0.0652723 0
    outer loop
      vertex 6.6 106.4 3.4
      vertex 6.61112 106.23 17.39
      vertex 6.61112 106.23 3.4
    endloop
  endfacet
  facet normal 0.997867 -0.0652723 0
    outer loop
      vertex 6.6 106.4 17.39
      vertex 6.61112 106.57 3.4
      vertex 6.61112 106.57 17.39
    endloop
  endfacet
  facet normal 0.997867 -0.0652723 0
    outer loop
      vertex 6.61112 106.57 3.4
      vertex 6.6 106.4 17.39
      vertex 6.6 106.4 3.4
    endloop
  endfacet
  facet normal 0.557704 0.83004 -0
    outer loop
      vertex 7.25 105.274 3.4
      vertex 7.10861 105.369 17.39
      vertex 7.25 105.274 17.39
    endloop
  endfacet
  facet normal 0.557704 0.83004 0
    outer loop
      vertex 7.10861 105.369 17.39
      vertex 7.25 105.274 3.4
      vertex 7.10861 105.369 3.4
    endloop
  endfacet
  facet normal 0 0 1
    outer loop
      vertex 9.18888 106.57 3.4
      vertex 9.18888 106.23 3.4
      vertex 9.2 106.4 3.4
    endloop
  endfacet
  facet normal 0 0 1
    outer loop
      vertex 9.1557 106.736 3.4
      vertex 9.18888 106.23 3.4
      vertex 9.18888 106.57 3.4
    endloop
  endfacet
  facet normal 0 0 1
    outer loop
      vertex 9.1557 106.736 3.4
      vertex 9.1557 106.064 3.4
      vertex 9.18888 106.23 3.4
    endloop
  endfacet
  facet normal 0 0 1
    outer loop
      vertex 9.10104 106.897 3.4
      vertex 9.1557 106.064 3.4
      vertex 9.1557 106.736 3.4
    endloop
  endfacet
  facet normal 0 0 1
    outer loop
      vertex 9.10104 106.897 3.4
      vertex 9.10104 105.903 3.4
      vertex 9.1557 106.064 3.4
    endloop
  endfacet
  facet normal 0 0 1
    outer loop
      vertex 9.02583 107.05 3.4
      vertex 9.10104 105.903 3.4
      vertex 9.10104 106.897 3.4
    endloop
  endfacet
  facet normal 0 0 1
    outer loop
      vertex 9.02583 107.05 3.4
      vertex 9.02583 105.75 3.4
      vertex 9.10104 105.903 3.4
    endloop
  endfacet
  facet normal 0 0 1
    outer loop
      vertex 8.93136 107.191 3.4
      vertex 9.02583 105.75 3.4
      vertex 9.02583 107.05 3.4
    endloop
  endfacet
  facet normal 0 0 1
    outer loop
      vertex 8.93136 107.191 3.4
      vertex 8.93136 105.609 3.4
      vertex 9.02583 105.75 3.4
    endloop
  endfacet
  facet normal 0 0 1
    outer loop
      vertex 8.81924 107.319 3.4
      vertex 8.93136 105.609 3.4
      vertex 8.93136 107.191 3.4
    endloop
  endfacet
  facet normal 0 0 1
    outer loop
      vertex 8.81924 107.319 3.4
      vertex 8.81924 105.481 3.4
      vertex 8.93136 105.609 3.4
    endloop
  endfacet
  facet normal 0 0 1
    outer loop
      vertex 8.69139 107.431 3.4
      vertex 8.81924 105.481 3.4
      vertex 8.81924 107.319 3.4
    endloop
  endfacet
  facet normal 0 0 1
    outer loop
      vertex 8.69139 107.431 3.4
      vertex 8.69139 105.369 3.4
      vertex 8.81924 105.481 3.4
    endloop
  endfacet
  facet normal 0 0 1
    outer loop
      vertex 8.55 107.526 3.4
      vertex 8.69139 105.369 3.4
      vertex 8.69139 107.431 3.4
    endloop
  endfacet
  facet normal 0 0 1
    outer loop
      vertex 8.55 107.526 3.4
      vertex 8.55 105.274 3.4
      vertex 8.69139 105.369 3.4
    endloop
  endfacet
  facet normal 0 0 1
    outer loop
      vertex 8.39749 107.601 3.4
      vertex 8.55 105.274 3.4
      vertex 8.55 107.526 3.4
    endloop
  endfacet
  facet normal 0 0 1
    outer loop
      vertex 8.39749 107.601 3.4
      vertex 8.39749 105.199 3.4
      vertex 8.55 105.274 3.4
    endloop
  endfacet
  facet normal 0 0 1
    outer loop
      vertex 8.23646 107.656 3.4
      vertex 8.39749 105.199 3.4
      vertex 8.39749 107.601 3.4
    endloop
  endfacet
  facet normal 0 0 1
    outer loop
      vertex 8.23646 107.656 3.4
      vertex 8.23646 105.144 3.4
      vertex 8.39749 105.199 3.4
    endloop
  endfacet
  facet normal 0 0 1
    outer loop
      vertex 8.06968 107.689 3.4
      vertex 8.23646 105.144 3.4
      vertex 8.23646 107.656 3.4
    endloop
  endfacet
  facet normal 0 0 1
    outer loop
      vertex 8.06968 107.689 3.4
      vertex 8.06968 105.111 3.4
      vertex 8.23646 105.144 3.4
    endloop
  endfacet
  facet normal 0 0 1
    outer loop
      vertex 7.9 107.7 3.4
      vertex 8.06968 105.111 3.4
      vertex 8.06968 107.689 3.4
    endloop
  endfacet
  facet normal 0 0 1
    outer loop
      vertex 7.9 107.7 3.4
      vertex 7.9 105.1 3.4
      vertex 8.06968 105.111 3.4
    endloop
  endfacet
  facet normal -0 0 1
    outer loop
      vertex 7.73032 107.689 3.4
      vertex 7.9 105.1 3.4
      vertex 7.9 107.7 3.4
    endloop
  endfacet
  facet normal 0 0 1
    outer loop
      vertex 7.73032 107.689 3.4
      vertex 7.73032 105.111 3.4
      vertex 7.9 105.1 3.4
    endloop
  endfacet
  facet normal -0 0 1
    outer loop
      vertex 7.56354 107.656 3.4
      vertex 7.73032 105.111 3.4
      vertex 7.73032 107.689 3.4
    endloop
  endfacet
  facet normal 0 0 1
    outer loop
      vertex 7.56354 107.656 3.4
      vertex 7.56354 105.144 3.4
      vertex 7.73032 105.111 3.4
    endloop
  endfacet
  facet normal -0 0 1
    outer loop
      vertex 7.40251 107.601 3.4
      vertex 7.56354 105.144 3.4
      vertex 7.56354 107.656 3.4
    endloop
  endfacet
  facet normal 0 0 1
    outer loop
      vertex 7.40251 107.601 3.4
      vertex 7.40251 105.199 3.4
      vertex 7.56354 105.144 3.4
    endloop
  endfacet
  facet normal -0 0 1
    outer loop
      vertex 7.25 107.526 3.4
      vertex 7.40251 105.199 3.4
      vertex 7.40251 107.601 3.4
    endloop
  endfacet
  facet normal 0 0 1
    outer loop
      vertex 7.25 107.526 3.4
      vertex 7.25 105.274 3.4
      vertex 7.40251 105.199 3.4
    endloop
  endfacet
  facet normal -0 0 1
    outer loop
      vertex 7.10861 107.431 3.4
      vertex 7.25 105.274 3.4
      vertex 7.25 107.526 3.4
    endloop
  endfacet
  facet normal 0 0 1
    outer loop
      vertex 7.10861 107.431 3.4
      vertex 7.10861 105.369 3.4
      vertex 7.25 105.274 3.4
    endloop
  endfacet
  facet normal -0 0 1
    outer loop
      vertex 6.98076 107.319 3.4
      vertex 7.10861 105.369 3.4
      vertex 7.10861 107.431 3.4
    endloop
  endfacet
  facet normal 0 0 1
    outer loop
      vertex 6.98076 107.319 3.4
      vertex 6.98076 105.481 3.4
      vertex 7.10861 105.369 3.4
    endloop
  endfacet
  facet normal -0 0 1
    outer loop
      vertex 6.86864 107.191 3.4
      vertex 6.98076 105.481 3.4
      vertex 6.98076 107.319 3.4
    endloop
  endfacet
  facet normal 0 0 1
    outer loop
      vertex 6.86864 107.191 3.4
      vertex 6.86864 105.609 3.4
      vertex 6.98076 105.481 3.4
    endloop
  endfacet
  facet normal -0 0 1
    outer loop
      vertex 6.77417 107.05 3.4
      vertex 6.86864 105.609 3.4
      vertex 6.86864 107.191 3.4
    endloop
  endfacet
  facet normal 0 0 1
    outer loop
      vertex 6.77417 107.05 3.4
      vertex 6.77417 105.75 3.4
      vertex 6.86864 105.609 3.4
    endloop
  endfacet
  facet normal -0 0 1
    outer loop
      vertex 6.69896 106.897 3.4
      vertex 6.77417 105.75 3.4
      vertex 6.77417 107.05 3.4
    endloop
  endfacet
  facet normal 0 0 1
    outer loop
      vertex 6.69896 106.897 3.4
      vertex 6.69896 105.903 3.4
      vertex 6.77417 105.75 3.4
    endloop
  endfacet
  facet normal -0 0 1
    outer loop
      vertex 6.6443 106.736 3.4
      vertex 6.69896 105.903 3.4
      vertex 6.69896 106.897 3.4
    endloop
  endfacet
  facet normal 0 0 1
    outer loop
      vertex 6.6443 106.736 3.4
      vertex 6.6443 106.064 3.4
      vertex 6.69896 105.903 3.4
    endloop
  endfacet
  facet normal -0 0 1
    outer loop
      vertex 6.61112 106.57 3.4
      vertex 6.6443 106.064 3.4
      vertex 6.6443 106.736 3.4
    endloop
  endfacet
  facet normal 0 0 1
    outer loop
      vertex 6.61112 106.57 3.4
      vertex 6.61112 106.23 3.4
      vertex 6.6443 106.064 3.4
    endloop
  endfacet
  facet normal 0 -0 1
    outer loop
      vertex 6.61112 106.23 3.4
      vertex 6.61112 106.57 3.4
      vertex 6.6 106.4 3.4
    endloop
  endfacet
  facet normal 0.0646921 0.997905 -0
    outer loop
      vertex 7.9 105.1 3.4
      vertex 7.73032 105.111 17.39
      vertex 7.9 105.1 17.39
    endloop
  endfacet
  facet normal 0.0646921 0.997905 0
    outer loop
      vertex 7.73032 105.111 17.39
      vertex 7.9 105.1 3.4
      vertex 7.73032 105.111 3.4
    endloop
  endfacet
  facet normal 0.194102 0.980981 -0
    outer loop
      vertex 7.73032 105.111 3.4
      vertex 7.56354 105.144 17.39
      vertex 7.73032 105.111 17.39
    endloop
  endfacet
  facet normal 0.194102 0.980981 0
    outer loop
      vertex 7.56354 105.144 17.39
      vertex 7.73032 105.111 3.4
      vertex 7.56354 105.144 3.4
    endloop
  endfacet
  facet normal -0.658942 0.752194 0
    outer loop
      vertex 8.81924 105.481 3.4
      vertex 8.69139 105.369 17.39
      vertex 8.81924 105.481 17.39
    endloop
  endfacet
  facet normal -0.658942 0.752194 0
    outer loop
      vertex 8.69139 105.369 17.39
      vertex 8.81924 105.481 3.4
      vertex 8.69139 105.369 3.4
    endloop
  endfacet
  facet normal -0.321692 0.946844 0
    outer loop
      vertex 75.8975 56.199 8.7
      vertex 75.7365 56.1443 18.69
      vertex 75.8975 56.199 18.69
    endloop
  endfacet
  facet normal -0.321692 0.946844 0
    outer loop
      vertex 75.7365 56.1443 18.69
      vertex 75.8975 56.199 8.7
      vertex 75.7365 56.1443 8.7
    endloop
  endfacet
  facet normal -0.980761 -0.195211 0
    outer loop
      vertex 76.6889 57.5697 8.7
      vertex 76.6557 57.7365 18.69
      vertex 76.6557 57.7365 8.7
    endloop
  endfacet
  facet normal -0.980761 -0.195211 0
    outer loop
      vertex 76.6557 57.7365 18.69
      vertex 76.6889 57.5697 8.7
      vertex 76.6889 57.5697 18.69
    endloop
  endfacet
  facet normal -0.997868 -0.0652701 0
    outer loop
      vertex 76.7 57.4 8.7
      vertex 76.6889 57.5697 18.69
      vertex 76.6889 57.5697 8.7
    endloop
  endfacet
  facet normal -0.997868 -0.0652701 0
    outer loop
      vertex 76.6889 57.5697 18.69
      vertex 76.7 57.4 8.7
      vertex 76.7 57.4 18.69
    endloop
  endfacet
  facet normal -0.946844 -0.321692 0
    outer loop
      vertex 76.6557 57.7365 8.7
      vertex 76.601 57.8975 18.69
      vertex 76.601 57.8975 8.7
    endloop
  endfacet
  facet normal -0.946844 -0.321692 0
    outer loop
      vertex 76.601 57.8975 18.69
      vertex 76.6557 57.7365 8.7
      vertex 76.6557 57.7365 18.69
    endloop
  endfacet
  facet normal -0.321692 -0.946844 0
    outer loop
      vertex 75.7365 58.6557 8.7
      vertex 75.8975 58.601 18.69
      vertex 75.7365 58.6557 18.69
    endloop
  endfacet
  facet normal -0.321692 -0.946844 -0
    outer loop
      vertex 75.8975 58.601 18.69
      vertex 75.7365 58.6557 8.7
      vertex 75.8975 58.601 8.7
    endloop
  endfacet
  facet normal 0.896884 -0.442267 0
    outer loop
      vertex 74.199 57.8975 18.69
      vertex 74.2742 58.05 8.7
      vertex 74.2742 58.05 18.69
    endloop
  endfacet
  facet normal 0.896884 -0.442267 0
    outer loop
      vertex 74.2742 58.05 8.7
      vertex 74.199 57.8975 18.69
      vertex 74.199 57.8975 8.7
    endloop
  endfacet
  facet normal 0.751483 0.659753 0
    outer loop
      vertex 74.4808 56.4808 18.69
      vertex 74.3686 56.6086 8.7
      vertex 74.3686 56.6086 18.69
    endloop
  endfacet
  facet normal 0.751483 0.659753 0
    outer loop
      vertex 74.3686 56.6086 8.7
      vertex 74.4808 56.4808 18.69
      vertex 74.4808 56.4808 8.7
    endloop
  endfacet
  facet normal -0.831688 -0.555243 0
    outer loop
      vertex 76.5258 58.05 8.7
      vertex 76.4314 58.1914 18.69
      vertex 76.4314 58.1914 8.7
    endloop
  endfacet
  facet normal -0.831688 -0.555243 0
    outer loop
      vertex 76.4314 58.1914 18.69
      vertex 76.5258 58.05 8.7
      vertex 76.5258 58.05 18.69
    endloop
  endfacet
  facet normal -0.896884 -0.442267 0
    outer loop
      vertex 76.601 57.8975 8.7
      vertex 76.5258 58.05 18.69
      vertex 76.5258 58.05 8.7
    endloop
  endfacet
  facet normal -0.896884 -0.442267 0
    outer loop
      vertex 76.5258 58.05 18.69
      vertex 76.601 57.8975 8.7
      vertex 76.601 57.8975 18.69
    endloop
  endfacet
  facet normal 0.659753 0.751483 -0
    outer loop
      vertex 74.6086 56.3686 8.7
      vertex 74.4808 56.4808 18.69
      vertex 74.6086 56.3686 18.69
    endloop
  endfacet
  facet normal 0.659753 0.751483 0
    outer loop
      vertex 74.4808 56.4808 18.69
      vertex 74.6086 56.3686 8.7
      vertex 74.4808 56.4808 8.7
    endloop
  endfacet
  facet normal 0.751483 -0.659753 0
    outer loop
      vertex 74.3686 58.1914 18.69
      vertex 74.4808 58.3192 8.7
      vertex 74.4808 58.3192 18.69
    endloop
  endfacet
  facet normal 0.751483 -0.659753 0
    outer loop
      vertex 74.4808 58.3192 8.7
      vertex 74.3686 58.1914 18.69
      vertex 74.3686 58.1914 8.7
    endloop
  endfacet
  facet normal 0.831688 -0.555243 0
    outer loop
      vertex 74.2742 58.05 18.69
      vertex 74.3686 58.1914 8.7
      vertex 74.3686 58.1914 18.69
    endloop
  endfacet
  facet normal 0.831688 -0.555243 0
    outer loop
      vertex 74.3686 58.1914 8.7
      vertex 74.2742 58.05 18.69
      vertex 74.2742 58.05 8.7
    endloop
  endfacet
  facet normal -0.442267 0.896884 0
    outer loop
      vertex 76.05 56.2742 8.7
      vertex 75.8975 56.199 18.69
      vertex 76.05 56.2742 18.69
    endloop
  endfacet
  facet normal -0.442267 0.896884 0
    outer loop
      vertex 75.8975 56.199 18.69
      vertex 76.05 56.2742 8.7
      vertex 75.8975 56.199 8.7
    endloop
  endfacet
  facet normal 0.946844 -0.321692 0
    outer loop
      vertex 74.1443 57.7365 18.69
      vertex 74.199 57.8975 8.7
      vertex 74.199 57.8975 18.69
    endloop
  endfacet
  facet normal 0.946844 -0.321692 0
    outer loop
      vertex 74.199 57.8975 8.7
      vertex 74.1443 57.7365 18.69
      vertex 74.1443 57.7365 8.7
    endloop
  endfacet
  facet normal 0.442267 -0.896884 0
    outer loop
      vertex 74.75 58.5258 8.7
      vertex 74.9025 58.601 18.69
      vertex 74.75 58.5258 18.69
    endloop
  endfacet
  facet normal 0.442267 -0.896884 0
    outer loop
      vertex 74.9025 58.601 18.69
      vertex 74.75 58.5258 8.7
      vertex 74.9025 58.601 8.7
    endloop
  endfacet
  facet normal 0.321692 0.946844 -0
    outer loop
      vertex 75.0635 56.1443 8.7
      vertex 74.9025 56.199 18.69
      vertex 75.0635 56.1443 18.69
    endloop
  endfacet
  facet normal 0.321692 0.946844 0
    outer loop
      vertex 74.9025 56.199 18.69
      vertex 75.0635 56.1443 8.7
      vertex 74.9025 56.199 8.7
    endloop
  endfacet
  facet normal -0.831688 0.555243 0
    outer loop
      vertex 76.4314 56.6086 8.7
      vertex 76.5258 56.75 18.69
      vertex 76.5258 56.75 8.7
    endloop
  endfacet
  facet normal -0.831688 0.555243 0
    outer loop
      vertex 76.5258 56.75 18.69
      vertex 76.4314 56.6086 8.7
      vertex 76.4314 56.6086 18.69
    endloop
  endfacet
  facet normal -0.195211 0.980761 0
    outer loop
      vertex 75.7365 56.1443 8.7
      vertex 75.5697 56.1111 18.69
      vertex 75.7365 56.1443 18.69
    endloop
  endfacet
  facet normal -0.195211 0.980761 0
    outer loop
      vertex 75.5697 56.1111 18.69
      vertex 75.7365 56.1443 8.7
      vertex 75.5697 56.1111 8.7
    endloop
  endfacet
  facet normal -0.0652701 -0.997868 0
    outer loop
      vertex 75.4 58.7 8.7
      vertex 75.5697 58.6889 18.69
      vertex 75.4 58.7 18.69
    endloop
  endfacet
  facet normal -0.0652701 -0.997868 -0
    outer loop
      vertex 75.5697 58.6889 18.69
      vertex 75.4 58.7 8.7
      vertex 75.5697 58.6889 8.7
    endloop
  endfacet
  facet normal -0.980761 0.195211 0
    outer loop
      vertex 76.6557 57.0635 8.7
      vertex 76.6889 57.2303 18.69
      vertex 76.6889 57.2303 8.7
    endloop
  endfacet
  facet normal -0.980761 0.195211 0
    outer loop
      vertex 76.6889 57.2303 18.69
      vertex 76.6557 57.0635 8.7
      vertex 76.6557 57.0635 18.69
    endloop
  endfacet
  facet normal -0.555243 0.831688 0
    outer loop
      vertex 76.1914 56.3686 8.7
      vertex 76.05 56.2742 18.69
      vertex 76.1914 56.3686 18.69
    endloop
  endfacet
  facet normal -0.555243 0.831688 0
    outer loop
      vertex 76.05 56.2742 18.69
      vertex 76.1914 56.3686 8.7
      vertex 76.05 56.2742 8.7
    endloop
  endfacet
  facet normal -0.555243 -0.831688 0
    outer loop
      vertex 76.05 58.5258 8.7
      vertex 76.1914 58.4314 18.69
      vertex 76.05 58.5258 18.69
    endloop
  endfacet
  facet normal -0.555243 -0.831688 -0
    outer loop
      vertex 76.1914 58.4314 18.69
      vertex 76.05 58.5258 8.7
      vertex 76.1914 58.4314 8.7
    endloop
  endfacet
  facet normal -0.896884 0.442267 0
    outer loop
      vertex 76.5258 56.75 8.7
      vertex 76.601 56.9025 18.69
      vertex 76.601 56.9025 8.7
    endloop
  endfacet
  facet normal -0.896884 0.442267 0
    outer loop
      vertex 76.601 56.9025 18.69
      vertex 76.5258 56.75 8.7
      vertex 76.5258 56.75 18.69
    endloop
  endfacet
  facet normal 0.555243 -0.831688 0
    outer loop
      vertex 74.6086 58.4314 8.7
      vertex 74.75 58.5258 18.69
      vertex 74.6086 58.4314 18.69
    endloop
  endfacet
  facet normal 0.555243 -0.831688 0
    outer loop
      vertex 74.75 58.5258 18.69
      vertex 74.6086 58.4314 8.7
      vertex 74.75 58.5258 8.7
    endloop
  endfacet
  facet normal -0.751483 0.659753 0
    outer loop
      vertex 76.3192 56.4808 8.7
      vertex 76.4314 56.6086 18.69
      vertex 76.4314 56.6086 8.7
    endloop
  endfacet
  facet normal -0.751483 0.659753 0
    outer loop
      vertex 76.4314 56.6086 18.69
      vertex 76.3192 56.4808 8.7
      vertex 76.3192 56.4808 18.69
    endloop
  endfacet
  facet normal -0.195211 -0.980761 0
    outer loop
      vertex 75.5697 58.6889 8.7
      vertex 75.7365 58.6557 18.69
      vertex 75.5697 58.6889 18.69
    endloop
  endfacet
  facet normal -0.195211 -0.980761 -0
    outer loop
      vertex 75.7365 58.6557 18.69
      vertex 75.5697 58.6889 8.7
      vertex 75.7365 58.6557 8.7
    endloop
  endfacet
  facet normal 0.659753 -0.751483 0
    outer loop
      vertex 74.4808 58.3192 8.7
      vertex 74.6086 58.4314 18.69
      vertex 74.4808 58.3192 18.69
    endloop
  endfacet
  facet normal 0.659753 -0.751483 0
    outer loop
      vertex 74.6086 58.4314 18.69
      vertex 74.4808 58.3192 8.7
      vertex 74.6086 58.4314 8.7
    endloop
  endfacet
  facet normal 0.321692 -0.946844 0
    outer loop
      vertex 74.9025 58.601 8.7
      vertex 75.0635 58.6557 18.69
      vertex 74.9025 58.601 18.69
    endloop
  endfacet
  facet normal 0.321692 -0.946844 0
    outer loop
      vertex 75.0635 58.6557 18.69
      vertex 74.9025 58.601 8.7
      vertex 75.0635 58.6557 8.7
    endloop
  endfacet
  facet normal -0.997868 0.0652701 0
    outer loop
      vertex 76.6889 57.2303 8.7
      vertex 76.7 57.4 18.69
      vertex 76.7 57.4 8.7
    endloop
  endfacet
  facet normal -0.997868 0.0652701 0
    outer loop
      vertex 76.7 57.4 18.69
      vertex 76.6889 57.2303 8.7
      vertex 76.6889 57.2303 18.69
    endloop
  endfacet
  facet normal 0.980761 0.195211 0
    outer loop
      vertex 74.1443 57.0635 18.69
      vertex 74.1111 57.2303 8.7
      vertex 74.1111 57.2303 18.69
    endloop
  endfacet
  facet normal 0.980761 0.195211 0
    outer loop
      vertex 74.1111 57.2303 8.7
      vertex 74.1443 57.0635 18.69
      vertex 74.1443 57.0635 8.7
    endloop
  endfacet
  facet normal -0.659753 -0.751483 0
    outer loop
      vertex 76.1914 58.4314 8.7
      vertex 76.3192 58.3192 18.69
      vertex 76.1914 58.4314 18.69
    endloop
  endfacet
  facet normal -0.659753 -0.751483 -0
    outer loop
      vertex 76.3192 58.3192 18.69
      vertex 76.1914 58.4314 8.7
      vertex 76.3192 58.3192 8.7
    endloop
  endfacet
  facet normal -0.0652701 0.997868 0
    outer loop
      vertex 75.5697 56.1111 8.7
      vertex 75.4 56.1 18.69
      vertex 75.5697 56.1111 18.69
    endloop
  endfacet
  facet normal -0.0652701 0.997868 0
    outer loop
      vertex 75.4 56.1 18.69
      vertex 75.5697 56.1111 8.7
      vertex 75.4 56.1 8.7
    endloop
  endfacet
  facet normal 0.896884 0.442267 0
    outer loop
      vertex 74.2742 56.75 18.69
      vertex 74.199 56.9025 8.7
      vertex 74.199 56.9025 18.69
    endloop
  endfacet
  facet normal 0.896884 0.442267 0
    outer loop
      vertex 74.199 56.9025 8.7
      vertex 74.2742 56.75 18.69
      vertex 74.2742 56.75 8.7
    endloop
  endfacet
  facet normal 0.442267 0.896884 -0
    outer loop
      vertex 74.9025 56.199 8.7
      vertex 74.75 56.2742 18.69
      vertex 74.9025 56.199 18.69
    endloop
  endfacet
  facet normal 0.442267 0.896884 0
    outer loop
      vertex 74.75 56.2742 18.69
      vertex 74.9025 56.199 8.7
      vertex 74.75 56.2742 8.7
    endloop
  endfacet
  facet normal 0.831688 0.555243 0
    outer loop
      vertex 74.3686 56.6086 18.69
      vertex 74.2742 56.75 8.7
      vertex 74.2742 56.75 18.69
    endloop
  endfacet
  facet normal 0.831688 0.555243 0
    outer loop
      vertex 74.2742 56.75 8.7
      vertex 74.3686 56.6086 18.69
      vertex 74.3686 56.6086 8.7
    endloop
  endfacet
  facet normal -0.751483 -0.659753 0
    outer loop
      vertex 76.4314 58.1914 8.7
      vertex 76.3192 58.3192 18.69
      vertex 76.3192 58.3192 8.7
    endloop
  endfacet
  facet normal -0.751483 -0.659753 0
    outer loop
      vertex 76.3192 58.3192 18.69
      vertex 76.4314 58.1914 8.7
      vertex 76.4314 58.1914 18.69
    endloop
  endfacet
  facet normal -0.946844 0.321692 0
    outer loop
      vertex 76.601 56.9025 8.7
      vertex 76.6557 57.0635 18.69
      vertex 76.6557 57.0635 8.7
    endloop
  endfacet
  facet normal -0.946844 0.321692 0
    outer loop
      vertex 76.6557 57.0635 18.69
      vertex 76.601 56.9025 8.7
      vertex 76.601 56.9025 18.69
    endloop
  endfacet
  facet normal 0.0652701 -0.997868 0
    outer loop
      vertex 75.2303 58.6889 8.7
      vertex 75.4 58.7 18.69
      vertex 75.2303 58.6889 18.69
    endloop
  endfacet
  facet normal 0.0652701 -0.997868 0
    outer loop
      vertex 75.4 58.7 18.69
      vertex 75.2303 58.6889 8.7
      vertex 75.4 58.7 8.7
    endloop
  endfacet
  facet normal -0.442267 -0.896884 0
    outer loop
      vertex 75.8975 58.601 8.7
      vertex 76.05 58.5258 18.69
      vertex 75.8975 58.601 18.69
    endloop
  endfacet
  facet normal -0.442267 -0.896884 -0
    outer loop
      vertex 76.05 58.5258 18.69
      vertex 75.8975 58.601 8.7
      vertex 76.05 58.5258 8.7
    endloop
  endfacet
  facet normal 0.980761 -0.195211 0
    outer loop
      vertex 74.1111 57.5697 18.69
      vertex 74.1443 57.7365 8.7
      vertex 74.1443 57.7365 18.69
    endloop
  endfacet
  facet normal 0.980761 -0.195211 0
    outer loop
      vertex 74.1443 57.7365 8.7
      vertex 74.1111 57.5697 18.69
      vertex 74.1111 57.5697 8.7
    endloop
  endfacet
  facet normal 0.946844 0.321692 0
    outer loop
      vertex 74.199 56.9025 18.69
      vertex 74.1443 57.0635 8.7
      vertex 74.1443 57.0635 18.69
    endloop
  endfacet
  facet normal 0.946844 0.321692 0
    outer loop
      vertex 74.1443 57.0635 8.7
      vertex 74.199 56.9025 18.69
      vertex 74.199 56.9025 8.7
    endloop
  endfacet
  facet normal 0.195211 -0.980761 0
    outer loop
      vertex 75.0635 58.6557 8.7
      vertex 75.2303 58.6889 18.69
      vertex 75.0635 58.6557 18.69
    endloop
  endfacet
  facet normal 0.195211 -0.980761 0
    outer loop
      vertex 75.2303 58.6889 18.69
      vertex 75.0635 58.6557 8.7
      vertex 75.2303 58.6889 8.7
    endloop
  endfacet
  facet normal 0.997868 0.0652701 0
    outer loop
      vertex 74.1111 57.2303 18.69
      vertex 74.1 57.4 8.7
      vertex 74.1 57.4 18.69
    endloop
  endfacet
  facet normal 0.997868 0.0652701 0
    outer loop
      vertex 74.1 57.4 8.7
      vertex 74.1111 57.2303 18.69
      vertex 74.1111 57.2303 8.7
    endloop
  endfacet
  facet normal 0.997868 -0.0652701 0
    outer loop
      vertex 74.1 57.4 18.69
      vertex 74.1111 57.5697 8.7
      vertex 74.1111 57.5697 18.69
    endloop
  endfacet
  facet normal 0.997868 -0.0652701 0
    outer loop
      vertex 74.1111 57.5697 8.7
      vertex 74.1 57.4 18.69
      vertex 74.1 57.4 8.7
    endloop
  endfacet
  facet normal 0.555243 0.831688 -0
    outer loop
      vertex 74.75 56.2742 8.7
      vertex 74.6086 56.3686 18.69
      vertex 74.75 56.2742 18.69
    endloop
  endfacet
  facet normal 0.555243 0.831688 0
    outer loop
      vertex 74.6086 56.3686 18.69
      vertex 74.75 56.2742 8.7
      vertex 74.6086 56.3686 8.7
    endloop
  endfacet
  facet normal 0 0 1
    outer loop
      vertex 76.6889 57.5697 8.7
      vertex 76.6889 57.2303 8.7
      vertex 76.7 57.4 8.7
    endloop
  endfacet
  facet normal 0 0 1
    outer loop
      vertex 76.6557 57.7365 8.7
      vertex 76.6889 57.2303 8.7
      vertex 76.6889 57.5697 8.7
    endloop
  endfacet
  facet normal 0 0 1
    outer loop
      vertex 76.6557 57.7365 8.7
      vertex 76.6557 57.0635 8.7
      vertex 76.6889 57.2303 8.7
    endloop
  endfacet
  facet normal 0 0 1
    outer loop
      vertex 76.601 57.8975 8.7
      vertex 76.6557 57.0635 8.7
      vertex 76.6557 57.7365 8.7
    endloop
  endfacet
  facet normal 0 0 1
    outer loop
      vertex 76.601 57.8975 8.7
      vertex 76.601 56.9025 8.7
      vertex 76.6557 57.0635 8.7
    endloop
  endfacet
  facet normal 0 0 1
    outer loop
      vertex 76.5258 58.05 8.7
      vertex 76.601 56.9025 8.7
      vertex 76.601 57.8975 8.7
    endloop
  endfacet
  facet normal 0 0 1
    outer loop
      vertex 76.5258 58.05 8.7
      vertex 76.5258 56.75 8.7
      vertex 76.601 56.9025 8.7
    endloop
  endfacet
  facet normal 0 0 1
    outer loop
      vertex 76.4314 58.1914 8.7
      vertex 76.5258 56.75 8.7
      vertex 76.5258 58.05 8.7
    endloop
  endfacet
  facet normal 0 0 1
    outer loop
      vertex 76.4314 58.1914 8.7
      vertex 76.4314 56.6086 8.7
      vertex 76.5258 56.75 8.7
    endloop
  endfacet
  facet normal 0 0 1
    outer loop
      vertex 76.3192 58.3192 8.7
      vertex 76.4314 56.6086 8.7
      vertex 76.4314 58.1914 8.7
    endloop
  endfacet
  facet normal 0 0 1
    outer loop
      vertex 76.3192 58.3192 8.7
      vertex 76.3192 56.4808 8.7
      vertex 76.4314 56.6086 8.7
    endloop
  endfacet
  facet normal 0 0 1
    outer loop
      vertex 76.1914 58.4314 8.7
      vertex 76.3192 56.4808 8.7
      vertex 76.3192 58.3192 8.7
    endloop
  endfacet
  facet normal 0 0 1
    outer loop
      vertex 76.1914 58.4314 8.7
      vertex 76.1914 56.3686 8.7
      vertex 76.3192 56.4808 8.7
    endloop
  endfacet
  facet normal 0 0 1
    outer loop
      vertex 76.05 58.5258 8.7
      vertex 76.1914 56.3686 8.7
      vertex 76.1914 58.4314 8.7
    endloop
  endfacet
  facet normal 0 0 1
    outer loop
      vertex 76.05 58.5258 8.7
      vertex 76.05 56.2742 8.7
      vertex 76.1914 56.3686 8.7
    endloop
  endfacet
  facet normal 0 0 1
    outer loop
      vertex 75.8975 58.601 8.7
      vertex 76.05 56.2742 8.7
      vertex 76.05 58.5258 8.7
    endloop
  endfacet
  facet normal 0 0 1
    outer loop
      vertex 75.8975 58.601 8.7
      vertex 75.8975 56.199 8.7
      vertex 76.05 56.2742 8.7
    endloop
  endfacet
  facet normal 0 0 1
    outer loop
      vertex 75.7365 58.6557 8.7
      vertex 75.8975 56.199 8.7
      vertex 75.8975 58.601 8.7
    endloop
  endfacet
  facet normal 0 0 1
    outer loop
      vertex 75.7365 58.6557 8.7
      vertex 75.7365 56.1443 8.7
      vertex 75.8975 56.199 8.7
    endloop
  endfacet
  facet normal 0 0 1
    outer loop
      vertex 75.5697 58.6889 8.7
      vertex 75.7365 56.1443 8.7
      vertex 75.7365 58.6557 8.7
    endloop
  endfacet
  facet normal 0 0 1
    outer loop
      vertex 75.5697 58.6889 8.7
      vertex 75.5697 56.1111 8.7
      vertex 75.7365 56.1443 8.7
    endloop
  endfacet
  facet normal 0 0 1
    outer loop
      vertex 75.4 58.7 8.7
      vertex 75.5697 56.1111 8.7
      vertex 75.5697 58.6889 8.7
    endloop
  endfacet
  facet normal 0 0 1
    outer loop
      vertex 75.4 58.7 8.7
      vertex 75.4 56.1 8.7
      vertex 75.5697 56.1111 8.7
    endloop
  endfacet
  facet normal -0 0 1
    outer loop
      vertex 75.2303 58.6889 8.7
      vertex 75.4 56.1 8.7
      vertex 75.4 58.7 8.7
    endloop
  endfacet
  facet normal 0 0 1
    outer loop
      vertex 75.2303 58.6889 8.7
      vertex 75.2303 56.1111 8.7
      vertex 75.4 56.1 8.7
    endloop
  endfacet
  facet normal -0 0 1
    outer loop
      vertex 75.0635 58.6557 8.7
      vertex 75.2303 56.1111 8.7
      vertex 75.2303 58.6889 8.7
    endloop
  endfacet
  facet normal 0 0 1
    outer loop
      vertex 75.0635 58.6557 8.7
      vertex 75.0635 56.1443 8.7
      vertex 75.2303 56.1111 8.7
    endloop
  endfacet
  facet normal -0 0 1
    outer loop
      vertex 74.9025 58.601 8.7
      vertex 75.0635 56.1443 8.7
      vertex 75.0635 58.6557 8.7
    endloop
  endfacet
  facet normal 0 0 1
    outer loop
      vertex 74.9025 58.601 8.7
      vertex 74.9025 56.199 8.7
      vertex 75.0635 56.1443 8.7
    endloop
  endfacet
  facet normal -0 0 1
    outer loop
      vertex 74.75 58.5258 8.7
      vertex 74.9025 56.199 8.7
      vertex 74.9025 58.601 8.7
    endloop
  endfacet
  facet normal 0 0 1
    outer loop
      vertex 74.75 58.5258 8.7
      vertex 74.75 56.2742 8.7
      vertex 74.9025 56.199 8.7
    endloop
  endfacet
  facet normal -0 0 1
    outer loop
      vertex 74.6086 58.4314 8.7
      vertex 74.75 56.2742 8.7
      vertex 74.75 58.5258 8.7
    endloop
  endfacet
  facet normal 0 0 1
    outer loop
      vertex 74.6086 58.4314 8.7
      vertex 74.6086 56.3686 8.7
      vertex 74.75 56.2742 8.7
    endloop
  endfacet
  facet normal -0 0 1
    outer loop
      vertex 74.4808 58.3192 8.7
      vertex 74.6086 56.3686 8.7
      vertex 74.6086 58.4314 8.7
    endloop
  endfacet
  facet normal 0 0 1
    outer loop
      vertex 74.4808 58.3192 8.7
      vertex 74.4808 56.4808 8.7
      vertex 74.6086 56.3686 8.7
    endloop
  endfacet
  facet normal -0 0 1
    outer loop
      vertex 74.3686 58.1914 8.7
      vertex 74.4808 56.4808 8.7
      vertex 74.4808 58.3192 8.7
    endloop
  endfacet
  facet normal 0 0 1
    outer loop
      vertex 74.3686 58.1914 8.7
      vertex 74.3686 56.6086 8.7
      vertex 74.4808 56.4808 8.7
    endloop
  endfacet
  facet normal -0 0 1
    outer loop
      vertex 74.2742 58.05 8.7
      vertex 74.3686 56.6086 8.7
      vertex 74.3686 58.1914 8.7
    endloop
  endfacet
  facet normal 0 0 1
    outer loop
      vertex 74.2742 58.05 8.7
      vertex 74.2742 56.75 8.7
      vertex 74.3686 56.6086 8.7
    endloop
  endfacet
  facet normal -0 0 1
    outer loop
      vertex 74.199 57.8975 8.7
      vertex 74.2742 56.75 8.7
      vertex 74.2742 58.05 8.7
    endloop
  endfacet
  facet normal 0 0 1
    outer loop
      vertex 74.199 57.8975 8.7
      vertex 74.199 56.9025 8.7
      vertex 74.2742 56.75 8.7
    endloop
  endfacet
  facet normal -0 0 1
    outer loop
      vertex 74.1443 57.7365 8.7
      vertex 74.199 56.9025 8.7
      vertex 74.199 57.8975 8.7
    endloop
  endfacet
  facet normal 0 0 1
    outer loop
      vertex 74.1443 57.7365 8.7
      vertex 74.1443 57.0635 8.7
      vertex 74.199 56.9025 8.7
    endloop
  endfacet
  facet normal -0 0 1
    outer loop
      vertex 74.1111 57.5697 8.7
      vertex 74.1443 57.0635 8.7
      vertex 74.1443 57.7365 8.7
    endloop
  endfacet
  facet normal 0 0 1
    outer loop
      vertex 74.1111 57.5697 8.7
      vertex 74.1111 57.2303 8.7
      vertex 74.1443 57.0635 8.7
    endloop
  endfacet
  facet normal 0 -0 1
    outer loop
      vertex 74.1111 57.2303 8.7
      vertex 74.1111 57.5697 8.7
      vertex 74.1 57.4 8.7
    endloop
  endfacet
  facet normal 0.0652701 0.997868 -0
    outer loop
      vertex 75.4 56.1 8.7
      vertex 75.2303 56.1111 18.69
      vertex 75.4 56.1 18.69
    endloop
  endfacet
  facet normal 0.0652701 0.997868 0
    outer loop
      vertex 75.2303 56.1111 18.69
      vertex 75.4 56.1 8.7
      vertex 75.2303 56.1111 8.7
    endloop
  endfacet
  facet normal 0.195211 0.980761 -0
    outer loop
      vertex 75.2303 56.1111 8.7
      vertex 75.0635 56.1443 18.69
      vertex 75.2303 56.1111 18.69
    endloop
  endfacet
  facet normal 0.195211 0.980761 0
    outer loop
      vertex 75.0635 56.1443 18.69
      vertex 75.2303 56.1111 8.7
      vertex 75.0635 56.1443 8.7
    endloop
  endfacet
  facet normal -0.659753 0.751483 0
    outer loop
      vertex 76.3192 56.4808 8.7
      vertex 76.1914 56.3686 18.69
      vertex 76.3192 56.4808 18.69
    endloop
  endfacet
  facet normal -0.659753 0.751483 0
    outer loop
      vertex 76.1914 56.3686 18.69
      vertex 76.3192 56.4808 8.7
      vertex 76.1914 56.3686 8.7
    endloop
  endfacet
  facet normal -0.323272 0.946306 0
    outer loop
      vertex 75.8975 120.199 8.7
      vertex 75.7365 120.144 18.69
      vertex 75.8975 120.199 18.69
    endloop
  endfacet
  facet normal -0.323272 0.946306 0
    outer loop
      vertex 75.7365 120.144 18.69
      vertex 75.8975 120.199 8.7
      vertex 75.7365 120.144 8.7
    endloop
  endfacet
  facet normal -0.980581 -0.196116 0
    outer loop
      vertex 76.6889 121.57 8.7
      vertex 76.6557 121.736 18.69
      vertex 76.6557 121.736 8.7
    endloop
  endfacet
  facet normal -0.980581 -0.196116 0
    outer loop
      vertex 76.6557 121.736 18.69
      vertex 76.6889 121.57 8.7
      vertex 76.6889 121.57 18.69
    endloop
  endfacet
  facet normal -0.997875 -0.0651554 0
    outer loop
      vertex 76.7 121.4 8.7
      vertex 76.6889 121.57 18.69
      vertex 76.6889 121.57 8.7
    endloop
  endfacet
  facet normal -0.997875 -0.0651554 0
    outer loop
      vertex 76.6889 121.57 18.69
      vertex 76.7 121.4 8.7
      vertex 76.7 121.4 18.69
    endloop
  endfacet
  facet normal -0.946844 -0.321692 0
    outer loop
      vertex 76.6557 121.736 8.7
      vertex 76.601 121.897 18.69
      vertex 76.601 121.897 8.7
    endloop
  endfacet
  facet normal -0.946844 -0.321692 0
    outer loop
      vertex 76.601 121.897 18.69
      vertex 76.6557 121.736 8.7
      vertex 76.6557 121.736 18.69
    endloop
  endfacet
  facet normal -0.323272 -0.946306 0
    outer loop
      vertex 75.7365 122.656 8.7
      vertex 75.8975 122.601 18.69
      vertex 75.7365 122.656 18.69
    endloop
  endfacet
  facet normal -0.323272 -0.946306 -0
    outer loop
      vertex 75.8975 122.601 18.69
      vertex 75.7365 122.656 8.7
      vertex 75.8975 122.601 8.7
    endloop
  endfacet
  facet normal 0.897457 -0.441103 0
    outer loop
      vertex 74.199 121.897 18.69
      vertex 74.2742 122.05 8.7
      vertex 74.2742 122.05 18.69
    endloop
  endfacet
  facet normal 0.897457 -0.441103 0
    outer loop
      vertex 74.2742 122.05 8.7
      vertex 74.199 121.897 18.69
      vertex 74.199 121.897 8.7
    endloop
  endfacet
  facet normal 0.751994 0.65917 0
    outer loop
      vertex 74.4808 120.481 18.69
      vertex 74.3686 120.609 8.7
      vertex 74.3686 120.609 18.69
    endloop
  endfacet
  facet normal 0.751994 0.65917 0
    outer loop
      vertex 74.3686 120.609 8.7
      vertex 74.4808 120.481 18.69
      vertex 74.4808 120.481 8.7
    endloop
  endfacet
  facet normal -0.830961 -0.556331 0
    outer loop
      vertex 76.5258 122.05 8.7
      vertex 76.4314 122.191 18.69
      vertex 76.4314 122.191 8.7
    endloop
  endfacet
  facet normal -0.830961 -0.556331 0
    outer loop
      vertex 76.4314 122.191 18.69
      vertex 76.5258 122.05 8.7
      vertex 76.5258 122.05 18.69
    endloop
  endfacet
  facet normal -0.897457 -0.441103 0
    outer loop
      vertex 76.601 121.897 8.7
      vertex 76.5258 122.05 18.69
      vertex 76.5258 122.05 8.7
    endloop
  endfacet
  facet normal -0.897457 -0.441103 0
    outer loop
      vertex 76.5258 122.05 18.69
      vertex 76.601 121.897 8.7
      vertex 76.601 121.897 18.69
    endloop
  endfacet
  facet normal 0.659088 0.752066 -0
    outer loop
      vertex 74.6086 120.369 8.7
      vertex 74.4808 120.481 18.69
      vertex 74.6086 120.369 18.69
    endloop
  endfacet
  facet normal 0.659088 0.752066 0
    outer loop
      vertex 74.4808 120.481 18.69
      vertex 74.6086 120.369 8.7
      vertex 74.4808 120.481 8.7
    endloop
  endfacet
  facet normal 0.751994 -0.65917 0
    outer loop
      vertex 74.3686 122.191 18.69
      vertex 74.4808 122.319 8.7
      vertex 74.4808 122.319 18.69
    endloop
  endfacet
  facet normal 0.751994 -0.65917 0
    outer loop
      vertex 74.4808 122.319 8.7
      vertex 74.3686 122.191 18.69
      vertex 74.3686 122.191 8.7
    endloop
  endfacet
  facet normal 0.830961 -0.556331 0
    outer loop
      vertex 74.2742 122.05 18.69
      vertex 74.3686 122.191 8.7
      vertex 74.3686 122.191 18.69
    endloop
  endfacet
  facet normal 0.830961 -0.556331 0
    outer loop
      vertex 74.3686 122.191 8.7
      vertex 74.2742 122.05 18.69
      vertex 74.2742 122.05 8.7
    endloop
  endfacet
  facet normal -0.44132 0.89735 0
    outer loop
      vertex 76.05 120.274 8.7
      vertex 75.8975 120.199 18.69
      vertex 76.05 120.274 18.69
    endloop
  endfacet
  facet normal -0.44132 0.89735 0
    outer loop
      vertex 75.8975 120.199 18.69
      vertex 76.05 120.274 8.7
      vertex 75.8975 120.199 8.7
    endloop
  endfacet
  facet normal 0.946844 -0.321692 0
    outer loop
      vertex 74.1443 121.736 18.69
      vertex 74.199 121.897 8.7
      vertex 74.199 121.897 18.69
    endloop
  endfacet
  facet normal 0.946844 -0.321692 0
    outer loop
      vertex 74.199 121.897 8.7
      vertex 74.1443 121.736 18.69
      vertex 74.1443 121.736 8.7
    endloop
  endfacet
  facet normal 0.44132 -0.89735 0
    outer loop
      vertex 74.75 122.526 8.7
      vertex 74.9025 122.601 18.69
      vertex 74.75 122.526 18.69
    endloop
  endfacet
  facet normal 0.44132 -0.89735 0
    outer loop
      vertex 74.9025 122.601 18.69
      vertex 74.75 122.526 8.7
      vertex 74.9025 122.601 8.7
    endloop
  endfacet
  facet normal 0.323272 0.946306 -0
    outer loop
      vertex 75.0635 120.144 8.7
      vertex 74.9025 120.199 18.69
      vertex 75.0635 120.144 18.69
    endloop
  endfacet
  facet normal 0.323272 0.946306 0
    outer loop
      vertex 74.9025 120.199 18.69
      vertex 75.0635 120.144 8.7
      vertex 74.9025 120.199 8.7
    endloop
  endfacet
  facet normal -0.830961 0.556331 0
    outer loop
      vertex 76.4314 120.609 8.7
      vertex 76.5258 120.75 18.69
      vertex 76.5258 120.75 8.7
    endloop
  endfacet
  facet normal -0.830961 0.556331 0
    outer loop
      vertex 76.5258 120.75 18.69
      vertex 76.4314 120.609 8.7
      vertex 76.4314 120.609 18.69
    endloop
  endfacet
  facet normal -0.19408 0.980986 0
    outer loop
      vertex 75.7365 120.144 8.7
      vertex 75.5697 120.111 18.69
      vertex 75.7365 120.144 18.69
    endloop
  endfacet
  facet normal -0.19408 0.980986 0
    outer loop
      vertex 75.5697 120.111 18.69
      vertex 75.7365 120.144 8.7
      vertex 75.5697 120.111 8.7
    endloop
  endfacet
  facet normal -0.0646845 -0.997906 0
    outer loop
      vertex 75.4 122.7 8.7
      vertex 75.5697 122.689 18.69
      vertex 75.4 122.7 18.69
    endloop
  endfacet
  facet normal -0.0646845 -0.997906 -0
    outer loop
      vertex 75.5697 122.689 18.69
      vertex 75.4 122.7 8.7
      vertex 75.5697 122.689 8.7
    endloop
  endfacet
  facet normal -0.980581 0.196116 0
    outer loop
      vertex 76.6557 121.064 8.7
      vertex 76.6889 121.23 18.69
      vertex 76.6889 121.23 8.7
    endloop
  endfacet
  facet normal -0.980581 0.196116 0
    outer loop
      vertex 76.6889 121.23 18.69
      vertex 76.6557 121.064 8.7
      vertex 76.6557 121.064 18.69
    endloop
  endfacet
  facet normal -0.557677 0.830058 0
    outer loop
      vertex 76.1914 120.369 8.7
      vertex 76.05 120.274 18.69
      vertex 76.1914 120.369 18.69
    endloop
  endfacet
  facet normal -0.557677 0.830058 0
    outer loop
      vertex 76.05 120.274 18.69
      vertex 76.1914 120.369 8.7
      vertex 76.05 120.274 8.7
    endloop
  endfacet
  facet normal -0.557677 -0.830058 0
    outer loop
      vertex 76.05 122.526 8.7
      vertex 76.1914 122.431 18.69
      vertex 76.05 122.526 18.69
    endloop
  endfacet
  facet normal -0.557677 -0.830058 -0
    outer loop
      vertex 76.1914 122.431 18.69
      vertex 76.05 122.526 8.7
      vertex 76.1914 122.431 8.7
    endloop
  endfacet
  facet normal -0.897457 0.441103 0
    outer loop
      vertex 76.5258 120.75 8.7
      vertex 76.601 120.903 18.69
      vertex 76.601 120.903 8.7
    endloop
  endfacet
  facet normal -0.897457 0.441103 0
    outer loop
      vertex 76.601 120.903 18.69
      vertex 76.5258 120.75 8.7
      vertex 76.5258 120.75 18.69
    endloop
  endfacet
  facet normal 0.557677 -0.830058 0
    outer loop
      vertex 74.6086 122.431 8.7
      vertex 74.75 122.526 18.69
      vertex 74.6086 122.431 18.69
    endloop
  endfacet
  facet normal 0.557677 -0.830058 0
    outer loop
      vertex 74.75 122.526 18.69
      vertex 74.6086 122.431 8.7
      vertex 74.75 122.526 8.7
    endloop
  endfacet
  facet normal -0.751994 0.65917 0
    outer loop
      vertex 76.3192 120.481 8.7
      vertex 76.4314 120.609 18.69
      vertex 76.4314 120.609 8.7
    endloop
  endfacet
  facet normal -0.751994 0.65917 0
    outer loop
      vertex 76.4314 120.609 18.69
      vertex 76.3192 120.481 8.7
      vertex 76.3192 120.481 18.69
    endloop
  endfacet
  facet normal -0.19408 -0.980986 0
    outer loop
      vertex 75.5697 122.689 8.7
      vertex 75.7365 122.656 18.69
      vertex 75.5697 122.689 18.69
    endloop
  endfacet
  facet normal -0.19408 -0.980986 -0
    outer loop
      vertex 75.7365 122.656 18.69
      vertex 75.5697 122.689 8.7
      vertex 75.7365 122.656 8.7
    endloop
  endfacet
  facet normal 0.659088 -0.752066 0
    outer loop
      vertex 74.4808 122.319 8.7
      vertex 74.6086 122.431 18.69
      vertex 74.4808 122.319 18.69
    endloop
  endfacet
  facet normal 0.659088 -0.752066 0
    outer loop
      vertex 74.6086 122.431 18.69
      vertex 74.4808 122.319 8.7
      vertex 74.6086 122.431 8.7
    endloop
  endfacet
  facet normal 0.323272 -0.946306 0
    outer loop
      vertex 74.9025 122.601 8.7
      vertex 75.0635 122.656 18.69
      vertex 74.9025 122.601 18.69
    endloop
  endfacet
  facet normal 0.323272 -0.946306 0
    outer loop
      vertex 75.0635 122.656 18.69
      vertex 74.9025 122.601 8.7
      vertex 75.0635 122.656 8.7
    endloop
  endfacet
  facet normal -0.997875 0.0651554 0
    outer loop
      vertex 76.6889 121.23 8.7
      vertex 76.7 121.4 18.69
      vertex 76.7 121.4 8.7
    endloop
  endfacet
  facet normal -0.997875 0.0651554 0
    outer loop
      vertex 76.7 121.4 18.69
      vertex 76.6889 121.23 8.7
      vertex 76.6889 121.23 18.69
    endloop
  endfacet
  facet normal 0.980581 0.196116 0
    outer loop
      vertex 74.1443 121.064 18.69
      vertex 74.1111 121.23 8.7
      vertex 74.1111 121.23 18.69
    endloop
  endfacet
  facet normal 0.980581 0.196116 0
    outer loop
      vertex 74.1111 121.23 8.7
      vertex 74.1443 121.064 18.69
      vertex 74.1443 121.064 8.7
    endloop
  endfacet
  facet normal -0.659088 -0.752066 0
    outer loop
      vertex 76.1914 122.431 8.7
      vertex 76.3192 122.319 18.69
      vertex 76.1914 122.431 18.69
    endloop
  endfacet
  facet normal -0.659088 -0.752066 -0
    outer loop
      vertex 76.3192 122.319 18.69
      vertex 76.1914 122.431 8.7
      vertex 76.3192 122.319 8.7
    endloop
  endfacet
  facet normal -0.0646845 0.997906 0
    outer loop
      vertex 75.5697 120.111 8.7
      vertex 75.4 120.1 18.69
      vertex 75.5697 120.111 18.69
    endloop
  endfacet
  facet normal -0.0646845 0.997906 0
    outer loop
      vertex 75.4 120.1 18.69
      vertex 75.5697 120.111 8.7
      vertex 75.4 120.1 8.7
    endloop
  endfacet
  facet normal 0.897457 0.441103 0
    outer loop
      vertex 74.2742 120.75 18.69
      vertex 74.199 120.903 8.7
      vertex 74.199 120.903 18.69
    endloop
  endfacet
  facet normal 0.897457 0.441103 0
    outer loop
      vertex 74.199 120.903 8.7
      vertex 74.2742 120.75 18.69
      vertex 74.2742 120.75 8.7
    endloop
  endfacet
  facet normal 0.44132 0.89735 -0
    outer loop
      vertex 74.9025 120.199 8.7
      vertex 74.75 120.274 18.69
      vertex 74.9025 120.199 18.69
    endloop
  endfacet
  facet normal 0.44132 0.89735 0
    outer loop
      vertex 74.75 120.274 18.69
      vertex 74.9025 120.199 8.7
      vertex 74.75 120.274 8.7
    endloop
  endfacet
  facet normal 0.830961 0.556331 0
    outer loop
      vertex 74.3686 120.609 18.69
      vertex 74.2742 120.75 8.7
      vertex 74.2742 120.75 18.69
    endloop
  endfacet
  facet normal 0.830961 0.556331 0
    outer loop
      vertex 74.2742 120.75 8.7
      vertex 74.3686 120.609 18.69
      vertex 74.3686 120.609 8.7
    endloop
  endfacet
  facet normal -0.751994 -0.65917 0
    outer loop
      vertex 76.4314 122.191 8.7
      vertex 76.3192 122.319 18.69
      vertex 76.3192 122.319 8.7
    endloop
  endfacet
  facet normal -0.751994 -0.65917 0
    outer loop
      vertex 76.3192 122.319 18.69
      vertex 76.4314 122.191 8.7
      vertex 76.4314 122.191 18.69
    endloop
  endfacet
  facet normal -0.946844 0.321692 0
    outer loop
      vertex 76.601 120.903 8.7
      vertex 76.6557 121.064 18.69
      vertex 76.6557 121.064 8.7
    endloop
  endfacet
  facet normal -0.946844 0.321692 0
    outer loop
      vertex 76.6557 121.064 18.69
      vertex 76.601 120.903 8.7
      vertex 76.601 120.903 18.69
    endloop
  endfacet
  facet normal 0.0646845 -0.997906 0
    outer loop
      vertex 75.2303 122.689 8.7
      vertex 75.4 122.7 18.69
      vertex 75.2303 122.689 18.69
    endloop
  endfacet
  facet normal 0.0646845 -0.997906 0
    outer loop
      vertex 75.4 122.7 18.69
      vertex 75.2303 122.689 8.7
      vertex 75.4 122.7 8.7
    endloop
  endfacet
  facet normal -0.44132 -0.89735 0
    outer loop
      vertex 75.8975 122.601 8.7
      vertex 76.05 122.526 18.69
      vertex 75.8975 122.601 18.69
    endloop
  endfacet
  facet normal -0.44132 -0.89735 -0
    outer loop
      vertex 76.05 122.526 18.69
      vertex 75.8975 122.601 8.7
      vertex 76.05 122.526 8.7
    endloop
  endfacet
  facet normal 0.980581 -0.196116 0
    outer loop
      vertex 74.1111 121.57 18.69
      vertex 74.1443 121.736 8.7
      vertex 74.1443 121.736 18.69
    endloop
  endfacet
  facet normal 0.980581 -0.196116 0
    outer loop
      vertex 74.1443 121.736 8.7
      vertex 74.1111 121.57 18.69
      vertex 74.1111 121.57 8.7
    endloop
  endfacet
  facet normal 0.946844 0.321692 0
    outer loop
      vertex 74.199 120.903 18.69
      vertex 74.1443 121.064 8.7
      vertex 74.1443 121.064 18.69
    endloop
  endfacet
  facet normal 0.946844 0.321692 0
    outer loop
      vertex 74.1443 121.064 8.7
      vertex 74.199 120.903 18.69
      vertex 74.199 120.903 8.7
    endloop
  endfacet
  facet normal 0.19408 -0.980986 0
    outer loop
      vertex 75.0635 122.656 8.7
      vertex 75.2303 122.689 18.69
      vertex 75.0635 122.656 18.69
    endloop
  endfacet
  facet normal 0.19408 -0.980986 0
    outer loop
      vertex 75.2303 122.689 18.69
      vertex 75.0635 122.656 8.7
      vertex 75.2303 122.689 8.7
    endloop
  endfacet
  facet normal 0.997875 0.0651554 0
    outer loop
      vertex 74.1111 121.23 18.69
      vertex 74.1 121.4 8.7
      vertex 74.1 121.4 18.69
    endloop
  endfacet
  facet normal 0.997875 0.0651554 0
    outer loop
      vertex 74.1 121.4 8.7
      vertex 74.1111 121.23 18.69
      vertex 74.1111 121.23 8.7
    endloop
  endfacet
  facet normal 0.997875 -0.0651554 0
    outer loop
      vertex 74.1 121.4 18.69
      vertex 74.1111 121.57 8.7
      vertex 74.1111 121.57 18.69
    endloop
  endfacet
  facet normal 0.997875 -0.0651554 0
    outer loop
      vertex 74.1111 121.57 8.7
      vertex 74.1 121.4 18.69
      vertex 74.1 121.4 8.7
    endloop
  endfacet
  facet normal 0.557677 0.830058 -0
    outer loop
      vertex 74.75 120.274 8.7
      vertex 74.6086 120.369 18.69
      vertex 74.75 120.274 18.69
    endloop
  endfacet
  facet normal 0.557677 0.830058 0
    outer loop
      vertex 74.6086 120.369 18.69
      vertex 74.75 120.274 8.7
      vertex 74.6086 120.369 8.7
    endloop
  endfacet
  facet normal 0 0 1
    outer loop
      vertex 76.6889 121.57 8.7
      vertex 76.6889 121.23 8.7
      vertex 76.7 121.4 8.7
    endloop
  endfacet
  facet normal 0 0 1
    outer loop
      vertex 76.6557 121.736 8.7
      vertex 76.6889 121.23 8.7
      vertex 76.6889 121.57 8.7
    endloop
  endfacet
  facet normal 0 0 1
    outer loop
      vertex 76.6557 121.736 8.7
      vertex 76.6557 121.064 8.7
      vertex 76.6889 121.23 8.7
    endloop
  endfacet
  facet normal 0 0 1
    outer loop
      vertex 76.601 121.897 8.7
      vertex 76.6557 121.064 8.7
      vertex 76.6557 121.736 8.7
    endloop
  endfacet
  facet normal 0 0 1
    outer loop
      vertex 76.601 121.897 8.7
      vertex 76.601 120.903 8.7
      vertex 76.6557 121.064 8.7
    endloop
  endfacet
  facet normal 0 0 1
    outer loop
      vertex 76.5258 122.05 8.7
      vertex 76.601 120.903 8.7
      vertex 76.601 121.897 8.7
    endloop
  endfacet
  facet normal 0 0 1
    outer loop
      vertex 76.5258 122.05 8.7
      vertex 76.5258 120.75 8.7
      vertex 76.601 120.903 8.7
    endloop
  endfacet
  facet normal 0 0 1
    outer loop
      vertex 76.4314 122.191 8.7
      vertex 76.5258 120.75 8.7
      vertex 76.5258 122.05 8.7
    endloop
  endfacet
  facet normal 0 0 1
    outer loop
      vertex 76.4314 122.191 8.7
      vertex 76.4314 120.609 8.7
      vertex 76.5258 120.75 8.7
    endloop
  endfacet
  facet normal 0 0 1
    outer loop
      vertex 76.3192 122.319 8.7
      vertex 76.4314 120.609 8.7
      vertex 76.4314 122.191 8.7
    endloop
  endfacet
  facet normal 0 0 1
    outer loop
      vertex 76.3192 122.319 8.7
      vertex 76.3192 120.481 8.7
      vertex 76.4314 120.609 8.7
    endloop
  endfacet
  facet normal 0 0 1
    outer loop
      vertex 76.1914 122.431 8.7
      vertex 76.3192 120.481 8.7
      vertex 76.3192 122.319 8.7
    endloop
  endfacet
  facet normal 0 0 1
    outer loop
      vertex 76.1914 122.431 8.7
      vertex 76.1914 120.369 8.7
      vertex 76.3192 120.481 8.7
    endloop
  endfacet
  facet normal 0 0 1
    outer loop
      vertex 76.05 122.526 8.7
      vertex 76.1914 120.369 8.7
      vertex 76.1914 122.431 8.7
    endloop
  endfacet
  facet normal 0 0 1
    outer loop
      vertex 76.05 122.526 8.7
      vertex 76.05 120.274 8.7
      vertex 76.1914 120.369 8.7
    endloop
  endfacet
  facet normal 0 0 1
    outer loop
      vertex 75.8975 122.601 8.7
      vertex 76.05 120.274 8.7
      vertex 76.05 122.526 8.7
    endloop
  endfacet
  facet normal 0 0 1
    outer loop
      vertex 75.8975 122.601 8.7
      vertex 75.8975 120.199 8.7
      vertex 76.05 120.274 8.7
    endloop
  endfacet
  facet normal 0 0 1
    outer loop
      vertex 75.7365 122.656 8.7
      vertex 75.8975 120.199 8.7
      vertex 75.8975 122.601 8.7
    endloop
  endfacet
  facet normal 0 0 1
    outer loop
      vertex 75.7365 122.656 8.7
      vertex 75.7365 120.144 8.7
      vertex 75.8975 120.199 8.7
    endloop
  endfacet
  facet normal 0 0 1
    outer loop
      vertex 75.5697 122.689 8.7
      vertex 75.7365 120.144 8.7
      vertex 75.7365 122.656 8.7
    endloop
  endfacet
  facet normal 0 0 1
    outer loop
      vertex 75.5697 122.689 8.7
      vertex 75.5697 120.111 8.7
      vertex 75.7365 120.144 8.7
    endloop
  endfacet
  facet normal 0 0 1
    outer loop
      vertex 75.4 122.7 8.7
      vertex 75.5697 120.111 8.7
      vertex 75.5697 122.689 8.7
    endloop
  endfacet
  facet normal 0 0 1
    outer loop
      vertex 75.4 122.7 8.7
      vertex 75.4 120.1 8.7
      vertex 75.5697 120.111 8.7
    endloop
  endfacet
  facet normal -0 0 1
    outer loop
      vertex 75.2303 122.689 8.7
      vertex 75.4 120.1 8.7
      vertex 75.4 122.7 8.7
    endloop
  endfacet
  facet normal 0 0 1
    outer loop
      vertex 75.2303 122.689 8.7
      vertex 75.2303 120.111 8.7
      vertex 75.4 120.1 8.7
    endloop
  endfacet
  facet normal -0 0 1
    outer loop
      vertex 75.0635 122.656 8.7
      vertex 75.2303 120.111 8.7
      vertex 75.2303 122.689 8.7
    endloop
  endfacet
  facet normal 0 0 1
    outer loop
      vertex 75.0635 122.656 8.7
      vertex 75.0635 120.144 8.7
      vertex 75.2303 120.111 8.7
    endloop
  endfacet
  facet normal -0 0 1
    outer loop
      vertex 74.9025 122.601 8.7
      vertex 75.0635 120.144 8.7
      vertex 75.0635 122.656 8.7
    endloop
  endfacet
  facet normal 0 0 1
    outer loop
      vertex 74.9025 122.601 8.7
      vertex 74.9025 120.199 8.7
      vertex 75.0635 120.144 8.7
    endloop
  endfacet
  facet normal -0 0 1
    outer loop
      vertex 74.75 122.526 8.7
      vertex 74.9025 120.199 8.7
      vertex 74.9025 122.601 8.7
    endloop
  endfacet
  facet normal 0 0 1
    outer loop
      vertex 74.75 122.526 8.7
      vertex 74.75 120.274 8.7
      vertex 74.9025 120.199 8.7
    endloop
  endfacet
  facet normal -0 0 1
    outer loop
      vertex 74.6086 122.431 8.7
      vertex 74.75 120.274 8.7
      vertex 74.75 122.526 8.7
    endloop
  endfacet
  facet normal 0 0 1
    outer loop
      vertex 74.6086 122.431 8.7
      vertex 74.6086 120.369 8.7
      vertex 74.75 120.274 8.7
    endloop
  endfacet
  facet normal -0 0 1
    outer loop
      vertex 74.4808 122.319 8.7
      vertex 74.6086 120.369 8.7
      vertex 74.6086 122.431 8.7
    endloop
  endfacet
  facet normal 0 0 1
    outer loop
      vertex 74.4808 122.319 8.7
      vertex 74.4808 120.481 8.7
      vertex 74.6086 120.369 8.7
    endloop
  endfacet
  facet normal -0 0 1
    outer loop
      vertex 74.3686 122.191 8.7
      vertex 74.4808 120.481 8.7
      vertex 74.4808 122.319 8.7
    endloop
  endfacet
  facet normal 0 0 1
    outer loop
      vertex 74.3686 122.191 8.7
      vertex 74.3686 120.609 8.7
      vertex 74.4808 120.481 8.7
    endloop
  endfacet
  facet normal -0 0 1
    outer loop
      vertex 74.2742 122.05 8.7
      vertex 74.3686 120.609 8.7
      vertex 74.3686 122.191 8.7
    endloop
  endfacet
  facet normal 0 0 1
    outer loop
      vertex 74.2742 122.05 8.7
      vertex 74.2742 120.75 8.7
      vertex 74.3686 120.609 8.7
    endloop
  endfacet
  facet normal -0 0 1
    outer loop
      vertex 74.199 121.897 8.7
      vertex 74.2742 120.75 8.7
      vertex 74.2742 122.05 8.7
    endloop
  endfacet
  facet normal 0 0 1
    outer loop
      vertex 74.199 121.897 8.7
      vertex 74.199 120.903 8.7
      vertex 74.2742 120.75 8.7
    endloop
  endfacet
  facet normal -0 0 1
    outer loop
      vertex 74.1443 121.736 8.7
      vertex 74.199 120.903 8.7
      vertex 74.199 121.897 8.7
    endloop
  endfacet
  facet normal 0 0 1
    outer loop
      vertex 74.1443 121.736 8.7
      vertex 74.1443 121.064 8.7
      vertex 74.199 120.903 8.7
    endloop
  endfacet
  facet normal -0 0 1
    outer loop
      vertex 74.1111 121.57 8.7
      vertex 74.1443 121.064 8.7
      vertex 74.1443 121.736 8.7
    endloop
  endfacet
  facet normal 0 0 1
    outer loop
      vertex 74.1111 121.57 8.7
      vertex 74.1111 121.23 8.7
      vertex 74.1443 121.064 8.7
    endloop
  endfacet
  facet normal 0 -0 1
    outer loop
      vertex 74.1111 121.23 8.7
      vertex 74.1111 121.57 8.7
      vertex 74.1 121.4 8.7
    endloop
  endfacet
  facet normal 0.0646845 0.997906 -0
    outer loop
      vertex 75.4 120.1 8.7
      vertex 75.2303 120.111 18.69
      vertex 75.4 120.1 18.69
    endloop
  endfacet
  facet normal 0.0646845 0.997906 0
    outer loop
      vertex 75.2303 120.111 18.69
      vertex 75.4 120.1 8.7
      vertex 75.2303 120.111 8.7
    endloop
  endfacet
  facet normal 0.19408 0.980986 -0
    outer loop
      vertex 75.2303 120.111 8.7
      vertex 75.0635 120.144 18.69
      vertex 75.2303 120.111 18.69
    endloop
  endfacet
  facet normal 0.19408 0.980986 0
    outer loop
      vertex 75.0635 120.144 18.69
      vertex 75.2303 120.111 8.7
      vertex 75.0635 120.144 8.7
    endloop
  endfacet
  facet normal -0.659088 0.752066 0
    outer loop
      vertex 76.3192 120.481 8.7
      vertex 76.1914 120.369 18.69
      vertex 76.3192 120.481 18.69
    endloop
  endfacet
  facet normal -0.659088 0.752066 0
    outer loop
      vertex 76.1914 120.369 18.69
      vertex 76.3192 120.481 8.7
      vertex 76.1914 120.369 8.7
    endloop
  endfacet
  facet normal -0.980802 -0.195007 0
    outer loop
      vertex 12.6273 10.3459 0
      vertex 12.5597 10.6859 4.39
      vertex 12.5597 10.6859 0
    endloop
  endfacet
  facet normal -0.980802 -0.195007 0
    outer loop
      vertex 12.5597 10.6859 4.39
      vertex 12.6273 10.3459 0
      vertex 12.6273 10.3459 4.39
    endloop
  endfacet
  facet normal -0.997854 -0.065485 0
    outer loop
      vertex 12.65 10 0
      vertex 12.6273 10.3459 4.39
      vertex 12.6273 10.3459 0
    endloop
  endfacet
  facet normal -0.997854 -0.065485 0
    outer loop
      vertex 12.6273 10.3459 4.39
      vertex 12.65 10 0
      vertex 12.65 10 4.39
    endloop
  endfacet
  facet normal -0.946938 -0.321416 0
    outer loop
      vertex 12.5597 10.6859 0
      vertex 12.4483 11.0141 4.39
      vertex 12.4483 11.0141 0
    endloop
  endfacet
  facet normal -0.946938 -0.321416 0
    outer loop
      vertex 12.4483 11.0141 4.39
      vertex 12.5597 10.6859 0
      vertex 12.5597 10.6859 4.39
    endloop
  endfacet
  facet normal -0.94695 0.321381 0
    outer loop
      vertex 12.4483 8.98589 0
      vertex 12.5597 9.31413 4.39
      vertex 12.5597 9.31413 0
    endloop
  endfacet
  facet normal -0.94695 0.321381 0
    outer loop
      vertex 12.5597 9.31413 4.39
      vertex 12.4483 8.98589 0
      vertex 12.4483 8.98589 4.39
    endloop
  endfacet
  facet normal -0.9808 0.195018 0
    outer loop
      vertex 12.5597 9.31413 0
      vertex 12.6273 9.65411 4.39
      vertex 12.6273 9.65411 0
    endloop
  endfacet
  facet normal -0.9808 0.195018 0
    outer loop
      vertex 12.6273 9.65411 4.39
      vertex 12.5597 9.31413 0
      vertex 12.5597 9.31413 4.39
    endloop
  endfacet
  facet normal -0.19509 0.980785 0
    outer loop
      vertex 10.6859 7.4403 0
      vertex 10.3459 7.37267 4.39
      vertex 10.6859 7.4403 4.39
    endloop
  endfacet
  facet normal -0.19509 0.980785 0
    outer loop
      vertex 10.3459 7.37267 4.39
      vertex 10.6859 7.4403 0
      vertex 10.3459 7.37267 0
    endloop
  endfacet
  facet normal -0.896889 0.442256 0
    outer loop
      vertex 12.295 8.675 0
      vertex 12.4483 8.98589 4.39
      vertex 12.4483 8.98589 0
    endloop
  endfacet
  facet normal -0.896889 0.442256 0
    outer loop
      vertex 12.4483 8.98589 4.39
      vertex 12.295 8.675 0
      vertex 12.295 8.675 4.39
    endloop
  endfacet
  facet normal -0.442268 0.896883 0
    outer loop
      vertex 11.325 7.70503 0
      vertex 11.0141 7.55172 4.39
      vertex 11.325 7.70503 4.39
    endloop
  endfacet
  facet normal -0.442268 0.896883 0
    outer loop
      vertex 11.0141 7.55172 4.39
      vertex 11.325 7.70503 0
      vertex 11.0141 7.55172 0
    endloop
  endfacet
  facet normal 0.831455 -0.555592 0
    outer loop
      vertex 7.70503 11.325 4.39
      vertex 7.89761 11.6132 0
      vertex 7.89761 11.6132 4.39
    endloop
  endfacet
  facet normal 0.831455 -0.555592 0
    outer loop
      vertex 7.89761 11.6132 0
      vertex 7.70503 11.325 4.39
      vertex 7.70503 11.325 0
    endloop
  endfacet
  facet normal -0.896894 -0.442245 0
    outer loop
      vertex 12.4483 11.0141 0
      vertex 12.295 11.325 4.39
      vertex 12.295 11.325 0
    endloop
  endfacet
  facet normal -0.896894 -0.442245 0
    outer loop
      vertex 12.295 11.325 4.39
      vertex 12.4483 11.0141 0
      vertex 12.4483 11.0141 4.39
    endloop
  endfacet
  facet normal 0.751811 -0.659378 0
    outer loop
      vertex 7.89761 11.6132 4.39
      vertex 8.12617 11.8738 0
      vertex 8.12617 11.8738 4.39
    endloop
  endfacet
  facet normal 0.751811 -0.659378 0
    outer loop
      vertex 8.12617 11.8738 0
      vertex 7.89761 11.6132 4.39
      vertex 7.89761 11.6132 0
    endloop
  endfacet
  facet normal 0.195101 0.980783 -0
    outer loop
      vertex 9.65411 7.37267 0
      vertex 9.31413 7.4403 4.39
      vertex 9.65411 7.37267 4.39
    endloop
  endfacet
  facet normal 0.195101 0.980783 0
    outer loop
      vertex 9.31413 7.4403 4.39
      vertex 9.65411 7.37267 0
      vertex 9.31413 7.4403 0
    endloop
  endfacet
  facet normal -0.195007 -0.980802 0
    outer loop
      vertex 10.3459 12.6273 0
      vertex 10.6859 12.5597 4.39
      vertex 10.3459 12.6273 4.39
    endloop
  endfacet
  facet normal -0.195007 -0.980802 -0
    outer loop
      vertex 10.6859 12.5597 4.39
      vertex 10.3459 12.6273 0
      vertex 10.6859 12.5597 0
    endloop
  endfacet
  facet normal -0.831446 0.555605 0
    outer loop
      vertex 12.1024 8.38678 0
      vertex 12.295 8.675 4.39
      vertex 12.295 8.675 0
    endloop
  endfacet
  facet normal -0.831446 0.555605 0
    outer loop
      vertex 12.295 8.675 4.39
      vertex 12.1024 8.38678 0
      vertex 12.1024 8.38678 4.39
    endloop
  endfacet
  facet normal -0.0653989 0.997859 0
    outer loop
      vertex 10.3459 7.37267 0
      vertex 10 7.35 4.39
      vertex 10.3459 7.37267 4.39
    endloop
  endfacet
  facet normal -0.0653989 0.997859 0
    outer loop
      vertex 10 7.35 4.39
      vertex 10.3459 7.37267 0
      vertex 10 7.35 0
    endloop
  endfacet
  facet normal 0.659364 0.751824 -0
    outer loop
      vertex 8.38678 7.89761 0
      vertex 8.12617 8.12617 4.39
      vertex 8.38678 7.89761 4.39
    endloop
  endfacet
  facet normal 0.659364 0.751824 0
    outer loop
      vertex 8.12617 8.12617 4.39
      vertex 8.38678 7.89761 0
      vertex 8.12617 8.12617 0
    endloop
  endfacet
  facet normal 0.997859 -0.0653989 0
    outer loop
      vertex 7.35 10 4.39
      vertex 7.37267 10.3459 0
      vertex 7.37267 10.3459 4.39
    endloop
  endfacet
  facet normal 0.997859 -0.0653989 0
    outer loop
      vertex 7.37267 10.3459 0
      vertex 7.35 10 4.39
      vertex 7.35 10 0
    endloop
  endfacet
  facet normal -0.442245 -0.896894 0
    outer loop
      vertex 11.0141 12.4483 0
      vertex 11.325 12.295 4.39
      vertex 11.0141 12.4483 4.39
    endloop
  endfacet
  facet normal -0.442245 -0.896894 -0
    outer loop
      vertex 11.325 12.295 4.39
      vertex 11.0141 12.4483 0
      vertex 11.325 12.295 0
    endloop
  endfacet
  facet normal 0.896883 -0.442268 0
    outer loop
      vertex 7.55172 11.0141 4.39
      vertex 7.70503 11.325 0
      vertex 7.70503 11.325 4.39
    endloop
  endfacet
  facet normal 0.896883 -0.442268 0
    outer loop
      vertex 7.70503 11.325 0
      vertex 7.55172 11.0141 4.39
      vertex 7.55172 11.0141 0
    endloop
  endfacet
  facet normal 0.946932 0.321433 0
    outer loop
      vertex 7.55172 8.98589 4.39
      vertex 7.4403 9.31413 0
      vertex 7.4403 9.31413 4.39
    endloop
  endfacet
  facet normal 0.946932 0.321433 0
    outer loop
      vertex 7.4403 9.31413 0
      vertex 7.55172 8.98589 4.39
      vertex 7.55172 8.98589 0
    endloop
  endfacet
  facet normal -0.831428 -0.555632 0
    outer loop
      vertex 12.295 11.325 0
      vertex 12.1024 11.6132 4.39
      vertex 12.1024 11.6132 0
    endloop
  endfacet
  facet normal -0.831428 -0.555632 0
    outer loop
      vertex 12.1024 11.6132 4.39
      vertex 12.295 11.325 0
      vertex 12.295 11.325 4.39
    endloop
  endfacet
  facet normal 0.0654007 0.997859 -0
    outer loop
      vertex 10 7.35 0
      vertex 9.65411 7.37267 4.39
      vertex 10 7.35 4.39
    endloop
  endfacet
  facet normal 0.0654007 0.997859 0
    outer loop
      vertex 9.65411 7.37267 4.39
      vertex 10 7.35 0
      vertex 9.65411 7.37267 0
    endloop
  endfacet
  facet normal -0.751754 -0.659444 0
    outer loop
      vertex 12.1024 11.6132 0
      vertex 11.8738 11.8738 4.39
      vertex 11.8738 11.8738 0
    endloop
  endfacet
  facet normal -0.751754 -0.659444 0
    outer loop
      vertex 11.8738 11.8738 4.39
      vertex 12.1024 11.6132 0
      vertex 12.1024 11.6132 4.39
    endloop
  endfacet
  facet normal -0.997853 0.0654869 0
    outer loop
      vertex 12.6273 9.65411 0
      vertex 12.65 10 4.39
      vertex 12.65 10 0
    endloop
  endfacet
  facet normal -0.997853 0.0654869 0
    outer loop
      vertex 12.65 10 4.39
      vertex 12.6273 9.65411 0
      vertex 12.6273 9.65411 4.39
    endloop
  endfacet
  facet normal -0.659444 -0.751754 0
    outer loop
      vertex 11.6132 12.1024 0
      vertex 11.8738 11.8738 4.39
      vertex 11.6132 12.1024 4.39
    endloop
  endfacet
  facet normal -0.659444 -0.751754 -0
    outer loop
      vertex 11.8738 11.8738 4.39
      vertex 11.6132 12.1024 0
      vertex 11.8738 11.8738 0
    endloop
  endfacet
  facet normal -0.555632 -0.831428 0
    outer loop
      vertex 11.325 12.295 0
      vertex 11.6132 12.1024 4.39
      vertex 11.325 12.295 4.39
    endloop
  endfacet
  facet normal -0.555632 -0.831428 -0
    outer loop
      vertex 11.6132 12.1024 4.39
      vertex 11.325 12.295 0
      vertex 11.6132 12.1024 0
    endloop
  endfacet
  facet normal 0.442279 0.896877 -0
    outer loop
      vertex 8.98589 7.55172 0
      vertex 8.675 7.70503 4.39
      vertex 8.98589 7.55172 4.39
    endloop
  endfacet
  facet normal 0.442279 0.896877 0
    outer loop
      vertex 8.675 7.70503 4.39
      vertex 8.98589 7.55172 0
      vertex 8.675 7.70503 0
    endloop
  endfacet
  facet normal -0.321416 -0.946938 0
    outer loop
      vertex 10.6859 12.5597 0
      vertex 11.0141 12.4483 4.39
      vertex 10.6859 12.5597 4.39
    endloop
  endfacet
  facet normal -0.321416 -0.946938 -0
    outer loop
      vertex 11.0141 12.4483 4.39
      vertex 10.6859 12.5597 0
      vertex 11.0141 12.4483 0
    endloop
  endfacet
  facet normal -0.555592 0.831455 0
    outer loop
      vertex 11.6132 7.89761 0
      vertex 11.325 7.70503 4.39
      vertex 11.6132 7.89761 4.39
    endloop
  endfacet
  facet normal -0.555592 0.831455 0
    outer loop
      vertex 11.325 7.70503 4.39
      vertex 11.6132 7.89761 0
      vertex 11.325 7.70503 0
    endloop
  endfacet
  facet normal 0.442256 -0.896889 0
    outer loop
      vertex 8.675 12.295 0
      vertex 8.98589 12.4483 4.39
      vertex 8.675 12.295 4.39
    endloop
  endfacet
  facet normal 0.442256 -0.896889 0
    outer loop
      vertex 8.98589 12.4483 4.39
      vertex 8.675 12.295 0
      vertex 8.98589 12.4483 0
    endloop
  endfacet
  facet normal 0.321433 0.946932 -0
    outer loop
      vertex 9.31413 7.4403 0
      vertex 8.98589 7.55172 4.39
      vertex 9.31413 7.4403 4.39
    endloop
  endfacet
  facet normal 0.321433 0.946932 0
    outer loop
      vertex 8.98589 7.55172 4.39
      vertex 9.31413 7.4403 0
      vertex 8.98589 7.55172 0
    endloop
  endfacet
  facet normal 0.555565 0.831473 -0
    outer loop
      vertex 8.675 7.70503 0
      vertex 8.38678 7.89761 4.39
      vertex 8.675 7.70503 4.39
    endloop
  endfacet
  facet normal 0.555565 0.831473 0
    outer loop
      vertex 8.38678 7.89761 4.39
      vertex 8.675 7.70503 0
      vertex 8.38678 7.89761 0
    endloop
  endfacet
  facet normal 0.997859 0.0654007 0
    outer loop
      vertex 7.37267 9.65411 4.39
      vertex 7.35 10 0
      vertex 7.35 10 4.39
    endloop
  endfacet
  facet normal 0.997859 0.0654007 0
    outer loop
      vertex 7.35 10 0
      vertex 7.37267 9.65411 4.39
      vertex 7.37267 9.65411 0
    endloop
  endfacet
  facet normal 0.896877 0.442279 0
    outer loop
      vertex 7.70503 8.675 4.39
      vertex 7.55172 8.98589 0
      vertex 7.55172 8.98589 4.39
    endloop
  endfacet
  facet normal 0.896877 0.442279 0
    outer loop
      vertex 7.55172 8.98589 0
      vertex 7.70503 8.675 4.39
      vertex 7.70503 8.675 0
    endloop
  endfacet
  facet normal -0.321468 0.94692 0
    outer loop
      vertex 11.0141 7.55172 0
      vertex 10.6859 7.4403 4.39
      vertex 11.0141 7.55172 4.39
    endloop
  endfacet
  facet normal -0.321468 0.94692 0
    outer loop
      vertex 10.6859 7.4403 4.39
      vertex 11.0141 7.55172 0
      vertex 10.6859 7.4403 0
    endloop
  endfacet
  facet normal -0.751767 0.659429 0
    outer loop
      vertex 11.8738 8.12617 0
      vertex 12.1024 8.38678 4.39
      vertex 12.1024 8.38678 0
    endloop
  endfacet
  facet normal -0.751767 0.659429 0
    outer loop
      vertex 12.1024 8.38678 4.39
      vertex 11.8738 8.12617 0
      vertex 11.8738 8.12617 4.39
    endloop
  endfacet
  facet normal 0.659429 -0.751767 0
    outer loop
      vertex 8.12617 11.8738 0
      vertex 8.38678 12.1024 4.39
      vertex 8.12617 11.8738 4.39
    endloop
  endfacet
  facet normal 0.659429 -0.751767 0
    outer loop
      vertex 8.38678 12.1024 4.39
      vertex 8.12617 11.8738 0
      vertex 8.38678 12.1024 0
    endloop
  endfacet
  facet normal 0.555605 -0.831446 0
    outer loop
      vertex 8.38678 12.1024 0
      vertex 8.675 12.295 4.39
      vertex 8.38678 12.1024 4.39
    endloop
  endfacet
  facet normal 0.555605 -0.831446 0
    outer loop
      vertex 8.675 12.295 4.39
      vertex 8.38678 12.1024 0
      vertex 8.675 12.295 0
    endloop
  endfacet
  facet normal 0.751824 0.659364 0
    outer loop
      vertex 8.12617 8.12617 4.39
      vertex 7.89761 8.38678 0
      vertex 7.89761 8.38678 4.39
    endloop
  endfacet
  facet normal 0.751824 0.659364 0
    outer loop
      vertex 7.89761 8.38678 0
      vertex 8.12617 8.12617 4.39
      vertex 8.12617 8.12617 0
    endloop
  endfacet
  facet normal 0.980785 -0.19509 0
    outer loop
      vertex 7.37267 10.3459 4.39
      vertex 7.4403 10.6859 0
      vertex 7.4403 10.6859 4.39
    endloop
  endfacet
  facet normal 0.980785 -0.19509 0
    outer loop
      vertex 7.4403 10.6859 0
      vertex 7.37267 10.3459 4.39
      vertex 7.37267 10.3459 0
    endloop
  endfacet
  facet normal 0 0 -1
    outer loop
      vertex 12.6273 9.65411 4.39
      vertex 12.6273 10.3459 4.39
      vertex 12.65 10 4.39
    endloop
  endfacet
  facet normal 0 0 -1
    outer loop
      vertex 12.5597 9.31413 4.39
      vertex 12.6273 10.3459 4.39
      vertex 12.6273 9.65411 4.39
    endloop
  endfacet
  facet normal 0 0 -1
    outer loop
      vertex 12.5597 9.31413 4.39
      vertex 12.5597 10.6859 4.39
      vertex 12.6273 10.3459 4.39
    endloop
  endfacet
  facet normal 0 0 -1
    outer loop
      vertex 12.4483 8.98589 4.39
      vertex 12.5597 10.6859 4.39
      vertex 12.5597 9.31413 4.39
    endloop
  endfacet
  facet normal 0 0 -1
    outer loop
      vertex 12.4483 8.98589 4.39
      vertex 12.4483 11.0141 4.39
      vertex 12.5597 10.6859 4.39
    endloop
  endfacet
  facet normal 0 0 -1
    outer loop
      vertex 12.295 8.675 4.39
      vertex 12.4483 11.0141 4.39
      vertex 12.4483 8.98589 4.39
    endloop
  endfacet
  facet normal 0 0 -1
    outer loop
      vertex 12.295 8.675 4.39
      vertex 12.295 11.325 4.39
      vertex 12.4483 11.0141 4.39
    endloop
  endfacet
  facet normal 0 0 -1
    outer loop
      vertex 12.1024 8.38678 4.39
      vertex 12.295 11.325 4.39
      vertex 12.295 8.675 4.39
    endloop
  endfacet
  facet normal 0 0 -1
    outer loop
      vertex 12.1024 8.38678 4.39
      vertex 12.1024 11.6132 4.39
      vertex 12.295 11.325 4.39
    endloop
  endfacet
  facet normal 0 0 -1
    outer loop
      vertex 11.8738 8.12617 4.39
      vertex 12.1024 11.6132 4.39
      vertex 12.1024 8.38678 4.39
    endloop
  endfacet
  facet normal 0 0 -1
    outer loop
      vertex 11.8738 8.12617 4.39
      vertex 11.8738 11.8738 4.39
      vertex 12.1024 11.6132 4.39
    endloop
  endfacet
  facet normal 0 0 -1
    outer loop
      vertex 11.6132 7.89761 4.39
      vertex 11.8738 11.8738 4.39
      vertex 11.8738 8.12617 4.39
    endloop
  endfacet
  facet normal 0 0 -1
    outer loop
      vertex 11.6132 7.89761 4.39
      vertex 11.6132 12.1024 4.39
      vertex 11.8738 11.8738 4.39
    endloop
  endfacet
  facet normal 0 0 -1
    outer loop
      vertex 11.325 7.70503 4.39
      vertex 11.6132 12.1024 4.39
      vertex 11.6132 7.89761 4.39
    endloop
  endfacet
  facet normal 0 0 -1
    outer loop
      vertex 11.325 7.70503 4.39
      vertex 11.325 12.295 4.39
      vertex 11.6132 12.1024 4.39
    endloop
  endfacet
  facet normal 0 0 -1
    outer loop
      vertex 11.0141 7.55172 4.39
      vertex 11.325 12.295 4.39
      vertex 11.325 7.70503 4.39
    endloop
  endfacet
  facet normal 0 0 -1
    outer loop
      vertex 11.0141 7.55172 4.39
      vertex 11.0141 12.4483 4.39
      vertex 11.325 12.295 4.39
    endloop
  endfacet
  facet normal 0 0 -1
    outer loop
      vertex 10.6859 7.4403 4.39
      vertex 11.0141 12.4483 4.39
      vertex 11.0141 7.55172 4.39
    endloop
  endfacet
  facet normal 0 0 -1
    outer loop
      vertex 10.6859 7.4403 4.39
      vertex 10.6859 12.5597 4.39
      vertex 11.0141 12.4483 4.39
    endloop
  endfacet
  facet normal 0 0 -1
    outer loop
      vertex 10.3459 7.37267 4.39
      vertex 10.6859 12.5597 4.39
      vertex 10.6859 7.4403 4.39
    endloop
  endfacet
  facet normal 0 0 -1
    outer loop
      vertex 10.3459 7.37267 4.39
      vertex 10.3459 12.6273 4.39
      vertex 10.6859 12.5597 4.39
    endloop
  endfacet
  facet normal 0 0 -1
    outer loop
      vertex 10 7.35 4.39
      vertex 10.3459 12.6273 4.39
      vertex 10.3459 7.37267 4.39
    endloop
  endfacet
  facet normal 0 0 -1
    outer loop
      vertex 10 7.35 4.39
      vertex 10 12.65 4.39
      vertex 10.3459 12.6273 4.39
    endloop
  endfacet
  facet normal 0 0 -1
    outer loop
      vertex 9.65411 7.37267 4.39
      vertex 10 12.65 4.39
      vertex 10 7.35 4.39
    endloop
  endfacet
  facet normal 0 0 -1
    outer loop
      vertex 9.65411 7.37267 4.39
      vertex 9.65411 12.6273 4.39
      vertex 10 12.65 4.39
    endloop
  endfacet
  facet normal 0 0 -1
    outer loop
      vertex 9.31413 7.4403 4.39
      vertex 9.65411 12.6273 4.39
      vertex 9.65411 7.37267 4.39
    endloop
  endfacet
  facet normal 0 0 -1
    outer loop
      vertex 9.31413 7.4403 4.39
      vertex 9.31413 12.5597 4.39
      vertex 9.65411 12.6273 4.39
    endloop
  endfacet
  facet normal 0 0 -1
    outer loop
      vertex 8.98589 7.55172 4.39
      vertex 9.31413 12.5597 4.39
      vertex 9.31413 7.4403 4.39
    endloop
  endfacet
  facet normal 0 0 -1
    outer loop
      vertex 8.98589 7.55172 4.39
      vertex 8.98589 12.4483 4.39
      vertex 9.31413 12.5597 4.39
    endloop
  endfacet
  facet normal 0 0 -1
    outer loop
      vertex 8.675 7.70503 4.39
      vertex 8.98589 12.4483 4.39
      vertex 8.98589 7.55172 4.39
    endloop
  endfacet
  facet normal 0 0 -1
    outer loop
      vertex 8.675 7.70503 4.39
      vertex 8.675 12.295 4.39
      vertex 8.98589 12.4483 4.39
    endloop
  endfacet
  facet normal 0 0 -1
    outer loop
      vertex 8.38678 7.89761 4.39
      vertex 8.675 12.295 4.39
      vertex 8.675 7.70503 4.39
    endloop
  endfacet
  facet normal 0 0 -1
    outer loop
      vertex 8.38678 7.89761 4.39
      vertex 8.38678 12.1024 4.39
      vertex 8.675 12.295 4.39
    endloop
  endfacet
  facet normal 0 0 -1
    outer loop
      vertex 8.12617 8.12617 4.39
      vertex 8.38678 12.1024 4.39
      vertex 8.38678 7.89761 4.39
    endloop
  endfacet
  facet normal 0 0 -1
    outer loop
      vertex 8.12617 8.12617 4.39
      vertex 8.12617 11.8738 4.39
      vertex 8.38678 12.1024 4.39
    endloop
  endfacet
  facet normal 0 0 -1
    outer loop
      vertex 7.89761 8.38678 4.39
      vertex 8.12617 11.8738 4.39
      vertex 8.12617 8.12617 4.39
    endloop
  endfacet
  facet normal 0 0 -1
    outer loop
      vertex 7.89761 8.38678 4.39
      vertex 7.89761 11.6132 4.39
      vertex 8.12617 11.8738 4.39
    endloop
  endfacet
  facet normal 0 0 -1
    outer loop
      vertex 7.70503 8.675 4.39
      vertex 7.89761 11.6132 4.39
      vertex 7.89761 8.38678 4.39
    endloop
  endfacet
  facet normal 0 0 -1
    outer loop
      vertex 7.70503 8.675 4.39
      vertex 7.70503 11.325 4.39
      vertex 7.89761 11.6132 4.39
    endloop
  endfacet
  facet normal 0 0 -1
    outer loop
      vertex 7.55172 8.98589 4.39
      vertex 7.70503 11.325 4.39
      vertex 7.70503 8.675 4.39
    endloop
  endfacet
  facet normal 0 0 -1
    outer loop
      vertex 7.55172 8.98589 4.39
      vertex 7.55172 11.0141 4.39
      vertex 7.70503 11.325 4.39
    endloop
  endfacet
  facet normal 0 0 -1
    outer loop
      vertex 7.4403 9.31413 4.39
      vertex 7.55172 11.0141 4.39
      vertex 7.55172 8.98589 4.39
    endloop
  endfacet
  facet normal 0 0 -1
    outer loop
      vertex 7.4403 9.31413 4.39
      vertex 7.4403 10.6859 4.39
      vertex 7.55172 11.0141 4.39
    endloop
  endfacet
  facet normal 0 0 -1
    outer loop
      vertex 7.37267 9.65411 4.39
      vertex 7.4403 10.6859 4.39
      vertex 7.4403 9.31413 4.39
    endloop
  endfacet
  facet normal 0 0 -1
    outer loop
      vertex 7.37267 9.65411 4.39
      vertex 7.37267 10.3459 4.39
      vertex 7.4403 10.6859 4.39
    endloop
  endfacet
  facet normal 0 -0 -1
    outer loop
      vertex 7.37267 10.3459 4.39
      vertex 7.37267 9.65411 4.39
      vertex 7.35 10 4.39
    endloop
  endfacet
  facet normal 0.321381 -0.94695 0
    outer loop
      vertex 8.98589 12.4483 0
      vertex 9.31413 12.5597 4.39
      vertex 8.98589 12.4483 4.39
    endloop
  endfacet
  facet normal 0.321381 -0.94695 0
    outer loop
      vertex 9.31413 12.5597 4.39
      vertex 8.98589 12.4483 0
      vertex 9.31413 12.5597 0
    endloop
  endfacet
  facet normal 0.980783 0.195101 0
    outer loop
      vertex 7.4403 9.31413 4.39
      vertex 7.37267 9.65411 0
      vertex 7.37267 9.65411 4.39
    endloop
  endfacet
  facet normal 0.980783 0.195101 0
    outer loop
      vertex 7.37267 9.65411 0
      vertex 7.4403 9.31413 4.39
      vertex 7.4403 9.31413 0
    endloop
  endfacet
  facet normal -0.065485 -0.997854 0
    outer loop
      vertex 10 12.65 0
      vertex 10.3459 12.6273 4.39
      vertex 10 12.65 4.39
    endloop
  endfacet
  facet normal -0.065485 -0.997854 -0
    outer loop
      vertex 10.3459 12.6273 4.39
      vertex 10 12.65 0
      vertex 10.3459 12.6273 0
    endloop
  endfacet
  facet normal 0.195018 -0.9808 0
    outer loop
      vertex 9.31413 12.5597 0
      vertex 9.65411 12.6273 4.39
      vertex 9.31413 12.5597 4.39
    endloop
  endfacet
  facet normal 0.195018 -0.9808 0
    outer loop
      vertex 9.65411 12.6273 4.39
      vertex 9.31413 12.5597 0
      vertex 9.65411 12.6273 0
    endloop
  endfacet
  facet normal -0.659378 0.751811 0
    outer loop
      vertex 11.8738 8.12617 0
      vertex 11.6132 7.89761 4.39
      vertex 11.8738 8.12617 4.39
    endloop
  endfacet
  facet normal -0.659378 0.751811 0
    outer loop
      vertex 11.6132 7.89761 4.39
      vertex 11.8738 8.12617 0
      vertex 11.6132 7.89761 0
    endloop
  endfacet
  facet normal 0.0654869 -0.997853 0
    outer loop
      vertex 9.65411 12.6273 0
      vertex 10 12.65 4.39
      vertex 9.65411 12.6273 4.39
    endloop
  endfacet
  facet normal 0.0654869 -0.997853 0
    outer loop
      vertex 10 12.65 4.39
      vertex 9.65411 12.6273 0
      vertex 10 12.65 0
    endloop
  endfacet
  facet normal 0.831473 0.555565 0
    outer loop
      vertex 7.89761 8.38678 4.39
      vertex 7.70503 8.675 0
      vertex 7.70503 8.675 4.39
    endloop
  endfacet
  facet normal 0.831473 0.555565 0
    outer loop
      vertex 7.70503 8.675 0
      vertex 7.89761 8.38678 4.39
      vertex 7.89761 8.38678 0
    endloop
  endfacet
  facet normal 0.94692 -0.321468 0
    outer loop
      vertex 7.4403 10.6859 4.39
      vertex 7.55172 11.0141 0
      vertex 7.55172 11.0141 4.39
    endloop
  endfacet
  facet normal 0.94692 -0.321468 0
    outer loop
      vertex 7.55172 11.0141 0
      vertex 7.4403 10.6859 4.39
      vertex 7.4403 10.6859 0
    endloop
  endfacet
  facet normal -0.980802 -0.195007 0
    outer loop
      vertex 95.4273 10.3459 0
      vertex 95.3597 10.6859 4.39
      vertex 95.3597 10.6859 0
    endloop
  endfacet
  facet normal -0.980802 -0.195007 0
    outer loop
      vertex 95.3597 10.6859 4.39
      vertex 95.4273 10.3459 0
      vertex 95.4273 10.3459 4.39
    endloop
  endfacet
  facet normal -0.997854 -0.065485 0
    outer loop
      vertex 95.45 10 0
      vertex 95.4273 10.3459 4.39
      vertex 95.4273 10.3459 0
    endloop
  endfacet
  facet normal -0.997854 -0.065485 0
    outer loop
      vertex 95.4273 10.3459 4.39
      vertex 95.45 10 0
      vertex 95.45 10 4.39
    endloop
  endfacet
  facet normal -0.896889 0.442256 0
    outer loop
      vertex 95.095 8.675 0
      vertex 95.2483 8.98589 4.39
      vertex 95.2483 8.98589 0
    endloop
  endfacet
  facet normal -0.896889 0.442256 0
    outer loop
      vertex 95.2483 8.98589 4.39
      vertex 95.095 8.675 0
      vertex 95.095 8.675 4.39
    endloop
  endfacet
  facet normal 0.94695 0.321381 0
    outer loop
      vertex 90.3517 8.98589 4.39
      vertex 90.2403 9.31413 0
      vertex 90.2403 9.31413 4.39
    endloop
  endfacet
  facet normal 0.94695 0.321381 0
    outer loop
      vertex 90.2403 9.31413 0
      vertex 90.3517 8.98589 4.39
      vertex 90.3517 8.98589 0
    endloop
  endfacet
  facet normal 0.896894 -0.442245 0
    outer loop
      vertex 90.3517 11.0141 4.39
      vertex 90.505 11.325 0
      vertex 90.505 11.325 4.39
    endloop
  endfacet
  facet normal 0.896894 -0.442245 0
    outer loop
      vertex 90.505 11.325 0
      vertex 90.3517 11.0141 4.39
      vertex 90.3517 11.0141 0
    endloop
  endfacet
  facet normal -0.751767 0.659429 0
    outer loop
      vertex 94.6738 8.12617 0
      vertex 94.9024 8.38678 4.39
      vertex 94.9024 8.38678 0
    endloop
  endfacet
  facet normal -0.751767 0.659429 0
    outer loop
      vertex 94.9024 8.38678 4.39
      vertex 94.6738 8.12617 0
      vertex 94.6738 8.12617 4.39
    endloop
  endfacet
  facet normal -0.321468 0.94692 0
    outer loop
      vertex 93.8141 7.55172 0
      vertex 93.4859 7.4403 4.39
      vertex 93.8141 7.55172 4.39
    endloop
  endfacet
  facet normal -0.321468 0.94692 0
    outer loop
      vertex 93.4859 7.4403 4.39
      vertex 93.8141 7.55172 0
      vertex 93.4859 7.4403 0
    endloop
  endfacet
  facet normal -0.442268 0.896883 0
    outer loop
      vertex 94.125 7.70503 0
      vertex 93.8141 7.55172 4.39
      vertex 94.125 7.70503 4.39
    endloop
  endfacet
  facet normal -0.442268 0.896883 0
    outer loop
      vertex 93.8141 7.55172 4.39
      vertex 94.125 7.70503 0
      vertex 93.8141 7.55172 0
    endloop
  endfacet
  facet normal -0.9808 0.195018 0
    outer loop
      vertex 95.3597 9.31413 0
      vertex 95.4273 9.65411 4.39
      vertex 95.4273 9.65411 0
    endloop
  endfacet
  facet normal -0.9808 0.195018 0
    outer loop
      vertex 95.4273 9.65411 4.39
      vertex 95.3597 9.31413 0
      vertex 95.3597 9.31413 4.39
    endloop
  endfacet
  facet normal 0.442245 -0.896894 0
    outer loop
      vertex 91.475 12.295 0
      vertex 91.7859 12.4483 4.39
      vertex 91.475 12.295 4.39
    endloop
  endfacet
  facet normal 0.442245 -0.896894 0
    outer loop
      vertex 91.7859 12.4483 4.39
      vertex 91.475 12.295 0
      vertex 91.7859 12.4483 0
    endloop
  endfacet
  facet normal 0.555632 -0.831428 0
    outer loop
      vertex 91.1868 12.1024 0
      vertex 91.475 12.295 4.39
      vertex 91.1868 12.1024 4.39
    endloop
  endfacet
  facet normal 0.555632 -0.831428 0
    outer loop
      vertex 91.475 12.295 4.39
      vertex 91.1868 12.1024 0
      vertex 91.475 12.295 0
    endloop
  endfacet
  facet normal -0.555592 0.831455 0
    outer loop
      vertex 94.4132 7.89761 0
      vertex 94.125 7.70503 4.39
      vertex 94.4132 7.89761 4.39
    endloop
  endfacet
  facet normal -0.555592 0.831455 0
    outer loop
      vertex 94.125 7.70503 4.39
      vertex 94.4132 7.89761 0
      vertex 94.125 7.70503 0
    endloop
  endfacet
  facet normal 0.659378 0.751811 -0
    outer loop
      vertex 91.1868 7.89761 0
      vertex 90.9262 8.12617 4.39
      vertex 91.1868 7.89761 4.39
    endloop
  endfacet
  facet normal 0.659378 0.751811 0
    outer loop
      vertex 90.9262 8.12617 4.39
      vertex 91.1868 7.89761 0
      vertex 90.9262 8.12617 0
    endloop
  endfacet
  facet normal 0.997854 -0.065485 0
    outer loop
      vertex 90.15 10 4.39
      vertex 90.1727 10.3459 0
      vertex 90.1727 10.3459 4.39
    endloop
  endfacet
  facet normal 0.997854 -0.065485 0
    outer loop
      vertex 90.1727 10.3459 0
      vertex 90.15 10 4.39
      vertex 90.15 10 0
    endloop
  endfacet
  facet normal -0.19509 0.980785 0
    outer loop
      vertex 93.4859 7.4403 0
      vertex 93.1459 7.37267 4.39
      vertex 93.4859 7.4403 4.39
    endloop
  endfacet
  facet normal -0.19509 0.980785 0
    outer loop
      vertex 93.1459 7.37267 4.39
      vertex 93.4859 7.4403 0
      vertex 93.1459 7.37267 0
    endloop
  endfacet
  facet normal 0.9808 0.195018 0
    outer loop
      vertex 90.2403 9.31413 4.39
      vertex 90.1727 9.65411 0
      vertex 90.1727 9.65411 4.39
    endloop
  endfacet
  facet normal 0.9808 0.195018 0
    outer loop
      vertex 90.1727 9.65411 0
      vertex 90.2403 9.31413 4.39
      vertex 90.2403 9.31413 0
    endloop
  endfacet
  facet normal -0.442245 -0.896894 0
    outer loop
      vertex 93.8141 12.4483 0
      vertex 94.125 12.295 4.39
      vertex 93.8141 12.4483 4.39
    endloop
  endfacet
  facet normal -0.442245 -0.896894 -0
    outer loop
      vertex 94.125 12.295 4.39
      vertex 93.8141 12.4483 0
      vertex 94.125 12.295 0
    endloop
  endfacet
  facet normal -0.321416 -0.946938 0
    outer loop
      vertex 93.4859 12.5597 0
      vertex 93.8141 12.4483 4.39
      vertex 93.4859 12.5597 4.39
    endloop
  endfacet
  facet normal -0.321416 -0.946938 -0
    outer loop
      vertex 93.8141 12.4483 4.39
      vertex 93.4859 12.5597 0
      vertex 93.8141 12.4483 0
    endloop
  endfacet
  facet normal 0.896889 0.442256 0
    outer loop
      vertex 90.505 8.675 4.39
      vertex 90.3517 8.98589 0
      vertex 90.3517 8.98589 4.39
    endloop
  endfacet
  facet normal 0.896889 0.442256 0
    outer loop
      vertex 90.3517 8.98589 0
      vertex 90.505 8.675 4.39
      vertex 90.505 8.675 0
    endloop
  endfacet
  facet normal -0.065485 -0.997854 0
    outer loop
      vertex 92.8 12.65 0
      vertex 93.1459 12.6273 4.39
      vertex 92.8 12.65 4.39
    endloop
  endfacet
  facet normal -0.065485 -0.997854 -0
    outer loop
      vertex 93.1459 12.6273 4.39
      vertex 92.8 12.65 0
      vertex 93.1459 12.6273 0
    endloop
  endfacet
  facet normal -0.997853 0.0654869 0
    outer loop
      vertex 95.4273 9.65411 0
      vertex 95.45 10 4.39
      vertex 95.45 10 0
    endloop
  endfacet
  facet normal -0.997853 0.0654869 0
    outer loop
      vertex 95.45 10 4.39
      vertex 95.4273 9.65411 0
      vertex 95.4273 9.65411 4.39
    endloop
  endfacet
  facet normal 0.751754 -0.659444 0
    outer loop
      vertex 90.6976 11.6132 4.39
      vertex 90.9262 11.8738 0
      vertex 90.9262 11.8738 4.39
    endloop
  endfacet
  facet normal 0.751754 -0.659444 0
    outer loop
      vertex 90.9262 11.8738 0
      vertex 90.6976 11.6132 4.39
      vertex 90.6976 11.6132 0
    endloop
  endfacet
  facet normal -0.831446 0.555605 0
    outer loop
      vertex 94.9024 8.38678 0
      vertex 95.095 8.675 4.39
      vertex 95.095 8.675 0
    endloop
  endfacet
  facet normal -0.831446 0.555605 0
    outer loop
      vertex 95.095 8.675 4.39
      vertex 94.9024 8.38678 0
      vertex 94.9024 8.38678 4.39
    endloop
  endfacet
  facet normal -0.946938 -0.321416 0
    outer loop
      vertex 95.3597 10.6859 0
      vertex 95.2483 11.0141 4.39
      vertex 95.2483 11.0141 0
    endloop
  endfacet
  facet normal -0.946938 -0.321416 0
    outer loop
      vertex 95.2483 11.0141 4.39
      vertex 95.3597 10.6859 0
      vertex 95.3597 10.6859 4.39
    endloop
  endfacet
  facet normal -0.659444 -0.751754 0
    outer loop
      vertex 94.4132 12.1024 0
      vertex 94.6738 11.8738 4.39
      vertex 94.4132 12.1024 4.39
    endloop
  endfacet
  facet normal -0.659444 -0.751754 -0
    outer loop
      vertex 94.6738 11.8738 4.39
      vertex 94.4132 12.1024 0
      vertex 94.6738 11.8738 0
    endloop
  endfacet
  facet normal -0.831428 -0.555632 0
    outer loop
      vertex 95.095 11.325 0
      vertex 94.9024 11.6132 4.39
      vertex 94.9024 11.6132 0
    endloop
  endfacet
  facet normal -0.831428 -0.555632 0
    outer loop
      vertex 94.9024 11.6132 4.39
      vertex 95.095 11.325 0
      vertex 95.095 11.325 4.39
    endloop
  endfacet
  facet normal 0.831428 -0.555632 0
    outer loop
      vertex 90.505 11.325 4.39
      vertex 90.6976 11.6132 0
      vertex 90.6976 11.6132 4.39
    endloop
  endfacet
  facet normal 0.831428 -0.555632 0
    outer loop
      vertex 90.6976 11.6132 0
      vertex 90.505 11.325 4.39
      vertex 90.505 11.325 0
    endloop
  endfacet
  facet normal -0.555632 -0.831428 0
    outer loop
      vertex 94.125 12.295 0
      vertex 94.4132 12.1024 4.39
      vertex 94.125 12.295 4.39
    endloop
  endfacet
  facet normal -0.555632 -0.831428 -0
    outer loop
      vertex 94.4132 12.1024 4.39
      vertex 94.125 12.295 0
      vertex 94.4132 12.1024 0
    endloop
  endfacet
  facet normal -0.195007 -0.980802 0
    outer loop
      vertex 93.1459 12.6273 0
      vertex 93.4859 12.5597 4.39
      vertex 93.1459 12.6273 4.39
    endloop
  endfacet
  facet normal -0.195007 -0.980802 -0
    outer loop
      vertex 93.4859 12.5597 4.39
      vertex 93.1459 12.6273 0
      vertex 93.4859 12.5597 0
    endloop
  endfacet
  facet normal -0.0653989 0.997859 0
    outer loop
      vertex 93.1459 7.37267 0
      vertex 92.8 7.35 4.39
      vertex 93.1459 7.37267 4.39
    endloop
  endfacet
  facet normal -0.0653989 0.997859 0
    outer loop
      vertex 92.8 7.35 4.39
      vertex 93.1459 7.37267 0
      vertex 92.8 7.35 0
    endloop
  endfacet
  facet normal -0.896894 -0.442245 0
    outer loop
      vertex 95.2483 11.0141 0
      vertex 95.095 11.325 4.39
      vertex 95.095 11.325 0
    endloop
  endfacet
  facet normal -0.896894 -0.442245 0
    outer loop
      vertex 95.095 11.325 4.39
      vertex 95.2483 11.0141 0
      vertex 95.2483 11.0141 4.39
    endloop
  endfacet
  facet normal 0.831446 0.555605 0
    outer loop
      vertex 90.6976 8.38678 4.39
      vertex 90.505 8.675 0
      vertex 90.505 8.675 4.39
    endloop
  endfacet
  facet normal 0.831446 0.555605 0
    outer loop
      vertex 90.505 8.675 0
      vertex 90.6976 8.38678 4.39
      vertex 90.6976 8.38678 0
    endloop
  endfacet
  facet normal 0.555592 0.831455 -0
    outer loop
      vertex 91.475 7.70503 0
      vertex 91.1868 7.89761 4.39
      vertex 91.475 7.70503 4.39
    endloop
  endfacet
  facet normal 0.555592 0.831455 0
    outer loop
      vertex 91.1868 7.89761 4.39
      vertex 91.475 7.70503 0
      vertex 91.1868 7.89761 0
    endloop
  endfacet
  facet normal -0.659378 0.751811 0
    outer loop
      vertex 94.6738 8.12617 0
      vertex 94.4132 7.89761 4.39
      vertex 94.6738 8.12617 4.39
    endloop
  endfacet
  facet normal -0.659378 0.751811 0
    outer loop
      vertex 94.4132 7.89761 4.39
      vertex 94.6738 8.12617 0
      vertex 94.4132 7.89761 0
    endloop
  endfacet
  facet normal 0.980802 -0.195007 0
    outer loop
      vertex 90.1727 10.3459 4.39
      vertex 90.2403 10.6859 0
      vertex 90.2403 10.6859 4.39
    endloop
  endfacet
  facet normal 0.980802 -0.195007 0
    outer loop
      vertex 90.2403 10.6859 0
      vertex 90.1727 10.3459 4.39
      vertex 90.1727 10.3459 0
    endloop
  endfacet
  facet normal -0.94695 0.321381 0
    outer loop
      vertex 95.2483 8.98589 0
      vertex 95.3597 9.31413 4.39
      vertex 95.3597 9.31413 0
    endloop
  endfacet
  facet normal -0.94695 0.321381 0
    outer loop
      vertex 95.3597 9.31413 4.39
      vertex 95.2483 8.98589 0
      vertex 95.2483 8.98589 4.39
    endloop
  endfacet
  facet normal 0.659444 -0.751754 0
    outer loop
      vertex 90.9262 11.8738 0
      vertex 91.1868 12.1024 4.39
      vertex 90.9262 11.8738 4.39
    endloop
  endfacet
  facet normal 0.659444 -0.751754 0
    outer loop
      vertex 91.1868 12.1024 4.39
      vertex 90.9262 11.8738 0
      vertex 91.1868 12.1024 0
    endloop
  endfacet
  facet normal -0.751754 -0.659444 0
    outer loop
      vertex 94.9024 11.6132 0
      vertex 94.6738 11.8738 4.39
      vertex 94.6738 11.8738 0
    endloop
  endfacet
  facet normal -0.751754 -0.659444 0
    outer loop
      vertex 94.6738 11.8738 4.39
      vertex 94.9024 11.6132 0
      vertex 94.9024 11.6132 4.39
    endloop
  endfacet
  facet normal 0.442268 0.896883 -0
    outer loop
      vertex 91.7859 7.55172 0
      vertex 91.475 7.70503 4.39
      vertex 91.7859 7.55172 4.39
    endloop
  endfacet
  facet normal 0.442268 0.896883 0
    outer loop
      vertex 91.475 7.70503 4.39
      vertex 91.7859 7.55172 0
      vertex 91.475 7.70503 0
    endloop
  endfacet
  facet normal 0.321416 -0.946938 0
    outer loop
      vertex 91.7859 12.4483 0
      vertex 92.1141 12.5597 4.39
      vertex 91.7859 12.4483 4.39
    endloop
  endfacet
  facet normal 0.321416 -0.946938 0
    outer loop
      vertex 92.1141 12.5597 4.39
      vertex 91.7859 12.4483 0
      vertex 92.1141 12.5597 0
    endloop
  endfacet
  facet normal 0.751767 0.659429 0
    outer loop
      vertex 90.9262 8.12617 4.39
      vertex 90.6976 8.38678 0
      vertex 90.6976 8.38678 4.39
    endloop
  endfacet
  facet normal 0.751767 0.659429 0
    outer loop
      vertex 90.6976 8.38678 0
      vertex 90.9262 8.12617 4.39
      vertex 90.9262 8.12617 0
    endloop
  endfacet
  facet normal 0.997853 0.0654869 0
    outer loop
      vertex 90.1727 9.65411 4.39
      vertex 90.15 10 0
      vertex 90.15 10 4.39
    endloop
  endfacet
  facet normal 0.997853 0.0654869 0
    outer loop
      vertex 90.15 10 0
      vertex 90.1727 9.65411 4.39
      vertex 90.1727 9.65411 0
    endloop
  endfacet
  facet normal 0.195007 -0.980802 0
    outer loop
      vertex 92.1141 12.5597 0
      vertex 92.4541 12.6273 4.39
      vertex 92.1141 12.5597 4.39
    endloop
  endfacet
  facet normal 0.195007 -0.980802 0
    outer loop
      vertex 92.4541 12.6273 4.39
      vertex 92.1141 12.5597 0
      vertex 92.4541 12.6273 0
    endloop
  endfacet
  facet normal 0.321468 0.94692 -0
    outer loop
      vertex 92.1141 7.4403 0
      vertex 91.7859 7.55172 4.39
      vertex 92.1141 7.4403 4.39
    endloop
  endfacet
  facet normal 0.321468 0.94692 0
    outer loop
      vertex 91.7859 7.55172 4.39
      vertex 92.1141 7.4403 0
      vertex 91.7859 7.55172 0
    endloop
  endfacet
  facet normal 0.19509 0.980785 -0
    outer loop
      vertex 92.4541 7.37267 0
      vertex 92.1141 7.4403 4.39
      vertex 92.4541 7.37267 4.39
    endloop
  endfacet
  facet normal 0.19509 0.980785 0
    outer loop
      vertex 92.1141 7.4403 4.39
      vertex 92.4541 7.37267 0
      vertex 92.1141 7.4403 0
    endloop
  endfacet
  facet normal 0.065485 -0.997854 0
    outer loop
      vertex 92.4541 12.6273 0
      vertex 92.8 12.65 4.39
      vertex 92.4541 12.6273 4.39
    endloop
  endfacet
  facet normal 0.065485 -0.997854 0
    outer loop
      vertex 92.8 12.65 4.39
      vertex 92.4541 12.6273 0
      vertex 92.8 12.65 0
    endloop
  endfacet
  facet normal 0 0 -1
    outer loop
      vertex 95.4273 9.65411 4.39
      vertex 95.4273 10.3459 4.39
      vertex 95.45 10 4.39
    endloop
  endfacet
  facet normal 0 0 -1
    outer loop
      vertex 95.3597 9.31413 4.39
      vertex 95.4273 10.3459 4.39
      vertex 95.4273 9.65411 4.39
    endloop
  endfacet
  facet normal 0 0 -1
    outer loop
      vertex 95.3597 9.31413 4.39
      vertex 95.3597 10.6859 4.39
      vertex 95.4273 10.3459 4.39
    endloop
  endfacet
  facet normal 0 0 -1
    outer loop
      vertex 95.2483 8.98589 4.39
      vertex 95.3597 10.6859 4.39
      vertex 95.3597 9.31413 4.39
    endloop
  endfacet
  facet normal 0 0 -1
    outer loop
      vertex 95.2483 8.98589 4.39
      vertex 95.2483 11.0141 4.39
      vertex 95.3597 10.6859 4.39
    endloop
  endfacet
  facet normal 0 0 -1
    outer loop
      vertex 95.095 8.675 4.39
      vertex 95.2483 11.0141 4.39
      vertex 95.2483 8.98589 4.39
    endloop
  endfacet
  facet normal 0 0 -1
    outer loop
      vertex 95.095 8.675 4.39
      vertex 95.095 11.325 4.39
      vertex 95.2483 11.0141 4.39
    endloop
  endfacet
  facet normal 0 0 -1
    outer loop
      vertex 94.9024 8.38678 4.39
      vertex 95.095 11.325 4.39
      vertex 95.095 8.675 4.39
    endloop
  endfacet
  facet normal 0 0 -1
    outer loop
      vertex 94.9024 8.38678 4.39
      vertex 94.9024 11.6132 4.39
      vertex 95.095 11.325 4.39
    endloop
  endfacet
  facet normal 0 0 -1
    outer loop
      vertex 94.6738 8.12617 4.39
      vertex 94.9024 11.6132 4.39
      vertex 94.9024 8.38678 4.39
    endloop
  endfacet
  facet normal 0 0 -1
    outer loop
      vertex 94.6738 8.12617 4.39
      vertex 94.6738 11.8738 4.39
      vertex 94.9024 11.6132 4.39
    endloop
  endfacet
  facet normal 0 0 -1
    outer loop
      vertex 94.4132 7.89761 4.39
      vertex 94.6738 11.8738 4.39
      vertex 94.6738 8.12617 4.39
    endloop
  endfacet
  facet normal 0 0 -1
    outer loop
      vertex 94.4132 7.89761 4.39
      vertex 94.4132 12.1024 4.39
      vertex 94.6738 11.8738 4.39
    endloop
  endfacet
  facet normal 0 0 -1
    outer loop
      vertex 94.125 7.70503 4.39
      vertex 94.4132 12.1024 4.39
      vertex 94.4132 7.89761 4.39
    endloop
  endfacet
  facet normal 0 0 -1
    outer loop
      vertex 94.125 7.70503 4.39
      vertex 94.125 12.295 4.39
      vertex 94.4132 12.1024 4.39
    endloop
  endfacet
  facet normal 0 0 -1
    outer loop
      vertex 93.8141 7.55172 4.39
      vertex 94.125 12.295 4.39
      vertex 94.125 7.70503 4.39
    endloop
  endfacet
  facet normal 0 0 -1
    outer loop
      vertex 93.8141 7.55172 4.39
      vertex 93.8141 12.4483 4.39
      vertex 94.125 12.295 4.39
    endloop
  endfacet
  facet normal 0 0 -1
    outer loop
      vertex 93.4859 7.4403 4.39
      vertex 93.8141 12.4483 4.39
      vertex 93.8141 7.55172 4.39
    endloop
  endfacet
  facet normal 0 0 -1
    outer loop
      vertex 93.4859 7.4403 4.39
      vertex 93.4859 12.5597 4.39
      vertex 93.8141 12.4483 4.39
    endloop
  endfacet
  facet normal 0 0 -1
    outer loop
      vertex 93.1459 7.37267 4.39
      vertex 93.4859 12.5597 4.39
      vertex 93.4859 7.4403 4.39
    endloop
  endfacet
  facet normal 0 0 -1
    outer loop
      vertex 93.1459 7.37267 4.39
      vertex 93.1459 12.6273 4.39
      vertex 93.4859 12.5597 4.39
    endloop
  endfacet
  facet normal 0 0 -1
    outer loop
      vertex 92.8 7.35 4.39
      vertex 93.1459 12.6273 4.39
      vertex 93.1459 7.37267 4.39
    endloop
  endfacet
  facet normal 0 0 -1
    outer loop
      vertex 92.8 7.35 4.39
      vertex 92.8 12.65 4.39
      vertex 93.1459 12.6273 4.39
    endloop
  endfacet
  facet normal 0 0 -1
    outer loop
      vertex 92.4541 7.37267 4.39
      vertex 92.8 12.65 4.39
      vertex 92.8 7.35 4.39
    endloop
  endfacet
  facet normal 0 0 -1
    outer loop
      vertex 92.4541 7.37267 4.39
      vertex 92.4541 12.6273 4.39
      vertex 92.8 12.65 4.39
    endloop
  endfacet
  facet normal 0 0 -1
    outer loop
      vertex 92.1141 7.4403 4.39
      vertex 92.4541 12.6273 4.39
      vertex 92.4541 7.37267 4.39
    endloop
  endfacet
  facet normal 0 0 -1
    outer loop
      vertex 92.1141 7.4403 4.39
      vertex 92.1141 12.5597 4.39
      vertex 92.4541 12.6273 4.39
    endloop
  endfacet
  facet normal 0 0 -1
    outer loop
      vertex 91.7859 7.55172 4.39
      vertex 92.1141 12.5597 4.39
      vertex 92.1141 7.4403 4.39
    endloop
  endfacet
  facet normal 0 0 -1
    outer loop
      vertex 91.7859 7.55172 4.39
      vertex 91.7859 12.4483 4.39
      vertex 92.1141 12.5597 4.39
    endloop
  endfacet
  facet normal 0 0 -1
    outer loop
      vertex 91.475 7.70503 4.39
      vertex 91.7859 12.4483 4.39
      vertex 91.7859 7.55172 4.39
    endloop
  endfacet
  facet normal 0 0 -1
    outer loop
      vertex 91.475 7.70503 4.39
      vertex 91.475 12.295 4.39
      vertex 91.7859 12.4483 4.39
    endloop
  endfacet
  facet normal 0 0 -1
    outer loop
      vertex 91.1868 7.89761 4.39
      vertex 91.475 12.295 4.39
      vertex 91.475 7.70503 4.39
    endloop
  endfacet
  facet normal 0 0 -1
    outer loop
      vertex 91.1868 7.89761 4.39
      vertex 91.1868 12.1024 4.39
      vertex 91.475 12.295 4.39
    endloop
  endfacet
  facet normal 0 0 -1
    outer loop
      vertex 90.9262 8.12617 4.39
      vertex 91.1868 12.1024 4.39
      vertex 91.1868 7.89761 4.39
    endloop
  endfacet
  facet normal 0 0 -1
    outer loop
      vertex 90.9262 8.12617 4.39
      vertex 90.9262 11.8738 4.39
      vertex 91.1868 12.1024 4.39
    endloop
  endfacet
  facet normal 0 0 -1
    outer loop
      vertex 90.6976 8.38678 4.39
      vertex 90.9262 11.8738 4.39
      vertex 90.9262 8.12617 4.39
    endloop
  endfacet
  facet normal 0 0 -1
    outer loop
      vertex 90.6976 8.38678 4.39
      vertex 90.6976 11.6132 4.39
      vertex 90.9262 11.8738 4.39
    endloop
  endfacet
  facet normal 0 0 -1
    outer loop
      vertex 90.505 8.675 4.39
      vertex 90.6976 11.6132 4.39
      vertex 90.6976 8.38678 4.39
    endloop
  endfacet
  facet normal 0 0 -1
    outer loop
      vertex 90.505 8.675 4.39
      vertex 90.505 11.325 4.39
      vertex 90.6976 11.6132 4.39
    endloop
  endfacet
  facet normal 0 0 -1
    outer loop
      vertex 90.3517 8.98589 4.39
      vertex 90.505 11.325 4.39
      vertex 90.505 8.675 4.39
    endloop
  endfacet
  facet normal 0 0 -1
    outer loop
      vertex 90.3517 8.98589 4.39
      vertex 90.3517 11.0141 4.39
      vertex 90.505 11.325 4.39
    endloop
  endfacet
  facet normal 0 0 -1
    outer loop
      vertex 90.2403 9.31413 4.39
      vertex 90.3517 11.0141 4.39
      vertex 90.3517 8.98589 4.39
    endloop
  endfacet
  facet normal 0 0 -1
    outer loop
      vertex 90.2403 9.31413 4.39
      vertex 90.2403 10.6859 4.39
      vertex 90.3517 11.0141 4.39
    endloop
  endfacet
  facet normal 0 0 -1
    outer loop
      vertex 90.1727 9.65411 4.39
      vertex 90.2403 10.6859 4.39
      vertex 90.2403 9.31413 4.39
    endloop
  endfacet
  facet normal 0 0 -1
    outer loop
      vertex 90.1727 9.65411 4.39
      vertex 90.1727 10.3459 4.39
      vertex 90.2403 10.6859 4.39
    endloop
  endfacet
  facet normal 0 -0 -1
    outer loop
      vertex 90.1727 10.3459 4.39
      vertex 90.1727 9.65411 4.39
      vertex 90.15 10 4.39
    endloop
  endfacet
  facet normal 0.946938 -0.321416 0
    outer loop
      vertex 90.2403 10.6859 4.39
      vertex 90.3517 11.0141 0
      vertex 90.3517 11.0141 4.39
    endloop
  endfacet
  facet normal 0.946938 -0.321416 0
    outer loop
      vertex 90.3517 11.0141 0
      vertex 90.2403 10.6859 4.39
      vertex 90.2403 10.6859 0
    endloop
  endfacet
  facet normal 0.0653989 0.997859 -0
    outer loop
      vertex 92.8 7.35 0
      vertex 92.4541 7.37267 4.39
      vertex 92.8 7.35 4.39
    endloop
  endfacet
  facet normal 0.0653989 0.997859 0
    outer loop
      vertex 92.4541 7.37267 4.39
      vertex 92.8 7.35 0
      vertex 92.4541 7.37267 0
    endloop
  endfacet
  facet normal -0.980802 -0.195007 0
    outer loop
      vertex 12.6273 137.146 0
      vertex 12.5597 137.486 4.39
      vertex 12.5597 137.486 0
    endloop
  endfacet
  facet normal -0.980802 -0.195007 0
    outer loop
      vertex 12.5597 137.486 4.39
      vertex 12.6273 137.146 0
      vertex 12.6273 137.146 4.39
    endloop
  endfacet
  facet normal -0.997855 -0.0654662 0
    outer loop
      vertex 12.65 136.8 0
      vertex 12.6273 137.146 4.39
      vertex 12.6273 137.146 0
    endloop
  endfacet
  facet normal -0.997855 -0.0654662 0
    outer loop
      vertex 12.6273 137.146 4.39
      vertex 12.65 136.8 0
      vertex 12.65 136.8 4.39
    endloop
  endfacet
  facet normal -0.946878 -0.321592 0
    outer loop
      vertex 12.5597 137.486 0
      vertex 12.4483 137.814 4.39
      vertex 12.4483 137.814 0
    endloop
  endfacet
  facet normal -0.946878 -0.321592 0
    outer loop
      vertex 12.4483 137.814 4.39
      vertex 12.5597 137.486 0
      vertex 12.5597 137.486 4.39
    endloop
  endfacet
  facet normal -0.441548 0.897238 0
    outer loop
      vertex 11.325 134.505 0
      vertex 11.0141 134.352 4.39
      vertex 11.325 134.505 4.39
    endloop
  endfacet
  facet normal -0.441548 0.897238 0
    outer loop
      vertex 11.0141 134.352 4.39
      vertex 11.325 134.505 0
      vertex 11.0141 134.352 0
    endloop
  endfacet
  facet normal 0.556402 -0.830913 0
    outer loop
      vertex 8.38678 138.902 0
      vertex 8.675 139.095 4.39
      vertex 8.38678 138.902 4.39
    endloop
  endfacet
  facet normal 0.556402 -0.830913 0
    outer loop
      vertex 8.675 139.095 4.39
      vertex 8.38678 138.902 0
      vertex 8.675 139.095 0
    endloop
  endfacet
  facet normal 0.0663486 -0.997797 0
    outer loop
      vertex 9.65411 139.427 0
      vertex 10 139.45 4.39
      vertex 9.65411 139.427 4.39
    endloop
  endfacet
  facet normal 0.0663486 -0.997797 0
    outer loop
      vertex 10 139.45 4.39
      vertex 9.65411 139.427 0
      vertex 10 139.45 0
    endloop
  endfacet
  facet normal -0.0663467 -0.997797 0
    outer loop
      vertex 10 139.45 0
      vertex 10.3459 139.427 4.39
      vertex 10 139.45 4.39
    endloop
  endfacet
  facet normal -0.0663467 -0.997797 -0
    outer loop
      vertex 10.3459 139.427 4.39
      vertex 10 139.45 0
      vertex 10.3459 139.427 0
    endloop
  endfacet
  facet normal -0.896951 -0.44213 0
    outer loop
      vertex 12.4483 137.814 0
      vertex 12.295 138.125 4.39
      vertex 12.295 138.125 0
    endloop
  endfacet
  facet normal -0.896951 -0.44213 0
    outer loop
      vertex 12.295 138.125 4.39
      vertex 12.4483 137.814 0
      vertex 12.4483 137.814 4.39
    endloop
  endfacet
  facet normal 0 0 -1
    outer loop
      vertex 12.6273 136.454 4.39
      vertex 12.6273 137.146 4.39
      vertex 12.65 136.8 4.39
    endloop
  endfacet
  facet normal 0 0 -1
    outer loop
      vertex 12.5597 136.114 4.39
      vertex 12.6273 137.146 4.39
      vertex 12.6273 136.454 4.39
    endloop
  endfacet
  facet normal 0 0 -1
    outer loop
      vertex 12.5597 136.114 4.39
      vertex 12.5597 137.486 4.39
      vertex 12.6273 137.146 4.39
    endloop
  endfacet
  facet normal 0 0 -1
    outer loop
      vertex 12.4483 135.786 4.39
      vertex 12.5597 137.486 4.39
      vertex 12.5597 136.114 4.39
    endloop
  endfacet
  facet normal 0 0 -1
    outer loop
      vertex 12.4483 135.786 4.39
      vertex 12.4483 137.814 4.39
      vertex 12.5597 137.486 4.39
    endloop
  endfacet
  facet normal 0 0 -1
    outer loop
      vertex 12.295 135.475 4.39
      vertex 12.4483 137.814 4.39
      vertex 12.4483 135.786 4.39
    endloop
  endfacet
  facet normal 0 0 -1
    outer loop
      vertex 12.295 135.475 4.39
      vertex 12.295 138.125 4.39
      vertex 12.4483 137.814 4.39
    endloop
  endfacet
  facet normal 0 0 -1
    outer loop
      vertex 12.1024 135.187 4.39
      vertex 12.295 138.125 4.39
      vertex 12.295 135.475 4.39
    endloop
  endfacet
  facet normal 0 0 -1
    outer loop
      vertex 12.1024 135.187 4.39
      vertex 12.1024 138.413 4.39
      vertex 12.295 138.125 4.39
    endloop
  endfacet
  facet normal 0 0 -1
    outer loop
      vertex 11.8738 134.926 4.39
      vertex 12.1024 138.413 4.39
      vertex 12.1024 135.187 4.39
    endloop
  endfacet
  facet normal 0 0 -1
    outer loop
      vertex 11.8738 134.926 4.39
      vertex 11.8738 138.674 4.39
      vertex 12.1024 138.413 4.39
    endloop
  endfacet
  facet normal 0 0 -1
    outer loop
      vertex 11.6132 134.698 4.39
      vertex 11.8738 138.674 4.39
      vertex 11.8738 134.926 4.39
    endloop
  endfacet
  facet normal 0 0 -1
    outer loop
      vertex 11.6132 134.698 4.39
      vertex 11.6132 138.902 4.39
      vertex 11.8738 138.674 4.39
    endloop
  endfacet
  facet normal 0 0 -1
    outer loop
      vertex 11.325 134.505 4.39
      vertex 11.6132 138.902 4.39
      vertex 11.6132 134.698 4.39
    endloop
  endfacet
  facet normal 0 0 -1
    outer loop
      vertex 11.325 134.505 4.39
      vertex 11.325 139.095 4.39
      vertex 11.6132 138.902 4.39
    endloop
  endfacet
  facet normal 0 0 -1
    outer loop
      vertex 11.0141 134.352 4.39
      vertex 11.325 139.095 4.39
      vertex 11.325 134.505 4.39
    endloop
  endfacet
  facet normal 0 0 -1
    outer loop
      vertex 11.0141 134.352 4.39
      vertex 11.0141 139.248 4.39
      vertex 11.325 139.095 4.39
    endloop
  endfacet
  facet normal 0 0 -1
    outer loop
      vertex 10.6859 134.24 4.39
      vertex 11.0141 139.248 4.39
      vertex 11.0141 134.352 4.39
    endloop
  endfacet
  facet normal 0 0 -1
    outer loop
      vertex 10.6859 134.24 4.39
      vertex 10.6859 139.36 4.39
      vertex 11.0141 139.248 4.39
    endloop
  endfacet
  facet normal 0 0 -1
    outer loop
      vertex 10.3459 134.173 4.39
      vertex 10.6859 139.36 4.39
      vertex 10.6859 134.24 4.39
    endloop
  endfacet
  facet normal 0 0 -1
    outer loop
      vertex 10.3459 134.173 4.39
      vertex 10.3459 139.427 4.39
      vertex 10.6859 139.36 4.39
    endloop
  endfacet
  facet normal 0 0 -1
    outer loop
      vertex 10 134.15 4.39
      vertex 10.3459 139.427 4.39
      vertex 10.3459 134.173 4.39
    endloop
  endfacet
  facet normal 0 0 -1
    outer loop
      vertex 10 134.15 4.39
      vertex 10 139.45 4.39
      vertex 10.3459 139.427 4.39
    endloop
  endfacet
  facet normal 0 0 -1
    outer loop
      vertex 9.65411 134.173 4.39
      vertex 10 139.45 4.39
      vertex 10 134.15 4.39
    endloop
  endfacet
  facet normal 0 0 -1
    outer loop
      vertex 9.65411 134.173 4.39
      vertex 9.65411 139.427 4.39
      vertex 10 139.45 4.39
    endloop
  endfacet
  facet normal 0 0 -1
    outer loop
      vertex 9.31413 134.24 4.39
      vertex 9.65411 139.427 4.39
      vertex 9.65411 134.173 4.39
    endloop
  endfacet
  facet normal 0 0 -1
    outer loop
      vertex 9.31413 134.24 4.39
      vertex 9.31413 139.36 4.39
      vertex 9.65411 139.427 4.39
    endloop
  endfacet
  facet normal 0 0 -1
    outer loop
      vertex 8.98589 134.352 4.39
      vertex 9.31413 139.36 4.39
      vertex 9.31413 134.24 4.39
    endloop
  endfacet
  facet normal 0 0 -1
    outer loop
      vertex 8.98589 134.352 4.39
      vertex 8.98589 139.248 4.39
      vertex 9.31413 139.36 4.39
    endloop
  endfacet
  facet normal 0 0 -1
    outer loop
      vertex 8.675 134.505 4.39
      vertex 8.98589 139.248 4.39
      vertex 8.98589 134.352 4.39
    endloop
  endfacet
  facet normal 0 0 -1
    outer loop
      vertex 8.675 134.505 4.39
      vertex 8.675 139.095 4.39
      vertex 8.98589 139.248 4.39
    endloop
  endfacet
  facet normal 0 0 -1
    outer loop
      vertex 8.38678 134.698 4.39
      vertex 8.675 139.095 4.39
      vertex 8.675 134.505 4.39
    endloop
  endfacet
  facet normal 0 0 -1
    outer loop
      vertex 8.38678 134.698 4.39
      vertex 8.38678 138.902 4.39
      vertex 8.675 139.095 4.39
    endloop
  endfacet
  facet normal 0 0 -1
    outer loop
      vertex 8.12617 134.926 4.39
      vertex 8.38678 138.902 4.39
      vertex 8.38678 134.698 4.39
    endloop
  endfacet
  facet normal 0 0 -1
    outer loop
      vertex 8.12617 134.926 4.39
      vertex 8.12617 138.674 4.39
      vertex 8.38678 138.902 4.39
    endloop
  endfacet
  facet normal 0 0 -1
    outer loop
      vertex 7.89761 135.187 4.39
      vertex 8.12617 138.674 4.39
      vertex 8.12617 134.926 4.39
    endloop
  endfacet
  facet normal 0 0 -1
    outer loop
      vertex 7.89761 135.187 4.39
      vertex 7.89761 138.413 4.39
      vertex 8.12617 138.674 4.39
    endloop
  endfacet
  facet normal 0 0 -1
    outer loop
      vertex 7.70503 135.475 4.39
      vertex 7.89761 138.413 4.39
      vertex 7.89761 135.187 4.39
    endloop
  endfacet
  facet normal 0 0 -1
    outer loop
      vertex 7.70503 135.475 4.39
      vertex 7.70503 138.125 4.39
      vertex 7.89761 138.413 4.39
    endloop
  endfacet
  facet normal 0 0 -1
    outer loop
      vertex 7.55172 135.786 4.39
      vertex 7.70503 138.125 4.39
      vertex 7.70503 135.475 4.39
    endloop
  endfacet
  facet normal 0 0 -1
    outer loop
      vertex 7.55172 135.786 4.39
      vertex 7.55172 137.814 4.39
      vertex 7.70503 138.125 4.39
    endloop
  endfacet
  facet normal 0 0 -1
    outer loop
      vertex 7.4403 136.114 4.39
      vertex 7.55172 137.814 4.39
      vertex 7.55172 135.786 4.39
    endloop
  endfacet
  facet normal 0 0 -1
    outer loop
      vertex 7.4403 136.114 4.39
      vertex 7.4403 137.486 4.39
      vertex 7.55172 137.814 4.39
    endloop
  endfacet
  facet normal 0 0 -1
    outer loop
      vertex 7.37267 136.454 4.39
      vertex 7.4403 137.486 4.39
      vertex 7.4403 136.114 4.39
    endloop
  endfacet
  facet normal 0 0 -1
    outer loop
      vertex 7.37267 136.454 4.39
      vertex 7.37267 137.146 4.39
      vertex 7.4403 137.486 4.39
    endloop
  endfacet
  facet normal 0 -0 -1
    outer loop
      vertex 7.37267 137.146 4.39
      vertex 7.37267 136.454 4.39
      vertex 7.35 136.8 4.39
    endloop
  endfacet
  facet normal 0.896939 -0.442154 0
    outer loop
      vertex 7.55172 137.814 4.39
      vertex 7.70503 138.125 0
      vertex 7.70503 138.125 4.39
    endloop
  endfacet
  facet normal 0.896939 -0.442154 0
    outer loop
      vertex 7.70503 138.125 0
      vertex 7.55172 137.814 4.39
      vertex 7.55172 137.814 0
    endloop
  endfacet
  facet normal -0.997855 0.0654662 0
    outer loop
      vertex 12.6273 136.454 0
      vertex 12.65 136.8 4.39
      vertex 12.65 136.8 0
    endloop
  endfacet
  facet normal -0.997855 0.0654662 0
    outer loop
      vertex 12.65 136.8 4.39
      vertex 12.6273 136.454 0
      vertex 12.6273 136.454 4.39
    endloop
  endfacet
  facet normal -0.946878 0.321592 0
    outer loop
      vertex 12.4483 135.786 0
      vertex 12.5597 136.114 4.39
      vertex 12.5597 136.114 0
    endloop
  endfacet
  facet normal -0.946878 0.321592 0
    outer loop
      vertex 12.5597 136.114 4.39
      vertex 12.4483 135.786 0
      vertex 12.4483 135.786 4.39
    endloop
  endfacet
  facet normal 0.0663486 0.997797 -0
    outer loop
      vertex 10 134.15 0
      vertex 9.65411 134.173 4.39
      vertex 10 134.15 4.39
    endloop
  endfacet
  facet normal 0.0663486 0.997797 0
    outer loop
      vertex 9.65411 134.173 4.39
      vertex 10 134.15 0
      vertex 9.65411 134.173 0
    endloop
  endfacet
  facet normal -0.658464 -0.752612 0
    outer loop
      vertex 11.6132 138.902 0
      vertex 11.8738 138.674 4.39
      vertex 11.6132 138.902 4.39
    endloop
  endfacet
  facet normal -0.658464 -0.752612 -0
    outer loop
      vertex 11.8738 138.674 4.39
      vertex 11.6132 138.902 0
      vertex 11.8738 138.674 0
    endloop
  endfacet
  facet normal 0.322932 0.946422 -0
    outer loop
      vertex 9.31413 134.24 0
      vertex 8.98589 134.352 4.39
      vertex 9.31413 134.24 4.39
    endloop
  endfacet
  facet normal 0.322932 0.946422 0
    outer loop
      vertex 8.98589 134.352 4.39
      vertex 9.31413 134.24 0
      vertex 8.98589 134.352 0
    endloop
  endfacet
  facet normal 0.980785 0.19509 0
    outer loop
      vertex 7.4403 136.114 4.39
      vertex 7.37267 136.454 0
      vertex 7.37267 136.454 4.39
    endloop
  endfacet
  facet normal 0.980785 0.19509 0
    outer loop
      vertex 7.37267 136.454 0
      vertex 7.4403 136.114 4.39
      vertex 7.4403 136.114 0
    endloop
  endfacet
  facet normal -0.441548 -0.897238 0
    outer loop
      vertex 11.0141 139.248 0
      vertex 11.325 139.095 4.39
      vertex 11.0141 139.248 4.39
    endloop
  endfacet
  facet normal -0.441548 -0.897238 -0
    outer loop
      vertex 11.325 139.095 4.39
      vertex 11.0141 139.248 0
      vertex 11.325 139.095 0
    endloop
  endfacet
  facet normal -0.193341 0.981132 0
    outer loop
      vertex 10.6859 134.24 0
      vertex 10.3459 134.173 4.39
      vertex 10.6859 134.24 4.39
    endloop
  endfacet
  facet normal -0.193341 0.981132 0
    outer loop
      vertex 10.3459 134.173 4.39
      vertex 10.6859 134.24 0
      vertex 10.3459 134.173 0
    endloop
  endfacet
  facet normal -0.896951 0.44213 0
    outer loop
      vertex 12.295 135.475 0
      vertex 12.4483 135.786 4.39
      vertex 12.4483 135.786 0
    endloop
  endfacet
  facet normal -0.896951 0.44213 0
    outer loop
      vertex 12.4483 135.786 4.39
      vertex 12.295 135.475 0
      vertex 12.295 135.475 4.39
    endloop
  endfacet
  facet normal 0.193352 0.98113 -0
    outer loop
      vertex 9.65411 134.173 0
      vertex 9.31413 134.24 4.39
      vertex 9.65411 134.173 4.39
    endloop
  endfacet
  facet normal 0.193352 0.98113 0
    outer loop
      vertex 9.31413 134.24 4.39
      vertex 9.65411 134.173 0
      vertex 9.31413 134.24 0
    endloop
  endfacet
  facet normal 0.831277 -0.555859 0
    outer loop
      vertex 7.70503 138.125 4.39
      vertex 7.89761 138.413 0
      vertex 7.89761 138.413 4.39
    endloop
  endfacet
  facet normal 0.831277 -0.555859 0
    outer loop
      vertex 7.89761 138.413 0
      vertex 7.70503 138.125 4.39
      vertex 7.70503 138.125 0
    endloop
  endfacet
  facet normal 0.44156 -0.897232 0
    outer loop
      vertex 8.675 139.095 0
      vertex 8.98589 139.248 4.39
      vertex 8.675 139.095 4.39
    endloop
  endfacet
  facet normal 0.44156 -0.897232 0
    outer loop
      vertex 8.98589 139.248 4.39
      vertex 8.675 139.095 0
      vertex 8.98589 139.248 0
    endloop
  endfacet
  facet normal 0.946861 0.321644 0
    outer loop
      vertex 7.55172 135.786 4.39
      vertex 7.4403 136.114 0
      vertex 7.4403 136.114 4.39
    endloop
  endfacet
  facet normal 0.946861 0.321644 0
    outer loop
      vertex 7.4403 136.114 0
      vertex 7.55172 135.786 4.39
      vertex 7.55172 135.786 0
    endloop
  endfacet
  facet normal -0.83125 0.555899 0
    outer loop
      vertex 12.1024 135.187 0
      vertex 12.295 135.475 4.39
      vertex 12.295 135.475 0
    endloop
  endfacet
  facet normal -0.83125 0.555899 0
    outer loop
      vertex 12.295 135.475 4.39
      vertex 12.1024 135.187 0
      vertex 12.1024 135.187 4.39
    endloop
  endfacet
  facet normal 0.99786 -0.06538 0
    outer loop
      vertex 7.35 136.8 4.39
      vertex 7.37267 137.146 0
      vertex 7.37267 137.146 4.39
    endloop
  endfacet
  facet normal 0.99786 -0.06538 0
    outer loop
      vertex 7.37267 137.146 0
      vertex 7.35 136.8 4.39
      vertex 7.35 136.8 0
    endloop
  endfacet
  facet normal 0.946861 -0.321644 0
    outer loop
      vertex 7.4403 137.486 4.39
      vertex 7.55172 137.814 0
      vertex 7.55172 137.814 4.39
    endloop
  endfacet
  facet normal 0.946861 -0.321644 0
    outer loop
      vertex 7.55172 137.814 0
      vertex 7.4403 137.486 4.39
      vertex 7.4403 137.486 0
    endloop
  endfacet
  facet normal 0.44156 0.897232 -0
    outer loop
      vertex 8.98589 134.352 0
      vertex 8.675 134.505 4.39
      vertex 8.98589 134.352 4.39
    endloop
  endfacet
  facet normal 0.44156 0.897232 0
    outer loop
      vertex 8.675 134.505 4.39
      vertex 8.98589 134.352 0
      vertex 8.675 134.505 0
    endloop
  endfacet
  facet normal -0.658464 0.752612 0
    outer loop
      vertex 11.8738 134.926 0
      vertex 11.6132 134.698 4.39
      vertex 11.8738 134.926 4.39
    endloop
  endfacet
  facet normal -0.658464 0.752612 0
    outer loop
      vertex 11.6132 134.698 4.39
      vertex 11.8738 134.926 0
      vertex 11.6132 134.698 0
    endloop
  endfacet
  facet normal -0.83125 -0.555899 0
    outer loop
      vertex 12.295 138.125 0
      vertex 12.1024 138.413 4.39
      vertex 12.1024 138.413 0
    endloop
  endfacet
  facet normal -0.83125 -0.555899 0
    outer loop
      vertex 12.1024 138.413 4.39
      vertex 12.295 138.125 0
      vertex 12.295 138.125 4.39
    endloop
  endfacet
  facet normal 0.658449 -0.752625 0
    outer loop
      vertex 8.12617 138.674 0
      vertex 8.38678 138.902 4.39
      vertex 8.12617 138.674 4.39
    endloop
  endfacet
  facet normal 0.658449 -0.752625 0
    outer loop
      vertex 8.38678 138.902 4.39
      vertex 8.12617 138.674 0
      vertex 8.38678 138.902 0
    endloop
  endfacet
  facet normal -0.0663467 0.997797 0
    outer loop
      vertex 10.3459 134.173 0
      vertex 10 134.15 4.39
      vertex 10.3459 134.173 4.39
    endloop
  endfacet
  facet normal -0.0663467 0.997797 0
    outer loop
      vertex 10 134.15 4.39
      vertex 10.3459 134.173 0
      vertex 10 134.15 0
    endloop
  endfacet
  facet normal 0.322932 -0.946422 0
    outer loop
      vertex 8.98589 139.248 0
      vertex 9.31413 139.36 4.39
      vertex 8.98589 139.248 4.39
    endloop
  endfacet
  facet normal 0.322932 -0.946422 0
    outer loop
      vertex 9.31413 139.36 4.39
      vertex 8.98589 139.248 0
      vertex 9.31413 139.36 0
    endloop
  endfacet
  facet normal -0.322967 0.94641 0
    outer loop
      vertex 11.0141 134.352 0
      vertex 10.6859 134.24 4.39
      vertex 11.0141 134.352 4.39
    endloop
  endfacet
  facet normal -0.322967 0.94641 0
    outer loop
      vertex 10.6859 134.24 4.39
      vertex 11.0141 134.352 0
      vertex 10.6859 134.24 0
    endloop
  endfacet
  facet normal -0.193341 -0.981132 0
    outer loop
      vertex 10.3459 139.427 0
      vertex 10.6859 139.36 4.39
      vertex 10.3459 139.427 4.39
    endloop
  endfacet
  facet normal -0.193341 -0.981132 -0
    outer loop
      vertex 10.6859 139.36 4.39
      vertex 10.3459 139.427 0
      vertex 10.6859 139.36 0
    endloop
  endfacet
  facet normal 0.980785 -0.19509 0
    outer loop
      vertex 7.37267 137.146 4.39
      vertex 7.4403 137.486 0
      vertex 7.4403 137.486 4.39
    endloop
  endfacet
  facet normal 0.980785 -0.19509 0
    outer loop
      vertex 7.4403 137.486 0
      vertex 7.37267 137.146 4.39
      vertex 7.37267 137.146 0
    endloop
  endfacet
  facet normal -0.556429 -0.830895 0
    outer loop
      vertex 11.325 139.095 0
      vertex 11.6132 138.902 4.39
      vertex 11.325 139.095 4.39
    endloop
  endfacet
  facet normal -0.556429 -0.830895 -0
    outer loop
      vertex 11.6132 138.902 4.39
      vertex 11.325 139.095 0
      vertex 11.6132 138.902 0
    endloop
  endfacet
  facet normal -0.322967 -0.94641 0
    outer loop
      vertex 10.6859 139.36 0
      vertex 11.0141 139.248 4.39
      vertex 10.6859 139.36 4.39
    endloop
  endfacet
  facet normal -0.322967 -0.94641 -0
    outer loop
      vertex 11.0141 139.248 4.39
      vertex 10.6859 139.36 0
      vertex 11.0141 139.248 0
    endloop
  endfacet
  facet normal -0.980802 0.195007 0
    outer loop
      vertex 12.5597 136.114 0
      vertex 12.6273 136.454 4.39
      vertex 12.6273 136.454 0
    endloop
  endfacet
  facet normal -0.980802 0.195007 0
    outer loop
      vertex 12.6273 136.454 4.39
      vertex 12.5597 136.114 0
      vertex 12.5597 136.114 4.39
    endloop
  endfacet
  facet normal 0.556402 0.830913 -0
    outer loop
      vertex 8.675 134.505 0
      vertex 8.38678 134.698 4.39
      vertex 8.675 134.505 4.39
    endloop
  endfacet
  facet normal 0.556402 0.830913 0
    outer loop
      vertex 8.38678 134.698 4.39
      vertex 8.675 134.505 0
      vertex 8.38678 134.698 0
    endloop
  endfacet
  facet normal 0.752312 0.658807 0
    outer loop
      vertex 8.12617 134.926 4.39
      vertex 7.89761 135.187 0
      vertex 7.89761 135.187 4.39
    endloop
  endfacet
  facet normal 0.752312 0.658807 0
    outer loop
      vertex 7.89761 135.187 0
      vertex 8.12617 134.926 4.39
      vertex 8.12617 134.926 0
    endloop
  endfacet
  facet normal 0.193352 -0.98113 0
    outer loop
      vertex 9.31413 139.36 0
      vertex 9.65411 139.427 4.39
      vertex 9.31413 139.36 4.39
    endloop
  endfacet
  facet normal 0.193352 -0.98113 0
    outer loop
      vertex 9.65411 139.427 4.39
      vertex 9.31413 139.36 0
      vertex 9.65411 139.427 0
    endloop
  endfacet
  facet normal 0.658449 0.752625 -0
    outer loop
      vertex 8.38678 134.698 0
      vertex 8.12617 134.926 4.39
      vertex 8.38678 134.698 4.39
    endloop
  endfacet
  facet normal 0.658449 0.752625 0
    outer loop
      vertex 8.12617 134.926 4.39
      vertex 8.38678 134.698 0
      vertex 8.12617 134.926 0
    endloop
  endfacet
  facet normal 0.896939 0.442154 0
    outer loop
      vertex 7.70503 135.475 4.39
      vertex 7.55172 135.786 0
      vertex 7.55172 135.786 4.39
    endloop
  endfacet
  facet normal 0.896939 0.442154 0
    outer loop
      vertex 7.55172 135.786 0
      vertex 7.70503 135.475 4.39
      vertex 7.70503 135.475 0
    endloop
  endfacet
  facet normal 0.752312 -0.658807 0
    outer loop
      vertex 7.89761 138.413 4.39
      vertex 8.12617 138.674 0
      vertex 8.12617 138.674 4.39
    endloop
  endfacet
  facet normal 0.752312 -0.658807 0
    outer loop
      vertex 8.12617 138.674 0
      vertex 7.89761 138.413 4.39
      vertex 7.89761 138.413 0
    endloop
  endfacet
  facet normal -0.752255 -0.658872 0
    outer loop
      vertex 12.1024 138.413 0
      vertex 11.8738 138.674 4.39
      vertex 11.8738 138.674 0
    endloop
  endfacet
  facet normal -0.752255 -0.658872 0
    outer loop
      vertex 11.8738 138.674 4.39
      vertex 12.1024 138.413 0
      vertex 12.1024 138.413 4.39
    endloop
  endfacet
  facet normal -0.556429 0.830895 0
    outer loop
      vertex 11.6132 134.698 0
      vertex 11.325 134.505 4.39
      vertex 11.6132 134.698 4.39
    endloop
  endfacet
  facet normal -0.556429 0.830895 0
    outer loop
      vertex 11.325 134.505 4.39
      vertex 11.6132 134.698 0
      vertex 11.325 134.505 0
    endloop
  endfacet
  facet normal -0.752255 0.658872 0
    outer loop
      vertex 11.8738 134.926 0
      vertex 12.1024 135.187 4.39
      vertex 12.1024 135.187 0
    endloop
  endfacet
  facet normal -0.752255 0.658872 0
    outer loop
      vertex 12.1024 135.187 4.39
      vertex 11.8738 134.926 0
      vertex 11.8738 134.926 4.39
    endloop
  endfacet
  facet normal 0.99786 0.06538 0
    outer loop
      vertex 7.37267 136.454 4.39
      vertex 7.35 136.8 0
      vertex 7.35 136.8 4.39
    endloop
  endfacet
  facet normal 0.99786 0.06538 0
    outer loop
      vertex 7.35 136.8 0
      vertex 7.37267 136.454 4.39
      vertex 7.37267 136.454 0
    endloop
  endfacet
  facet normal 0.831277 0.555859 0
    outer loop
      vertex 7.89761 135.187 4.39
      vertex 7.70503 135.475 0
      vertex 7.70503 135.475 4.39
    endloop
  endfacet
  facet normal 0.831277 0.555859 0
    outer loop
      vertex 7.70503 135.475 0
      vertex 7.89761 135.187 4.39
      vertex 7.89761 135.187 0
    endloop
  endfacet
  facet normal -0.980802 -0.195007 0
    outer loop
      vertex 95.4273 137.146 0
      vertex 95.3597 137.486 4.39
      vertex 95.3597 137.486 0
    endloop
  endfacet
  facet normal -0.980802 -0.195007 0
    outer loop
      vertex 95.3597 137.486 4.39
      vertex 95.4273 137.146 0
      vertex 95.4273 137.146 4.39
    endloop
  endfacet
  facet normal -0.997855 -0.0654662 0
    outer loop
      vertex 95.45 136.8 0
      vertex 95.4273 137.146 4.39
      vertex 95.4273 137.146 0
    endloop
  endfacet
  facet normal -0.997855 -0.0654662 0
    outer loop
      vertex 95.4273 137.146 4.39
      vertex 95.45 136.8 0
      vertex 95.45 136.8 4.39
    endloop
  endfacet
  facet normal 0.752255 0.658872 0
    outer loop
      vertex 90.9262 134.926 4.39
      vertex 90.6976 135.187 0
      vertex 90.6976 135.187 4.39
    endloop
  endfacet
  facet normal 0.752255 0.658872 0
    outer loop
      vertex 90.6976 135.187 0
      vertex 90.9262 134.926 4.39
      vertex 90.9262 134.926 0
    endloop
  endfacet
  facet normal -0.441548 -0.897238 0
    outer loop
      vertex 93.8141 139.248 0
      vertex 94.125 139.095 4.39
      vertex 93.8141 139.248 4.39
    endloop
  endfacet
  facet normal -0.441548 -0.897238 -0
    outer loop
      vertex 94.125 139.095 4.39
      vertex 93.8141 139.248 0
      vertex 94.125 139.095 0
    endloop
  endfacet
  facet normal -0.322967 -0.94641 0
    outer loop
      vertex 93.4859 139.36 0
      vertex 93.8141 139.248 4.39
      vertex 93.4859 139.36 4.39
    endloop
  endfacet
  facet normal -0.322967 -0.94641 -0
    outer loop
      vertex 93.8141 139.248 4.39
      vertex 93.4859 139.36 0
      vertex 93.8141 139.248 0
    endloop
  endfacet
  facet normal -0.556429 0.830895 0
    outer loop
      vertex 94.4132 134.698 0
      vertex 94.125 134.505 4.39
      vertex 94.4132 134.698 4.39
    endloop
  endfacet
  facet normal -0.556429 0.830895 0
    outer loop
      vertex 94.125 134.505 4.39
      vertex 94.4132 134.698 0
      vertex 94.125 134.505 0
    endloop
  endfacet
  facet normal 0 0 -1
    outer loop
      vertex 95.4273 136.454 4.39
      vertex 95.4273 137.146 4.39
      vertex 95.45 136.8 4.39
    endloop
  endfacet
  facet normal 0 0 -1
    outer loop
      vertex 95.3597 136.114 4.39
      vertex 95.4273 137.146 4.39
      vertex 95.4273 136.454 4.39
    endloop
  endfacet
  facet normal 0 0 -1
    outer loop
      vertex 95.3597 136.114 4.39
      vertex 95.3597 137.486 4.39
      vertex 95.4273 137.146 4.39
    endloop
  endfacet
  facet normal 0 0 -1
    outer loop
      vertex 95.2483 135.786 4.39
      vertex 95.3597 137.486 4.39
      vertex 95.3597 136.114 4.39
    endloop
  endfacet
  facet normal 0 0 -1
    outer loop
      vertex 95.2483 135.786 4.39
      vertex 95.2483 137.814 4.39
      vertex 95.3597 137.486 4.39
    endloop
  endfacet
  facet normal 0 0 -1
    outer loop
      vertex 95.095 135.475 4.39
      vertex 95.2483 137.814 4.39
      vertex 95.2483 135.786 4.39
    endloop
  endfacet
  facet normal 0 0 -1
    outer loop
      vertex 95.095 135.475 4.39
      vertex 95.095 138.125 4.39
      vertex 95.2483 137.814 4.39
    endloop
  endfacet
  facet normal 0 0 -1
    outer loop
      vertex 94.9024 135.187 4.39
      vertex 95.095 138.125 4.39
      vertex 95.095 135.475 4.39
    endloop
  endfacet
  facet normal 0 0 -1
    outer loop
      vertex 94.9024 135.187 4.39
      vertex 94.9024 138.413 4.39
      vertex 95.095 138.125 4.39
    endloop
  endfacet
  facet normal 0 0 -1
    outer loop
      vertex 94.6738 134.926 4.39
      vertex 94.9024 138.413 4.39
      vertex 94.9024 135.187 4.39
    endloop
  endfacet
  facet normal 0 0 -1
    outer loop
      vertex 94.6738 134.926 4.39
      vertex 94.6738 138.674 4.39
      vertex 94.9024 138.413 4.39
    endloop
  endfacet
  facet normal 0 0 -1
    outer loop
      vertex 94.4132 134.698 4.39
      vertex 94.6738 138.674 4.39
      vertex 94.6738 134.926 4.39
    endloop
  endfacet
  facet normal 0 0 -1
    outer loop
      vertex 94.4132 134.698 4.39
      vertex 94.4132 138.902 4.39
      vertex 94.6738 138.674 4.39
    endloop
  endfacet
  facet normal 0 0 -1
    outer loop
      vertex 94.125 134.505 4.39
      vertex 94.4132 138.902 4.39
      vertex 94.4132 134.698 4.39
    endloop
  endfacet
  facet normal 0 0 -1
    outer loop
      vertex 94.125 134.505 4.39
      vertex 94.125 139.095 4.39
      vertex 94.4132 138.902 4.39
    endloop
  endfacet
  facet normal 0 0 -1
    outer loop
      vertex 93.8141 134.352 4.39
      vertex 94.125 139.095 4.39
      vertex 94.125 134.505 4.39
    endloop
  endfacet
  facet normal 0 0 -1
    outer loop
      vertex 93.8141 134.352 4.39
      vertex 93.8141 139.248 4.39
      vertex 94.125 139.095 4.39
    endloop
  endfacet
  facet normal 0 0 -1
    outer loop
      vertex 93.4859 134.24 4.39
      vertex 93.8141 139.248 4.39
      vertex 93.8141 134.352 4.39
    endloop
  endfacet
  facet normal 0 0 -1
    outer loop
      vertex 93.4859 134.24 4.39
      vertex 93.4859 139.36 4.39
      vertex 93.8141 139.248 4.39
    endloop
  endfacet
  facet normal 0 0 -1
    outer loop
      vertex 93.1459 134.173 4.39
      vertex 93.4859 139.36 4.39
      vertex 93.4859 134.24 4.39
    endloop
  endfacet
  facet normal 0 0 -1
    outer loop
      vertex 93.1459 134.173 4.39
      vertex 93.1459 139.427 4.39
      vertex 93.4859 139.36 4.39
    endloop
  endfacet
  facet normal 0 0 -1
    outer loop
      vertex 92.8 134.15 4.39
      vertex 93.1459 139.427 4.39
      vertex 93.1459 134.173 4.39
    endloop
  endfacet
  facet normal 0 0 -1
    outer loop
      vertex 92.8 134.15 4.39
      vertex 92.8 139.45 4.39
      vertex 93.1459 139.427 4.39
    endloop
  endfacet
  facet normal 0 0 -1
    outer loop
      vertex 92.4541 134.173 4.39
      vertex 92.8 139.45 4.39
      vertex 92.8 134.15 4.39
    endloop
  endfacet
  facet normal 0 0 -1
    outer loop
      vertex 92.4541 134.173 4.39
      vertex 92.4541 139.427 4.39
      vertex 92.8 139.45 4.39
    endloop
  endfacet
  facet normal 0 0 -1
    outer loop
      vertex 92.1141 134.24 4.39
      vertex 92.4541 139.427 4.39
      vertex 92.4541 134.173 4.39
    endloop
  endfacet
  facet normal 0 0 -1
    outer loop
      vertex 92.1141 134.24 4.39
      vertex 92.1141 139.36 4.39
      vertex 92.4541 139.427 4.39
    endloop
  endfacet
  facet normal 0 0 -1
    outer loop
      vertex 91.7859 134.352 4.39
      vertex 92.1141 139.36 4.39
      vertex 92.1141 134.24 4.39
    endloop
  endfacet
  facet normal 0 0 -1
    outer loop
      vertex 91.7859 134.352 4.39
      vertex 91.7859 139.248 4.39
      vertex 92.1141 139.36 4.39
    endloop
  endfacet
  facet normal 0 0 -1
    outer loop
      vertex 91.475 134.505 4.39
      vertex 91.7859 139.248 4.39
      vertex 91.7859 134.352 4.39
    endloop
  endfacet
  facet normal 0 0 -1
    outer loop
      vertex 91.475 134.505 4.39
      vertex 91.475 139.095 4.39
      vertex 91.7859 139.248 4.39
    endloop
  endfacet
  facet normal 0 0 -1
    outer loop
      vertex 91.1868 134.698 4.39
      vertex 91.475 139.095 4.39
      vertex 91.475 134.505 4.39
    endloop
  endfacet
  facet normal 0 0 -1
    outer loop
      vertex 91.1868 134.698 4.39
      vertex 91.1868 138.902 4.39
      vertex 91.475 139.095 4.39
    endloop
  endfacet
  facet normal 0 0 -1
    outer loop
      vertex 90.9262 134.926 4.39
      vertex 91.1868 138.902 4.39
      vertex 91.1868 134.698 4.39
    endloop
  endfacet
  facet normal 0 0 -1
    outer loop
      vertex 90.9262 134.926 4.39
      vertex 90.9262 138.674 4.39
      vertex 91.1868 138.902 4.39
    endloop
  endfacet
  facet normal 0 0 -1
    outer loop
      vertex 90.6976 135.187 4.39
      vertex 90.9262 138.674 4.39
      vertex 90.9262 134.926 4.39
    endloop
  endfacet
  facet normal 0 0 -1
    outer loop
      vertex 90.6976 135.187 4.39
      vertex 90.6976 138.413 4.39
      vertex 90.9262 138.674 4.39
    endloop
  endfacet
  facet normal 0 0 -1
    outer loop
      vertex 90.505 135.475 4.39
      vertex 90.6976 138.413 4.39
      vertex 90.6976 135.187 4.39
    endloop
  endfacet
  facet normal 0 0 -1
    outer loop
      vertex 90.505 135.475 4.39
      vertex 90.505 138.125 4.39
      vertex 90.6976 138.413 4.39
    endloop
  endfacet
  facet normal 0 0 -1
    outer loop
      vertex 90.3517 135.786 4.39
      vertex 90.505 138.125 4.39
      vertex 90.505 135.475 4.39
    endloop
  endfacet
  facet normal 0 0 -1
    outer loop
      vertex 90.3517 135.786 4.39
      vertex 90.3517 137.814 4.39
      vertex 90.505 138.125 4.39
    endloop
  endfacet
  facet normal 0 0 -1
    outer loop
      vertex 90.2403 136.114 4.39
      vertex 90.3517 137.814 4.39
      vertex 90.3517 135.786 4.39
    endloop
  endfacet
  facet normal 0 0 -1
    outer loop
      vertex 90.2403 136.114 4.39
      vertex 90.2403 137.486 4.39
      vertex 90.3517 137.814 4.39
    endloop
  endfacet
  facet normal 0 0 -1
    outer loop
      vertex 90.1727 136.454 4.39
      vertex 90.2403 137.486 4.39
      vertex 90.2403 136.114 4.39
    endloop
  endfacet
  facet normal 0 0 -1
    outer loop
      vertex 90.1727 136.454 4.39
      vertex 90.1727 137.146 4.39
      vertex 90.2403 137.486 4.39
    endloop
  endfacet
  facet normal 0 -0 -1
    outer loop
      vertex 90.1727 137.146 4.39
      vertex 90.1727 136.454 4.39
      vertex 90.15 136.8 4.39
    endloop
  endfacet
  facet normal 0.980802 -0.195007 0
    outer loop
      vertex 90.1727 137.146 4.39
      vertex 90.2403 137.486 0
      vertex 90.2403 137.486 4.39
    endloop
  endfacet
  facet normal 0.980802 -0.195007 0
    outer loop
      vertex 90.2403 137.486 0
      vertex 90.1727 137.146 4.39
      vertex 90.1727 137.146 0
    endloop
  endfacet
  facet normal -0.441548 0.897238 0
    outer loop
      vertex 94.125 134.505 0
      vertex 93.8141 134.352 4.39
      vertex 94.125 134.505 4.39
    endloop
  endfacet
  facet normal -0.441548 0.897238 0
    outer loop
      vertex 93.8141 134.352 4.39
      vertex 94.125 134.505 0
      vertex 93.8141 134.352 0
    endloop
  endfacet
  facet normal -0.322967 0.94641 0
    outer loop
      vertex 93.8141 134.352 0
      vertex 93.4859 134.24 4.39
      vertex 93.8141 134.352 4.39
    endloop
  endfacet
  facet normal -0.322967 0.94641 0
    outer loop
      vertex 93.4859 134.24 4.39
      vertex 93.8141 134.352 0
      vertex 93.4859 134.24 0
    endloop
  endfacet
  facet normal 0.441548 0.897238 -0
    outer loop
      vertex 91.7859 134.352 0
      vertex 91.475 134.505 4.39
      vertex 91.7859 134.352 4.39
    endloop
  endfacet
  facet normal 0.441548 0.897238 0
    outer loop
      vertex 91.475 134.505 4.39
      vertex 91.7859 134.352 0
      vertex 91.475 134.505 0
    endloop
  endfacet
  facet normal 0.896951 0.44213 0
    outer loop
      vertex 90.505 135.475 4.39
      vertex 90.3517 135.786 0
      vertex 90.3517 135.786 4.39
    endloop
  endfacet
  facet normal 0.896951 0.44213 0
    outer loop
      vertex 90.3517 135.786 0
      vertex 90.505 135.475 4.39
      vertex 90.505 135.475 0
    endloop
  endfacet
  facet normal 0.896951 -0.44213 0
    outer loop
      vertex 90.3517 137.814 4.39
      vertex 90.505 138.125 0
      vertex 90.505 138.125 4.39
    endloop
  endfacet
  facet normal 0.896951 -0.44213 0
    outer loop
      vertex 90.505 138.125 0
      vertex 90.3517 137.814 4.39
      vertex 90.3517 137.814 0
    endloop
  endfacet
  facet normal -0.752255 0.658872 0
    outer loop
      vertex 94.6738 134.926 0
      vertex 94.9024 135.187 4.39
      vertex 94.9024 135.187 0
    endloop
  endfacet
  facet normal -0.752255 0.658872 0
    outer loop
      vertex 94.9024 135.187 4.39
      vertex 94.6738 134.926 0
      vertex 94.6738 134.926 4.39
    endloop
  endfacet
  facet normal 0.0663467 -0.997797 0
    outer loop
      vertex 92.4541 139.427 0
      vertex 92.8 139.45 4.39
      vertex 92.4541 139.427 4.39
    endloop
  endfacet
  facet normal 0.0663467 -0.997797 0
    outer loop
      vertex 92.8 139.45 4.39
      vertex 92.4541 139.427 0
      vertex 92.8 139.45 0
    endloop
  endfacet
  facet normal 0.946878 -0.321592 0
    outer loop
      vertex 90.2403 137.486 4.39
      vertex 90.3517 137.814 0
      vertex 90.3517 137.814 4.39
    endloop
  endfacet
  facet normal 0.946878 -0.321592 0
    outer loop
      vertex 90.3517 137.814 0
      vertex 90.2403 137.486 4.39
      vertex 90.2403 137.486 0
    endloop
  endfacet
  facet normal 0.752255 -0.658872 0
    outer loop
      vertex 90.6976 138.413 4.39
      vertex 90.9262 138.674 0
      vertex 90.9262 138.674 4.39
    endloop
  endfacet
  facet normal 0.752255 -0.658872 0
    outer loop
      vertex 90.9262 138.674 0
      vertex 90.6976 138.413 4.39
      vertex 90.6976 138.413 0
    endloop
  endfacet
  facet normal 0.946878 0.321592 0
    outer loop
      vertex 90.3517 135.786 4.39
      vertex 90.2403 136.114 0
      vertex 90.2403 136.114 4.39
    endloop
  endfacet
  facet normal 0.946878 0.321592 0
    outer loop
      vertex 90.2403 136.114 0
      vertex 90.3517 135.786 4.39
      vertex 90.3517 135.786 0
    endloop
  endfacet
  facet normal -0.83125 0.555899 0
    outer loop
      vertex 94.9024 135.187 0
      vertex 95.095 135.475 4.39
      vertex 95.095 135.475 0
    endloop
  endfacet
  facet normal -0.83125 0.555899 0
    outer loop
      vertex 95.095 135.475 4.39
      vertex 94.9024 135.187 0
      vertex 94.9024 135.187 4.39
    endloop
  endfacet
  facet normal -0.0663467 -0.997797 0
    outer loop
      vertex 92.8 139.45 0
      vertex 93.1459 139.427 4.39
      vertex 92.8 139.45 4.39
    endloop
  endfacet
  facet normal -0.0663467 -0.997797 -0
    outer loop
      vertex 93.1459 139.427 4.39
      vertex 92.8 139.45 0
      vertex 93.1459 139.427 0
    endloop
  endfacet
  facet normal 0.441548 -0.897238 0
    outer loop
      vertex 91.475 139.095 0
      vertex 91.7859 139.248 4.39
      vertex 91.475 139.095 4.39
    endloop
  endfacet
  facet normal 0.441548 -0.897238 0
    outer loop
      vertex 91.7859 139.248 4.39
      vertex 91.475 139.095 0
      vertex 91.7859 139.248 0
    endloop
  endfacet
  facet normal -0.946878 -0.321592 0
    outer loop
      vertex 95.3597 137.486 0
      vertex 95.2483 137.814 4.39
      vertex 95.2483 137.814 0
    endloop
  endfacet
  facet normal -0.946878 -0.321592 0
    outer loop
      vertex 95.2483 137.814 4.39
      vertex 95.3597 137.486 0
      vertex 95.3597 137.486 4.39
    endloop
  endfacet
  facet normal 0.83125 -0.555899 0
    outer loop
      vertex 90.505 138.125 4.39
      vertex 90.6976 138.413 0
      vertex 90.6976 138.413 4.39
    endloop
  endfacet
  facet normal 0.83125 -0.555899 0
    outer loop
      vertex 90.6976 138.413 0
      vertex 90.505 138.125 4.39
      vertex 90.505 138.125 0
    endloop
  endfacet
  facet normal -0.193341 0.981132 0
    outer loop
      vertex 93.4859 134.24 0
      vertex 93.1459 134.173 4.39
      vertex 93.4859 134.24 4.39
    endloop
  endfacet
  facet normal -0.193341 0.981132 0
    outer loop
      vertex 93.1459 134.173 4.39
      vertex 93.4859 134.24 0
      vertex 93.1459 134.173 0
    endloop
  endfacet
  facet normal -0.658464 -0.752612 0
    outer loop
      vertex 94.4132 138.902 0
      vertex 94.6738 138.674 4.39
      vertex 94.4132 138.902 4.39
    endloop
  endfacet
  facet normal -0.658464 -0.752612 -0
    outer loop
      vertex 94.6738 138.674 4.39
      vertex 94.4132 138.902 0
      vertex 94.6738 138.674 0
    endloop
  endfacet
  facet normal -0.980802 0.195007 0
    outer loop
      vertex 95.3597 136.114 0
      vertex 95.4273 136.454 4.39
      vertex 95.4273 136.454 0
    endloop
  endfacet
  facet normal -0.980802 0.195007 0
    outer loop
      vertex 95.4273 136.454 4.39
      vertex 95.3597 136.114 0
      vertex 95.3597 136.114 4.39
    endloop
  endfacet
  facet normal -0.83125 -0.555899 0
    outer loop
      vertex 95.095 138.125 0
      vertex 94.9024 138.413 4.39
      vertex 94.9024 138.413 0
    endloop
  endfacet
  facet normal -0.83125 -0.555899 0
    outer loop
      vertex 94.9024 138.413 4.39
      vertex 95.095 138.125 0
      vertex 95.095 138.125 4.39
    endloop
  endfacet
  facet normal 0.997855 -0.0654662 0
    outer loop
      vertex 90.15 136.8 4.39
      vertex 90.1727 137.146 0
      vertex 90.1727 137.146 4.39
    endloop
  endfacet
  facet normal 0.997855 -0.0654662 0
    outer loop
      vertex 90.1727 137.146 0
      vertex 90.15 136.8 4.39
      vertex 90.15 136.8 0
    endloop
  endfacet
  facet normal -0.556429 -0.830895 0
    outer loop
      vertex 94.125 139.095 0
      vertex 94.4132 138.902 4.39
      vertex 94.125 139.095 4.39
    endloop
  endfacet
  facet normal -0.556429 -0.830895 -0
    outer loop
      vertex 94.4132 138.902 4.39
      vertex 94.125 139.095 0
      vertex 94.4132 138.902 0
    endloop
  endfacet
  facet normal 0.556429 -0.830895 0
    outer loop
      vertex 91.1868 138.902 0
      vertex 91.475 139.095 4.39
      vertex 91.1868 138.902 4.39
    endloop
  endfacet
  facet normal 0.556429 -0.830895 0
    outer loop
      vertex 91.475 139.095 4.39
      vertex 91.1868 138.902 0
      vertex 91.475 139.095 0
    endloop
  endfacet
  facet normal 0.193341 -0.981132 0
    outer loop
      vertex 92.1141 139.36 0
      vertex 92.4541 139.427 4.39
      vertex 92.1141 139.36 4.39
    endloop
  endfacet
  facet normal 0.193341 -0.981132 0
    outer loop
      vertex 92.4541 139.427 4.39
      vertex 92.1141 139.36 0
      vertex 92.4541 139.427 0
    endloop
  endfacet
  facet normal -0.896951 -0.44213 0
    outer loop
      vertex 95.2483 137.814 0
      vertex 95.095 138.125 4.39
      vertex 95.095 138.125 0
    endloop
  endfacet
  facet normal -0.896951 -0.44213 0
    outer loop
      vertex 95.095 138.125 4.39
      vertex 95.2483 137.814 0
      vertex 95.2483 137.814 4.39
    endloop
  endfacet
  facet normal 0.83125 0.555899 0
    outer loop
      vertex 90.6976 135.187 4.39
      vertex 90.505 135.475 0
      vertex 90.505 135.475 4.39
    endloop
  endfacet
  facet normal 0.83125 0.555899 0
    outer loop
      vertex 90.505 135.475 0
      vertex 90.6976 135.187 4.39
      vertex 90.6976 135.187 0
    endloop
  endfacet
  facet normal 0.0663467 0.997797 -0
    outer loop
      vertex 92.8 134.15 0
      vertex 92.4541 134.173 4.39
      vertex 92.8 134.15 4.39
    endloop
  endfacet
  facet normal 0.0663467 0.997797 0
    outer loop
      vertex 92.4541 134.173 4.39
      vertex 92.8 134.15 0
      vertex 92.4541 134.173 0
    endloop
  endfacet
  facet normal -0.997855 0.0654662 0
    outer loop
      vertex 95.4273 136.454 0
      vertex 95.45 136.8 4.39
      vertex 95.45 136.8 0
    endloop
  endfacet
  facet normal -0.997855 0.0654662 0
    outer loop
      vertex 95.45 136.8 4.39
      vertex 95.4273 136.454 0
      vertex 95.4273 136.454 4.39
    endloop
  endfacet
  facet normal -0.896951 0.44213 0
    outer loop
      vertex 95.095 135.475 0
      vertex 95.2483 135.786 4.39
      vertex 95.2483 135.786 0
    endloop
  endfacet
  facet normal -0.896951 0.44213 0
    outer loop
      vertex 95.2483 135.786 4.39
      vertex 95.095 135.475 0
      vertex 95.095 135.475 4.39
    endloop
  endfacet
  facet normal 0.658464 -0.752612 0
    outer loop
      vertex 90.9262 138.674 0
      vertex 91.1868 138.902 4.39
      vertex 90.9262 138.674 4.39
    endloop
  endfacet
  facet normal 0.658464 -0.752612 0
    outer loop
      vertex 91.1868 138.902 4.39
      vertex 90.9262 138.674 0
      vertex 91.1868 138.902 0
    endloop
  endfacet
  facet normal 0.980802 0.195007 0
    outer loop
      vertex 90.2403 136.114 4.39
      vertex 90.1727 136.454 0
      vertex 90.1727 136.454 4.39
    endloop
  endfacet
  facet normal 0.980802 0.195007 0
    outer loop
      vertex 90.1727 136.454 0
      vertex 90.2403 136.114 4.39
      vertex 90.2403 136.114 0
    endloop
  endfacet
  facet normal 0.997855 0.0654662 0
    outer loop
      vertex 90.1727 136.454 4.39
      vertex 90.15 136.8 0
      vertex 90.15 136.8 4.39
    endloop
  endfacet
  facet normal 0.997855 0.0654662 0
    outer loop
      vertex 90.15 136.8 0
      vertex 90.1727 136.454 4.39
      vertex 90.1727 136.454 0
    endloop
  endfacet
  facet normal -0.752255 -0.658872 0
    outer loop
      vertex 94.9024 138.413 0
      vertex 94.6738 138.674 4.39
      vertex 94.6738 138.674 0
    endloop
  endfacet
  facet normal -0.752255 -0.658872 0
    outer loop
      vertex 94.6738 138.674 4.39
      vertex 94.9024 138.413 0
      vertex 94.9024 138.413 4.39
    endloop
  endfacet
  facet normal 0.658464 0.752612 -0
    outer loop
      vertex 91.1868 134.698 0
      vertex 90.9262 134.926 4.39
      vertex 91.1868 134.698 4.39
    endloop
  endfacet
  facet normal 0.658464 0.752612 0
    outer loop
      vertex 90.9262 134.926 4.39
      vertex 91.1868 134.698 0
      vertex 90.9262 134.926 0
    endloop
  endfacet
  facet normal -0.658464 0.752612 0
    outer loop
      vertex 94.6738 134.926 0
      vertex 94.4132 134.698 4.39
      vertex 94.6738 134.926 4.39
    endloop
  endfacet
  facet normal -0.658464 0.752612 0
    outer loop
      vertex 94.4132 134.698 4.39
      vertex 94.6738 134.926 0
      vertex 94.4132 134.698 0
    endloop
  endfacet
  facet normal -0.193341 -0.981132 0
    outer loop
      vertex 93.1459 139.427 0
      vertex 93.4859 139.36 4.39
      vertex 93.1459 139.427 4.39
    endloop
  endfacet
  facet normal -0.193341 -0.981132 -0
    outer loop
      vertex 93.4859 139.36 4.39
      vertex 93.1459 139.427 0
      vertex 93.4859 139.36 0
    endloop
  endfacet
  facet normal 0.322967 0.94641 -0
    outer loop
      vertex 92.1141 134.24 0
      vertex 91.7859 134.352 4.39
      vertex 92.1141 134.24 4.39
    endloop
  endfacet
  facet normal 0.322967 0.94641 0
    outer loop
      vertex 91.7859 134.352 4.39
      vertex 92.1141 134.24 0
      vertex 91.7859 134.352 0
    endloop
  endfacet
  facet normal 0.322967 -0.94641 0
    outer loop
      vertex 91.7859 139.248 0
      vertex 92.1141 139.36 4.39
      vertex 91.7859 139.248 4.39
    endloop
  endfacet
  facet normal 0.322967 -0.94641 0
    outer loop
      vertex 92.1141 139.36 4.39
      vertex 91.7859 139.248 0
      vertex 92.1141 139.36 0
    endloop
  endfacet
  facet normal -0.946878 0.321592 0
    outer loop
      vertex 95.2483 135.786 0
      vertex 95.3597 136.114 4.39
      vertex 95.3597 136.114 0
    endloop
  endfacet
  facet normal -0.946878 0.321592 0
    outer loop
      vertex 95.3597 136.114 4.39
      vertex 95.2483 135.786 0
      vertex 95.2483 135.786 4.39
    endloop
  endfacet
  facet normal -0.0663467 0.997797 0
    outer loop
      vertex 93.1459 134.173 0
      vertex 92.8 134.15 4.39
      vertex 93.1459 134.173 4.39
    endloop
  endfacet
  facet normal -0.0663467 0.997797 0
    outer loop
      vertex 92.8 134.15 4.39
      vertex 93.1459 134.173 0
      vertex 92.8 134.15 0
    endloop
  endfacet
  facet normal 0.193341 0.981132 -0
    outer loop
      vertex 92.4541 134.173 0
      vertex 92.1141 134.24 4.39
      vertex 92.4541 134.173 4.39
    endloop
  endfacet
  facet normal 0.193341 0.981132 0
    outer loop
      vertex 92.1141 134.24 4.39
      vertex 92.4541 134.173 0
      vertex 92.1141 134.24 0
    endloop
  endfacet
  facet normal 0.556429 0.830895 -0
    outer loop
      vertex 91.475 134.505 0
      vertex 91.1868 134.698 4.39
      vertex 91.475 134.505 4.39
    endloop
  endfacet
  facet normal 0.556429 0.830895 0
    outer loop
      vertex 91.1868 134.698 4.39
      vertex 91.475 134.505 0
      vertex 91.1868 134.698 0
    endloop
  endfacet
  facet normal -0 0 1
    outer loop
      vertex 0 4 5.4
      vertex 2.4 3.99991 5.4
      vertex 2.39999 4 5.4
    endloop
  endfacet
  facet normal 0 0 1
    outer loop
      vertex 100.4 144.4 5.4
      vertex 102.8 142.8 5.4
      vertex 102.766 143.322 5.4
    endloop
  endfacet
  facet normal 0 0 1
    outer loop
      vertex 102.8 142.8 5.4
      vertex 100.4 144.4 5.4
      vertex 102.8 4 5.4
    endloop
  endfacet
  facet normal 0 0 1
    outer loop
      vertex 100.4 144.4 5.4
      vertex 102.766 143.322 5.4
      vertex 102.664 143.835 5.4
    endloop
  endfacet
  facet normal 0 0 1
    outer loop
      vertex 100.4 2.4 5.4
      vertex 102.8 4 5.4
      vertex 100.4 144.4 5.4
    endloop
  endfacet
  facet normal 0 0 1
    outer loop
      vertex 100.4 144.4 5.4
      vertex 102.664 143.835 5.4
      vertex 102.495 144.331 5.4
    endloop
  endfacet
  facet normal 0 0 1
    outer loop
      vertex 102.8 4 5.4
      vertex 100.4 2.4 5.4
      vertex 102.766 3.47789 5.4
    endloop
  endfacet
  facet normal -0 0 1
    outer loop
      vertex 100.4 144.4 5.4
      vertex 102.495 144.331 5.4
      vertex 102.264 144.8 5.4
    endloop
  endfacet
  facet normal 0 0 1
    outer loop
      vertex 102.766 3.47789 5.4
      vertex 100.4 2.4 5.4
      vertex 102.664 2.96472 5.4
    endloop
  endfacet
  facet normal 0 0 1
    outer loop
      vertex 100.4 144.4 5.4
      vertex 102.264 144.8 5.4
      vertex 101.973 145.235 5.4
    endloop
  endfacet
  facet normal 0 0 1
    outer loop
      vertex 102.664 2.96472 5.4
      vertex 100.4 2.4 5.4
      vertex 102.495 2.46927 5.4
    endloop
  endfacet
  facet normal 0 0 1
    outer loop
      vertex 100.4 144.4 5.4
      vertex 101.973 145.235 5.4
      vertex 101.628 145.628 5.4
    endloop
  endfacet
  facet normal 0 0 1
    outer loop
      vertex 102.495 2.46927 5.4
      vertex 100.4 2.4 5.4
      vertex 102.264 2 5.4
    endloop
  endfacet
  facet normal 0 0 1
    outer loop
      vertex 100.4 144.4 5.4
      vertex 101.628 145.628 5.4
      vertex 101.235 145.973 5.4
    endloop
  endfacet
  facet normal 0 0 1
    outer loop
      vertex 102.264 2 5.4
      vertex 100.4 2.4 5.4
      vertex 101.973 1.56496 5.4
    endloop
  endfacet
  facet normal 0 0 1
    outer loop
      vertex 100.4 144.4 5.4
      vertex 101.235 145.973 5.4
      vertex 100.8 146.264 5.4
    endloop
  endfacet
  facet normal 0 0 1
    outer loop
      vertex 101.973 1.56496 5.4
      vertex 100.4 2.4 5.4
      vertex 101.628 1.17157 5.4
    endloop
  endfacet
  facet normal 0 0 1
    outer loop
      vertex 101.628 1.17157 5.4
      vertex 100.4 2.4 5.4
      vertex 101.235 0.826584 5.4
    endloop
  endfacet
  facet normal 0 0 1
    outer loop
      vertex 100.331 146.495 5.4
      vertex 100.4 144.4 5.4
      vertex 100.8 146.264 5.4
    endloop
  endfacet
  facet normal 0 0 1
    outer loop
      vertex 99.8353 146.664 5.4
      vertex 100.4 144.4 5.4
      vertex 100.331 146.495 5.4
    endloop
  endfacet
  facet normal 0 0 1
    outer loop
      vertex 99.3221 146.766 5.4
      vertex 100.4 144.4 5.4
      vertex 99.8353 146.664 5.4
    endloop
  endfacet
  facet normal 0 0 1
    outer loop
      vertex 98.8 146.8 5.4
      vertex 100.4 144.4 5.4
      vertex 99.3221 146.766 5.4
    endloop
  endfacet
  facet normal -0 0 1
    outer loop
      vertex 4 146.8 5.4
      vertex 100.4 144.4 5.4
      vertex 98.8 146.8 5.4
    endloop
  endfacet
  facet normal 0 0 1
    outer loop
      vertex 2.4 144.4 5.4
      vertex 4 146.8 5.4
      vertex 3.47789 146.766 5.4
    endloop
  endfacet
  facet normal 0 0 1
    outer loop
      vertex 2.4 144.4 5.4
      vertex 3.47789 146.766 5.4
      vertex 2.96472 146.664 5.4
    endloop
  endfacet
  facet normal 0 0 1
    outer loop
      vertex 2.4 144.4 5.4
      vertex 2.96472 146.664 5.4
      vertex 2.46927 146.495 5.4
    endloop
  endfacet
  facet normal 0 0 1
    outer loop
      vertex 4 146.8 5.4
      vertex 2.4 144.4 5.4
      vertex 100.4 144.4 5.4
    endloop
  endfacet
  facet normal -0 0 1
    outer loop
      vertex 0.136292 143.835 5.4
      vertex 2.4 142.8 5.4
      vertex 2.4 144.4 5.4
    endloop
  endfacet
  facet normal -0 0 1
    outer loop
      vertex 1.17157 145.628 5.4
      vertex 2.4 144.4 5.4
      vertex 1.56496 145.973 5.4
    endloop
  endfacet
  facet normal -0 0 1
    outer loop
      vertex 1.56496 145.973 5.4
      vertex 2.4 144.4 5.4
      vertex 2 146.264 5.4
    endloop
  endfacet
  facet normal -0 0 1
    outer loop
      vertex 2 146.264 5.4
      vertex 2.4 144.4 5.4
      vertex 2.46927 146.495 5.4
    endloop
  endfacet
  facet normal 0 0 1
    outer loop
      vertex 101.235 0.826584 5.4
      vertex 100.4 2.4 5.4
      vertex 100.8 0.535904 5.4
    endloop
  endfacet
  facet normal 0 0 1
    outer loop
      vertex 100.4 2.4 5.4
      vertex 100.331 0.304489 5.4
      vertex 100.8 0.535904 5.4
    endloop
  endfacet
  facet normal 0 0 1
    outer loop
      vertex 100.4 2.4 5.4
      vertex 99.8353 0.136292 5.4
      vertex 100.331 0.304489 5.4
    endloop
  endfacet
  facet normal -0 0 1
    outer loop
      vertex 98.8001 2.4 5.4
      vertex 99.8353 0.136292 5.4
      vertex 100.4 2.4 5.4
    endloop
  endfacet
  facet normal 0 0 1
    outer loop
      vertex 99.8353 0.136292 5.4
      vertex 98.8001 2.4 5.4
      vertex 99.3221 0.0342255 5.4
    endloop
  endfacet
  facet normal 0 0 1
    outer loop
      vertex 98.8 0 5.4
      vertex 98.8001 2.4 5.4
      vertex 98.8 2.39999 5.4
    endloop
  endfacet
  facet normal 0 0 1
    outer loop
      vertex 98.8001 2.4 5.4
      vertex 98.8 0 5.4
      vertex 99.3221 0.0342255 5.4
    endloop
  endfacet
  facet normal -0 0 1
    outer loop
      vertex 4 2.39999 5.4
      vertex 98.8 0 5.4
      vertex 98.8 2.39999 5.4
    endloop
  endfacet
  facet normal 0 0 1
    outer loop
      vertex 4 2.39999 5.4
      vertex 4 0 5.4
      vertex 98.8 0 5.4
    endloop
  endfacet
  facet normal 0 0 1
    outer loop
      vertex 3.99991 2.4 5.4
      vertex 4 0 5.4
      vertex 4 2.39999 5.4
    endloop
  endfacet
  facet normal 0 0 1
    outer loop
      vertex 3.99991 2.4 5.4
      vertex 3.47789 0.0342255 5.4
      vertex 4 0 5.4
    endloop
  endfacet
  facet normal 0 0 1
    outer loop
      vertex 3.99991 2.4 5.4
      vertex 2.96472 0.136292 5.4
      vertex 3.47789 0.0342255 5.4
    endloop
  endfacet
  facet normal -0 0 1
    outer loop
      vertex 2.4 2.4 5.4
      vertex 2.96472 0.136292 5.4
      vertex 3.99991 2.4 5.4
    endloop
  endfacet
  facet normal 0 0 1
    outer loop
      vertex 2.96472 0.136292 5.4
      vertex 2.4 2.4 5.4
      vertex 2.46927 0.304489 5.4
    endloop
  endfacet
  facet normal 0 0 1
    outer loop
      vertex 2.39999 142.8 5.4
      vertex 0 142.8 5.4
      vertex 2.39999 4 5.4
    endloop
  endfacet
  facet normal 0 0 1
    outer loop
      vertex 2.4 2.4 5.4
      vertex 2 0.535904 5.4
      vertex 2.46927 0.304489 5.4
    endloop
  endfacet
  facet normal 0 0 1
    outer loop
      vertex 0 4 5.4
      vertex 2.39999 4 5.4
      vertex 0 142.8 5.4
    endloop
  endfacet
  facet normal -0 0 1
    outer loop
      vertex 0.826584 145.235 5.4
      vertex 2.4 144.4 5.4
      vertex 1.17157 145.628 5.4
    endloop
  endfacet
  facet normal 0 0 1
    outer loop
      vertex 2.4 3.99991 5.4
      vertex 0 4 5.4
      vertex 0.0342255 3.47789 5.4
    endloop
  endfacet
  facet normal -0 0 1
    outer loop
      vertex 0.535904 144.8 5.4
      vertex 2.4 144.4 5.4
      vertex 0.826584 145.235 5.4
    endloop
  endfacet
  facet normal 0 0 1
    outer loop
      vertex 2.4 3.99991 5.4
      vertex 0.0342255 3.47789 5.4
      vertex 0.136292 2.96472 5.4
    endloop
  endfacet
  facet normal 0 0 1
    outer loop
      vertex 0.304489 144.331 5.4
      vertex 2.4 144.4 5.4
      vertex 0.535904 144.8 5.4
    endloop
  endfacet
  facet normal 0 0 1
    outer loop
      vertex 2.4 2.4 5.4
      vertex 1.56496 0.826584 5.4
      vertex 2 0.535904 5.4
    endloop
  endfacet
  facet normal 0 0 1
    outer loop
      vertex 0.136292 143.835 5.4
      vertex 2.4 144.4 5.4
      vertex 0.304489 144.331 5.4
    endloop
  endfacet
  facet normal 0 0 1
    outer loop
      vertex 2.4 2.4 5.4
      vertex 1.17157 1.17157 5.4
      vertex 1.56496 0.826584 5.4
    endloop
  endfacet
  facet normal -0 0 1
    outer loop
      vertex 0.0342255 143.322 5.4
      vertex 2.4 142.8 5.4
      vertex 0.136292 143.835 5.4
    endloop
  endfacet
  facet normal 0 0 1
    outer loop
      vertex 2.4 2.4 5.4
      vertex 0.826584 1.56496 5.4
      vertex 1.17157 1.17157 5.4
    endloop
  endfacet
  facet normal 0 0 1
    outer loop
      vertex 0 142.8 5.4
      vertex 2.4 142.8 5.4
      vertex 0.0342255 143.322 5.4
    endloop
  endfacet
  facet normal 0 0 1
    outer loop
      vertex 2.4 2.4 5.4
      vertex 0.535904 2 5.4
      vertex 0.826584 1.56496 5.4
    endloop
  endfacet
  facet normal 0 0 0
    outer loop
      vertex 2.4 142.8 5.4
      vertex 0 142.8 5.4
      vertex 2.39999 142.8 5.4
    endloop
  endfacet
  facet normal 0 0 1
    outer loop
      vertex 2.4 2.4 5.4
      vertex 0.304489 2.46927 5.4
      vertex 0.535904 2 5.4
    endloop
  endfacet
  facet normal 0 0 1
    outer loop
      vertex 2.4 2.4 5.4
      vertex 0.136292 2.96472 5.4
      vertex 0.304489 2.46927 5.4
    endloop
  endfacet
  facet normal 0 0 1
    outer loop
      vertex 2.4 3.99991 5.4
      vertex 0.136292 2.96472 5.4
      vertex 2.4 2.4 5.4
    endloop
  endfacet
  facet normal 1 -0 0
    outer loop
      vertex 100.4 112.486 17.4058
      vertex 100.4 144.4 5.4
      vertex 100.4 144.4 44.4
    endloop
  endfacet
  facet normal 1 0 0
    outer loop
      vertex 100.4 144.4 5.4
      vertex 100.4 112.684 16.4116
      vertex 100.4 112.75 15.4
    endloop
  endfacet
  facet normal 1 0 0
    outer loop
      vertex 100.4 144.4 5.4
      vertex 100.4 112.486 17.4058
      vertex 100.4 112.684 16.4116
    endloop
  endfacet
  facet normal 1 0 0
    outer loop
      vertex 100.4 144.4 44.4
      vertex 100.4 112.16 18.3658
      vertex 100.4 112.486 17.4058
    endloop
  endfacet
  facet normal 1 0 0
    outer loop
      vertex 100.4 144.4 44.4
      vertex 100.4 111.712 19.275
      vertex 100.4 112.16 18.3658
    endloop
  endfacet
  facet normal 1 0 0
    outer loop
      vertex 100.4 144.4 44.4
      vertex 100.4 111.148 20.1179
      vertex 100.4 111.712 19.275
    endloop
  endfacet
  facet normal 1 0 0
    outer loop
      vertex 100.4 144.4 44.4
      vertex 100.4 110.48 20.8801
      vertex 100.4 111.148 20.1179
    endloop
  endfacet
  facet normal 1 0 0
    outer loop
      vertex 100.4 144.4 44.4
      vertex 100.4 109.718 21.5485
      vertex 100.4 110.48 20.8801
    endloop
  endfacet
  facet normal 1 0 0
    outer loop
      vertex 100.4 144.4 44.4
      vertex 100.4 108.875 22.1117
      vertex 100.4 109.718 21.5485
    endloop
  endfacet
  facet normal 1 0 0
    outer loop
      vertex 100.4 144.4 44.4
      vertex 100.4 107.966 22.5601
      vertex 100.4 108.875 22.1117
    endloop
  endfacet
  facet normal 1 0 0
    outer loop
      vertex 100.4 144.4 44.4
      vertex 100.4 107.006 22.8859
      vertex 100.4 107.966 22.5601
    endloop
  endfacet
  facet normal 1 0 0
    outer loop
      vertex 100.4 144.4 44.4
      vertex 100.4 106.012 23.0837
      vertex 100.4 107.006 22.8859
    endloop
  endfacet
  facet normal 1 0 0
    outer loop
      vertex 100.4 144.4 44.4
      vertex 100.4 105 23.15
      vertex 100.4 106.012 23.0837
    endloop
  endfacet
  facet normal 1 0 0
    outer loop
      vertex 100.4 144.4 44.4
      vertex 100.4 103.988 23.0837
      vertex 100.4 105 23.15
    endloop
  endfacet
  facet normal 1 0 0
    outer loop
      vertex 100.4 144.4 44.4
      vertex 100.4 102.994 22.8859
      vertex 100.4 103.988 23.0837
    endloop
  endfacet
  facet normal 1 0 0
    outer loop
      vertex 100.4 55.0058 22.8859
      vertex 100.4 102.994 22.8859
      vertex 100.4 144.4 44.4
    endloop
  endfacet
  facet normal 1 0 0
    outer loop
      vertex 100.4 102.994 22.8859
      vertex 100.4 55.0058 22.8859
      vertex 100.4 102.034 22.5601
    endloop
  endfacet
  facet normal 1 0 0
    outer loop
      vertex 100.4 97.3163 16.4116
      vertex 100.4 60.75 15.4
      vertex 100.4 97.25 15.4
    endloop
  endfacet
  facet normal 1 0 0
    outer loop
      vertex 100.4 60.6837 16.4116
      vertex 100.4 97.3163 16.4116
      vertex 100.4 97.5141 17.4058
    endloop
  endfacet
  facet normal 1 0 0
    outer loop
      vertex 100.4 60.4859 17.4058
      vertex 100.4 97.5141 17.4058
      vertex 100.4 97.8399 18.3658
    endloop
  endfacet
  facet normal 1 0 0
    outer loop
      vertex 100.4 60.1601 18.3658
      vertex 100.4 97.8399 18.3658
      vertex 100.4 98.2883 19.275
    endloop
  endfacet
  facet normal 1 0 0
    outer loop
      vertex 100.4 59.7117 19.275
      vertex 100.4 98.2883 19.275
      vertex 100.4 98.8515 20.1179
    endloop
  endfacet
  facet normal 1 0 0
    outer loop
      vertex 100.4 59.1485 20.1179
      vertex 100.4 98.8515 20.1179
      vertex 100.4 99.5199 20.8801
    endloop
  endfacet
  facet normal 1 0 0
    outer loop
      vertex 100.4 58.4801 20.8801
      vertex 100.4 99.5199 20.8801
      vertex 100.4 100.282 21.5485
    endloop
  endfacet
  facet normal 1 0 0
    outer loop
      vertex 100.4 57.7179 21.5485
      vertex 100.4 100.282 21.5485
      vertex 100.4 101.125 22.1117
    endloop
  endfacet
  facet normal 1 0 -0
    outer loop
      vertex 100.4 55.9658 22.5601
      vertex 100.4 102.034 22.5601
      vertex 100.4 55.0058 22.8859
    endloop
  endfacet
  facet normal 1 0 0
    outer loop
      vertex 100.4 97.3163 16.4116
      vertex 100.4 60.6837 16.4116
      vertex 100.4 60.75 15.4
    endloop
  endfacet
  facet normal 1 0 0
    outer loop
      vertex 100.4 97.5141 17.4058
      vertex 100.4 60.4859 17.4058
      vertex 100.4 60.6837 16.4116
    endloop
  endfacet
  facet normal 1 0 0
    outer loop
      vertex 100.4 97.8399 18.3658
      vertex 100.4 60.1601 18.3658
      vertex 100.4 60.4859 17.4058
    endloop
  endfacet
  facet normal 1 0 0
    outer loop
      vertex 100.4 98.2883 19.275
      vertex 100.4 59.7117 19.275
      vertex 100.4 60.1601 18.3658
    endloop
  endfacet
  facet normal 1 0 0
    outer loop
      vertex 100.4 98.8515 20.1179
      vertex 100.4 59.1485 20.1179
      vertex 100.4 59.7117 19.275
    endloop
  endfacet
  facet normal 1 0 0
    outer loop
      vertex 100.4 99.5199 20.8801
      vertex 100.4 58.4801 20.8801
      vertex 100.4 59.1485 20.1179
    endloop
  endfacet
  facet normal 1 0 0
    outer loop
      vertex 100.4 100.282 21.5485
      vertex 100.4 57.7179 21.5485
      vertex 100.4 58.4801 20.8801
    endloop
  endfacet
  facet normal 1 0 0
    outer loop
      vertex 100.4 101.125 22.1117
      vertex 100.4 56.875 22.1117
      vertex 100.4 57.7179 21.5485
    endloop
  endfacet
  facet normal 1 0 0
    outer loop
      vertex 100.4 101.125 22.1117
      vertex 100.4 55.9658 22.5601
      vertex 100.4 56.875 22.1117
    endloop
  endfacet
  facet normal 1 0 0
    outer loop
      vertex 100.4 102.034 22.5601
      vertex 100.4 55.9658 22.5601
      vertex 100.4 101.125 22.1117
    endloop
  endfacet
  facet normal 1 0 0
    outer loop
      vertex 100.4 144.4 44.4
      vertex 100.4 54.0116 23.0837
      vertex 100.4 55.0058 22.8859
    endloop
  endfacet
  facet normal 1 -0 0
    outer loop
      vertex 100.4 2.4 44.4
      vertex 100.4 54.0116 23.0837
      vertex 100.4 144.4 44.4
    endloop
  endfacet
  facet normal 1 0 0
    outer loop
      vertex 100.4 54.0116 23.0837
      vertex 100.4 2.4 44.4
      vertex 100.4 53 23.15
    endloop
  endfacet
  facet normal 1 0 0
    outer loop
      vertex 100.4 53 23.15
      vertex 100.4 2.4 44.4
      vertex 100.4 51.9884 23.0837
    endloop
  endfacet
  facet normal 1 0 0
    outer loop
      vertex 100.4 45.3163 16.4116
      vertex 100.4 36.75 15.4
      vertex 100.4 45.25 15.4
    endloop
  endfacet
  facet normal 1 0 0
    outer loop
      vertex 100.4 36.6837 16.4116
      vertex 100.4 45.3163 16.4116
      vertex 100.4 45.5141 17.4058
    endloop
  endfacet
  facet normal 1 0 0
    outer loop
      vertex 100.4 36.4859 17.4058
      vertex 100.4 45.5141 17.4058
      vertex 100.4 45.8399 18.3658
    endloop
  endfacet
  facet normal 1 0 0
    outer loop
      vertex 100.4 36.1601 18.3658
      vertex 100.4 45.8399 18.3658
      vertex 100.4 46.2883 19.275
    endloop
  endfacet
  facet normal 1 0 0
    outer loop
      vertex 100.4 35.7117 19.275
      vertex 100.4 46.2883 19.275
      vertex 100.4 46.8515 20.1179
    endloop
  endfacet
  facet normal 1 0 0
    outer loop
      vertex 100.4 35.1485 20.1179
      vertex 100.4 46.8515 20.1179
      vertex 100.4 47.5199 20.8801
    endloop
  endfacet
  facet normal 1 0 0
    outer loop
      vertex 100.4 34.4801 20.8801
      vertex 100.4 47.5199 20.8801
      vertex 100.4 48.2821 21.5485
    endloop
  endfacet
  facet normal 1 0 0
    outer loop
      vertex 100.4 33.7179 21.5485
      vertex 100.4 48.2821 21.5485
      vertex 100.4 49.125 22.1117
    endloop
  endfacet
  facet normal 1 0 0
    outer loop
      vertex 100.4 45.3163 16.4116
      vertex 100.4 36.6837 16.4116
      vertex 100.4 36.75 15.4
    endloop
  endfacet
  facet normal 1 0 0
    outer loop
      vertex 100.4 32.875 22.1117
      vertex 100.4 49.125 22.1117
      vertex 100.4 50.0342 22.5601
    endloop
  endfacet
  facet normal 1 0 0
    outer loop
      vertex 100.4 45.5141 17.4058
      vertex 100.4 36.4859 17.4058
      vertex 100.4 36.6837 16.4116
    endloop
  endfacet
  facet normal 1 0 0
    outer loop
      vertex 100.4 45.8399 18.3658
      vertex 100.4 36.1601 18.3658
      vertex 100.4 36.4859 17.4058
    endloop
  endfacet
  facet normal 1 0 0
    outer loop
      vertex 100.4 31.9658 22.5601
      vertex 100.4 50.0342 22.5601
      vertex 100.4 50.9942 22.8859
    endloop
  endfacet
  facet normal 1 0 0
    outer loop
      vertex 100.4 46.2883 19.275
      vertex 100.4 35.7117 19.275
      vertex 100.4 36.1601 18.3658
    endloop
  endfacet
  facet normal 1 0 0
    outer loop
      vertex 100.4 46.8515 20.1179
      vertex 100.4 35.1485 20.1179
      vertex 100.4 35.7117 19.275
    endloop
  endfacet
  facet normal 1 0 0
    outer loop
      vertex 100.4 51.9884 23.0837
      vertex 100.4 2.4 44.4
      vertex 100.4 50.9942 22.8859
    endloop
  endfacet
  facet normal 1 0 0
    outer loop
      vertex 100.4 47.5199 20.8801
      vertex 100.4 34.4801 20.8801
      vertex 100.4 35.1485 20.1179
    endloop
  endfacet
  facet normal 1 0 0
    outer loop
      vertex 100.4 48.2821 21.5485
      vertex 100.4 33.7179 21.5485
      vertex 100.4 34.4801 20.8801
    endloop
  endfacet
  facet normal 1 0 0
    outer loop
      vertex 100.4 49.125 22.1117
      vertex 100.4 32.875 22.1117
      vertex 100.4 33.7179 21.5485
    endloop
  endfacet
  facet normal 1 0 0
    outer loop
      vertex 100.4 50.0342 22.5601
      vertex 100.4 31.9658 22.5601
      vertex 100.4 32.875 22.1117
    endloop
  endfacet
  facet normal 1 0 -0
    outer loop
      vertex 100.4 31.0058 22.8859
      vertex 100.4 50.9942 22.8859
      vertex 100.4 2.4 44.4
    endloop
  endfacet
  facet normal 1 0 0
    outer loop
      vertex 100.4 50.9942 22.8859
      vertex 100.4 31.0058 22.8859
      vertex 100.4 31.9658 22.5601
    endloop
  endfacet
  facet normal 1 0 0
    outer loop
      vertex 100.4 31.0058 22.8859
      vertex 100.4 2.4 44.4
      vertex 100.4 30.0116 23.0837
    endloop
  endfacet
  facet normal 1 0 0
    outer loop
      vertex 100.4 30.0116 23.0837
      vertex 100.4 2.4 44.4
      vertex 100.4 29 23.15
    endloop
  endfacet
  facet normal 1 0 0
    outer loop
      vertex 100.4 21.5141 17.4058
      vertex 100.4 2.4 5.4
      vertex 100.4 21.3163 16.4116
    endloop
  endfacet
  facet normal 1 0 0
    outer loop
      vertex 100.4 21.8399 18.3658
      vertex 100.4 2.4 5.4
      vertex 100.4 21.5141 17.4058
    endloop
  endfacet
  facet normal 1 0 0
    outer loop
      vertex 100.4 2.4 5.4
      vertex 100.4 21.8399 18.3658
      vertex 100.4 2.4 44.4
    endloop
  endfacet
  facet normal 1 0 0
    outer loop
      vertex 100.4 22.2883 19.275
      vertex 100.4 2.4 44.4
      vertex 100.4 21.8399 18.3658
    endloop
  endfacet
  facet normal 1 0 0
    outer loop
      vertex 100.4 22.8515 20.1179
      vertex 100.4 2.4 44.4
      vertex 100.4 22.2883 19.275
    endloop
  endfacet
  facet normal 1 0 0
    outer loop
      vertex 100.4 23.5199 20.8801
      vertex 100.4 2.4 44.4
      vertex 100.4 22.8515 20.1179
    endloop
  endfacet
  facet normal 1 0 0
    outer loop
      vertex 100.4 24.2821 21.5485
      vertex 100.4 2.4 44.4
      vertex 100.4 23.5199 20.8801
    endloop
  endfacet
  facet normal 1 0 0
    outer loop
      vertex 100.4 25.125 22.1117
      vertex 100.4 2.4 44.4
      vertex 100.4 24.2821 21.5485
    endloop
  endfacet
  facet normal 1 0 0
    outer loop
      vertex 100.4 26.0342 22.5601
      vertex 100.4 2.4 44.4
      vertex 100.4 25.125 22.1117
    endloop
  endfacet
  facet normal 1 0 0
    outer loop
      vertex 100.4 26.9942 22.8859
      vertex 100.4 2.4 44.4
      vertex 100.4 26.0342 22.5601
    endloop
  endfacet
  facet normal 1 0 0
    outer loop
      vertex 100.4 27.9884 23.0837
      vertex 100.4 2.4 44.4
      vertex 100.4 26.9942 22.8859
    endloop
  endfacet
  facet normal 1 0 0
    outer loop
      vertex 100.4 29 23.15
      vertex 100.4 2.4 44.4
      vertex 100.4 27.9884 23.0837
    endloop
  endfacet
  facet normal 1 -0 0
    outer loop
      vertex 100.4 112.684 14.3884
      vertex 100.4 144.4 5.4
      vertex 100.4 112.75 15.4
    endloop
  endfacet
  facet normal 1 -0 0
    outer loop
      vertex 100.4 112.486 13.3942
      vertex 100.4 144.4 5.4
      vertex 100.4 112.684 14.3884
    endloop
  endfacet
  facet normal 1 -0 0
    outer loop
      vertex 100.4 112.16 12.4342
      vertex 100.4 144.4 5.4
      vertex 100.4 112.486 13.3942
    endloop
  endfacet
  facet normal 1 -0 0
    outer loop
      vertex 100.4 111.712 11.525
      vertex 100.4 144.4 5.4
      vertex 100.4 112.16 12.4342
    endloop
  endfacet
  facet normal 1 -0 0
    outer loop
      vertex 100.4 111.148 10.6821
      vertex 100.4 144.4 5.4
      vertex 100.4 111.712 11.525
    endloop
  endfacet
  facet normal 1 -0 0
    outer loop
      vertex 100.4 110.48 9.91992
      vertex 100.4 144.4 5.4
      vertex 100.4 111.148 10.6821
    endloop
  endfacet
  facet normal 1 -0 0
    outer loop
      vertex 100.4 109.718 9.25151
      vertex 100.4 144.4 5.4
      vertex 100.4 110.48 9.91992
    endloop
  endfacet
  facet normal 1 -0 0
    outer loop
      vertex 100.4 108.875 8.6883
      vertex 100.4 144.4 5.4
      vertex 100.4 109.718 9.25151
    endloop
  endfacet
  facet normal 1 -0 0
    outer loop
      vertex 100.4 107.966 8.23993
      vertex 100.4 144.4 5.4
      vertex 100.4 108.875 8.6883
    endloop
  endfacet
  facet normal 1 -0 0
    outer loop
      vertex 100.4 107.006 7.91407
      vertex 100.4 144.4 5.4
      vertex 100.4 107.966 8.23993
    endloop
  endfacet
  facet normal 1 -0 0
    outer loop
      vertex 100.4 106.012 7.7163
      vertex 100.4 144.4 5.4
      vertex 100.4 107.006 7.91407
    endloop
  endfacet
  facet normal 1 -0 0
    outer loop
      vertex 100.4 105 7.65
      vertex 100.4 144.4 5.4
      vertex 100.4 106.012 7.7163
    endloop
  endfacet
  facet normal 1 -0 0
    outer loop
      vertex 100.4 60.75 15.4
      vertex 100.4 97.3163 14.3884
      vertex 100.4 97.25 15.4
    endloop
  endfacet
  facet normal 1 0 0
    outer loop
      vertex 100.4 60.6837 14.3884
      vertex 100.4 97.3163 14.3884
      vertex 100.4 60.75 15.4
    endloop
  endfacet
  facet normal 1 0 0
    outer loop
      vertex 100.4 97.3163 14.3884
      vertex 100.4 60.6837 14.3884
      vertex 100.4 97.5141 13.3942
    endloop
  endfacet
  facet normal 1 0 0
    outer loop
      vertex 100.4 60.4859 13.3942
      vertex 100.4 97.5141 13.3942
      vertex 100.4 60.6837 14.3884
    endloop
  endfacet
  facet normal 1 0 0
    outer loop
      vertex 100.4 97.5141 13.3942
      vertex 100.4 60.4859 13.3942
      vertex 100.4 97.8399 12.4342
    endloop
  endfacet
  facet normal 1 0 0
    outer loop
      vertex 100.4 60.1601 12.4342
      vertex 100.4 97.8399 12.4342
      vertex 100.4 60.4859 13.3942
    endloop
  endfacet
  facet normal 1 0 0
    outer loop
      vertex 100.4 97.8399 12.4342
      vertex 100.4 60.1601 12.4342
      vertex 100.4 98.2883 11.525
    endloop
  endfacet
  facet normal 1 0 0
    outer loop
      vertex 100.4 59.7117 11.525
      vertex 100.4 98.2883 11.525
      vertex 100.4 60.1601 12.4342
    endloop
  endfacet
  facet normal 1 0 0
    outer loop
      vertex 100.4 98.2883 11.525
      vertex 100.4 59.7117 11.525
      vertex 100.4 98.8515 10.6821
    endloop
  endfacet
  facet normal 1 0 0
    outer loop
      vertex 100.4 59.1485 10.6821
      vertex 100.4 98.8515 10.6821
      vertex 100.4 59.7117 11.525
    endloop
  endfacet
  facet normal 1 0 0
    outer loop
      vertex 100.4 98.8515 10.6821
      vertex 100.4 59.1485 10.6821
      vertex 100.4 99.5199 9.91992
    endloop
  endfacet
  facet normal 1 0 0
    outer loop
      vertex 100.4 58.4801 9.91992
      vertex 100.4 99.5199 9.91992
      vertex 100.4 59.1485 10.6821
    endloop
  endfacet
  facet normal 1 0 0
    outer loop
      vertex 100.4 99.5199 9.91992
      vertex 100.4 58.4801 9.91992
      vertex 100.4 100.282 9.25151
    endloop
  endfacet
  facet normal 1 0 0
    outer loop
      vertex 100.4 57.7179 9.25151
      vertex 100.4 100.282 9.25151
      vertex 100.4 58.4801 9.91992
    endloop
  endfacet
  facet normal 1 0 0
    outer loop
      vertex 100.4 100.282 9.25151
      vertex 100.4 57.7179 9.25151
      vertex 100.4 101.125 8.6883
    endloop
  endfacet
  facet normal 1 0 0
    outer loop
      vertex 100.4 56.875 8.6883
      vertex 100.4 101.125 8.6883
      vertex 100.4 57.7179 9.25151
    endloop
  endfacet
  facet normal 1 0 0
    outer loop
      vertex 100.4 101.125 8.6883
      vertex 100.4 56.875 8.6883
      vertex 100.4 102.034 8.23993
    endloop
  endfacet
  facet normal 1 0 0
    outer loop
      vertex 100.4 55.9658 8.23993
      vertex 100.4 102.034 8.23993
      vertex 100.4 56.875 8.6883
    endloop
  endfacet
  facet normal 1 0 0
    outer loop
      vertex 100.4 102.034 8.23993
      vertex 100.4 55.9658 8.23993
      vertex 100.4 102.994 7.91407
    endloop
  endfacet
  facet normal 1 0 0
    outer loop
      vertex 100.4 55.0058 7.91407
      vertex 100.4 102.994 7.91407
      vertex 100.4 55.9658 8.23993
    endloop
  endfacet
  facet normal 1 0 0
    outer loop
      vertex 100.4 102.994 7.91407
      vertex 100.4 55.0058 7.91407
      vertex 100.4 103.988 7.7163
    endloop
  endfacet
  facet normal 1 0 0
    outer loop
      vertex 100.4 54.0116 7.7163
      vertex 100.4 103.988 7.7163
      vertex 100.4 55.0058 7.91407
    endloop
  endfacet
  facet normal 1 0 0
    outer loop
      vertex 100.4 103.988 7.7163
      vertex 100.4 54.0116 7.7163
      vertex 100.4 105 7.65
    endloop
  endfacet
  facet normal 1 0 0
    outer loop
      vertex 100.4 53 7.65
      vertex 100.4 105 7.65
      vertex 100.4 54.0116 7.7163
    endloop
  endfacet
  facet normal 1 0 0
    outer loop
      vertex 100.4 105 7.65
      vertex 100.4 53 7.65
      vertex 100.4 144.4 5.4
    endloop
  endfacet
  facet normal 1 -0 0
    outer loop
      vertex 100.4 36.75 15.4
      vertex 100.4 45.3163 14.3884
      vertex 100.4 45.25 15.4
    endloop
  endfacet
  facet normal 1 0 0
    outer loop
      vertex 100.4 36.6837 14.3884
      vertex 100.4 45.3163 14.3884
      vertex 100.4 36.75 15.4
    endloop
  endfacet
  facet normal 1 0 0
    outer loop
      vertex 100.4 45.3163 14.3884
      vertex 100.4 36.6837 14.3884
      vertex 100.4 45.5141 13.3942
    endloop
  endfacet
  facet normal 1 0 0
    outer loop
      vertex 100.4 36.4859 13.3942
      vertex 100.4 45.5141 13.3942
      vertex 100.4 36.6837 14.3884
    endloop
  endfacet
  facet normal 1 0 0
    outer loop
      vertex 100.4 45.5141 13.3942
      vertex 100.4 36.4859 13.3942
      vertex 100.4 45.8399 12.4342
    endloop
  endfacet
  facet normal 1 0 0
    outer loop
      vertex 100.4 36.1601 12.4342
      vertex 100.4 45.8399 12.4342
      vertex 100.4 36.4859 13.3942
    endloop
  endfacet
  facet normal 1 0 0
    outer loop
      vertex 100.4 45.8399 12.4342
      vertex 100.4 36.1601 12.4342
      vertex 100.4 46.2883 11.525
    endloop
  endfacet
  facet normal 1 0 0
    outer loop
      vertex 100.4 35.7117 11.525
      vertex 100.4 46.2883 11.525
      vertex 100.4 36.1601 12.4342
    endloop
  endfacet
  facet normal 1 0 0
    outer loop
      vertex 100.4 46.2883 11.525
      vertex 100.4 35.7117 11.525
      vertex 100.4 46.8515 10.6821
    endloop
  endfacet
  facet normal 1 0 0
    outer loop
      vertex 100.4 35.1485 10.6821
      vertex 100.4 46.8515 10.6821
      vertex 100.4 35.7117 11.525
    endloop
  endfacet
  facet normal 1 0 0
    outer loop
      vertex 100.4 46.8515 10.6821
      vertex 100.4 35.1485 10.6821
      vertex 100.4 47.5199 9.91992
    endloop
  endfacet
  facet normal 1 0 0
    outer loop
      vertex 100.4 34.4801 9.91992
      vertex 100.4 47.5199 9.91992
      vertex 100.4 35.1485 10.6821
    endloop
  endfacet
  facet normal 1 0 0
    outer loop
      vertex 100.4 47.5199 9.91992
      vertex 100.4 34.4801 9.91992
      vertex 100.4 48.2821 9.25151
    endloop
  endfacet
  facet normal 1 0 0
    outer loop
      vertex 100.4 33.7179 9.25151
      vertex 100.4 48.2821 9.25151
      vertex 100.4 34.4801 9.91992
    endloop
  endfacet
  facet normal 1 0 0
    outer loop
      vertex 100.4 48.2821 9.25151
      vertex 100.4 33.7179 9.25151
      vertex 100.4 49.125 8.6883
    endloop
  endfacet
  facet normal 1 0 0
    outer loop
      vertex 100.4 32.875 8.6883
      vertex 100.4 49.125 8.6883
      vertex 100.4 33.7179 9.25151
    endloop
  endfacet
  facet normal 1 0 0
    outer loop
      vertex 100.4 49.125 8.6883
      vertex 100.4 32.875 8.6883
      vertex 100.4 50.0342 8.23993
    endloop
  endfacet
  facet normal 1 0 0
    outer loop
      vertex 100.4 31.9658 8.23993
      vertex 100.4 50.0342 8.23993
      vertex 100.4 32.875 8.6883
    endloop
  endfacet
  facet normal 1 0 0
    outer loop
      vertex 100.4 50.0342 8.23993
      vertex 100.4 31.9658 8.23993
      vertex 100.4 50.9942 7.91407
    endloop
  endfacet
  facet normal 1 0 0
    outer loop
      vertex 100.4 31.0058 7.91407
      vertex 100.4 50.9942 7.91407
      vertex 100.4 31.9658 8.23993
    endloop
  endfacet
  facet normal 1 0 0
    outer loop
      vertex 100.4 50.9942 7.91407
      vertex 100.4 31.0058 7.91407
      vertex 100.4 51.9884 7.7163
    endloop
  endfacet
  facet normal 1 0 0
    outer loop
      vertex 100.4 30.0116 7.7163
      vertex 100.4 51.9884 7.7163
      vertex 100.4 31.0058 7.91407
    endloop
  endfacet
  facet normal 1 0 0
    outer loop
      vertex 100.4 51.9884 7.7163
      vertex 100.4 30.0116 7.7163
      vertex 100.4 53 7.65
    endloop
  endfacet
  facet normal 1 0 0
    outer loop
      vertex 100.4 29 7.65
      vertex 100.4 53 7.65
      vertex 100.4 30.0116 7.7163
    endloop
  endfacet
  facet normal 1 0 0
    outer loop
      vertex 100.4 2.4 5.4
      vertex 100.4 53 7.65
      vertex 100.4 29 7.65
    endloop
  endfacet
  facet normal 1 0 0
    outer loop
      vertex 100.4 21.3163 16.4116
      vertex 100.4 2.4 5.4
      vertex 100.4 21.25 15.4
    endloop
  endfacet
  facet normal 1 0 0
    outer loop
      vertex 100.4 21.25 15.4
      vertex 100.4 2.4 5.4
      vertex 100.4 21.3163 14.3884
    endloop
  endfacet
  facet normal 1 0 0
    outer loop
      vertex 100.4 21.3163 14.3884
      vertex 100.4 2.4 5.4
      vertex 100.4 21.5141 13.3942
    endloop
  endfacet
  facet normal 1 0 0
    outer loop
      vertex 100.4 21.5141 13.3942
      vertex 100.4 2.4 5.4
      vertex 100.4 21.8399 12.4342
    endloop
  endfacet
  facet normal 1 0 0
    outer loop
      vertex 100.4 53 7.65
      vertex 100.4 2.4 5.4
      vertex 100.4 144.4 5.4
    endloop
  endfacet
  facet normal 1 0 0
    outer loop
      vertex 100.4 27.9884 7.7163
      vertex 100.4 2.4 5.4
      vertex 100.4 29 7.65
    endloop
  endfacet
  facet normal 1 0 0
    outer loop
      vertex 100.4 26.9942 7.91407
      vertex 100.4 2.4 5.4
      vertex 100.4 27.9884 7.7163
    endloop
  endfacet
  facet normal 1 0 0
    outer loop
      vertex 100.4 26.0342 8.23993
      vertex 100.4 2.4 5.4
      vertex 100.4 26.9942 7.91407
    endloop
  endfacet
  facet normal 1 0 0
    outer loop
      vertex 100.4 25.125 8.6883
      vertex 100.4 2.4 5.4
      vertex 100.4 26.0342 8.23993
    endloop
  endfacet
  facet normal 1 0 0
    outer loop
      vertex 100.4 24.2821 9.25151
      vertex 100.4 2.4 5.4
      vertex 100.4 25.125 8.6883
    endloop
  endfacet
  facet normal 1 0 0
    outer loop
      vertex 100.4 23.5199 9.91992
      vertex 100.4 2.4 5.4
      vertex 100.4 24.2821 9.25151
    endloop
  endfacet
  facet normal 1 0 0
    outer loop
      vertex 100.4 22.8515 10.6821
      vertex 100.4 2.4 5.4
      vertex 100.4 23.5199 9.91992
    endloop
  endfacet
  facet normal 1 0 0
    outer loop
      vertex 100.4 22.2883 11.525
      vertex 100.4 2.4 5.4
      vertex 100.4 22.8515 10.6821
    endloop
  endfacet
  facet normal 1 0 0
    outer loop
      vertex 100.4 21.8399 12.4342
      vertex 100.4 2.4 5.4
      vertex 100.4 22.2883 11.525
    endloop
  endfacet
  facet normal -1 0 0
    outer loop
      vertex 2.4 142.8 5.4
      vertex 2.4 144.4 44.4
      vertex 2.4 144.4 5.4
    endloop
  endfacet
  facet normal -1 -0 0
    outer loop
      vertex 2.4 144.4 44.4
      vertex 2.4 142.8 5.4
      vertex 2.4 142.8 44.4
    endloop
  endfacet
  facet normal -1 0 0
    outer loop
      vertex 2.4 2.4 5.4
      vertex 2.4 3.99991 44.4
      vertex 2.4 3.99991 5.4
    endloop
  endfacet
  facet normal -1 -0 0
    outer loop
      vertex 2.4 3.99991 44.4
      vertex 2.4 2.4 5.4
      vertex 2.4 2.4 44.4
    endloop
  endfacet
  facet normal 0 1 -0
    outer loop
      vertex 100.4 144.4 5.4
      vertex 2.4 144.4 44.4
      vertex 100.4 144.4 44.4
    endloop
  endfacet
  facet normal 0 1 0
    outer loop
      vertex 2.4 144.4 44.4
      vertex 100.4 144.4 5.4
      vertex 2.4 144.4 5.4
    endloop
  endfacet
  facet normal 0 -1 0
    outer loop
      vertex 2.4 2.4 5.4
      vertex 3.99991 2.4 44.4
      vertex 2.4 2.4 44.4
    endloop
  endfacet
  facet normal 0 -1 -0
    outer loop
      vertex 3.99991 2.4 44.4
      vertex 2.4 2.4 5.4
      vertex 3.99991 2.4 5.4
    endloop
  endfacet
  facet normal 0 -1 0
    outer loop
      vertex 98.8001 2.4 5.4
      vertex 100.4 2.4 44.4
      vertex 98.8001 2.4 44.4
    endloop
  endfacet
  facet normal 0 -1 -0
    outer loop
      vertex 100.4 2.4 44.4
      vertex 98.8001 2.4 5.4
      vertex 100.4 2.4 5.4
    endloop
  endfacet
endsolid OpenSCAD_Model
