solid OpenSCAD_Model
  facet normal 0.321446 -0.946928 0
    outer loop
      vertex 42.7765 0.102219 0
      vertex 43.1481 0.228363 9.6
      vertex 42.7765 0.102219 9.6
    endloop
  endfacet
  facet normal 0.321446 -0.946928 0
    outer loop
      vertex 43.1481 0.228363 9.6
      vertex 42.7765 0.102219 0
      vertex 43.1481 0.228363 0
    endloop
  endfacet
  facet normal 0.19494 0.980815 -0
    outer loop
      vertex 42.7765 55.8978 0
      vertex 42.3916 55.9743 9.6
      vertex 42.7765 55.8978 9.6
    endloop
  endfacet
  facet normal 0.19494 0.980815 0
    outer loop
      vertex 42.3916 55.9743 9.6
      vertex 42.7765 55.8978 0
      vertex 42.3916 55.9743 0
    endloop
  endfacet
  facet normal 0 -1 0
    outer loop
      vertex 3 0 9.6
      vertex 6.03422 0 9.0779
      vertex 6 0 9.6
    endloop
  endfacet
  facet normal 0 -1 0
    outer loop
      vertex 3 0 9.6
      vertex 6.1363 0 8.56472
      vertex 6.03422 0 9.0779
    endloop
  endfacet
  facet normal 0 -1 0
    outer loop
      vertex 3 0 9.6
      vertex 6.30448 0 8.06927
      vertex 6.1363 0 8.56472
    endloop
  endfacet
  facet normal 0 -1 0
    outer loop
      vertex 3 0 9.6
      vertex 6.5359 0 7.6
      vertex 6.30448 0 8.06927
    endloop
  endfacet
  facet normal 0 -1 0
    outer loop
      vertex 3 0 0
      vertex 6.5359 0 7.6
      vertex 3 0 9.6
    endloop
  endfacet
  facet normal 0 -1 -0
    outer loop
      vertex 6.5359 0 7.6
      vertex 3 0 0
      vertex 6.82659 0 7.16495
    endloop
  endfacet
  facet normal 0 -1 -0
    outer loop
      vertex 6.82659 0 7.16495
      vertex 3 0 0
      vertex 7.17157 0 6.77157
    endloop
  endfacet
  facet normal 0 -1 -0
    outer loop
      vertex 9.47789 0 5.63422
      vertex 3 0 0
      vertex 10 0 5.6
    endloop
  endfacet
  facet normal 0 -1 -0
    outer loop
      vertex 8.96472 0 5.7363
      vertex 3 0 0
      vertex 9.47789 0 5.63422
    endloop
  endfacet
  facet normal 0 -1 -0
    outer loop
      vertex 8.46927 0 5.90448
      vertex 3 0 0
      vertex 8.96472 0 5.7363
    endloop
  endfacet
  facet normal 0 -1 -0
    outer loop
      vertex 8 0 6.1359
      vertex 3 0 0
      vertex 8.46927 0 5.90448
    endloop
  endfacet
  facet normal 0 -1 -0
    outer loop
      vertex 7.56495 0 6.42659
      vertex 3 0 0
      vertex 8 0 6.1359
    endloop
  endfacet
  facet normal 0 -1 -0
    outer loop
      vertex 7.17157 0 6.77157
      vertex 3 0 0
      vertex 7.56495 0 6.42659
    endloop
  endfacet
  facet normal 0 -1 0
    outer loop
      vertex 13.9658 0 9.0779
      vertex 42 0 9.6
      vertex 14 0 9.6
    endloop
  endfacet
  facet normal 0 -1 0
    outer loop
      vertex 13.8637 0 8.56472
      vertex 42 0 9.6
      vertex 13.9658 0 9.0779
    endloop
  endfacet
  facet normal 0 -1 0
    outer loop
      vertex 42 0 0
      vertex 13.8637 0 8.56472
      vertex 13.6955 0 8.06927
    endloop
  endfacet
  facet normal 0 -1 0
    outer loop
      vertex 42 0 0
      vertex 13.6955 0 8.06927
      vertex 13.4641 0 7.6
    endloop
  endfacet
  facet normal 0 -1 0
    outer loop
      vertex 42 0 0
      vertex 13.4641 0 7.6
      vertex 13.1734 0 7.16495
    endloop
  endfacet
  facet normal 0 -1 0
    outer loop
      vertex 42 0 0
      vertex 13.1734 0 7.16495
      vertex 12.8284 0 6.77157
    endloop
  endfacet
  facet normal 0 -1 0
    outer loop
      vertex 42 0 0
      vertex 12.8284 0 6.77157
      vertex 12.435 0 6.42659
    endloop
  endfacet
  facet normal 0 -1 0
    outer loop
      vertex 42 0 0
      vertex 12.435 0 6.42659
      vertex 12 0 6.1359
    endloop
  endfacet
  facet normal 0 -1 0
    outer loop
      vertex 42 0 0
      vertex 12 0 6.1359
      vertex 11.5307 0 5.90448
    endloop
  endfacet
  facet normal 0 -1 0
    outer loop
      vertex 3 0 0
      vertex 11.5307 0 5.90448
      vertex 11.0353 0 5.7363
    endloop
  endfacet
  facet normal 0 -1 0
    outer loop
      vertex 3 0 0
      vertex 11.0353 0 5.7363
      vertex 10.5221 0 5.63422
    endloop
  endfacet
  facet normal 0 -1 0
    outer loop
      vertex 3 0 0
      vertex 10.5221 0 5.63422
      vertex 10 0 5.6
    endloop
  endfacet
  facet normal 0 -1 -0
    outer loop
      vertex 11.5307 0 5.90448
      vertex 3 0 0
      vertex 42 0 0
    endloop
  endfacet
  facet normal 0 -1 0
    outer loop
      vertex 13.8637 0 8.56472
      vertex 42 0 0
      vertex 42 0 9.6
    endloop
  endfacet
  facet normal 0.195072 -0.980789 0
    outer loop
      vertex 42.3916 0.0256653 0
      vertex 42.7765 0.102219 9.6
      vertex 42.3916 0.0256653 9.6
    endloop
  endfacet
  facet normal 0.195072 -0.980789 0
    outer loop
      vertex 42.7765 0.102219 9.6
      vertex 42.3916 0.0256653 0
      vertex 42.7765 0.102219 0
    endloop
  endfacet
  facet normal -0.997859 0.0653993 0
    outer loop
      vertex 0 53 0
      vertex 0.0256653 53.3916 9.6
      vertex 0.0256653 53.3916 0
    endloop
  endfacet
  facet normal -0.997859 0.0653993 0
    outer loop
      vertex 0.0256653 53.3916 9.6
      vertex 0 53 0
      vertex 0 53 9.6
    endloop
  endfacet
  facet normal -0.896876 -0.442281 0
    outer loop
      vertex 0.401917 1.5 0
      vertex 0.228363 1.85194 9.6
      vertex 0.228363 1.85194 0
    endloop
  endfacet
  facet normal -0.896876 -0.442281 0
    outer loop
      vertex 0.228363 1.85194 9.6
      vertex 0.401917 1.5 0
      vertex 0.401917 1.5 9.6
    endloop
  endfacet
  facet normal 0.0653993 -0.997859 0
    outer loop
      vertex 42 0 0
      vertex 42.3916 0.0256653 9.6
      vertex 42 0 9.6
    endloop
  endfacet
  facet normal 0.0653993 -0.997859 0
    outer loop
      vertex 42.3916 0.0256653 9.6
      vertex 42 0 0
      vertex 42.3916 0.0256653 0
    endloop
  endfacet
  facet normal 0.980814 -0.194945 0
    outer loop
      vertex 44.8978 2.22354 9.6
      vertex 44.9743 2.60843 0
      vertex 44.9743 2.60843 9.6
    endloop
  endfacet
  facet normal 0.980814 -0.194945 0
    outer loop
      vertex 44.9743 2.60843 0
      vertex 44.8978 2.22354 9.6
      vertex 44.8978 2.22354 0
    endloop
  endfacet
  facet normal -0.555577 -0.831465 0
    outer loop
      vertex 1.17372 0.619934 0
      vertex 1.5 0.401917 9.6
      vertex 1.17372 0.619934 9.6
    endloop
  endfacet
  facet normal -0.555577 -0.831465 -0
    outer loop
      vertex 1.5 0.401917 9.6
      vertex 1.17372 0.619934 0
      vertex 1.5 0.401917 0
    endloop
  endfacet
  facet normal -0.896856 0.442322 0
    outer loop
      vertex 0.228363 54.1481 0
      vertex 0.401917 54.5 9.6
      vertex 0.401917 54.5 0
    endloop
  endfacet
  facet normal -0.896856 0.442322 0
    outer loop
      vertex 0.401917 54.5 9.6
      vertex 0.228363 54.1481 0
      vertex 0.228363 54.1481 9.6
    endloop
  endfacet
  facet normal -0.442171 0.896931 0
    outer loop
      vertex 1.85194 55.7716 0
      vertex 1.5 55.5981 9.6
      vertex 1.85194 55.7716 9.6
    endloop
  endfacet
  facet normal -0.442171 0.896931 0
    outer loop
      vertex 1.5 55.5981 9.6
      vertex 1.85194 55.7716 0
      vertex 1.5 55.5981 0
    endloop
  endfacet
  facet normal -0.442281 -0.896876 0
    outer loop
      vertex 1.5 0.401917 0
      vertex 1.85194 0.228363 9.6
      vertex 1.5 0.401917 9.6
    endloop
  endfacet
  facet normal -0.442281 -0.896876 -0
    outer loop
      vertex 1.85194 0.228363 9.6
      vertex 1.5 0.401917 0
      vertex 1.85194 0.228363 0
    endloop
  endfacet
  facet normal 0.659478 0.751724 -0
    outer loop
      vertex 44.1213 55.1213 0
      vertex 43.8263 55.3801 9.6
      vertex 44.1213 55.1213 9.6
    endloop
  endfacet
  facet normal 0.659478 0.751724 0
    outer loop
      vertex 43.8263 55.3801 9.6
      vertex 44.1213 55.1213 0
      vertex 43.8263 55.3801 0
    endloop
  endfacet
  facet normal 1 -0 0
    outer loop
      vertex 45 3 9.6
      vertex 45 53 0
      vertex 45 53 9.6
    endloop
  endfacet
  facet normal 1 0 0
    outer loop
      vertex 45 53 0
      vertex 45 3 9.6
      vertex 45 3 0
    endloop
  endfacet
  facet normal -1 0 0
    outer loop
      vertex 0 3 0
      vertex 0 53 9.6
      vertex 0 53 0
    endloop
  endfacet
  facet normal -1 -0 0
    outer loop
      vertex 0 53 9.6
      vertex 0 3 0
      vertex 0 3 9.6
    endloop
  endfacet
  facet normal -0.0654923 0.997853 0
    outer loop
      vertex 3 56 0
      vertex 2.60843 55.9743 9.6
      vertex 3 56 9.6
    endloop
  endfacet
  facet normal -0.0654923 0.997853 0
    outer loop
      vertex 2.60843 55.9743 9.6
      vertex 3 56 0
      vertex 2.60843 55.9743 0
    endloop
  endfacet
  facet normal 0.980815 0.19494 0
    outer loop
      vertex 44.9743 53.3916 9.6
      vertex 44.8978 53.7765 0
      vertex 44.8978 53.7765 9.6
    endloop
  endfacet
  facet normal 0.980815 0.19494 0
    outer loop
      vertex 44.8978 53.7765 0
      vertex 44.9743 53.3916 9.6
      vertex 44.9743 53.3916 0
    endloop
  endfacet
  facet normal 0.946885 0.321574 0
    outer loop
      vertex 44.8978 53.7765 9.6
      vertex 44.7716 54.1481 0
      vertex 44.7716 54.1481 9.6
    endloop
  endfacet
  facet normal 0.946885 0.321574 0
    outer loop
      vertex 44.7716 54.1481 0
      vertex 44.8978 53.7765 9.6
      vertex 44.8978 53.7765 0
    endloop
  endfacet
  facet normal 0.831501 0.555523 0
    outer loop
      vertex 44.5981 54.5 9.6
      vertex 44.3801 54.8263 0
      vertex 44.3801 54.8263 9.6
    endloop
  endfacet
  facet normal 0.831501 0.555523 0
    outer loop
      vertex 44.3801 54.8263 0
      vertex 44.5981 54.5 9.6
      vertex 44.5981 54.5 0
    endloop
  endfacet
  facet normal 0.946885 -0.321574 0
    outer loop
      vertex 44.7716 1.85194 9.6
      vertex 44.8978 2.22354 0
      vertex 44.8978 2.22354 9.6
    endloop
  endfacet
  facet normal 0.946885 -0.321574 0
    outer loop
      vertex 44.8978 2.22354 0
      vertex 44.7716 1.85194 9.6
      vertex 44.7716 1.85194 0
    endloop
  endfacet
  facet normal 0 0 -1
    outer loop
      vertex 42 0 0
      vertex 45 3 0
      vertex 44.9743 2.60843 0
    endloop
  endfacet
  facet normal 0 0 -1
    outer loop
      vertex 45 3 0
      vertex 0 3 0
      vertex 45 53 0
    endloop
  endfacet
  facet normal 0 0 -1
    outer loop
      vertex 42 0 0
      vertex 44.9743 2.60843 0
      vertex 44.8978 2.22354 0
    endloop
  endfacet
  facet normal -0 0 -1
    outer loop
      vertex 45 3 0
      vertex 42 0 0
      vertex 0 3 0
    endloop
  endfacet
  facet normal 0 0 -1
    outer loop
      vertex 42 0 0
      vertex 44.8978 2.22354 0
      vertex 44.7716 1.85194 0
    endloop
  endfacet
  facet normal 0 0 -1
    outer loop
      vertex 0 53 0
      vertex 45 53 0
      vertex 0 3 0
    endloop
  endfacet
  facet normal 0 0 -1
    outer loop
      vertex 42 0 0
      vertex 44.7716 1.85194 0
      vertex 44.5981 1.5 0
    endloop
  endfacet
  facet normal 0 0 -1
    outer loop
      vertex 44.9743 53.3916 0
      vertex 42 56 0
      vertex 44.8978 53.7765 0
    endloop
  endfacet
  facet normal 0 0 -1
    outer loop
      vertex 42 0 0
      vertex 44.5981 1.5 0
      vertex 44.3801 1.17372 0
    endloop
  endfacet
  facet normal 0 0 -1
    outer loop
      vertex 44.8978 53.7765 0
      vertex 42 56 0
      vertex 44.7716 54.1481 0
    endloop
  endfacet
  facet normal 0 0 -1
    outer loop
      vertex 42 0 0
      vertex 44.3801 1.17372 0
      vertex 44.1213 0.878677 0
    endloop
  endfacet
  facet normal 0 0 -1
    outer loop
      vertex 44.7716 54.1481 0
      vertex 42 56 0
      vertex 44.5981 54.5 0
    endloop
  endfacet
  facet normal 0 0 -1
    outer loop
      vertex 42 0 0
      vertex 44.1213 0.878677 0
      vertex 43.8263 0.619934 0
    endloop
  endfacet
  facet normal 0 0 -1
    outer loop
      vertex 44.5981 54.5 0
      vertex 42 56 0
      vertex 44.3801 54.8263 0
    endloop
  endfacet
  facet normal 0 0 -1
    outer loop
      vertex 42 0 0
      vertex 43.8263 0.619934 0
      vertex 43.5 0.401917 0
    endloop
  endfacet
  facet normal 0 0 -1
    outer loop
      vertex 44.3801 54.8263 0
      vertex 42 56 0
      vertex 44.1213 55.1213 0
    endloop
  endfacet
  facet normal 0 0 -1
    outer loop
      vertex 42 0 0
      vertex 43.5 0.401917 0
      vertex 43.1481 0.228363 0
    endloop
  endfacet
  facet normal 0 0 -1
    outer loop
      vertex 44.1213 55.1213 0
      vertex 42 56 0
      vertex 43.8263 55.3801 0
    endloop
  endfacet
  facet normal 0 0 -1
    outer loop
      vertex 42 0 0
      vertex 43.1481 0.228363 0
      vertex 42.7765 0.102219 0
    endloop
  endfacet
  facet normal 0 0 -1
    outer loop
      vertex 43.8263 55.3801 0
      vertex 42 56 0
      vertex 43.5 55.5981 0
    endloop
  endfacet
  facet normal 0 0 -1
    outer loop
      vertex 42 0 0
      vertex 42.7765 0.102219 0
      vertex 42.3916 0.0256653 0
    endloop
  endfacet
  facet normal 0 0 -1
    outer loop
      vertex 43.5 55.5981 0
      vertex 42 56 0
      vertex 43.1481 55.7716 0
    endloop
  endfacet
  facet normal 0 0 -1
    outer loop
      vertex 43.1481 55.7716 0
      vertex 42 56 0
      vertex 42.7765 55.8978 0
    endloop
  endfacet
  facet normal 0 0 -1
    outer loop
      vertex 42.7765 55.8978 0
      vertex 42 56 0
      vertex 42.3916 55.9743 0
    endloop
  endfacet
  facet normal 0 0 -1
    outer loop
      vertex 0 3 0
      vertex 42 0 0
      vertex 3 0 0
    endloop
  endfacet
  facet normal 0 -0 -1
    outer loop
      vertex 42 56 0
      vertex 45 53 0
      vertex 0 53 0
    endloop
  endfacet
  facet normal 0 0 -1
    outer loop
      vertex 0 3 0
      vertex 3 0 0
      vertex 2.60843 0.0256653 0
    endloop
  endfacet
  facet normal 0 0 -1
    outer loop
      vertex 45 53 0
      vertex 42 56 0
      vertex 44.9743 53.3916 0
    endloop
  endfacet
  facet normal 0 0 -1
    outer loop
      vertex 0 3 0
      vertex 2.60843 0.0256653 0
      vertex 2.22354 0.102219 0
    endloop
  endfacet
  facet normal -0 0 -1
    outer loop
      vertex 42 56 0
      vertex 0 53 0
      vertex 3 56 0
    endloop
  endfacet
  facet normal 0 0 -1
    outer loop
      vertex 0 3 0
      vertex 2.22354 0.102219 0
      vertex 1.85194 0.228363 0
    endloop
  endfacet
  facet normal 0 0 -1
    outer loop
      vertex 3 56 0
      vertex 0 53 0
      vertex 2.60843 55.9743 0
    endloop
  endfacet
  facet normal 0 0 -1
    outer loop
      vertex 0 3 0
      vertex 1.85194 0.228363 0
      vertex 1.5 0.401917 0
    endloop
  endfacet
  facet normal 0 0 -1
    outer loop
      vertex 2.60843 55.9743 0
      vertex 0 53 0
      vertex 2.22354 55.8978 0
    endloop
  endfacet
  facet normal 0 0 -1
    outer loop
      vertex 0 3 0
      vertex 1.5 0.401917 0
      vertex 1.17372 0.619934 0
    endloop
  endfacet
  facet normal 0 0 -1
    outer loop
      vertex 2.22354 55.8978 0
      vertex 0 53 0
      vertex 1.85194 55.7716 0
    endloop
  endfacet
  facet normal 0 0 -1
    outer loop
      vertex 0 3 0
      vertex 1.17372 0.619934 0
      vertex 0.878677 0.878677 0
    endloop
  endfacet
  facet normal 0 0 -1
    outer loop
      vertex 1.85194 55.7716 0
      vertex 0 53 0
      vertex 1.5 55.5981 0
    endloop
  endfacet
  facet normal 0 0 -1
    outer loop
      vertex 0 3 0
      vertex 0.878677 0.878677 0
      vertex 0.619934 1.17372 0
    endloop
  endfacet
  facet normal 0 0 -1
    outer loop
      vertex 1.5 55.5981 0
      vertex 0 53 0
      vertex 1.17372 55.3801 0
    endloop
  endfacet
  facet normal 0 0 -1
    outer loop
      vertex 0 3 0
      vertex 0.619934 1.17372 0
      vertex 0.401917 1.5 0
    endloop
  endfacet
  facet normal 0 0 -1
    outer loop
      vertex 1.17372 55.3801 0
      vertex 0 53 0
      vertex 0.878677 55.1213 0
    endloop
  endfacet
  facet normal 0 0 -1
    outer loop
      vertex 0 3 0
      vertex 0.401917 1.5 0
      vertex 0.228363 1.85194 0
    endloop
  endfacet
  facet normal 0 0 -1
    outer loop
      vertex 0.878677 55.1213 0
      vertex 0 53 0
      vertex 0.619934 54.8263 0
    endloop
  endfacet
  facet normal 0 0 -1
    outer loop
      vertex 0 3 0
      vertex 0.228363 1.85194 0
      vertex 0.102219 2.22354 0
    endloop
  endfacet
  facet normal 0 0 -1
    outer loop
      vertex 0.619934 54.8263 0
      vertex 0 53 0
      vertex 0.401917 54.5 0
    endloop
  endfacet
  facet normal 0 0 -1
    outer loop
      vertex 0 3 0
      vertex 0.102219 2.22354 0
      vertex 0.0256653 2.60843 0
    endloop
  endfacet
  facet normal 0 0 -1
    outer loop
      vertex 0.401917 54.5 0
      vertex 0 53 0
      vertex 0.228363 54.1481 0
    endloop
  endfacet
  facet normal 0 0 -1
    outer loop
      vertex 0.228363 54.1481 0
      vertex 0 53 0
      vertex 0.102219 53.7765 0
    endloop
  endfacet
  facet normal 0 0 -1
    outer loop
      vertex 0.102219 53.7765 0
      vertex 0 53 0
      vertex 0.0256653 53.3916 0
    endloop
  endfacet
  facet normal 0 0 1
    outer loop
      vertex 24.9902 5 9.6
      vertex 26.5 5 9.6
      vertex 26.4658 5.5221 9.6
    endloop
  endfacet
  facet normal 0 0 1
    outer loop
      vertex 24.9679 5.33007 9.6
      vertex 26.4658 5.5221 9.6
      vertex 26.3637 6.03528 9.6
    endloop
  endfacet
  facet normal 0 0 1
    outer loop
      vertex 26.5 5 9.6
      vertex 24.9902 5 9.6
      vertex 26.4658 4.47789 9.6
    endloop
  endfacet
  facet normal 0 0 1
    outer loop
      vertex 24.9053 5.64451 9.6
      vertex 26.3637 6.03528 9.6
      vertex 26.1955 6.53073 9.6
    endloop
  endfacet
  facet normal -0 0 1
    outer loop
      vertex 24.9692 4.68008 9.6
      vertex 26.4658 4.47789 9.6
      vertex 24.9902 5 9.6
    endloop
  endfacet
  facet normal 0 0 1
    outer loop
      vertex 24.8006 5.95296 9.6
      vertex 26.1955 6.53073 9.6
      vertex 25.9641 7 9.6
    endloop
  endfacet
  facet normal -0 0 1
    outer loop
      vertex 24.9689 4.67496 9.6
      vertex 26.4658 4.47789 9.6
      vertex 24.9692 4.68008 9.6
    endloop
  endfacet
  facet normal 0 0 1
    outer loop
      vertex 24.6537 6.24936 9.6
      vertex 25.9641 7 9.6
      vertex 25.6734 7.43505 9.6
    endloop
  endfacet
  facet normal -0 0 1
    outer loop
      vertex 24.9679 4.66993 9.6
      vertex 26.4658 4.47789 9.6
      vertex 24.9689 4.67496 9.6
    endloop
  endfacet
  facet normal 0 0 1
    outer loop
      vertex 24.4756 6.51593 9.6
      vertex 25.6734 7.43505 9.6
      vertex 25.3284 7.82843 9.6
    endloop
  endfacet
  facet normal 0 0 1
    outer loop
      vertex 26.4658 4.47789 9.6
      vertex 24.9679 4.66993 9.6
      vertex 26.3637 3.96472 9.6
    endloop
  endfacet
  facet normal -0 0 1
    outer loop
      vertex 24.9053 4.35549 9.6
      vertex 26.3637 3.96472 9.6
      vertex 24.9679 4.66993 9.6
    endloop
  endfacet
  facet normal 0 0 1
    outer loop
      vertex 26.3637 3.96472 9.6
      vertex 24.9053 4.35549 9.6
      vertex 26.1955 3.46927 9.6
    endloop
  endfacet
  facet normal 0 0 1
    outer loop
      vertex 26.4658 5.5221 9.6
      vertex 24.9692 5.31992 9.6
      vertex 24.9902 5 9.6
    endloop
  endfacet
  facet normal 0 0 1
    outer loop
      vertex 26.4658 5.5221 9.6
      vertex 24.9689 5.32504 9.6
      vertex 24.9692 5.31992 9.6
    endloop
  endfacet
  facet normal 0 0 1
    outer loop
      vertex 26.4658 5.5221 9.6
      vertex 24.9679 5.33007 9.6
      vertex 24.9689 5.32504 9.6
    endloop
  endfacet
  facet normal 0 0 1
    outer loop
      vertex 24.257 6.76422 9.6
      vertex 25.3284 7.82843 9.6
      vertex 24.935 8.17341 9.6
    endloop
  endfacet
  facet normal 0 0 1
    outer loop
      vertex 26.3637 6.03528 9.6
      vertex 24.9053 5.64451 9.6
      vertex 24.9679 5.33007 9.6
    endloop
  endfacet
  facet normal 0 0 1
    outer loop
      vertex 26.1955 6.53073 9.6
      vertex 24.8023 5.9481 9.6
      vertex 24.9053 5.64451 9.6
    endloop
  endfacet
  facet normal 0 0 1
    outer loop
      vertex 26.1955 6.53073 9.6
      vertex 24.8006 5.95296 9.6
      vertex 24.8023 5.9481 9.6
    endloop
  endfacet
  facet normal 0 0 1
    outer loop
      vertex 25.9641 7 9.6
      vertex 24.6588 6.2405 9.6
      vertex 24.8006 5.95296 9.6
    endloop
  endfacet
  facet normal 0 0 1
    outer loop
      vertex 25.9641 7 9.6
      vertex 24.6566 6.2451 9.6
      vertex 24.6588 6.2405 9.6
    endloop
  endfacet
  facet normal 0 0 1
    outer loop
      vertex 25.9641 7 9.6
      vertex 24.6537 6.24936 9.6
      vertex 24.6566 6.2451 9.6
    endloop
  endfacet
  facet normal 0 0 1
    outer loop
      vertex 24.0159 6.97561 9.6
      vertex 24.935 8.17341 9.6
      vertex 24.5 8.4641 9.6
    endloop
  endfacet
  facet normal 0 0 1
    outer loop
      vertex 25.6734 7.43505 9.6
      vertex 24.4756 6.51593 9.6
      vertex 24.6537 6.24936 9.6
    endloop
  endfacet
  facet normal 0 0 1
    outer loop
      vertex 25.3284 7.82843 9.6
      vertex 24.2642 6.75698 9.6
      vertex 24.4756 6.51593 9.6
    endloop
  endfacet
  facet normal 0 0 1
    outer loop
      vertex 25.3284 7.82843 9.6
      vertex 24.2608 6.76083 9.6
      vertex 24.2642 6.75698 9.6
    endloop
  endfacet
  facet normal 0 0 1
    outer loop
      vertex 25.3284 7.82843 9.6
      vertex 24.257 6.76422 9.6
      vertex 24.2608 6.76083 9.6
    endloop
  endfacet
  facet normal 0 0 1
    outer loop
      vertex 23.7405 7.15884 9.6
      vertex 24.5 8.4641 9.6
      vertex 24.0307 8.69552 9.6
    endloop
  endfacet
  facet normal 0 0 1
    outer loop
      vertex 24.935 8.17341 9.6
      vertex 24.0159 6.97561 9.6
      vertex 24.257 6.76422 9.6
    endloop
  endfacet
  facet normal 0 0 1
    outer loop
      vertex 24.5 8.4641 9.6
      vertex 23.7494 7.15372 9.6
      vertex 24.0159 6.97561 9.6
    endloop
  endfacet
  facet normal 0 0 1
    outer loop
      vertex 24.5 8.4641 9.6
      vertex 23.7451 7.15657 9.6
      vertex 23.7494 7.15372 9.6
    endloop
  endfacet
  facet normal 0 0 1
    outer loop
      vertex 24.5 8.4641 9.6
      vertex 23.7405 7.15884 9.6
      vertex 23.7451 7.15657 9.6
    endloop
  endfacet
  facet normal 0 0 1
    outer loop
      vertex 23.4481 7.30229 9.6
      vertex 24.0307 8.69552 9.6
      vertex 23.5353 8.8637 9.6
    endloop
  endfacet
  facet normal 0 0 1
    outer loop
      vertex 24.0307 8.69552 9.6
      vertex 23.453 7.30064 9.6
      vertex 23.7405 7.15884 9.6
    endloop
  endfacet
  facet normal 0 0 1
    outer loop
      vertex 24.0307 8.69552 9.6
      vertex 23.4481 7.30229 9.6
      vertex 23.453 7.30064 9.6
    endloop
  endfacet
  facet normal 0 0 1
    outer loop
      vertex 23.5353 8.8637 9.6
      vertex 23.1445 7.40534 9.6
      vertex 23.4481 7.30229 9.6
    endloop
  endfacet
  facet normal 0 0 1
    outer loop
      vertex 23.0221 8.96578 9.6
      vertex 23.1445 7.40534 9.6
      vertex 23.5353 8.8637 9.6
    endloop
  endfacet
  facet normal 0 0 1
    outer loop
      vertex 23.0221 8.96578 9.6
      vertex 22.8301 7.46789 9.6
      vertex 23.1445 7.40534 9.6
    endloop
  endfacet
  facet normal 0 0 1
    outer loop
      vertex 23.0221 8.96578 9.6
      vertex 22.825 7.46889 9.6
      vertex 22.8301 7.46789 9.6
    endloop
  endfacet
  facet normal 0 0 1
    outer loop
      vertex 23.0221 8.96578 9.6
      vertex 22.8199 7.46923 9.6
      vertex 22.825 7.46889 9.6
    endloop
  endfacet
  facet normal 0 0 1
    outer loop
      vertex 22.5 9 9.6
      vertex 22.8199 7.46923 9.6
      vertex 23.0221 8.96578 9.6
    endloop
  endfacet
  facet normal 0 0 1
    outer loop
      vertex 22.5 9 9.6
      vertex 22.5 7.4902 9.6
      vertex 22.8199 7.46923 9.6
    endloop
  endfacet
  facet normal 0 0 1
    outer loop
      vertex 22.5 9 9.6
      vertex 22.1801 7.46923 9.6
      vertex 22.5 7.4902 9.6
    endloop
  endfacet
  facet normal -0 0 1
    outer loop
      vertex 21.9779 8.96578 9.6
      vertex 22.1801 7.46923 9.6
      vertex 22.5 9 9.6
    endloop
  endfacet
  facet normal 0 0 1
    outer loop
      vertex 22.1801 7.46923 9.6
      vertex 21.9779 8.96578 9.6
      vertex 22.175 7.46889 9.6
    endloop
  endfacet
  facet normal 0 0 1
    outer loop
      vertex 22.175 7.46889 9.6
      vertex 21.9779 8.96578 9.6
      vertex 22.1699 7.46789 9.6
    endloop
  endfacet
  facet normal 0 0 1
    outer loop
      vertex 21.9779 8.96578 9.6
      vertex 21.8555 7.40534 9.6
      vertex 22.1699 7.46789 9.6
    endloop
  endfacet
  facet normal -0 0 1
    outer loop
      vertex 21.4647 8.8637 9.6
      vertex 21.8555 7.40534 9.6
      vertex 21.9779 8.96578 9.6
    endloop
  endfacet
  facet normal 0 0 1
    outer loop
      vertex 21.8555 7.40534 9.6
      vertex 21.4647 8.8637 9.6
      vertex 21.5519 7.30229 9.6
    endloop
  endfacet
  facet normal -0 0 1
    outer loop
      vertex 20.9693 8.69552 9.6
      vertex 21.5519 7.30229 9.6
      vertex 21.4647 8.8637 9.6
    endloop
  endfacet
  facet normal 0 0 1
    outer loop
      vertex 21.5519 7.30229 9.6
      vertex 20.9693 8.69552 9.6
      vertex 21.547 7.30064 9.6
    endloop
  endfacet
  facet normal 0 0 1
    outer loop
      vertex 21.547 7.30064 9.6
      vertex 20.9693 8.69552 9.6
      vertex 21.2595 7.15884 9.6
    endloop
  endfacet
  facet normal -0 0 1
    outer loop
      vertex 20.5 8.4641 9.6
      vertex 21.2595 7.15884 9.6
      vertex 20.9693 8.69552 9.6
    endloop
  endfacet
  facet normal 0 0 1
    outer loop
      vertex 21.2595 7.15884 9.6
      vertex 20.5 8.4641 9.6
      vertex 21.2549 7.15657 9.6
    endloop
  endfacet
  facet normal 0 0 1
    outer loop
      vertex 21.2549 7.15657 9.6
      vertex 20.5 8.4641 9.6
      vertex 21.2506 7.15372 9.6
    endloop
  endfacet
  facet normal 0 0 1
    outer loop
      vertex 21.2506 7.15372 9.6
      vertex 20.5 8.4641 9.6
      vertex 20.9841 6.97561 9.6
    endloop
  endfacet
  facet normal -0 0 1
    outer loop
      vertex 20.065 8.17341 9.6
      vertex 20.9841 6.97561 9.6
      vertex 20.5 8.4641 9.6
    endloop
  endfacet
  facet normal 0 0 1
    outer loop
      vertex 20.9841 6.97561 9.6
      vertex 20.065 8.17341 9.6
      vertex 20.743 6.76422 9.6
    endloop
  endfacet
  facet normal -0 0 1
    outer loop
      vertex 19.6716 7.82843 9.6
      vertex 20.743 6.76422 9.6
      vertex 20.065 8.17341 9.6
    endloop
  endfacet
  facet normal 0 0 1
    outer loop
      vertex 20.743 6.76422 9.6
      vertex 19.6716 7.82843 9.6
      vertex 20.7392 6.76083 9.6
    endloop
  endfacet
  facet normal 0 0 1
    outer loop
      vertex 20.7392 6.76083 9.6
      vertex 19.6716 7.82843 9.6
      vertex 20.7358 6.75698 9.6
    endloop
  endfacet
  facet normal 0 0 1
    outer loop
      vertex 20.7358 6.75698 9.6
      vertex 19.6716 7.82843 9.6
      vertex 20.5244 6.51593 9.6
    endloop
  endfacet
  facet normal -0 0 1
    outer loop
      vertex 19.3266 7.43505 9.6
      vertex 20.5244 6.51593 9.6
      vertex 19.6716 7.82843 9.6
    endloop
  endfacet
  facet normal 0 0 1
    outer loop
      vertex 20.5244 6.51593 9.6
      vertex 19.3266 7.43505 9.6
      vertex 20.3463 6.24936 9.6
    endloop
  endfacet
  facet normal -0 0 1
    outer loop
      vertex 19.0359 7 9.6
      vertex 20.3463 6.24936 9.6
      vertex 19.3266 7.43505 9.6
    endloop
  endfacet
  facet normal 0 0 1
    outer loop
      vertex 20.3463 6.24936 9.6
      vertex 19.0359 7 9.6
      vertex 20.3434 6.2451 9.6
    endloop
  endfacet
  facet normal 0 0 1
    outer loop
      vertex 20.3434 6.2451 9.6
      vertex 19.0359 7 9.6
      vertex 20.3412 6.2405 9.6
    endloop
  endfacet
  facet normal 0 0 1
    outer loop
      vertex 20.3412 6.2405 9.6
      vertex 19.0359 7 9.6
      vertex 20.1994 5.95296 9.6
    endloop
  endfacet
  facet normal -0 0 1
    outer loop
      vertex 18.8045 6.53073 9.6
      vertex 20.1994 5.95296 9.6
      vertex 19.0359 7 9.6
    endloop
  endfacet
  facet normal 0 0 1
    outer loop
      vertex 20.1994 5.95296 9.6
      vertex 18.8045 6.53073 9.6
      vertex 20.1977 5.9481 9.6
    endloop
  endfacet
  facet normal 0 0 1
    outer loop
      vertex 20.1977 5.9481 9.6
      vertex 18.8045 6.53073 9.6
      vertex 20.0947 5.64451 9.6
    endloop
  endfacet
  facet normal -0 0 1
    outer loop
      vertex 18.6363 6.03528 9.6
      vertex 20.0947 5.64451 9.6
      vertex 18.8045 6.53073 9.6
    endloop
  endfacet
  facet normal 0 0 1
    outer loop
      vertex 20.0947 5.64451 9.6
      vertex 18.6363 6.03528 9.6
      vertex 20.0321 5.33007 9.6
    endloop
  endfacet
  facet normal -0 0 1
    outer loop
      vertex 18.5342 5.5221 9.6
      vertex 20.0321 5.33007 9.6
      vertex 18.6363 6.03528 9.6
    endloop
  endfacet
  facet normal 0 -0 1
    outer loop
      vertex 19.6716 2.17157 9.6
      vertex 20.0098 5 9.6
      vertex 19.3266 2.56495 9.6
    endloop
  endfacet
  facet normal 0 0 1
    outer loop
      vertex 20.0098 5 9.6
      vertex 19.6716 2.17157 9.6
      vertex 19.8672 2 9.6
    endloop
  endfacet
  facet normal 0 0 1
    outer loop
      vertex 20.0321 5.33007 9.6
      vertex 18.5342 5.5221 9.6
      vertex 20.0311 5.32504 9.6
    endloop
  endfacet
  facet normal 0 0 1
    outer loop
      vertex 20.0098 5 9.6
      vertex 19.0359 3 9.6
      vertex 19.3266 2.56495 9.6
    endloop
  endfacet
  facet normal 0 0 1
    outer loop
      vertex 20.0311 5.32504 9.6
      vertex 18.5342 5.5221 9.6
      vertex 20.0308 5.31992 9.6
    endloop
  endfacet
  facet normal 0 0 1
    outer loop
      vertex 20.0098 5 9.6
      vertex 18.8045 3.46927 9.6
      vertex 19.0359 3 9.6
    endloop
  endfacet
  facet normal 0 0 1
    outer loop
      vertex 20.0308 5.31992 9.6
      vertex 18.5342 5.5221 9.6
      vertex 20.0098 5 9.6
    endloop
  endfacet
  facet normal 0 0 1
    outer loop
      vertex 20.0098 5 9.6
      vertex 18.6363 3.96472 9.6
      vertex 18.8045 3.46927 9.6
    endloop
  endfacet
  facet normal 0 0 1
    outer loop
      vertex 18.5 5 9.6
      vertex 20.0098 5 9.6
      vertex 18.5342 5.5221 9.6
    endloop
  endfacet
  facet normal 0 0 1
    outer loop
      vertex 20.0098 5 9.6
      vertex 18.5342 4.47789 9.6
      vertex 18.6363 3.96472 9.6
    endloop
  endfacet
  facet normal 0 0 1
    outer loop
      vertex 20.0098 5 9.6
      vertex 18.5 5 9.6
      vertex 18.5342 4.47789 9.6
    endloop
  endfacet
  facet normal 0 0 1
    outer loop
      vertex 43 54 9.6
      vertex 45 53 9.6
      vertex 44.9743 53.3916 9.6
    endloop
  endfacet
  facet normal 0 0 1
    outer loop
      vertex 45 53 9.6
      vertex 43 54 9.6
      vertex 45 3 9.6
    endloop
  endfacet
  facet normal 0 0 1
    outer loop
      vertex 43 54 9.6
      vertex 44.9743 53.3916 9.6
      vertex 44.8978 53.7765 9.6
    endloop
  endfacet
  facet normal 0 0 1
    outer loop
      vertex 43 2 9.6
      vertex 45 3 9.6
      vertex 43 54 9.6
    endloop
  endfacet
  facet normal -0 0 1
    outer loop
      vertex 43 54 9.6
      vertex 44.8978 53.7765 9.6
      vertex 44.7716 54.1481 9.6
    endloop
  endfacet
  facet normal 0 0 1
    outer loop
      vertex 45 3 9.6
      vertex 43 2 9.6
      vertex 44.9743 2.60843 9.6
    endloop
  endfacet
  facet normal 0 0 1
    outer loop
      vertex 43 54 9.6
      vertex 44.7716 54.1481 9.6
      vertex 44.5981 54.5 9.6
    endloop
  endfacet
  facet normal 0 0 1
    outer loop
      vertex 44.9743 2.60843 9.6
      vertex 43 2 9.6
      vertex 44.8978 2.22354 9.6
    endloop
  endfacet
  facet normal 0 0 1
    outer loop
      vertex 43 54 9.6
      vertex 44.5981 54.5 9.6
      vertex 44.3801 54.8263 9.6
    endloop
  endfacet
  facet normal 0 0 1
    outer loop
      vertex 44.8978 2.22354 9.6
      vertex 43 2 9.6
      vertex 44.7716 1.85194 9.6
    endloop
  endfacet
  facet normal 0 0 1
    outer loop
      vertex 43 54 9.6
      vertex 44.3801 54.8263 9.6
      vertex 44.1213 55.1213 9.6
    endloop
  endfacet
  facet normal 0 0 1
    outer loop
      vertex 44.7716 1.85194 9.6
      vertex 43 2 9.6
      vertex 44.5981 1.5 9.6
    endloop
  endfacet
  facet normal 0 0 1
    outer loop
      vertex 43 54 9.6
      vertex 44.1213 55.1213 9.6
      vertex 43.8263 55.3801 9.6
    endloop
  endfacet
  facet normal 0 0 1
    outer loop
      vertex 44.5981 1.5 9.6
      vertex 43 2 9.6
      vertex 44.3801 1.17372 9.6
    endloop
  endfacet
  facet normal 0 0 1
    outer loop
      vertex 43 54 9.6
      vertex 43.8263 55.3801 9.6
      vertex 43.5 55.5981 9.6
    endloop
  endfacet
  facet normal 0 0 1
    outer loop
      vertex 44.3801 1.17372 9.6
      vertex 43 2 9.6
      vertex 44.1213 0.878677 9.6
    endloop
  endfacet
  facet normal 0 0 1
    outer loop
      vertex 43 54 9.6
      vertex 43.5 55.5981 9.6
      vertex 43.1481 55.7716 9.6
    endloop
  endfacet
  facet normal 0 0 1
    outer loop
      vertex 44.1213 0.878677 9.6
      vertex 43 2 9.6
      vertex 43.8263 0.619934 9.6
    endloop
  endfacet
  facet normal 0 0 1
    outer loop
      vertex 43.8263 0.619934 9.6
      vertex 43 2 9.6
      vertex 43.5 0.401917 9.6
    endloop
  endfacet
  facet normal 0 0 1
    outer loop
      vertex 42.7765 55.8978 9.6
      vertex 43 54 9.6
      vertex 43.1481 55.7716 9.6
    endloop
  endfacet
  facet normal 0 0 1
    outer loop
      vertex 42.3916 55.9743 9.6
      vertex 43 54 9.6
      vertex 42.7765 55.8978 9.6
    endloop
  endfacet
  facet normal 0 0 1
    outer loop
      vertex 42 56 9.6
      vertex 43 54 9.6
      vertex 42.3916 55.9743 9.6
    endloop
  endfacet
  facet normal 0 0 1
    outer loop
      vertex 42 56 9.6
      vertex 25.1328 54 9.6
      vertex 43 54 9.6
    endloop
  endfacet
  facet normal 0 0 1
    outer loop
      vertex 26.4658 51.5221 9.6
      vertex 24.9692 51.3199 9.6
      vertex 24.9902 51 9.6
    endloop
  endfacet
  facet normal 0 0 1
    outer loop
      vertex 25.3284 53.8284 9.6
      vertex 24.9689 51.325 9.6
      vertex 24.9692 51.3199 9.6
    endloop
  endfacet
  facet normal 0 0 1
    outer loop
      vertex 25.3284 53.8284 9.6
      vertex 24.9679 51.3301 9.6
      vertex 24.9689 51.325 9.6
    endloop
  endfacet
  facet normal 0 0 1
    outer loop
      vertex 25.3284 53.8284 9.6
      vertex 24.9053 51.6445 9.6
      vertex 24.9679 51.3301 9.6
    endloop
  endfacet
  facet normal 0 0 1
    outer loop
      vertex 25.3284 53.8284 9.6
      vertex 24.8023 51.9481 9.6
      vertex 24.9053 51.6445 9.6
    endloop
  endfacet
  facet normal 0 0 1
    outer loop
      vertex 25.3284 53.8284 9.6
      vertex 24.8006 51.953 9.6
      vertex 24.8023 51.9481 9.6
    endloop
  endfacet
  facet normal 0 0 1
    outer loop
      vertex 25.3284 53.8284 9.6
      vertex 24.6588 52.2405 9.6
      vertex 24.8006 51.953 9.6
    endloop
  endfacet
  facet normal 0 0 1
    outer loop
      vertex 25.3284 53.8284 9.6
      vertex 24.6566 52.2451 9.6
      vertex 24.6588 52.2405 9.6
    endloop
  endfacet
  facet normal 0 0 1
    outer loop
      vertex 25.3284 53.8284 9.6
      vertex 24.6537 52.2494 9.6
      vertex 24.6566 52.2451 9.6
    endloop
  endfacet
  facet normal 0 0 1
    outer loop
      vertex 25.3284 53.8284 9.6
      vertex 24.4756 52.5159 9.6
      vertex 24.6537 52.2494 9.6
    endloop
  endfacet
  facet normal 0 0 1
    outer loop
      vertex 25.3284 53.8284 9.6
      vertex 24.2642 52.757 9.6
      vertex 24.4756 52.5159 9.6
    endloop
  endfacet
  facet normal 0 0 1
    outer loop
      vertex 25.3284 53.8284 9.6
      vertex 24.2608 52.7608 9.6
      vertex 24.2642 52.757 9.6
    endloop
  endfacet
  facet normal 0 0 1
    outer loop
      vertex 25.3284 53.8284 9.6
      vertex 24.257 52.7642 9.6
      vertex 24.2608 52.7608 9.6
    endloop
  endfacet
  facet normal 0 0 1
    outer loop
      vertex 25.1328 54 9.6
      vertex 24.0159 52.9756 9.6
      vertex 24.257 52.7642 9.6
    endloop
  endfacet
  facet normal 0 0 1
    outer loop
      vertex 25.1328 54 9.6
      vertex 23.7494 53.1537 9.6
      vertex 24.0159 52.9756 9.6
    endloop
  endfacet
  facet normal 0 0 1
    outer loop
      vertex 25.1328 54 9.6
      vertex 23.7451 53.1566 9.6
      vertex 23.7494 53.1537 9.6
    endloop
  endfacet
  facet normal 0 0 1
    outer loop
      vertex 25.1328 54 9.6
      vertex 23.7405 53.1588 9.6
      vertex 23.7451 53.1566 9.6
    endloop
  endfacet
  facet normal 0 0 1
    outer loop
      vertex 25.1328 54 9.6
      vertex 23.453 53.3006 9.6
      vertex 23.7405 53.1588 9.6
    endloop
  endfacet
  facet normal 0 0 1
    outer loop
      vertex 25.1328 54 9.6
      vertex 23.4481 53.3023 9.6
      vertex 23.453 53.3006 9.6
    endloop
  endfacet
  facet normal 0 0 1
    outer loop
      vertex 25.1328 54 9.6
      vertex 23.1445 53.4053 9.6
      vertex 23.4481 53.3023 9.6
    endloop
  endfacet
  facet normal 0 0 1
    outer loop
      vertex 25.1328 54 9.6
      vertex 22.8301 53.4679 9.6
      vertex 23.1445 53.4053 9.6
    endloop
  endfacet
  facet normal 0 0 1
    outer loop
      vertex 25.1328 54 9.6
      vertex 22.825 53.4689 9.6
      vertex 22.8301 53.4679 9.6
    endloop
  endfacet
  facet normal 0 0 1
    outer loop
      vertex 25.1328 54 9.6
      vertex 22.8199 53.4692 9.6
      vertex 22.825 53.4689 9.6
    endloop
  endfacet
  facet normal 0 0 1
    outer loop
      vertex 25.1328 54 9.6
      vertex 22.5 53.4902 9.6
      vertex 22.8199 53.4692 9.6
    endloop
  endfacet
  facet normal -0 0 1
    outer loop
      vertex 19.8672 54 9.6
      vertex 22.5 53.4902 9.6
      vertex 25.1328 54 9.6
    endloop
  endfacet
  facet normal 0 0 1
    outer loop
      vertex 22.5 53.4902 9.6
      vertex 19.8672 54 9.6
      vertex 22.1801 53.4692 9.6
    endloop
  endfacet
  facet normal 0 0 1
    outer loop
      vertex 19.8672 54 9.6
      vertex 21.5519 53.3023 9.6
      vertex 21.8555 53.4053 9.6
    endloop
  endfacet
  facet normal 0 0 1
    outer loop
      vertex 19.8672 54 9.6
      vertex 21.2595 53.1588 9.6
      vertex 21.547 53.3006 9.6
    endloop
  endfacet
  facet normal 0 0 1
    outer loop
      vertex 19.8672 54 9.6
      vertex 21.2506 53.1537 9.6
      vertex 21.2549 53.1566 9.6
    endloop
  endfacet
  facet normal 0 0 1
    outer loop
      vertex 20.1977 51.9481 9.6
      vertex 18.8045 52.5307 9.6
      vertex 20.0947 51.6445 9.6
    endloop
  endfacet
  facet normal 0 0 1
    outer loop
      vertex 20.1994 51.953 9.6
      vertex 18.8045 52.5307 9.6
      vertex 20.1977 51.9481 9.6
    endloop
  endfacet
  facet normal -0 0 1
    outer loop
      vertex 18.8045 52.5307 9.6
      vertex 20.1994 51.953 9.6
      vertex 19.0359 53 9.6
    endloop
  endfacet
  facet normal 0 0 1
    outer loop
      vertex 20.3412 52.2405 9.6
      vertex 19.0359 53 9.6
      vertex 20.1994 51.953 9.6
    endloop
  endfacet
  facet normal 0 0 1
    outer loop
      vertex 20.3434 52.2451 9.6
      vertex 19.0359 53 9.6
      vertex 20.3412 52.2405 9.6
    endloop
  endfacet
  facet normal 0 0 1
    outer loop
      vertex 20.3463 52.2494 9.6
      vertex 19.0359 53 9.6
      vertex 20.3434 52.2451 9.6
    endloop
  endfacet
  facet normal -0 0 1
    outer loop
      vertex 19.0359 53 9.6
      vertex 20.3463 52.2494 9.6
      vertex 19.3266 53.435 9.6
    endloop
  endfacet
  facet normal 0 0 1
    outer loop
      vertex 20.5244 52.5159 9.6
      vertex 19.3266 53.435 9.6
      vertex 20.3463 52.2494 9.6
    endloop
  endfacet
  facet normal -0 0 1
    outer loop
      vertex 19.3266 53.435 9.6
      vertex 20.5244 52.5159 9.6
      vertex 19.6716 53.8284 9.6
    endloop
  endfacet
  facet normal 0 0 1
    outer loop
      vertex 20.7358 52.757 9.6
      vertex 19.6716 53.8284 9.6
      vertex 20.5244 52.5159 9.6
    endloop
  endfacet
  facet normal 0 0 1
    outer loop
      vertex 20.7392 52.7608 9.6
      vertex 19.6716 53.8284 9.6
      vertex 20.7358 52.757 9.6
    endloop
  endfacet
  facet normal 0 0 1
    outer loop
      vertex 20.743 52.7642 9.6
      vertex 19.6716 53.8284 9.6
      vertex 20.7392 52.7608 9.6
    endloop
  endfacet
  facet normal -0 0 1
    outer loop
      vertex 19.6716 53.8284 9.6
      vertex 20.743 52.7642 9.6
      vertex 19.8672 54 9.6
    endloop
  endfacet
  facet normal 0 0 1
    outer loop
      vertex 20.9841 52.9756 9.6
      vertex 19.8672 54 9.6
      vertex 20.743 52.7642 9.6
    endloop
  endfacet
  facet normal 0 0 1
    outer loop
      vertex 21.2506 53.1537 9.6
      vertex 19.8672 54 9.6
      vertex 20.9841 52.9756 9.6
    endloop
  endfacet
  facet normal 0 0 1
    outer loop
      vertex 21.2595 53.1588 9.6
      vertex 19.8672 54 9.6
      vertex 21.2549 53.1566 9.6
    endloop
  endfacet
  facet normal 0 0 1
    outer loop
      vertex 21.5519 53.3023 9.6
      vertex 19.8672 54 9.6
      vertex 21.547 53.3006 9.6
    endloop
  endfacet
  facet normal 0 0 1
    outer loop
      vertex 22.1699 53.4679 9.6
      vertex 19.8672 54 9.6
      vertex 21.8555 53.4053 9.6
    endloop
  endfacet
  facet normal 0 0 1
    outer loop
      vertex 22.175 53.4689 9.6
      vertex 19.8672 54 9.6
      vertex 22.1699 53.4679 9.6
    endloop
  endfacet
  facet normal 0 0 1
    outer loop
      vertex 22.1801 53.4692 9.6
      vertex 19.8672 54 9.6
      vertex 22.175 53.4689 9.6
    endloop
  endfacet
  facet normal 0 0 1
    outer loop
      vertex 42 56 9.6
      vertex 19.8672 54 9.6
      vertex 25.1328 54 9.6
    endloop
  endfacet
  facet normal -0 0 1
    outer loop
      vertex 3 56 9.6
      vertex 19.8672 54 9.6
      vertex 42 56 9.6
    endloop
  endfacet
  facet normal 0 0 1
    outer loop
      vertex 2 54 9.6
      vertex 3 56 9.6
      vertex 2.60843 55.9743 9.6
    endloop
  endfacet
  facet normal 0 0 1
    outer loop
      vertex 2 54 9.6
      vertex 2.60843 55.9743 9.6
      vertex 2.22354 55.8978 9.6
    endloop
  endfacet
  facet normal 0 0 1
    outer loop
      vertex 3 56 9.6
      vertex 2 54 9.6
      vertex 19.8672 54 9.6
    endloop
  endfacet
  facet normal -0 0 1
    outer loop
      vertex 1.5 55.5981 9.6
      vertex 2 54 9.6
      vertex 1.85194 55.7716 9.6
    endloop
  endfacet
  facet normal -0 0 1
    outer loop
      vertex 1.85194 55.7716 9.6
      vertex 2 54 9.6
      vertex 2.22354 55.8978 9.6
    endloop
  endfacet
  facet normal 0 0 1
    outer loop
      vertex 43.5 0.401917 9.6
      vertex 43 2 9.6
      vertex 43.1481 0.228363 9.6
    endloop
  endfacet
  facet normal 0 0 1
    outer loop
      vertex 43 2 9.6
      vertex 42.7765 0.102219 9.6
      vertex 43.1481 0.228363 9.6
    endloop
  endfacet
  facet normal 0 0 1
    outer loop
      vertex 43 2 9.6
      vertex 42.3916 0.0256653 9.6
      vertex 42.7765 0.102219 9.6
    endloop
  endfacet
  facet normal 0 0 1
    outer loop
      vertex 43 2 9.6
      vertex 42 0 9.6
      vertex 42.3916 0.0256653 9.6
    endloop
  endfacet
  facet normal -0 0 1
    outer loop
      vertex 25.1328 2 9.6
      vertex 42 0 9.6
      vertex 43 2 9.6
    endloop
  endfacet
  facet normal -0 0 1
    outer loop
      vertex 24.8023 4.0519 9.6
      vertex 26.1955 3.46927 9.6
      vertex 24.9053 4.35549 9.6
    endloop
  endfacet
  facet normal -0 0 1
    outer loop
      vertex 24.8006 4.04704 9.6
      vertex 26.1955 3.46927 9.6
      vertex 24.8023 4.0519 9.6
    endloop
  endfacet
  facet normal 0 0 1
    outer loop
      vertex 26.1955 3.46927 9.6
      vertex 24.8006 4.04704 9.6
      vertex 25.9641 3 9.6
    endloop
  endfacet
  facet normal -0 0 1
    outer loop
      vertex 24.6588 3.7595 9.6
      vertex 25.9641 3 9.6
      vertex 24.8006 4.04704 9.6
    endloop
  endfacet
  facet normal -0 0 1
    outer loop
      vertex 24.6566 3.7549 9.6
      vertex 25.9641 3 9.6
      vertex 24.6588 3.7595 9.6
    endloop
  endfacet
  facet normal -0 0 1
    outer loop
      vertex 24.6537 3.75064 9.6
      vertex 25.9641 3 9.6
      vertex 24.6566 3.7549 9.6
    endloop
  endfacet
  facet normal 0 0 1
    outer loop
      vertex 25.9641 3 9.6
      vertex 24.6537 3.75064 9.6
      vertex 25.6734 2.56495 9.6
    endloop
  endfacet
  facet normal -0 0 1
    outer loop
      vertex 24.4756 3.48407 9.6
      vertex 25.6734 2.56495 9.6
      vertex 24.6537 3.75064 9.6
    endloop
  endfacet
  facet normal 0 0 1
    outer loop
      vertex 25.6734 2.56495 9.6
      vertex 24.4756 3.48407 9.6
      vertex 25.3284 2.17157 9.6
    endloop
  endfacet
  facet normal -0 0 1
    outer loop
      vertex 24.2642 3.24302 9.6
      vertex 25.3284 2.17157 9.6
      vertex 24.4756 3.48407 9.6
    endloop
  endfacet
  facet normal -0 0 1
    outer loop
      vertex 24.2608 3.23917 9.6
      vertex 25.3284 2.17157 9.6
      vertex 24.2642 3.24302 9.6
    endloop
  endfacet
  facet normal -0 0 1
    outer loop
      vertex 24.257 3.23578 9.6
      vertex 25.3284 2.17157 9.6
      vertex 24.2608 3.23917 9.6
    endloop
  endfacet
  facet normal 0 0 1
    outer loop
      vertex 25.3284 2.17157 9.6
      vertex 24.257 3.23578 9.6
      vertex 25.1328 2 9.6
    endloop
  endfacet
  facet normal -0 0 1
    outer loop
      vertex 24.0159 3.02439 9.6
      vertex 25.1328 2 9.6
      vertex 24.257 3.23578 9.6
    endloop
  endfacet
  facet normal -0 0 1
    outer loop
      vertex 23.7494 2.84628 9.6
      vertex 25.1328 2 9.6
      vertex 24.0159 3.02439 9.6
    endloop
  endfacet
  facet normal -0 0 1
    outer loop
      vertex 23.7451 2.84343 9.6
      vertex 25.1328 2 9.6
      vertex 23.7494 2.84628 9.6
    endloop
  endfacet
  facet normal -0 0 1
    outer loop
      vertex 23.7405 2.84116 9.6
      vertex 25.1328 2 9.6
      vertex 23.7451 2.84343 9.6
    endloop
  endfacet
  facet normal -0 0 1
    outer loop
      vertex 23.453 2.69936 9.6
      vertex 25.1328 2 9.6
      vertex 23.7405 2.84116 9.6
    endloop
  endfacet
  facet normal -0 0 1
    outer loop
      vertex 23.4481 2.69771 9.6
      vertex 25.1328 2 9.6
      vertex 23.453 2.69936 9.6
    endloop
  endfacet
  facet normal -0 0 1
    outer loop
      vertex 23.1445 2.59466 9.6
      vertex 25.1328 2 9.6
      vertex 23.4481 2.69771 9.6
    endloop
  endfacet
  facet normal -0 0 1
    outer loop
      vertex 22.8301 2.53211 9.6
      vertex 25.1328 2 9.6
      vertex 23.1445 2.59466 9.6
    endloop
  endfacet
  facet normal -0 0 1
    outer loop
      vertex 22.825 2.53111 9.6
      vertex 25.1328 2 9.6
      vertex 22.8301 2.53211 9.6
    endloop
  endfacet
  facet normal -0 0 1
    outer loop
      vertex 22.8199 2.53077 9.6
      vertex 25.1328 2 9.6
      vertex 22.825 2.53111 9.6
    endloop
  endfacet
  facet normal -0 0 1
    outer loop
      vertex 22.5 2.5098 9.6
      vertex 25.1328 2 9.6
      vertex 22.8199 2.53077 9.6
    endloop
  endfacet
  facet normal 0 0 1
    outer loop
      vertex 19.8672 2 9.6
      vertex 22.5 2.5098 9.6
      vertex 22.1801 2.53077 9.6
    endloop
  endfacet
  facet normal 0 0 1
    outer loop
      vertex 19.8672 2 9.6
      vertex 22.1801 2.53077 9.6
      vertex 22.175 2.53111 9.6
    endloop
  endfacet
  facet normal 0 0 1
    outer loop
      vertex 19.8672 2 9.6
      vertex 22.1699 2.53211 9.6
      vertex 21.8555 2.59466 9.6
    endloop
  endfacet
  facet normal 0 0 1
    outer loop
      vertex 19.8672 2 9.6
      vertex 21.5519 2.69771 9.6
      vertex 21.547 2.69936 9.6
    endloop
  endfacet
  facet normal 0 0 1
    outer loop
      vertex 19.8672 2 9.6
      vertex 21.2506 2.84628 9.6
      vertex 20.9841 3.02439 9.6
    endloop
  endfacet
  facet normal 0 0 1
    outer loop
      vertex 19.8672 2 9.6
      vertex 20.0308 4.68008 9.6
      vertex 20.0098 5 9.6
    endloop
  endfacet
  facet normal 0 0 1
    outer loop
      vertex 19.8672 2 9.6
      vertex 20.0311 4.67496 9.6
      vertex 20.0308 4.68008 9.6
    endloop
  endfacet
  facet normal 0 0 1
    outer loop
      vertex 19.8672 2 9.6
      vertex 20.0321 4.66993 9.6
      vertex 20.0311 4.67496 9.6
    endloop
  endfacet
  facet normal 0 0 1
    outer loop
      vertex 19.8672 2 9.6
      vertex 20.0947 4.35549 9.6
      vertex 20.0321 4.66993 9.6
    endloop
  endfacet
  facet normal 0 0 1
    outer loop
      vertex 19.8672 2 9.6
      vertex 20.1977 4.0519 9.6
      vertex 20.0947 4.35549 9.6
    endloop
  endfacet
  facet normal 0 0 1
    outer loop
      vertex 19.8672 2 9.6
      vertex 20.1994 4.04704 9.6
      vertex 20.1977 4.0519 9.6
    endloop
  endfacet
  facet normal 0 0 1
    outer loop
      vertex 19.8672 2 9.6
      vertex 20.3412 3.7595 9.6
      vertex 20.1994 4.04704 9.6
    endloop
  endfacet
  facet normal 0 0 1
    outer loop
      vertex 19.8672 2 9.6
      vertex 20.3434 3.7549 9.6
      vertex 20.3412 3.7595 9.6
    endloop
  endfacet
  facet normal 0 0 1
    outer loop
      vertex 19.8672 2 9.6
      vertex 20.3463 3.75064 9.6
      vertex 20.3434 3.7549 9.6
    endloop
  endfacet
  facet normal 0 0 1
    outer loop
      vertex 19.8672 2 9.6
      vertex 20.5244 3.48407 9.6
      vertex 20.3463 3.75064 9.6
    endloop
  endfacet
  facet normal 0 0 1
    outer loop
      vertex 19.8672 2 9.6
      vertex 20.7358 3.24302 9.6
      vertex 20.5244 3.48407 9.6
    endloop
  endfacet
  facet normal 0 0 1
    outer loop
      vertex 19.8672 2 9.6
      vertex 20.7392 3.23917 9.6
      vertex 20.7358 3.24302 9.6
    endloop
  endfacet
  facet normal 0 0 1
    outer loop
      vertex 19.8672 2 9.6
      vertex 20.743 3.23578 9.6
      vertex 20.7392 3.23917 9.6
    endloop
  endfacet
  facet normal 0 0 1
    outer loop
      vertex 19.8672 2 9.6
      vertex 20.9841 3.02439 9.6
      vertex 20.743 3.23578 9.6
    endloop
  endfacet
  facet normal 0 0 1
    outer loop
      vertex 21.2506 2.84628 9.6
      vertex 19.8672 2 9.6
      vertex 21.2549 2.84343 9.6
    endloop
  endfacet
  facet normal 0 0 1
    outer loop
      vertex 19.8672 2 9.6
      vertex 21.2595 2.84116 9.6
      vertex 21.2549 2.84343 9.6
    endloop
  endfacet
  facet normal 0 0 1
    outer loop
      vertex 19.8672 2 9.6
      vertex 21.547 2.69936 9.6
      vertex 21.2595 2.84116 9.6
    endloop
  endfacet
  facet normal 0 0 1
    outer loop
      vertex 21.5519 2.69771 9.6
      vertex 19.8672 2 9.6
      vertex 21.8555 2.59466 9.6
    endloop
  endfacet
  facet normal 0 0 1
    outer loop
      vertex 22.1699 2.53211 9.6
      vertex 19.8672 2 9.6
      vertex 22.175 2.53111 9.6
    endloop
  endfacet
  facet normal 0 0 1
    outer loop
      vertex 22.5 2.5098 9.6
      vertex 19.8672 2 9.6
      vertex 25.1328 2 9.6
    endloop
  endfacet
  facet normal 0 0 1
    outer loop
      vertex 14 0 9.6
      vertex 25.1328 2 9.6
      vertex 19.8672 2 9.6
    endloop
  endfacet
  facet normal 0 0 1
    outer loop
      vertex 14 0 9.6
      vertex 19.8672 2 9.6
      vertex 14 2 9.6
    endloop
  endfacet
  facet normal 0 0 1
    outer loop
      vertex 25.1328 2 9.6
      vertex 14 0 9.6
      vertex 42 0 9.6
    endloop
  endfacet
  facet normal 0 0 1
    outer loop
      vertex 24.9902 51 9.6
      vertex 26.5 51 9.6
      vertex 26.4658 51.5221 9.6
    endloop
  endfacet
  facet normal 0 0 1
    outer loop
      vertex 24.9692 51.3199 9.6
      vertex 26.4658 51.5221 9.6
      vertex 26.3637 52.0353 9.6
    endloop
  endfacet
  facet normal 0 0 1
    outer loop
      vertex 26.5 51 9.6
      vertex 24.9902 51 9.6
      vertex 26.4658 50.4779 9.6
    endloop
  endfacet
  facet normal 0 0 1
    outer loop
      vertex 24.9692 51.3199 9.6
      vertex 26.3637 52.0353 9.6
      vertex 26.1955 52.5307 9.6
    endloop
  endfacet
  facet normal -0 0 1
    outer loop
      vertex 24.9692 50.6801 9.6
      vertex 26.4658 50.4779 9.6
      vertex 24.9902 51 9.6
    endloop
  endfacet
  facet normal 0 0 1
    outer loop
      vertex 24.9692 51.3199 9.6
      vertex 26.1955 52.5307 9.6
      vertex 25.9641 53 9.6
    endloop
  endfacet
  facet normal -0 0 1
    outer loop
      vertex 24.9689 50.675 9.6
      vertex 26.4658 50.4779 9.6
      vertex 24.9692 50.6801 9.6
    endloop
  endfacet
  facet normal 0 0 1
    outer loop
      vertex 24.9692 51.3199 9.6
      vertex 25.9641 53 9.6
      vertex 25.6734 53.435 9.6
    endloop
  endfacet
  facet normal -0 0 1
    outer loop
      vertex 24.9679 50.6699 9.6
      vertex 26.4658 50.4779 9.6
      vertex 24.9689 50.675 9.6
    endloop
  endfacet
  facet normal 0 0 1
    outer loop
      vertex 24.9692 51.3199 9.6
      vertex 25.6734 53.435 9.6
      vertex 25.3284 53.8284 9.6
    endloop
  endfacet
  facet normal 0 0 1
    outer loop
      vertex 26.4658 50.4779 9.6
      vertex 24.9679 50.6699 9.6
      vertex 26.3637 49.9647 9.6
    endloop
  endfacet
  facet normal 0 0 1
    outer loop
      vertex 24.257 52.7642 9.6
      vertex 25.3284 53.8284 9.6
      vertex 25.1328 54 9.6
    endloop
  endfacet
  facet normal -0 0 1
    outer loop
      vertex 24.9053 50.3555 9.6
      vertex 26.3637 49.9647 9.6
      vertex 24.9679 50.6699 9.6
    endloop
  endfacet
  facet normal 0 0 1
    outer loop
      vertex 26.3637 49.9647 9.6
      vertex 24.9053 50.3555 9.6
      vertex 26.1955 49.4693 9.6
    endloop
  endfacet
  facet normal -0 0 1
    outer loop
      vertex 24.8023 50.0519 9.6
      vertex 26.1955 49.4693 9.6
      vertex 24.9053 50.3555 9.6
    endloop
  endfacet
  facet normal -0 0 1
    outer loop
      vertex 24.8006 50.047 9.6
      vertex 26.1955 49.4693 9.6
      vertex 24.8023 50.0519 9.6
    endloop
  endfacet
  facet normal 0 0 1
    outer loop
      vertex 26.1955 49.4693 9.6
      vertex 24.8006 50.047 9.6
      vertex 25.9641 49 9.6
    endloop
  endfacet
  facet normal -0 0 1
    outer loop
      vertex 24.6588 49.7595 9.6
      vertex 25.9641 49 9.6
      vertex 24.8006 50.047 9.6
    endloop
  endfacet
  facet normal -0 0 1
    outer loop
      vertex 24.6566 49.7549 9.6
      vertex 25.9641 49 9.6
      vertex 24.6588 49.7595 9.6
    endloop
  endfacet
  facet normal -0 0 1
    outer loop
      vertex 24.6537 49.7506 9.6
      vertex 25.9641 49 9.6
      vertex 24.6566 49.7549 9.6
    endloop
  endfacet
  facet normal 0 0 1
    outer loop
      vertex 25.9641 49 9.6
      vertex 24.6537 49.7506 9.6
      vertex 25.6734 48.565 9.6
    endloop
  endfacet
  facet normal -0 0 1
    outer loop
      vertex 24.4756 49.4841 9.6
      vertex 25.6734 48.565 9.6
      vertex 24.6537 49.7506 9.6
    endloop
  endfacet
  facet normal 0 0 1
    outer loop
      vertex 25.6734 48.565 9.6
      vertex 24.4756 49.4841 9.6
      vertex 25.3284 48.1716 9.6
    endloop
  endfacet
  facet normal -0 0 1
    outer loop
      vertex 24.2642 49.243 9.6
      vertex 25.3284 48.1716 9.6
      vertex 24.4756 49.4841 9.6
    endloop
  endfacet
  facet normal -0 0 1
    outer loop
      vertex 24.2608 49.2392 9.6
      vertex 25.3284 48.1716 9.6
      vertex 24.2642 49.243 9.6
    endloop
  endfacet
  facet normal -0 0 1
    outer loop
      vertex 24.257 49.2358 9.6
      vertex 25.3284 48.1716 9.6
      vertex 24.2608 49.2392 9.6
    endloop
  endfacet
  facet normal 0 0 1
    outer loop
      vertex 25.3284 48.1716 9.6
      vertex 24.257 49.2358 9.6
      vertex 24.935 47.8266 9.6
    endloop
  endfacet
  facet normal -0 0 1
    outer loop
      vertex 24.0159 49.0244 9.6
      vertex 24.935 47.8266 9.6
      vertex 24.257 49.2358 9.6
    endloop
  endfacet
  facet normal 0 0 1
    outer loop
      vertex 24.935 47.8266 9.6
      vertex 24.0159 49.0244 9.6
      vertex 24.5 47.5359 9.6
    endloop
  endfacet
  facet normal -0 0 1
    outer loop
      vertex 23.7494 48.8463 9.6
      vertex 24.5 47.5359 9.6
      vertex 24.0159 49.0244 9.6
    endloop
  endfacet
  facet normal -0 0 1
    outer loop
      vertex 23.7451 48.8434 9.6
      vertex 24.5 47.5359 9.6
      vertex 23.7494 48.8463 9.6
    endloop
  endfacet
  facet normal -0 0 1
    outer loop
      vertex 23.7405 48.8412 9.6
      vertex 24.5 47.5359 9.6
      vertex 23.7451 48.8434 9.6
    endloop
  endfacet
  facet normal 0 0 1
    outer loop
      vertex 24.5 47.5359 9.6
      vertex 23.7405 48.8412 9.6
      vertex 24.0307 47.3045 9.6
    endloop
  endfacet
  facet normal -0 0 1
    outer loop
      vertex 23.453 48.6994 9.6
      vertex 24.0307 47.3045 9.6
      vertex 23.7405 48.8412 9.6
    endloop
  endfacet
  facet normal -0 0 1
    outer loop
      vertex 23.4481 48.6977 9.6
      vertex 24.0307 47.3045 9.6
      vertex 23.453 48.6994 9.6
    endloop
  endfacet
  facet normal 0 0 1
    outer loop
      vertex 24.0307 47.3045 9.6
      vertex 23.4481 48.6977 9.6
      vertex 23.5353 47.1363 9.6
    endloop
  endfacet
  facet normal -0 0 1
    outer loop
      vertex 23.1445 48.5947 9.6
      vertex 23.5353 47.1363 9.6
      vertex 23.4481 48.6977 9.6
    endloop
  endfacet
  facet normal 0 0 1
    outer loop
      vertex 23.1445 48.5947 9.6
      vertex 23.0221 47.0342 9.6
      vertex 23.5353 47.1363 9.6
    endloop
  endfacet
  facet normal -0 0 1
    outer loop
      vertex 22.8301 48.5321 9.6
      vertex 23.0221 47.0342 9.6
      vertex 23.1445 48.5947 9.6
    endloop
  endfacet
  facet normal -0 0 1
    outer loop
      vertex 22.825 48.5311 9.6
      vertex 23.0221 47.0342 9.6
      vertex 22.8301 48.5321 9.6
    endloop
  endfacet
  facet normal -0 0 1
    outer loop
      vertex 22.8199 48.5308 9.6
      vertex 23.0221 47.0342 9.6
      vertex 22.825 48.5311 9.6
    endloop
  endfacet
  facet normal -0 0 1
    outer loop
      vertex 22.5 48.5098 9.6
      vertex 23.0221 47.0342 9.6
      vertex 22.8199 48.5308 9.6
    endloop
  endfacet
  facet normal 0 0 1
    outer loop
      vertex 22.5 48.5098 9.6
      vertex 22.5 47 9.6
      vertex 23.0221 47.0342 9.6
    endloop
  endfacet
  facet normal 0 0 1
    outer loop
      vertex 22.1801 48.5308 9.6
      vertex 22.5 47 9.6
      vertex 22.5 48.5098 9.6
    endloop
  endfacet
  facet normal 0 0 1
    outer loop
      vertex 21.9779 47.0342 9.6
      vertex 22.1801 48.5308 9.6
      vertex 22.175 48.5311 9.6
    endloop
  endfacet
  facet normal 0 0 1
    outer loop
      vertex 21.9779 47.0342 9.6
      vertex 22.175 48.5311 9.6
      vertex 22.1699 48.5321 9.6
    endloop
  endfacet
  facet normal 0 0 1
    outer loop
      vertex 22.1801 48.5308 9.6
      vertex 21.9779 47.0342 9.6
      vertex 22.5 47 9.6
    endloop
  endfacet
  facet normal 0 0 1
    outer loop
      vertex 21.8555 48.5947 9.6
      vertex 21.9779 47.0342 9.6
      vertex 22.1699 48.5321 9.6
    endloop
  endfacet
  facet normal 0 0 1
    outer loop
      vertex 21.4647 47.1363 9.6
      vertex 21.8555 48.5947 9.6
      vertex 21.5519 48.6977 9.6
    endloop
  endfacet
  facet normal 0 0 1
    outer loop
      vertex 20.9693 47.3045 9.6
      vertex 21.5519 48.6977 9.6
      vertex 21.547 48.6994 9.6
    endloop
  endfacet
  facet normal 0 0 1
    outer loop
      vertex 21.8555 48.5947 9.6
      vertex 21.4647 47.1363 9.6
      vertex 21.9779 47.0342 9.6
    endloop
  endfacet
  facet normal 0 0 1
    outer loop
      vertex 20.9693 47.3045 9.6
      vertex 21.547 48.6994 9.6
      vertex 21.2595 48.8412 9.6
    endloop
  endfacet
  facet normal 0 0 1
    outer loop
      vertex 20.5 47.5359 9.6
      vertex 21.2595 48.8412 9.6
      vertex 21.2549 48.8434 9.6
    endloop
  endfacet
  facet normal 0 0 1
    outer loop
      vertex 20.5 47.5359 9.6
      vertex 21.2549 48.8434 9.6
      vertex 21.2506 48.8463 9.6
    endloop
  endfacet
  facet normal 0 0 1
    outer loop
      vertex 20.5 47.5359 9.6
      vertex 21.2506 48.8463 9.6
      vertex 20.9841 49.0244 9.6
    endloop
  endfacet
  facet normal 0 0 1
    outer loop
      vertex 21.5519 48.6977 9.6
      vertex 20.9693 47.3045 9.6
      vertex 21.4647 47.1363 9.6
    endloop
  endfacet
  facet normal 0 0 1
    outer loop
      vertex 20.065 47.8266 9.6
      vertex 20.9841 49.0244 9.6
      vertex 20.743 49.2358 9.6
    endloop
  endfacet
  facet normal 0 0 1
    outer loop
      vertex 19.6716 48.1716 9.6
      vertex 20.743 49.2358 9.6
      vertex 20.7392 49.2392 9.6
    endloop
  endfacet
  facet normal 0 0 1
    outer loop
      vertex 19.6716 48.1716 9.6
      vertex 20.7392 49.2392 9.6
      vertex 20.7358 49.243 9.6
    endloop
  endfacet
  facet normal 0 0 1
    outer loop
      vertex 19.6716 48.1716 9.6
      vertex 20.7358 49.243 9.6
      vertex 20.5244 49.4841 9.6
    endloop
  endfacet
  facet normal 0 0 1
    outer loop
      vertex 21.2595 48.8412 9.6
      vertex 20.5 47.5359 9.6
      vertex 20.9693 47.3045 9.6
    endloop
  endfacet
  facet normal 0 0 1
    outer loop
      vertex 19.3266 48.565 9.6
      vertex 20.5244 49.4841 9.6
      vertex 20.3463 49.7506 9.6
    endloop
  endfacet
  facet normal 0 0 1
    outer loop
      vertex 19.0359 49 9.6
      vertex 20.3463 49.7506 9.6
      vertex 20.3434 49.7549 9.6
    endloop
  endfacet
  facet normal 0 0 1
    outer loop
      vertex 19.0359 49 9.6
      vertex 20.3434 49.7549 9.6
      vertex 20.3412 49.7595 9.6
    endloop
  endfacet
  facet normal 0 0 1
    outer loop
      vertex 19.0359 49 9.6
      vertex 20.3412 49.7595 9.6
      vertex 20.1994 50.047 9.6
    endloop
  endfacet
  facet normal 0 0 1
    outer loop
      vertex 18.8045 49.4693 9.6
      vertex 20.1994 50.047 9.6
      vertex 20.1977 50.0519 9.6
    endloop
  endfacet
  facet normal 0 0 1
    outer loop
      vertex 18.8045 49.4693 9.6
      vertex 20.1977 50.0519 9.6
      vertex 20.0947 50.3555 9.6
    endloop
  endfacet
  facet normal 0 0 1
    outer loop
      vertex 20.9841 49.0244 9.6
      vertex 20.065 47.8266 9.6
      vertex 20.5 47.5359 9.6
    endloop
  endfacet
  facet normal 0 0 1
    outer loop
      vertex 18.6363 49.9647 9.6
      vertex 20.0947 50.3555 9.6
      vertex 20.0321 50.6699 9.6
    endloop
  endfacet
  facet normal 0 0 1
    outer loop
      vertex 18.5342 50.4779 9.6
      vertex 20.0321 50.6699 9.6
      vertex 20.0311 50.675 9.6
    endloop
  endfacet
  facet normal 0 0 1
    outer loop
      vertex 18.5342 50.4779 9.6
      vertex 20.0311 50.675 9.6
      vertex 20.0308 50.6801 9.6
    endloop
  endfacet
  facet normal 0 0 1
    outer loop
      vertex 18.5342 50.4779 9.6
      vertex 20.0308 50.6801 9.6
      vertex 20.0098 51 9.6
    endloop
  endfacet
  facet normal -0 0 1
    outer loop
      vertex 18.6363 52.0353 9.6
      vertex 20.0947 51.6445 9.6
      vertex 18.8045 52.5307 9.6
    endloop
  endfacet
  facet normal 0 0 1
    outer loop
      vertex 20.0947 51.6445 9.6
      vertex 18.6363 52.0353 9.6
      vertex 20.0321 51.3301 9.6
    endloop
  endfacet
  facet normal 0 0 1
    outer loop
      vertex 20.743 49.2358 9.6
      vertex 19.6716 48.1716 9.6
      vertex 20.065 47.8266 9.6
    endloop
  endfacet
  facet normal -0 0 1
    outer loop
      vertex 18.5342 51.5221 9.6
      vertex 20.0321 51.3301 9.6
      vertex 18.6363 52.0353 9.6
    endloop
  endfacet
  facet normal 0 0 1
    outer loop
      vertex 20.5244 49.4841 9.6
      vertex 19.3266 48.565 9.6
      vertex 19.6716 48.1716 9.6
    endloop
  endfacet
  facet normal 0 0 1
    outer loop
      vertex 20.0321 51.3301 9.6
      vertex 18.5342 51.5221 9.6
      vertex 20.0311 51.325 9.6
    endloop
  endfacet
  facet normal 0 0 1
    outer loop
      vertex 20.3463 49.7506 9.6
      vertex 19.0359 49 9.6
      vertex 19.3266 48.565 9.6
    endloop
  endfacet
  facet normal 0 0 1
    outer loop
      vertex 20.0311 51.325 9.6
      vertex 18.5342 51.5221 9.6
      vertex 20.0308 51.3199 9.6
    endloop
  endfacet
  facet normal 0 0 1
    outer loop
      vertex 20.1994 50.047 9.6
      vertex 18.8045 49.4693 9.6
      vertex 19.0359 49 9.6
    endloop
  endfacet
  facet normal 0 0 1
    outer loop
      vertex 20.0308 51.3199 9.6
      vertex 18.5342 51.5221 9.6
      vertex 20.0098 51 9.6
    endloop
  endfacet
  facet normal 0 0 1
    outer loop
      vertex 20.0947 50.3555 9.6
      vertex 18.6363 49.9647 9.6
      vertex 18.8045 49.4693 9.6
    endloop
  endfacet
  facet normal 0 0 1
    outer loop
      vertex 18.5 51 9.6
      vertex 20.0098 51 9.6
      vertex 18.5342 51.5221 9.6
    endloop
  endfacet
  facet normal 0 0 1
    outer loop
      vertex 20.0321 50.6699 9.6
      vertex 18.5342 50.4779 9.6
      vertex 18.6363 49.9647 9.6
    endloop
  endfacet
  facet normal 0 0 1
    outer loop
      vertex 20.0098 51 9.6
      vertex 18.5 51 9.6
      vertex 18.5342 50.4779 9.6
    endloop
  endfacet
  facet normal 0 0 1
    outer loop
      vertex 6 2 9.6
      vertex 3 0 9.6
      vertex 6 0 9.6
    endloop
  endfacet
  facet normal -0 0 1
    outer loop
      vertex 2 2 9.6
      vertex 3 0 9.6
      vertex 6 2 9.6
    endloop
  endfacet
  facet normal 0 0 1
    outer loop
      vertex 3 0 9.6
      vertex 2 2 9.6
      vertex 2.60843 0.0256653 9.6
    endloop
  endfacet
  facet normal 0 0 1
    outer loop
      vertex 2.60843 0.0256653 9.6
      vertex 2 2 9.6
      vertex 2.22354 0.102219 9.6
    endloop
  endfacet
  facet normal 0 0 1
    outer loop
      vertex 2 2 9.6
      vertex 1.85194 0.228363 9.6
      vertex 2.22354 0.102219 9.6
    endloop
  endfacet
  facet normal 0 0 1
    outer loop
      vertex 2 54 9.6
      vertex 0 53 9.6
      vertex 2 2 9.6
    endloop
  endfacet
  facet normal -0 0 1
    outer loop
      vertex 1.17372 55.3801 9.6
      vertex 2 54 9.6
      vertex 1.5 55.5981 9.6
    endloop
  endfacet
  facet normal -0 0 1
    outer loop
      vertex 0 3 9.6
      vertex 2 2 9.6
      vertex 0 53 9.6
    endloop
  endfacet
  facet normal -0 0 1
    outer loop
      vertex 0.878677 55.1213 9.6
      vertex 2 54 9.6
      vertex 1.17372 55.3801 9.6
    endloop
  endfacet
  facet normal -0 -0 1
    outer loop
      vertex 0.0256653 2.60843 9.6
      vertex 2 2 9.6
      vertex 0 3 9.6
    endloop
  endfacet
  facet normal -0 0 1
    outer loop
      vertex 0.619934 54.8263 9.6
      vertex 2 54 9.6
      vertex 0.878677 55.1213 9.6
    endloop
  endfacet
  facet normal 0 0 1
    outer loop
      vertex 2 2 9.6
      vertex 1.5 0.401917 9.6
      vertex 1.85194 0.228363 9.6
    endloop
  endfacet
  facet normal -0 0 1
    outer loop
      vertex 0.401917 54.5 9.6
      vertex 2 54 9.6
      vertex 0.619934 54.8263 9.6
    endloop
  endfacet
  facet normal 0 0 1
    outer loop
      vertex 2 2 9.6
      vertex 1.17372 0.619934 9.6
      vertex 1.5 0.401917 9.6
    endloop
  endfacet
  facet normal -0 0 1
    outer loop
      vertex 0.228363 54.1481 9.6
      vertex 2 54 9.6
      vertex 0.401917 54.5 9.6
    endloop
  endfacet
  facet normal 0 0 1
    outer loop
      vertex 2 2 9.6
      vertex 0.878677 0.878677 9.6
      vertex 1.17372 0.619934 9.6
    endloop
  endfacet
  facet normal 0 0 1
    outer loop
      vertex 0.102219 53.7765 9.6
      vertex 2 54 9.6
      vertex 0.228363 54.1481 9.6
    endloop
  endfacet
  facet normal 0 0 1
    outer loop
      vertex 2 2 9.6
      vertex 0.619934 1.17372 9.6
      vertex 0.878677 0.878677 9.6
    endloop
  endfacet
  facet normal 0 0 1
    outer loop
      vertex 0.0256653 53.3916 9.6
      vertex 2 54 9.6
      vertex 0.102219 53.7765 9.6
    endloop
  endfacet
  facet normal 0 0 1
    outer loop
      vertex 2 2 9.6
      vertex 0.401917 1.5 9.6
      vertex 0.619934 1.17372 9.6
    endloop
  endfacet
  facet normal 0 0 1
    outer loop
      vertex 2 54 9.6
      vertex 0.0256653 53.3916 9.6
      vertex 0 53 9.6
    endloop
  endfacet
  facet normal 0 0 1
    outer loop
      vertex 2 2 9.6
      vertex 0.228363 1.85194 9.6
      vertex 0.401917 1.5 9.6
    endloop
  endfacet
  facet normal 0 0 1
    outer loop
      vertex 2 2 9.6
      vertex 0.102219 2.22354 9.6
      vertex 0.228363 1.85194 9.6
    endloop
  endfacet
  facet normal 0 0 1
    outer loop
      vertex 2 2 9.6
      vertex 0.0256653 2.60843 9.6
      vertex 0.102219 2.22354 9.6
    endloop
  endfacet
  facet normal -0.751796 0.659396 0
    outer loop
      vertex 0.619934 54.8263 0
      vertex 0.878677 55.1213 9.6
      vertex 0.878677 55.1213 0
    endloop
  endfacet
  facet normal -0.751796 0.659396 0
    outer loop
      vertex 0.878677 55.1213 9.6
      vertex 0.619934 54.8263 0
      vertex 0.619934 54.8263 9.6
    endloop
  endfacet
  facet normal -0.751843 -0.659342 0
    outer loop
      vertex 0.878677 0.878677 0
      vertex 0.619934 1.17372 9.6
      vertex 0.619934 1.17372 0
    endloop
  endfacet
  facet normal -0.751843 -0.659342 0
    outer loop
      vertex 0.619934 1.17372 9.6
      vertex 0.878677 0.878677 0
      vertex 0.878677 0.878677 9.6
    endloop
  endfacet
  facet normal 0 1 -0
    outer loop
      vertex 42 56 0
      vertex 3 56 9.6
      vertex 42 56 9.6
    endloop
  endfacet
  facet normal 0 1 0
    outer loop
      vertex 3 56 9.6
      vertex 42 56 0
      vertex 3 56 0
    endloop
  endfacet
  facet normal 0.659396 -0.751796 0
    outer loop
      vertex 43.8263 0.619934 0
      vertex 44.1213 0.878677 9.6
      vertex 43.8263 0.619934 9.6
    endloop
  endfacet
  facet normal 0.659396 -0.751796 0
    outer loop
      vertex 44.1213 0.878677 9.6
      vertex 43.8263 0.619934 0
      vertex 44.1213 0.878677 0
    endloop
  endfacet
  facet normal -0.321574 0.946885 0
    outer loop
      vertex 2.22354 55.8978 0
      vertex 1.85194 55.7716 9.6
      vertex 2.22354 55.8978 9.6
    endloop
  endfacet
  facet normal -0.321574 0.946885 0
    outer loop
      vertex 1.85194 55.7716 9.6
      vertex 2.22354 55.8978 0
      vertex 1.85194 55.7716 0
    endloop
  endfacet
  facet normal -0.831481 0.555553 0
    outer loop
      vertex 0.401917 54.5 0
      vertex 0.619934 54.8263 9.6
      vertex 0.619934 54.8263 0
    endloop
  endfacet
  facet normal -0.831481 0.555553 0
    outer loop
      vertex 0.619934 54.8263 9.6
      vertex 0.401917 54.5 0
      vertex 0.401917 54.5 9.6
    endloop
  endfacet
  facet normal -0.980789 0.195072 0
    outer loop
      vertex 0.0256653 53.3916 0
      vertex 0.102219 53.7765 9.6
      vertex 0.102219 53.7765 0
    endloop
  endfacet
  facet normal -0.980789 0.195072 0
    outer loop
      vertex 0.102219 53.7765 9.6
      vertex 0.0256653 53.3916 0
      vertex 0.0256653 53.3916 9.6
    endloop
  endfacet
  facet normal -0.831465 -0.555577 0
    outer loop
      vertex 0.619934 1.17372 0
      vertex 0.401917 1.5 9.6
      vertex 0.401917 1.5 0
    endloop
  endfacet
  facet normal -0.831465 -0.555577 0
    outer loop
      vertex 0.401917 1.5 9.6
      vertex 0.619934 1.17372 0
      vertex 0.619934 1.17372 9.6
    endloop
  endfacet
  facet normal -0.195076 -0.980788 0
    outer loop
      vertex 2.22354 0.102219 0
      vertex 2.60843 0.0256653 9.6
      vertex 2.22354 0.102219 9.6
    endloop
  endfacet
  facet normal -0.195076 -0.980788 -0
    outer loop
      vertex 2.60843 0.0256653 9.6
      vertex 2.22354 0.102219 0
      vertex 2.60843 0.0256653 0
    endloop
  endfacet
  facet normal -0.980788 -0.195076 0
    outer loop
      vertex 0.102219 2.22354 0
      vertex 0.0256653 2.60843 9.6
      vertex 0.0256653 2.60843 0
    endloop
  endfacet
  facet normal -0.980788 -0.195076 0
    outer loop
      vertex 0.0256653 2.60843 9.6
      vertex 0.102219 2.22354 0
      vertex 0.102219 2.22354 9.6
    endloop
  endfacet
  facet normal 0.751724 0.659478 0
    outer loop
      vertex 44.3801 54.8263 9.6
      vertex 44.1213 55.1213 0
      vertex 44.1213 55.1213 9.6
    endloop
  endfacet
  facet normal 0.751724 0.659478 0
    outer loop
      vertex 44.1213 55.1213 0
      vertex 44.3801 54.8263 9.6
      vertex 44.3801 54.8263 0
    endloop
  endfacet
  facet normal -0.194945 0.980814 0
    outer loop
      vertex 2.60843 55.9743 0
      vertex 2.22354 55.8978 9.6
      vertex 2.60843 55.9743 9.6
    endloop
  endfacet
  facet normal -0.194945 0.980814 0
    outer loop
      vertex 2.22354 55.8978 9.6
      vertex 2.60843 55.9743 0
      vertex 2.22354 55.8978 0
    endloop
  endfacet
  facet normal 0.442211 0.896911 -0
    outer loop
      vertex 43.5 55.5981 0
      vertex 43.1481 55.7716 9.6
      vertex 43.5 55.5981 9.6
    endloop
  endfacet
  facet normal 0.442211 0.896911 0
    outer loop
      vertex 43.1481 55.7716 9.6
      vertex 43.5 55.5981 0
      vertex 43.1481 55.7716 0
    endloop
  endfacet
  facet normal 0.997853 0.0654873 0
    outer loop
      vertex 45 53 9.6
      vertex 44.9743 53.3916 0
      vertex 44.9743 53.3916 9.6
    endloop
  endfacet
  facet normal 0.997853 0.0654873 0
    outer loop
      vertex 44.9743 53.3916 0
      vertex 45 53 9.6
      vertex 45 53 0
    endloop
  endfacet
  facet normal -0.946928 -0.321446 0
    outer loop
      vertex 0.228363 1.85194 0
      vertex 0.102219 2.22354 9.6
      vertex 0.102219 2.22354 0
    endloop
  endfacet
  facet normal -0.946928 -0.321446 0
    outer loop
      vertex 0.102219 2.22354 9.6
      vertex 0.228363 1.85194 0
      vertex 0.228363 1.85194 9.6
    endloop
  endfacet
  facet normal -0.659342 -0.751843 0
    outer loop
      vertex 0.878677 0.878677 0
      vertex 1.17372 0.619934 9.6
      vertex 0.878677 0.878677 9.6
    endloop
  endfacet
  facet normal -0.659342 -0.751843 -0
    outer loop
      vertex 1.17372 0.619934 9.6
      vertex 0.878677 0.878677 0
      vertex 1.17372 0.619934 0
    endloop
  endfacet
  facet normal -0.0654043 -0.997859 0
    outer loop
      vertex 2.60843 0.0256653 0
      vertex 3 0 9.6
      vertex 2.60843 0.0256653 9.6
    endloop
  endfacet
  facet normal -0.0654043 -0.997859 -0
    outer loop
      vertex 3 0 9.6
      vertex 2.60843 0.0256653 0
      vertex 3 0 0
    endloop
  endfacet
  facet normal 0.321574 0.946885 -0
    outer loop
      vertex 43.1481 55.7716 0
      vertex 42.7765 55.8978 9.6
      vertex 43.1481 55.7716 9.6
    endloop
  endfacet
  facet normal 0.321574 0.946885 0
    outer loop
      vertex 42.7765 55.8978 9.6
      vertex 43.1481 55.7716 0
      vertex 42.7765 55.8978 0
    endloop
  endfacet
  facet normal -0.321446 -0.946928 0
    outer loop
      vertex 1.85194 0.228363 0
      vertex 2.22354 0.102219 9.6
      vertex 1.85194 0.228363 9.6
    endloop
  endfacet
  facet normal -0.321446 -0.946928 -0
    outer loop
      vertex 2.22354 0.102219 9.6
      vertex 1.85194 0.228363 0
      vertex 2.22354 0.102219 0
    endloop
  endfacet
  facet normal -0.946928 0.321446 0
    outer loop
      vertex 0.102219 53.7765 0
      vertex 0.228363 54.1481 9.6
      vertex 0.228363 54.1481 0
    endloop
  endfacet
  facet normal -0.946928 0.321446 0
    outer loop
      vertex 0.228363 54.1481 9.6
      vertex 0.102219 53.7765 0
      vertex 0.102219 53.7765 9.6
    endloop
  endfacet
  facet normal -0.659424 0.751771 0
    outer loop
      vertex 1.17372 55.3801 0
      vertex 0.878677 55.1213 9.6
      vertex 1.17372 55.3801 9.6
    endloop
  endfacet
  facet normal -0.659424 0.751771 0
    outer loop
      vertex 0.878677 55.1213 9.6
      vertex 1.17372 55.3801 0
      vertex 0.878677 55.1213 0
    endloop
  endfacet
  facet normal -0.555547 0.831485 0
    outer loop
      vertex 1.5 55.5981 0
      vertex 1.17372 55.3801 9.6
      vertex 1.5 55.5981 9.6
    endloop
  endfacet
  facet normal -0.555547 0.831485 0
    outer loop
      vertex 1.17372 55.3801 9.6
      vertex 1.5 55.5981 0
      vertex 1.17372 55.3801 0
    endloop
  endfacet
  facet normal 0.555523 0.831501 -0
    outer loop
      vertex 43.8263 55.3801 0
      vertex 43.5 55.5981 9.6
      vertex 43.8263 55.3801 9.6
    endloop
  endfacet
  facet normal 0.555523 0.831501 0
    outer loop
      vertex 43.5 55.5981 9.6
      vertex 43.8263 55.3801 0
      vertex 43.5 55.5981 0
    endloop
  endfacet
  facet normal 0.751771 -0.659424 0
    outer loop
      vertex 44.1213 0.878677 9.6
      vertex 44.3801 1.17372 0
      vertex 44.3801 1.17372 9.6
    endloop
  endfacet
  facet normal 0.751771 -0.659424 0
    outer loop
      vertex 44.3801 1.17372 0
      vertex 44.1213 0.878677 9.6
      vertex 44.1213 0.878677 0
    endloop
  endfacet
  facet normal 0.896931 -0.442171 0
    outer loop
      vertex 44.5981 1.5 9.6
      vertex 44.7716 1.85194 0
      vertex 44.7716 1.85194 9.6
    endloop
  endfacet
  facet normal 0.896931 -0.442171 0
    outer loop
      vertex 44.7716 1.85194 0
      vertex 44.5981 1.5 9.6
      vertex 44.5981 1.5 0
    endloop
  endfacet
  facet normal -0.997859 -0.0654043 0
    outer loop
      vertex 0.0256653 2.60843 0
      vertex 0 3 9.6
      vertex 0 3 0
    endloop
  endfacet
  facet normal -0.997859 -0.0654043 0
    outer loop
      vertex 0 3 9.6
      vertex 0.0256653 2.60843 0
      vertex 0.0256653 2.60843 9.6
    endloop
  endfacet
  facet normal 0.831485 -0.555547 0
    outer loop
      vertex 44.3801 1.17372 9.6
      vertex 44.5981 1.5 0
      vertex 44.5981 1.5 9.6
    endloop
  endfacet
  facet normal 0.831485 -0.555547 0
    outer loop
      vertex 44.5981 1.5 0
      vertex 44.3801 1.17372 9.6
      vertex 44.3801 1.17372 0
    endloop
  endfacet
  facet normal 0.896911 0.442211 0
    outer loop
      vertex 44.7716 54.1481 9.6
      vertex 44.5981 54.5 0
      vertex 44.5981 54.5 9.6
    endloop
  endfacet
  facet normal 0.896911 0.442211 0
    outer loop
      vertex 44.5981 54.5 0
      vertex 44.7716 54.1481 9.6
      vertex 44.7716 54.1481 0
    endloop
  endfacet
  facet normal 0.0654873 0.997853 -0
    outer loop
      vertex 42.3916 55.9743 0
      vertex 42 56 9.6
      vertex 42.3916 55.9743 9.6
    endloop
  endfacet
  facet normal 0.0654873 0.997853 0
    outer loop
      vertex 42 56 9.6
      vertex 42.3916 55.9743 0
      vertex 42 56 0
    endloop
  endfacet
  facet normal 0.997853 -0.0654923 0
    outer loop
      vertex 44.9743 2.60843 9.6
      vertex 45 3 0
      vertex 45 3 9.6
    endloop
  endfacet
  facet normal 0.997853 -0.0654923 0
    outer loop
      vertex 45 3 0
      vertex 44.9743 2.60843 9.6
      vertex 44.9743 2.60843 0
    endloop
  endfacet
  facet normal 0.442322 -0.896856 0
    outer loop
      vertex 43.1481 0.228363 0
      vertex 43.5 0.401917 9.6
      vertex 43.1481 0.228363 9.6
    endloop
  endfacet
  facet normal 0.442322 -0.896856 0
    outer loop
      vertex 43.5 0.401917 9.6
      vertex 43.1481 0.228363 0
      vertex 43.5 0.401917 0
    endloop
  endfacet
  facet normal 0.555553 -0.831481 0
    outer loop
      vertex 43.5 0.401917 0
      vertex 43.8263 0.619934 9.6
      vertex 43.5 0.401917 9.6
    endloop
  endfacet
  facet normal 0.555553 -0.831481 0
    outer loop
      vertex 43.8263 0.619934 9.6
      vertex 43.5 0.401917 0
      vertex 43.8263 0.619934 0
    endloop
  endfacet
  facet normal -1 0 0
    outer loop
      vertex 43 9.5 2
      vertex 43 2 2
      vertex 43 9.5 5
    endloop
  endfacet
  facet normal -1 0 0
    outer loop
      vertex 43 46.5 5
      vertex 43 54 2
      vertex 43 46.5 2
    endloop
  endfacet
  facet normal -1 0 0
    outer loop
      vertex 43 54 2
      vertex 43 46.5 5
      vertex 43 54 9.6
    endloop
  endfacet
  facet normal -1 0 0
    outer loop
      vertex 43 9.5 5
      vertex 43 54 9.6
      vertex 43 46.5 5
    endloop
  endfacet
  facet normal -1 0 0
    outer loop
      vertex 43 9.5 5
      vertex 43 2 9.6
      vertex 43 54 9.6
    endloop
  endfacet
  facet normal -1 0 0
    outer loop
      vertex 43 2 9.6
      vertex 43 9.5 5
      vertex 43 2 2
    endloop
  endfacet
  facet normal 0 0 1
    outer loop
      vertex 18.5342 5.5221 2
      vertex 15 6 2
      vertex 18.5 5 2
    endloop
  endfacet
  facet normal 0 0 1
    outer loop
      vertex 4.5 46.5 2
      vertex 18.5 51 2
      vertex 18.5342 51.5221 2
    endloop
  endfacet
  facet normal 0 0 1
    outer loop
      vertex 18.5342 50.4779 2
      vertex 4.5 46.5 2
      vertex 15 6 2
    endloop
  endfacet
  facet normal 0 0 1
    outer loop
      vertex 13 6 2
      vertex 7 6 2
      vertex 13 3 2
    endloop
  endfacet
  facet normal -0 0 1
    outer loop
      vertex 4.5 9.5 2
      vertex 15 6 2
      vertex 4.5 46.5 2
    endloop
  endfacet
  facet normal 0 0 1
    outer loop
      vertex 2 54 2
      vertex 18.5342 51.5221 2
      vertex 18.6363 52.0353 2
    endloop
  endfacet
  facet normal 0 0 1
    outer loop
      vertex 13 6 2
      vertex 4.5 9.5 2
      vertex 7 6 2
    endloop
  endfacet
  facet normal 0 0 1
    outer loop
      vertex 7 6 2
      vertex 4.5 9.5 2
      vertex 5 6 2
    endloop
  endfacet
  facet normal 0 0 1
    outer loop
      vertex 15 6 2
      vertex 4.5 9.5 2
      vertex 13 6 2
    endloop
  endfacet
  facet normal 0 0 1
    outer loop
      vertex 2 54 2
      vertex 18.6363 52.0353 2
      vertex 18.8045 52.5307 2
    endloop
  endfacet
  facet normal 0 0 1
    outer loop
      vertex 2 54 2
      vertex 18.8045 52.5307 2
      vertex 19.0359 53 2
    endloop
  endfacet
  facet normal 0 0 1
    outer loop
      vertex 2 54 2
      vertex 19.0359 53 2
      vertex 19.3266 53.435 2
    endloop
  endfacet
  facet normal 0 0 1
    outer loop
      vertex 2 54 2
      vertex 19.3266 53.435 2
      vertex 19.6716 53.8284 2
    endloop
  endfacet
  facet normal -0 0 1
    outer loop
      vertex 2 54 2
      vertex 19.6716 53.8284 2
      vertex 19.8672 54 2
    endloop
  endfacet
  facet normal 0 0 1
    outer loop
      vertex 18.5342 51.5221 2
      vertex 2 54 2
      vertex 4.5 46.5 2
    endloop
  endfacet
  facet normal 0 0 1
    outer loop
      vertex 4.5 46.5 2
      vertex 2 54 2
      vertex 2 46.5 2
    endloop
  endfacet
  facet normal -0 0 1
    outer loop
      vertex 26.1955 49.4693 2
      vertex 40.5 46.5 2
      vertex 26.3637 49.9647 2
    endloop
  endfacet
  facet normal 0 0 1
    outer loop
      vertex 40.5 9.5 2
      vertex 26.4658 5.5221 2
      vertex 26.5 5 2
    endloop
  endfacet
  facet normal -0 0 1
    outer loop
      vertex 25.9641 49 2
      vertex 40.5 46.5 2
      vertex 26.1955 49.4693 2
    endloop
  endfacet
  facet normal 0 0 1
    outer loop
      vertex 40.5 9.5 2
      vertex 26.3637 6.03528 2
      vertex 26.4658 5.5221 2
    endloop
  endfacet
  facet normal -0 0 1
    outer loop
      vertex 25.6734 48.565 2
      vertex 40.5 46.5 2
      vertex 25.9641 49 2
    endloop
  endfacet
  facet normal 0 0 1
    outer loop
      vertex 40.5 9.5 2
      vertex 26.1955 6.53073 2
      vertex 26.3637 6.03528 2
    endloop
  endfacet
  facet normal -0 0 1
    outer loop
      vertex 25.3284 48.1716 2
      vertex 40.5 46.5 2
      vertex 25.6734 48.565 2
    endloop
  endfacet
  facet normal 0 0 1
    outer loop
      vertex 40.5 9.5 2
      vertex 25.9641 7 2
      vertex 26.1955 6.53073 2
    endloop
  endfacet
  facet normal -0 0 1
    outer loop
      vertex 24.935 47.8266 2
      vertex 40.5 46.5 2
      vertex 25.3284 48.1716 2
    endloop
  endfacet
  facet normal 0 0 1
    outer loop
      vertex 40.5 9.5 2
      vertex 25.6734 7.43505 2
      vertex 25.9641 7 2
    endloop
  endfacet
  facet normal -0 0 1
    outer loop
      vertex 24.5 47.5359 2
      vertex 40.5 46.5 2
      vertex 24.935 47.8266 2
    endloop
  endfacet
  facet normal 0 0 1
    outer loop
      vertex 40.5 9.5 2
      vertex 25.3284 7.82843 2
      vertex 25.6734 7.43505 2
    endloop
  endfacet
  facet normal -0 0 1
    outer loop
      vertex 24.0307 47.3045 2
      vertex 40.5 46.5 2
      vertex 24.5 47.5359 2
    endloop
  endfacet
  facet normal 0 0 1
    outer loop
      vertex 40.5 9.5 2
      vertex 24.935 8.17341 2
      vertex 25.3284 7.82843 2
    endloop
  endfacet
  facet normal 0 0 1
    outer loop
      vertex 40.5 46.5 2
      vertex 24.0307 47.3045 2
      vertex 40.5 9.5 2
    endloop
  endfacet
  facet normal 0 0 1
    outer loop
      vertex 40.5 9.5 2
      vertex 24.5 8.4641 2
      vertex 24.935 8.17341 2
    endloop
  endfacet
  facet normal 0 0 1
    outer loop
      vertex 24.0307 8.69552 2
      vertex 40.5 9.5 2
      vertex 24.0307 47.3045 2
    endloop
  endfacet
  facet normal 0 0 1
    outer loop
      vertex 40.5 9.5 2
      vertex 24.0307 8.69552 2
      vertex 24.5 8.4641 2
    endloop
  endfacet
  facet normal -0 0 1
    outer loop
      vertex 23.5353 47.1363 2
      vertex 24.0307 8.69552 2
      vertex 24.0307 47.3045 2
    endloop
  endfacet
  facet normal 0 0 1
    outer loop
      vertex 23.5353 47.1363 2
      vertex 23.5353 8.8637 2
      vertex 24.0307 8.69552 2
    endloop
  endfacet
  facet normal -0 0 1
    outer loop
      vertex 23.0221 47.0342 2
      vertex 23.5353 8.8637 2
      vertex 23.5353 47.1363 2
    endloop
  endfacet
  facet normal 0 0 1
    outer loop
      vertex 23.0221 47.0342 2
      vertex 23.0221 8.96578 2
      vertex 23.5353 8.8637 2
    endloop
  endfacet
  facet normal -0 0 1
    outer loop
      vertex 22.5 47 2
      vertex 23.0221 8.96578 2
      vertex 23.0221 47.0342 2
    endloop
  endfacet
  facet normal 0 0 1
    outer loop
      vertex 22.5 47 2
      vertex 22.5 9 2
      vertex 23.0221 8.96578 2
    endloop
  endfacet
  facet normal 0 0 1
    outer loop
      vertex 21.9779 47.0342 2
      vertex 22.5 9 2
      vertex 22.5 47 2
    endloop
  endfacet
  facet normal 0 0 1
    outer loop
      vertex 21.9779 47.0342 2
      vertex 21.9779 8.96578 2
      vertex 22.5 9 2
    endloop
  endfacet
  facet normal 0 0 1
    outer loop
      vertex 21.4647 47.1363 2
      vertex 21.9779 8.96578 2
      vertex 21.9779 47.0342 2
    endloop
  endfacet
  facet normal 0 0 1
    outer loop
      vertex 21.4647 47.1363 2
      vertex 21.4647 8.8637 2
      vertex 21.9779 8.96578 2
    endloop
  endfacet
  facet normal 0 0 1
    outer loop
      vertex 20.9693 47.3045 2
      vertex 21.4647 8.8637 2
      vertex 21.4647 47.1363 2
    endloop
  endfacet
  facet normal 0 0 1
    outer loop
      vertex 20.9693 47.3045 2
      vertex 20.9693 8.69552 2
      vertex 21.4647 8.8637 2
    endloop
  endfacet
  facet normal 0 0 1
    outer loop
      vertex 20.5 47.5359 2
      vertex 20.9693 8.69552 2
      vertex 20.9693 47.3045 2
    endloop
  endfacet
  facet normal 0 0 1
    outer loop
      vertex 20.5 47.5359 2
      vertex 20.5 8.4641 2
      vertex 20.9693 8.69552 2
    endloop
  endfacet
  facet normal 0 0 1
    outer loop
      vertex 15 6 2
      vertex 20.5 47.5359 2
      vertex 20.065 47.8266 2
    endloop
  endfacet
  facet normal 0 0 1
    outer loop
      vertex 20.5 47.5359 2
      vertex 15 6 2
      vertex 20.5 8.4641 2
    endloop
  endfacet
  facet normal 0 0 1
    outer loop
      vertex 15 6 2
      vertex 20.065 47.8266 2
      vertex 19.6716 48.1716 2
    endloop
  endfacet
  facet normal 0 0 1
    outer loop
      vertex 20.5 8.4641 2
      vertex 15 6 2
      vertex 20.065 8.17341 2
    endloop
  endfacet
  facet normal 0 0 1
    outer loop
      vertex 15 6 2
      vertex 19.6716 48.1716 2
      vertex 19.3266 48.565 2
    endloop
  endfacet
  facet normal 0 0 1
    outer loop
      vertex 20.065 8.17341 2
      vertex 15 6 2
      vertex 19.6716 7.82843 2
    endloop
  endfacet
  facet normal 0 0 1
    outer loop
      vertex 15 6 2
      vertex 19.3266 48.565 2
      vertex 19.0359 49 2
    endloop
  endfacet
  facet normal 0 0 1
    outer loop
      vertex 19.6716 7.82843 2
      vertex 15 6 2
      vertex 19.3266 7.43505 2
    endloop
  endfacet
  facet normal 0 0 1
    outer loop
      vertex 15 6 2
      vertex 19.0359 49 2
      vertex 18.8045 49.4693 2
    endloop
  endfacet
  facet normal 0 0 1
    outer loop
      vertex 19.3266 7.43505 2
      vertex 15 6 2
      vertex 19.0359 7 2
    endloop
  endfacet
  facet normal 0 0 1
    outer loop
      vertex 15 6 2
      vertex 18.8045 49.4693 2
      vertex 18.6363 49.9647 2
    endloop
  endfacet
  facet normal 0 0 1
    outer loop
      vertex 19.0359 7 2
      vertex 15 6 2
      vertex 18.8045 6.53073 2
    endloop
  endfacet
  facet normal 0 0 1
    outer loop
      vertex 15 6 2
      vertex 18.6363 49.9647 2
      vertex 18.5342 50.4779 2
    endloop
  endfacet
  facet normal 0 0 1
    outer loop
      vertex 18.8045 6.53073 2
      vertex 15 6 2
      vertex 18.6363 6.03528 2
    endloop
  endfacet
  facet normal 0 0 1
    outer loop
      vertex 4.5 46.5 2
      vertex 18.5342 50.4779 2
      vertex 18.5 51 2
    endloop
  endfacet
  facet normal 0 0 1
    outer loop
      vertex 18.6363 6.03528 2
      vertex 15 6 2
      vertex 18.5342 5.5221 2
    endloop
  endfacet
  facet normal 0 0 1
    outer loop
      vertex 43 54 2
      vertex 40.5 46.5 2
      vertex 43 46.5 2
    endloop
  endfacet
  facet normal -0 0 1
    outer loop
      vertex 26.4658 50.4779 2
      vertex 40.5 46.5 2
      vertex 26.5 51 2
    endloop
  endfacet
  facet normal -0 0 1
    outer loop
      vertex 26.4658 51.5221 2
      vertex 40.5 46.5 2
      vertex 43 54 2
    endloop
  endfacet
  facet normal 0 0 1
    outer loop
      vertex 40.5 46.5 2
      vertex 26.4658 51.5221 2
      vertex 26.5 51 2
    endloop
  endfacet
  facet normal 0 0 1
    outer loop
      vertex 43 54 2
      vertex 26.3637 52.0353 2
      vertex 26.4658 51.5221 2
    endloop
  endfacet
  facet normal 0 0 1
    outer loop
      vertex 43 54 2
      vertex 26.1955 52.5307 2
      vertex 26.3637 52.0353 2
    endloop
  endfacet
  facet normal 0 0 1
    outer loop
      vertex 43 54 2
      vertex 25.9641 53 2
      vertex 26.1955 52.5307 2
    endloop
  endfacet
  facet normal 0 0 1
    outer loop
      vertex 43 54 2
      vertex 25.6734 53.435 2
      vertex 25.9641 53 2
    endloop
  endfacet
  facet normal 0 0 1
    outer loop
      vertex 43 54 2
      vertex 25.3284 53.8284 2
      vertex 25.6734 53.435 2
    endloop
  endfacet
  facet normal 0 -0 1
    outer loop
      vertex 25.3284 53.8284 2
      vertex 43 54 2
      vertex 25.1328 54 2
    endloop
  endfacet
  facet normal -0 0 1
    outer loop
      vertex 40.5 9.5 2
      vertex 43 2 2
      vertex 43 9.5 2
    endloop
  endfacet
  facet normal -0 0 1
    outer loop
      vertex 26.3637 49.9647 2
      vertex 40.5 46.5 2
      vertex 26.4658 50.4779 2
    endloop
  endfacet
  facet normal 0 0 1
    outer loop
      vertex 26.4658 4.47789 2
      vertex 40.5 9.5 2
      vertex 26.5 5 2
    endloop
  endfacet
  facet normal 0 0 1
    outer loop
      vertex 40.5 9.5 2
      vertex 26.4658 4.47789 2
      vertex 43 2 2
    endloop
  endfacet
  facet normal -0 0 1
    outer loop
      vertex 26.3637 3.96472 2
      vertex 43 2 2
      vertex 26.4658 4.47789 2
    endloop
  endfacet
  facet normal -0 0 1
    outer loop
      vertex 26.1955 3.46927 2
      vertex 43 2 2
      vertex 26.3637 3.96472 2
    endloop
  endfacet
  facet normal -0 0 1
    outer loop
      vertex 25.9641 3 2
      vertex 43 2 2
      vertex 26.1955 3.46927 2
    endloop
  endfacet
  facet normal -0 0 1
    outer loop
      vertex 25.6734 2.56495 2
      vertex 43 2 2
      vertex 25.9641 3 2
    endloop
  endfacet
  facet normal -0 0 1
    outer loop
      vertex 25.3284 2.17157 2
      vertex 43 2 2
      vertex 25.6734 2.56495 2
    endloop
  endfacet
  facet normal 0 0 1
    outer loop
      vertex 43 2 2
      vertex 25.3284 2.17157 2
      vertex 25.1328 2 2
    endloop
  endfacet
  facet normal 0 0 1
    outer loop
      vertex 15 6 2
      vertex 18.5342 4.47789 2
      vertex 18.5 5 2
    endloop
  endfacet
  facet normal 0 0 1
    outer loop
      vertex 15 3 2
      vertex 18.5342 4.47789 2
      vertex 15 6 2
    endloop
  endfacet
  facet normal 0 0 1
    outer loop
      vertex 18.5342 4.47789 2
      vertex 15 3 2
      vertex 18.6363 3.96472 2
    endloop
  endfacet
  facet normal 0 0 1
    outer loop
      vertex 18.6363 3.96472 2
      vertex 15 3 2
      vertex 18.8045 3.46927 2
    endloop
  endfacet
  facet normal 0 0 1
    outer loop
      vertex 18.8045 3.46927 2
      vertex 15 3 2
      vertex 19.0359 3 2
    endloop
  endfacet
  facet normal 0 0 1
    outer loop
      vertex 19.0359 3 2
      vertex 15 3 2
      vertex 19.3266 2.56495 2
    endloop
  endfacet
  facet normal 0 0 1
    outer loop
      vertex 19.3266 2.56495 2
      vertex 15 3 2
      vertex 19.6716 2.17157 2
    endloop
  endfacet
  facet normal 0 0 1
    outer loop
      vertex 19.6716 2.17157 2
      vertex 15 3 2
      vertex 19.8672 2 2
    endloop
  endfacet
  facet normal -0 0 1
    outer loop
      vertex 13 3 2
      vertex 19.8672 2 2
      vertex 15 3 2
    endloop
  endfacet
  facet normal 0 0 1
    outer loop
      vertex 7 3 2
      vertex 13 3 2
      vertex 7 6 2
    endloop
  endfacet
  facet normal 0 0 1
    outer loop
      vertex 2 2 2
      vertex 13 3 2
      vertex 7 3 2
    endloop
  endfacet
  facet normal 0 0 1
    outer loop
      vertex 2 2 2
      vertex 7 3 2
      vertex 5 3 2
    endloop
  endfacet
  facet normal -0 0 1
    outer loop
      vertex 2 9.5 2
      vertex 5 6 2
      vertex 4.5 9.5 2
    endloop
  endfacet
  facet normal 0 0 1
    outer loop
      vertex 2 2 2
      vertex 5 6 2
      vertex 2 9.5 2
    endloop
  endfacet
  facet normal 0 0 1
    outer loop
      vertex 13 3 2
      vertex 2 2 2
      vertex 19.8672 2 2
    endloop
  endfacet
  facet normal 0 0 1
    outer loop
      vertex 5 6 2
      vertex 2 2 2
      vertex 5 3 2
    endloop
  endfacet
  facet normal 1 0 0
    outer loop
      vertex 2 54 9.6
      vertex 2 46.5 5
      vertex 2 54 2
    endloop
  endfacet
  facet normal 1 0 0
    outer loop
      vertex 2 54 9.6
      vertex 2 9.5 5
      vertex 2 46.5 5
    endloop
  endfacet
  facet normal 1 -0 0
    outer loop
      vertex 2 2 9.6
      vertex 2 9.5 5
      vertex 2 54 9.6
    endloop
  endfacet
  facet normal 1 0 0
    outer loop
      vertex 2 2 2
      vertex 2 9.5 5
      vertex 2 2 9.6
    endloop
  endfacet
  facet normal 1 0 0
    outer loop
      vertex 2 9.5 5
      vertex 2 2 2
      vertex 2 9.5 2
    endloop
  endfacet
  facet normal 1 0 0
    outer loop
      vertex 2 54 2
      vertex 2 46.5 5
      vertex 2 46.5 2
    endloop
  endfacet
  facet normal 0 -1 0
    outer loop
      vertex 25.1328 54 2
      vertex 43 54 9.6
      vertex 25.1328 54 9.6
    endloop
  endfacet
  facet normal 0 -1 -0
    outer loop
      vertex 43 54 9.6
      vertex 25.1328 54 2
      vertex 43 54 2
    endloop
  endfacet
  facet normal 0 -1 0
    outer loop
      vertex 2 54 2
      vertex 19.8672 54 9.6
      vertex 2 54 9.6
    endloop
  endfacet
  facet normal 0 -1 -0
    outer loop
      vertex 19.8672 54 9.6
      vertex 2 54 2
      vertex 19.8672 54 2
    endloop
  endfacet
  facet normal 0 1 -0
    outer loop
      vertex 43 2 2
      vertex 25.1328 2 9.6
      vertex 43 2 9.6
    endloop
  endfacet
  facet normal 0 1 0
    outer loop
      vertex 25.1328 2 9.6
      vertex 43 2 2
      vertex 25.1328 2 2
    endloop
  endfacet
  facet normal 0 1 0
    outer loop
      vertex 19.8672 2 9.6
      vertex 13.9658 2 9.0779
      vertex 14 2 9.6
    endloop
  endfacet
  facet normal 0 1 0
    outer loop
      vertex 19.8672 2 9.6
      vertex 13.8637 2 8.56472
      vertex 13.9658 2 9.0779
    endloop
  endfacet
  facet normal 0 1 0
    outer loop
      vertex 19.8672 2 9.6
      vertex 13.6955 2 8.06927
      vertex 13.8637 2 8.56472
    endloop
  endfacet
  facet normal 0 1 0
    outer loop
      vertex 19.8672 2 9.6
      vertex 13.4641 2 7.6
      vertex 13.6955 2 8.06927
    endloop
  endfacet
  facet normal 0 1 -0
    outer loop
      vertex 19.8672 2 2
      vertex 13.4641 2 7.6
      vertex 19.8672 2 9.6
    endloop
  endfacet
  facet normal 0 1 0
    outer loop
      vertex 13.4641 2 7.6
      vertex 19.8672 2 2
      vertex 13.1734 2 7.16495
    endloop
  endfacet
  facet normal 0 1 0
    outer loop
      vertex 13.1734 2 7.16495
      vertex 19.8672 2 2
      vertex 12.8284 2 6.77157
    endloop
  endfacet
  facet normal 0 1 0
    outer loop
      vertex 12.8284 2 6.77157
      vertex 19.8672 2 2
      vertex 12.435 2 6.42659
    endloop
  endfacet
  facet normal 0 1 0
    outer loop
      vertex 12.435 2 6.42659
      vertex 19.8672 2 2
      vertex 12 2 6.1359
    endloop
  endfacet
  facet normal 0 1 0
    outer loop
      vertex 10.5221 2 5.63422
      vertex 19.8672 2 2
      vertex 10 2 5.6
    endloop
  endfacet
  facet normal 0 1 0
    outer loop
      vertex 11.0353 2 5.7363
      vertex 19.8672 2 2
      vertex 10.5221 2 5.63422
    endloop
  endfacet
  facet normal 0 1 0
    outer loop
      vertex 11.5307 2 5.90448
      vertex 19.8672 2 2
      vertex 11.0353 2 5.7363
    endloop
  endfacet
  facet normal 0 1 0
    outer loop
      vertex 12 2 6.1359
      vertex 19.8672 2 2
      vertex 11.5307 2 5.90448
    endloop
  endfacet
  facet normal 0 1 0
    outer loop
      vertex 6.03422 2 9.0779
      vertex 2 2 9.6
      vertex 6 2 9.6
    endloop
  endfacet
  facet normal 0 1 0
    outer loop
      vertex 6.1363 2 8.56472
      vertex 2 2 9.6
      vertex 6.03422 2 9.0779
    endloop
  endfacet
  facet normal 0 1 0
    outer loop
      vertex 6.30448 2 8.06927
      vertex 2 2 9.6
      vertex 6.1363 2 8.56472
    endloop
  endfacet
  facet normal 0 1 0
    outer loop
      vertex 6.5359 2 7.6
      vertex 2 2 9.6
      vertex 6.30448 2 8.06927
    endloop
  endfacet
  facet normal 0 1 0
    outer loop
      vertex 2 2 2
      vertex 6.5359 2 7.6
      vertex 6.82659 2 7.16495
    endloop
  endfacet
  facet normal 0 1 0
    outer loop
      vertex 2 2 2
      vertex 6.82659 2 7.16495
      vertex 7.17157 2 6.77157
    endloop
  endfacet
  facet normal 0 1 0
    outer loop
      vertex 2 2 2
      vertex 7.17157 2 6.77157
      vertex 7.56495 2 6.42659
    endloop
  endfacet
  facet normal 0 1 0
    outer loop
      vertex 2 2 2
      vertex 7.56495 2 6.42659
      vertex 8 2 6.1359
    endloop
  endfacet
  facet normal 0 1 0
    outer loop
      vertex 2 2 2
      vertex 10 2 5.6
      vertex 19.8672 2 2
    endloop
  endfacet
  facet normal 0 1 0
    outer loop
      vertex 10 2 5.6
      vertex 2 2 2
      vertex 9.47789 2 5.63422
    endloop
  endfacet
  facet normal 0 1 0
    outer loop
      vertex 9.47789 2 5.63422
      vertex 2 2 2
      vertex 8.96472 2 5.7363
    endloop
  endfacet
  facet normal 0 1 0
    outer loop
      vertex 6.5359 2 7.6
      vertex 2 2 2
      vertex 2 2 9.6
    endloop
  endfacet
  facet normal 0 1 0
    outer loop
      vertex 8.46927 2 5.90448
      vertex 2 2 2
      vertex 8 2 6.1359
    endloop
  endfacet
  facet normal 0 1 0
    outer loop
      vertex 8.96472 2 5.7363
      vertex 2 2 2
      vertex 8.46927 2 5.90448
    endloop
  endfacet
  facet normal 1 -0 0
    outer loop
      vertex 4.5 9.5 5
      vertex 4.5 46.5 2
      vertex 4.5 46.5 5
    endloop
  endfacet
  facet normal 1 0 0
    outer loop
      vertex 4.5 46.5 2
      vertex 4.5 9.5 5
      vertex 4.5 9.5 2
    endloop
  endfacet
  facet normal -0 0 1
    outer loop
      vertex 2 46.5 5
      vertex 4.5 9.5 5
      vertex 4.5 46.5 5
    endloop
  endfacet
  facet normal 0 0 1
    outer loop
      vertex 4.5 9.5 5
      vertex 2 46.5 5
      vertex 2 9.5 5
    endloop
  endfacet
  facet normal 0 1 -0
    outer loop
      vertex 4.5 46.5 2
      vertex 2 46.5 5
      vertex 4.5 46.5 5
    endloop
  endfacet
  facet normal 0 1 0
    outer loop
      vertex 2 46.5 5
      vertex 4.5 46.5 2
      vertex 2 46.5 2
    endloop
  endfacet
  facet normal 0 -1 0
    outer loop
      vertex 2 9.5 2
      vertex 4.5 9.5 5
      vertex 2 9.5 5
    endloop
  endfacet
  facet normal 0 -1 -0
    outer loop
      vertex 4.5 9.5 5
      vertex 2 9.5 2
      vertex 4.5 9.5 2
    endloop
  endfacet
  facet normal -0 0 1
    outer loop
      vertex 40.5 46.5 5
      vertex 43 9.5 5
      vertex 43 46.5 5
    endloop
  endfacet
  facet normal 0 0 1
    outer loop
      vertex 43 9.5 5
      vertex 40.5 46.5 5
      vertex 40.5 9.5 5
    endloop
  endfacet
  facet normal -1 0 0
    outer loop
      vertex 40.5 9.5 2
      vertex 40.5 46.5 5
      vertex 40.5 46.5 2
    endloop
  endfacet
  facet normal -1 -0 0
    outer loop
      vertex 40.5 46.5 5
      vertex 40.5 9.5 2
      vertex 40.5 9.5 5
    endloop
  endfacet
  facet normal 0 1 -0
    outer loop
      vertex 43 46.5 2
      vertex 40.5 46.5 5
      vertex 43 46.5 5
    endloop
  endfacet
  facet normal 0 1 0
    outer loop
      vertex 40.5 46.5 5
      vertex 43 46.5 2
      vertex 40.5 46.5 2
    endloop
  endfacet
  facet normal 0 -1 0
    outer loop
      vertex 40.5 9.5 2
      vertex 43 9.5 5
      vertex 40.5 9.5 5
    endloop
  endfacet
  facet normal 0 -1 -0
    outer loop
      vertex 43 9.5 5
      vertex 40.5 9.5 2
      vertex 43 9.5 2
    endloop
  endfacet
  facet normal 0.980777 0.195131 0
    outer loop
      vertex 26.4658 5.5221 9.6
      vertex 26.3637 6.03528 2
      vertex 26.3637 6.03528 9.6
    endloop
  endfacet
  facet normal 0.980777 0.195131 0
    outer loop
      vertex 26.3637 6.03528 2
      vertex 26.4658 5.5221 9.6
      vertex 26.4658 5.5221 2
    endloop
  endfacet
  facet normal 0.997861 0.0653646 0
    outer loop
      vertex 26.5 5 9.6
      vertex 26.4658 5.5221 2
      vertex 26.4658 5.5221 9.6
    endloop
  endfacet
  facet normal 0.997861 0.0653646 0
    outer loop
      vertex 26.4658 5.5221 2
      vertex 26.5 5 9.6
      vertex 26.5 5 2
    endloop
  endfacet
  facet normal 0.94692 0.321469 0
    outer loop
      vertex 26.3637 6.03528 9.6
      vertex 26.1955 6.53073 2
      vertex 26.1955 6.53073 9.6
    endloop
  endfacet
  facet normal 0.94692 0.321469 0
    outer loop
      vertex 26.1955 6.53073 2
      vertex 26.3637 6.03528 9.6
      vertex 26.3637 6.03528 2
    endloop
  endfacet
  facet normal 0.321464 0.946922 -0
    outer loop
      vertex 24.0307 8.69552 2
      vertex 23.5353 8.8637 9.6
      vertex 24.0307 8.69552 9.6
    endloop
  endfacet
  facet normal 0.321464 0.946922 0
    outer loop
      vertex 23.5353 8.8637 9.6
      vertex 24.0307 8.69552 2
      vertex 23.5353 8.8637 2
    endloop
  endfacet
  facet normal 0.831462 -0.555582 0
    outer loop
      vertex 25.6734 2.56495 9.6
      vertex 25.9641 3 2
      vertex 25.9641 3 9.6
    endloop
  endfacet
  facet normal 0.831462 -0.555582 0
    outer loop
      vertex 25.9641 3 2
      vertex 25.6734 2.56495 9.6
      vertex 25.6734 2.56495 2
    endloop
  endfacet
  facet normal -0.659321 0.751861 0
    outer loop
      vertex 20.065 8.17341 2
      vertex 19.6716 7.82843 9.6
      vertex 20.065 8.17341 9.6
    endloop
  endfacet
  facet normal -0.659321 0.751861 0
    outer loop
      vertex 19.6716 7.82843 9.6
      vertex 20.065 8.17341 2
      vertex 19.6716 7.82843 2
    endloop
  endfacet
  facet normal 0.195087 0.980786 -0
    outer loop
      vertex 23.5353 8.8637 2
      vertex 23.0221 8.96578 9.6
      vertex 23.5353 8.8637 9.6
    endloop
  endfacet
  facet normal 0.195087 0.980786 0
    outer loop
      vertex 23.0221 8.96578 9.6
      vertex 23.5353 8.8637 2
      vertex 23.0221 8.96578 2
    endloop
  endfacet
  facet normal 0.831462 0.555582 0
    outer loop
      vertex 25.9641 7 9.6
      vertex 25.6734 7.43505 2
      vertex 25.6734 7.43505 9.6
    endloop
  endfacet
  facet normal 0.831462 0.555582 0
    outer loop
      vertex 25.6734 7.43505 2
      vertex 25.9641 7 9.6
      vertex 25.9641 7 2
    endloop
  endfacet
  facet normal 0.896887 0.44226 0
    outer loop
      vertex 26.1955 6.53073 9.6
      vertex 25.9641 7 2
      vertex 25.9641 7 9.6
    endloop
  endfacet
  facet normal 0.896887 0.44226 0
    outer loop
      vertex 25.9641 7 2
      vertex 26.1955 6.53073 9.6
      vertex 26.1955 6.53073 2
    endloop
  endfacet
  facet normal 0.94692 -0.321469 0
    outer loop
      vertex 26.1955 3.46927 9.6
      vertex 26.3637 3.96472 2
      vertex 26.3637 3.96472 9.6
    endloop
  endfacet
  facet normal 0.94692 -0.321469 0
    outer loop
      vertex 26.3637 3.96472 2
      vertex 26.1955 3.46927 9.6
      vertex 26.1955 3.46927 2
    endloop
  endfacet
  facet normal 0.896887 -0.44226 0
    outer loop
      vertex 25.9641 3 9.6
      vertex 26.1955 3.46927 2
      vertex 26.1955 3.46927 9.6
    endloop
  endfacet
  facet normal 0.896887 -0.44226 0
    outer loop
      vertex 26.1955 3.46927 2
      vertex 25.9641 3 9.6
      vertex 25.9641 3 2
    endloop
  endfacet
  facet normal -0.94692 -0.321469 0
    outer loop
      vertex 18.8045 3.46927 2
      vertex 18.6363 3.96472 9.6
      vertex 18.6363 3.96472 2
    endloop
  endfacet
  facet normal -0.94692 -0.321469 0
    outer loop
      vertex 18.6363 3.96472 9.6
      vertex 18.8045 3.46927 2
      vertex 18.8045 3.46927 9.6
    endloop
  endfacet
  facet normal -0.442268 0.896883 0
    outer loop
      vertex 20.9693 8.69552 2
      vertex 20.5 8.4641 9.6
      vertex 20.9693 8.69552 9.6
    endloop
  endfacet
  facet normal -0.442268 0.896883 0
    outer loop
      vertex 20.5 8.4641 9.6
      vertex 20.9693 8.69552 2
      vertex 20.5 8.4641 2
    endloop
  endfacet
  facet normal 0.751826 0.659362 0
    outer loop
      vertex 25.6734 7.43505 9.6
      vertex 25.3284 7.82843 2
      vertex 25.3284 7.82843 9.6
    endloop
  endfacet
  facet normal 0.751826 0.659362 0
    outer loop
      vertex 25.3284 7.82843 2
      vertex 25.6734 7.43505 9.6
      vertex 25.6734 7.43505 2
    endloop
  endfacet
  facet normal -0.321464 0.946922 0
    outer loop
      vertex 21.4647 8.8637 2
      vertex 20.9693 8.69552 9.6
      vertex 21.4647 8.8637 9.6
    endloop
  endfacet
  facet normal -0.321464 0.946922 0
    outer loop
      vertex 20.9693 8.69552 9.6
      vertex 21.4647 8.8637 2
      vertex 20.9693 8.69552 2
    endloop
  endfacet
  facet normal 0.751826 -0.659362 0
    outer loop
      vertex 25.3284 2.17157 9.6
      vertex 25.6734 2.56495 2
      vertex 25.6734 2.56495 9.6
    endloop
  endfacet
  facet normal 0.751826 -0.659362 0
    outer loop
      vertex 25.6734 2.56495 2
      vertex 25.3284 2.17157 9.6
      vertex 25.3284 2.17157 2
    endloop
  endfacet
  facet normal 0.659321 0.751861 -0
    outer loop
      vertex 25.3284 7.82843 2
      vertex 24.935 8.17341 9.6
      vertex 25.3284 7.82843 9.6
    endloop
  endfacet
  facet normal 0.659321 0.751861 0
    outer loop
      vertex 24.935 8.17341 9.6
      vertex 25.3284 7.82843 2
      vertex 24.935 8.17341 2
    endloop
  endfacet
  facet normal -0.195087 0.980786 0
    outer loop
      vertex 21.9779 8.96578 2
      vertex 21.4647 8.8637 9.6
      vertex 21.9779 8.96578 9.6
    endloop
  endfacet
  facet normal -0.195087 0.980786 0
    outer loop
      vertex 21.4647 8.8637 9.6
      vertex 21.9779 8.96578 2
      vertex 21.4647 8.8637 2
    endloop
  endfacet
  facet normal 0.555613 0.831441 -0
    outer loop
      vertex 24.935 8.17341 2
      vertex 24.5 8.4641 9.6
      vertex 24.935 8.17341 9.6
    endloop
  endfacet
  facet normal 0.555613 0.831441 0
    outer loop
      vertex 24.5 8.4641 9.6
      vertex 24.935 8.17341 2
      vertex 24.5 8.4641 2
    endloop
  endfacet
  facet normal 0.997862 -0.0653634 0
    outer loop
      vertex 26.4658 4.47789 9.6
      vertex 26.5 5 2
      vertex 26.5 5 9.6
    endloop
  endfacet
  facet normal 0.997862 -0.0653634 0
    outer loop
      vertex 26.5 5 2
      vertex 26.4658 4.47789 9.6
      vertex 26.4658 4.47789 2
    endloop
  endfacet
  facet normal -0.555613 0.831441 0
    outer loop
      vertex 20.5 8.4641 2
      vertex 20.065 8.17341 9.6
      vertex 20.5 8.4641 9.6
    endloop
  endfacet
  facet normal -0.555613 0.831441 0
    outer loop
      vertex 20.065 8.17341 9.6
      vertex 20.5 8.4641 2
      vertex 20.065 8.17341 2
    endloop
  endfacet
  facet normal -0.896887 -0.44226 0
    outer loop
      vertex 19.0359 3 2
      vertex 18.8045 3.46927 9.6
      vertex 18.8045 3.46927 2
    endloop
  endfacet
  facet normal -0.896887 -0.44226 0
    outer loop
      vertex 18.8045 3.46927 9.6
      vertex 19.0359 3 2
      vertex 19.0359 3 9.6
    endloop
  endfacet
  facet normal -0.896887 0.44226 0
    outer loop
      vertex 18.8045 6.53073 2
      vertex 19.0359 7 9.6
      vertex 19.0359 7 2
    endloop
  endfacet
  facet normal -0.896887 0.44226 0
    outer loop
      vertex 19.0359 7 9.6
      vertex 18.8045 6.53073 2
      vertex 18.8045 6.53073 9.6
    endloop
  endfacet
  facet normal -0.0654027 0.997859 0
    outer loop
      vertex 22.5 9 2
      vertex 21.9779 8.96578 9.6
      vertex 22.5 9 9.6
    endloop
  endfacet
  facet normal -0.0654027 0.997859 0
    outer loop
      vertex 21.9779 8.96578 9.6
      vertex 22.5 9 2
      vertex 21.9779 8.96578 2
    endloop
  endfacet
  facet normal -0.997861 0.0653646 0
    outer loop
      vertex 18.5 5 2
      vertex 18.5342 5.5221 9.6
      vertex 18.5342 5.5221 2
    endloop
  endfacet
  facet normal -0.997861 0.0653646 0
    outer loop
      vertex 18.5342 5.5221 9.6
      vertex 18.5 5 2
      vertex 18.5 5 9.6
    endloop
  endfacet
  facet normal 0.980776 -0.195135 0
    outer loop
      vertex 26.3637 3.96472 9.6
      vertex 26.4658 4.47789 2
      vertex 26.4658 4.47789 9.6
    endloop
  endfacet
  facet normal 0.980776 -0.195135 0
    outer loop
      vertex 26.4658 4.47789 2
      vertex 26.3637 3.96472 9.6
      vertex 26.3637 3.96472 2
    endloop
  endfacet
  facet normal -0.94692 0.321469 0
    outer loop
      vertex 18.6363 6.03528 2
      vertex 18.8045 6.53073 9.6
      vertex 18.8045 6.53073 2
    endloop
  endfacet
  facet normal -0.94692 0.321469 0
    outer loop
      vertex 18.8045 6.53073 9.6
      vertex 18.6363 6.03528 2
      vertex 18.6363 6.03528 9.6
    endloop
  endfacet
  facet normal 0.0654027 0.997859 -0
    outer loop
      vertex 23.0221 8.96578 2
      vertex 22.5 9 9.6
      vertex 23.0221 8.96578 9.6
    endloop
  endfacet
  facet normal 0.0654027 0.997859 0
    outer loop
      vertex 22.5 9 9.6
      vertex 23.0221 8.96578 2
      vertex 22.5 9 2
    endloop
  endfacet
  facet normal -0.831462 -0.555582 0
    outer loop
      vertex 19.3266 2.56495 2
      vertex 19.0359 3 9.6
      vertex 19.0359 3 2
    endloop
  endfacet
  facet normal -0.831462 -0.555582 0
    outer loop
      vertex 19.0359 3 9.6
      vertex 19.3266 2.56495 2
      vertex 19.3266 2.56495 9.6
    endloop
  endfacet
  facet normal -0.751826 0.659362 0
    outer loop
      vertex 19.3266 7.43505 2
      vertex 19.6716 7.82843 9.6
      vertex 19.6716 7.82843 2
    endloop
  endfacet
  facet normal -0.751826 0.659362 0
    outer loop
      vertex 19.6716 7.82843 9.6
      vertex 19.3266 7.43505 2
      vertex 19.3266 7.43505 9.6
    endloop
  endfacet
  facet normal -0.980777 0.195131 0
    outer loop
      vertex 18.5342 5.5221 2
      vertex 18.6363 6.03528 9.6
      vertex 18.6363 6.03528 2
    endloop
  endfacet
  facet normal -0.980777 0.195131 0
    outer loop
      vertex 18.6363 6.03528 9.6
      vertex 18.5342 5.5221 2
      vertex 18.5342 5.5221 9.6
    endloop
  endfacet
  facet normal 0.442268 0.896883 -0
    outer loop
      vertex 24.5 8.4641 2
      vertex 24.0307 8.69552 9.6
      vertex 24.5 8.4641 9.6
    endloop
  endfacet
  facet normal 0.442268 0.896883 0
    outer loop
      vertex 24.0307 8.69552 9.6
      vertex 24.5 8.4641 2
      vertex 24.0307 8.69552 2
    endloop
  endfacet
  facet normal -0.980776 -0.195135 0
    outer loop
      vertex 18.6363 3.96472 2
      vertex 18.5342 4.47789 9.6
      vertex 18.5342 4.47789 2
    endloop
  endfacet
  facet normal -0.980776 -0.195135 0
    outer loop
      vertex 18.5342 4.47789 9.6
      vertex 18.6363 3.96472 2
      vertex 18.6363 3.96472 9.6
    endloop
  endfacet
  facet normal -0.659418 -0.751776 0
    outer loop
      vertex 19.6716 2.17157 2
      vertex 19.8672 2 9.6
      vertex 19.6716 2.17157 9.6
    endloop
  endfacet
  facet normal -0.659418 -0.751776 -0
    outer loop
      vertex 19.8672 2 9.6
      vertex 19.6716 2.17157 2
      vertex 19.8672 2 2
    endloop
  endfacet
  facet normal -0.751826 -0.659362 0
    outer loop
      vertex 19.6716 2.17157 2
      vertex 19.3266 2.56495 9.6
      vertex 19.3266 2.56495 2
    endloop
  endfacet
  facet normal -0.751826 -0.659362 0
    outer loop
      vertex 19.3266 2.56495 9.6
      vertex 19.6716 2.17157 2
      vertex 19.6716 2.17157 9.6
    endloop
  endfacet
  facet normal -0.831462 0.555582 0
    outer loop
      vertex 19.0359 7 2
      vertex 19.3266 7.43505 9.6
      vertex 19.3266 7.43505 2
    endloop
  endfacet
  facet normal -0.831462 0.555582 0
    outer loop
      vertex 19.3266 7.43505 9.6
      vertex 19.0359 7 2
      vertex 19.0359 7 9.6
    endloop
  endfacet
  facet normal -0.997862 -0.0653634 0
    outer loop
      vertex 18.5342 4.47789 2
      vertex 18.5 5 9.6
      vertex 18.5 5 2
    endloop
  endfacet
  facet normal -0.997862 -0.0653634 0
    outer loop
      vertex 18.5 5 9.6
      vertex 18.5342 4.47789 2
      vertex 18.5342 4.47789 9.6
    endloop
  endfacet
  facet normal 0.659418 -0.751776 0
    outer loop
      vertex 25.1328 2 2
      vertex 25.3284 2.17157 9.6
      vertex 25.1328 2 9.6
    endloop
  endfacet
  facet normal 0.659418 -0.751776 0
    outer loop
      vertex 25.3284 2.17157 9.6
      vertex 25.1328 2 2
      vertex 25.3284 2.17157 2
    endloop
  endfacet
  facet normal 0.980779 0.195124 0
    outer loop
      vertex 26.4658 51.5221 9.6
      vertex 26.3637 52.0353 2
      vertex 26.3637 52.0353 9.6
    endloop
  endfacet
  facet normal 0.980779 0.195124 0
    outer loop
      vertex 26.3637 52.0353 2
      vertex 26.4658 51.5221 9.6
      vertex 26.4658 51.5221 2
    endloop
  endfacet
  facet normal 0.997861 0.0653646 0
    outer loop
      vertex 26.5 51 9.6
      vertex 26.4658 51.5221 2
      vertex 26.4658 51.5221 9.6
    endloop
  endfacet
  facet normal 0.997861 0.0653646 0
    outer loop
      vertex 26.4658 51.5221 2
      vertex 26.5 51 9.6
      vertex 26.5 51 2
    endloop
  endfacet
  facet normal 0.94691 0.321498 0
    outer loop
      vertex 26.3637 52.0353 9.6
      vertex 26.1955 52.5307 2
      vertex 26.1955 52.5307 9.6
    endloop
  endfacet
  facet normal 0.94691 0.321498 0
    outer loop
      vertex 26.1955 52.5307 2
      vertex 26.3637 52.0353 9.6
      vertex 26.3637 52.0353 2
    endloop
  endfacet
  facet normal 0.831432 0.555626 0
    outer loop
      vertex 25.9641 53 9.6
      vertex 25.6734 53.435 2
      vertex 25.6734 53.435 9.6
    endloop
  endfacet
  facet normal 0.831432 0.555626 0
    outer loop
      vertex 25.6734 53.435 2
      vertex 25.9641 53 9.6
      vertex 25.9641 53 2
    endloop
  endfacet
  facet normal -0.555626 -0.831432 0
    outer loop
      vertex 20.065 47.8266 2
      vertex 20.5 47.5359 9.6
      vertex 20.065 47.8266 9.6
    endloop
  endfacet
  facet normal -0.555626 -0.831432 -0
    outer loop
      vertex 20.5 47.5359 9.6
      vertex 20.065 47.8266 2
      vertex 20.5 47.5359 2
    endloop
  endfacet
  facet normal -0.896898 0.442238 0
    outer loop
      vertex 18.8045 52.5307 2
      vertex 19.0359 53 9.6
      vertex 19.0359 53 2
    endloop
  endfacet
  facet normal -0.896898 0.442238 0
    outer loop
      vertex 19.0359 53 9.6
      vertex 18.8045 52.5307 2
      vertex 18.8045 52.5307 9.6
    endloop
  endfacet
  facet normal 0.980779 -0.195124 0
    outer loop
      vertex 26.3637 49.9647 9.6
      vertex 26.4658 50.4779 2
      vertex 26.4658 50.4779 9.6
    endloop
  endfacet
  facet normal 0.980779 -0.195124 0
    outer loop
      vertex 26.4658 50.4779 2
      vertex 26.3637 49.9647 9.6
      vertex 26.3637 49.9647 2
    endloop
  endfacet
  facet normal -0.997861 0.0653646 0
    outer loop
      vertex 18.5 51 2
      vertex 18.5342 51.5221 9.6
      vertex 18.5342 51.5221 2
    endloop
  endfacet
  facet normal -0.997861 0.0653646 0
    outer loop
      vertex 18.5342 51.5221 9.6
      vertex 18.5 51 2
      vertex 18.5 51 9.6
    endloop
  endfacet
  facet normal 0.94691 -0.321498 0
    outer loop
      vertex 26.1955 49.4693 9.6
      vertex 26.3637 49.9647 2
      vertex 26.3637 49.9647 9.6
    endloop
  endfacet
  facet normal 0.94691 -0.321498 0
    outer loop
      vertex 26.3637 49.9647 2
      vertex 26.1955 49.4693 9.6
      vertex 26.1955 49.4693 2
    endloop
  endfacet
  facet normal 0.442238 -0.896898 0
    outer loop
      vertex 24.0307 47.3045 2
      vertex 24.5 47.5359 9.6
      vertex 24.0307 47.3045 9.6
    endloop
  endfacet
  facet normal 0.442238 -0.896898 0
    outer loop
      vertex 24.5 47.5359 9.6
      vertex 24.0307 47.3045 2
      vertex 24.5 47.5359 2
    endloop
  endfacet
  facet normal -0.94691 -0.321498 0
    outer loop
      vertex 18.8045 49.4693 2
      vertex 18.6363 49.9647 9.6
      vertex 18.6363 49.9647 2
    endloop
  endfacet
  facet normal -0.94691 -0.321498 0
    outer loop
      vertex 18.6363 49.9647 9.6
      vertex 18.8045 49.4693 2
      vertex 18.8045 49.4693 9.6
    endloop
  endfacet
  facet normal 0.896898 0.442238 0
    outer loop
      vertex 26.1955 52.5307 9.6
      vertex 25.9641 53 2
      vertex 25.9641 53 9.6
    endloop
  endfacet
  facet normal 0.896898 0.442238 0
    outer loop
      vertex 25.9641 53 2
      vertex 26.1955 52.5307 9.6
      vertex 26.1955 52.5307 2
    endloop
  endfacet
  facet normal 0.659484 0.751719 -0
    outer loop
      vertex 25.3284 53.8284 2
      vertex 25.1328 54 9.6
      vertex 25.3284 53.8284 9.6
    endloop
  endfacet
  facet normal 0.659484 0.751719 0
    outer loop
      vertex 25.1328 54 9.6
      vertex 25.3284 53.8284 2
      vertex 25.1328 54 2
    endloop
  endfacet
  facet normal 0.831432 -0.555626 0
    outer loop
      vertex 25.6734 48.565 9.6
      vertex 25.9641 49 2
      vertex 25.9641 49 9.6
    endloop
  endfacet
  facet normal 0.831432 -0.555626 0
    outer loop
      vertex 25.9641 49 2
      vertex 25.6734 48.565 9.6
      vertex 25.6734 48.565 2
    endloop
  endfacet
  facet normal -0.896898 -0.442238 0
    outer loop
      vertex 19.0359 49 2
      vertex 18.8045 49.4693 9.6
      vertex 18.8045 49.4693 2
    endloop
  endfacet
  facet normal -0.896898 -0.442238 0
    outer loop
      vertex 18.8045 49.4693 9.6
      vertex 19.0359 49 2
      vertex 19.0359 49 9.6
    endloop
  endfacet
  facet normal -0.751842 0.659343 0
    outer loop
      vertex 19.3266 53.435 2
      vertex 19.6716 53.8284 9.6
      vertex 19.6716 53.8284 2
    endloop
  endfacet
  facet normal -0.751842 0.659343 0
    outer loop
      vertex 19.6716 53.8284 9.6
      vertex 19.3266 53.435 2
      vertex 19.3266 53.435 9.6
    endloop
  endfacet
  facet normal -0.321498 -0.94691 0
    outer loop
      vertex 20.9693 47.3045 2
      vertex 21.4647 47.1363 9.6
      vertex 20.9693 47.3045 9.6
    endloop
  endfacet
  facet normal -0.321498 -0.94691 -0
    outer loop
      vertex 21.4647 47.1363 9.6
      vertex 20.9693 47.3045 2
      vertex 21.4647 47.1363 2
    endloop
  endfacet
  facet normal 0.751842 0.659343 0
    outer loop
      vertex 25.6734 53.435 9.6
      vertex 25.3284 53.8284 2
      vertex 25.3284 53.8284 9.6
    endloop
  endfacet
  facet normal 0.751842 0.659343 0
    outer loop
      vertex 25.3284 53.8284 2
      vertex 25.6734 53.435 9.6
      vertex 25.6734 53.435 2
    endloop
  endfacet
  facet normal -0.659484 0.751719 0
    outer loop
      vertex 19.8672 54 2
      vertex 19.6716 53.8284 9.6
      vertex 19.8672 54 9.6
    endloop
  endfacet
  facet normal -0.659484 0.751719 0
    outer loop
      vertex 19.6716 53.8284 9.6
      vertex 19.8672 54 2
      vertex 19.6716 53.8284 2
    endloop
  endfacet
  facet normal 0.195124 -0.980779 0
    outer loop
      vertex 23.0221 47.0342 2
      vertex 23.5353 47.1363 9.6
      vertex 23.0221 47.0342 9.6
    endloop
  endfacet
  facet normal 0.195124 -0.980779 0
    outer loop
      vertex 23.5353 47.1363 9.6
      vertex 23.0221 47.0342 2
      vertex 23.5353 47.1363 2
    endloop
  endfacet
  facet normal -0.831432 0.555626 0
    outer loop
      vertex 19.0359 53 2
      vertex 19.3266 53.435 9.6
      vertex 19.3266 53.435 2
    endloop
  endfacet
  facet normal -0.831432 0.555626 0
    outer loop
      vertex 19.3266 53.435 9.6
      vertex 19.0359 53 2
      vertex 19.0359 53 9.6
    endloop
  endfacet
  facet normal 0.997861 -0.0653646 0
    outer loop
      vertex 26.4658 50.4779 9.6
      vertex 26.5 51 2
      vertex 26.5 51 9.6
    endloop
  endfacet
  facet normal 0.997861 -0.0653646 0
    outer loop
      vertex 26.5 51 2
      vertex 26.4658 50.4779 9.6
      vertex 26.4658 50.4779 2
    endloop
  endfacet
  facet normal -0.751842 -0.659343 0
    outer loop
      vertex 19.6716 48.1716 2
      vertex 19.3266 48.565 9.6
      vertex 19.3266 48.565 2
    endloop
  endfacet
  facet normal -0.751842 -0.659343 0
    outer loop
      vertex 19.3266 48.565 9.6
      vertex 19.6716 48.1716 2
      vertex 19.6716 48.1716 9.6
    endloop
  endfacet
  facet normal 0.659343 -0.751842 0
    outer loop
      vertex 24.935 47.8266 2
      vertex 25.3284 48.1716 9.6
      vertex 24.935 47.8266 9.6
    endloop
  endfacet
  facet normal 0.659343 -0.751842 0
    outer loop
      vertex 25.3284 48.1716 9.6
      vertex 24.935 47.8266 2
      vertex 25.3284 48.1716 2
    endloop
  endfacet
  facet normal -0.0653646 -0.997861 0
    outer loop
      vertex 21.9779 47.0342 2
      vertex 22.5 47 9.6
      vertex 21.9779 47.0342 9.6
    endloop
  endfacet
  facet normal -0.0653646 -0.997861 -0
    outer loop
      vertex 22.5 47 9.6
      vertex 21.9779 47.0342 2
      vertex 22.5 47 2
    endloop
  endfacet
  facet normal 0.321498 -0.94691 0
    outer loop
      vertex 23.5353 47.1363 2
      vertex 24.0307 47.3045 9.6
      vertex 23.5353 47.1363 9.6
    endloop
  endfacet
  facet normal 0.321498 -0.94691 0
    outer loop
      vertex 24.0307 47.3045 9.6
      vertex 23.5353 47.1363 2
      vertex 24.0307 47.3045 2
    endloop
  endfacet
  facet normal 0.555626 -0.831432 0
    outer loop
      vertex 24.5 47.5359 2
      vertex 24.935 47.8266 9.6
      vertex 24.5 47.5359 9.6
    endloop
  endfacet
  facet normal 0.555626 -0.831432 0
    outer loop
      vertex 24.935 47.8266 9.6
      vertex 24.5 47.5359 2
      vertex 24.935 47.8266 2
    endloop
  endfacet
  facet normal 0.751842 -0.659343 0
    outer loop
      vertex 25.3284 48.1716 9.6
      vertex 25.6734 48.565 2
      vertex 25.6734 48.565 9.6
    endloop
  endfacet
  facet normal 0.751842 -0.659343 0
    outer loop
      vertex 25.6734 48.565 2
      vertex 25.3284 48.1716 9.6
      vertex 25.3284 48.1716 2
    endloop
  endfacet
  facet normal -0.831432 -0.555626 0
    outer loop
      vertex 19.3266 48.565 2
      vertex 19.0359 49 9.6
      vertex 19.0359 49 2
    endloop
  endfacet
  facet normal -0.831432 -0.555626 0
    outer loop
      vertex 19.0359 49 9.6
      vertex 19.3266 48.565 2
      vertex 19.3266 48.565 9.6
    endloop
  endfacet
  facet normal -0.442238 -0.896898 0
    outer loop
      vertex 20.5 47.5359 2
      vertex 20.9693 47.3045 9.6
      vertex 20.5 47.5359 9.6
    endloop
  endfacet
  facet normal -0.442238 -0.896898 -0
    outer loop
      vertex 20.9693 47.3045 9.6
      vertex 20.5 47.5359 2
      vertex 20.9693 47.3045 2
    endloop
  endfacet
  facet normal 0.896898 -0.442238 0
    outer loop
      vertex 25.9641 49 9.6
      vertex 26.1955 49.4693 2
      vertex 26.1955 49.4693 9.6
    endloop
  endfacet
  facet normal 0.896898 -0.442238 0
    outer loop
      vertex 26.1955 49.4693 2
      vertex 25.9641 49 9.6
      vertex 25.9641 49 2
    endloop
  endfacet
  facet normal -0.980779 0.195124 0
    outer loop
      vertex 18.5342 51.5221 2
      vertex 18.6363 52.0353 9.6
      vertex 18.6363 52.0353 2
    endloop
  endfacet
  facet normal -0.980779 0.195124 0
    outer loop
      vertex 18.6363 52.0353 9.6
      vertex 18.5342 51.5221 2
      vertex 18.5342 51.5221 9.6
    endloop
  endfacet
  facet normal -0.195124 -0.980779 0
    outer loop
      vertex 21.4647 47.1363 2
      vertex 21.9779 47.0342 9.6
      vertex 21.4647 47.1363 9.6
    endloop
  endfacet
  facet normal -0.195124 -0.980779 -0
    outer loop
      vertex 21.9779 47.0342 9.6
      vertex 21.4647 47.1363 2
      vertex 21.9779 47.0342 2
    endloop
  endfacet
  facet normal 0.0653646 -0.997861 0
    outer loop
      vertex 22.5 47 2
      vertex 23.0221 47.0342 9.6
      vertex 22.5 47 9.6
    endloop
  endfacet
  facet normal 0.0653646 -0.997861 0
    outer loop
      vertex 23.0221 47.0342 9.6
      vertex 22.5 47 2
      vertex 23.0221 47.0342 2
    endloop
  endfacet
  facet normal -0.997861 -0.0653646 0
    outer loop
      vertex 18.5342 50.4779 2
      vertex 18.5 51 9.6
      vertex 18.5 51 2
    endloop
  endfacet
  facet normal -0.997861 -0.0653646 0
    outer loop
      vertex 18.5 51 9.6
      vertex 18.5342 50.4779 2
      vertex 18.5342 50.4779 9.6
    endloop
  endfacet
  facet normal -0.980779 -0.195124 0
    outer loop
      vertex 18.6363 49.9647 2
      vertex 18.5342 50.4779 9.6
      vertex 18.5342 50.4779 2
    endloop
  endfacet
  facet normal -0.980779 -0.195124 0
    outer loop
      vertex 18.5342 50.4779 9.6
      vertex 18.6363 49.9647 2
      vertex 18.6363 49.9647 9.6
    endloop
  endfacet
  facet normal -0.659343 -0.751842 0
    outer loop
      vertex 19.6716 48.1716 2
      vertex 20.065 47.8266 9.6
      vertex 19.6716 48.1716 9.6
    endloop
  endfacet
  facet normal -0.659343 -0.751842 -0
    outer loop
      vertex 20.065 47.8266 9.6
      vertex 19.6716 48.1716 2
      vertex 20.065 47.8266 2
    endloop
  endfacet
  facet normal -0.94691 0.321498 0
    outer loop
      vertex 18.6363 52.0353 2
      vertex 18.8045 52.5307 9.6
      vertex 18.8045 52.5307 2
    endloop
  endfacet
  facet normal -0.94691 0.321498 0
    outer loop
      vertex 18.8045 52.5307 9.6
      vertex 18.6363 52.0353 2
      vertex 18.6363 52.0353 9.6
    endloop
  endfacet
  facet normal 1 -0 0
    outer loop
      vertex 7 3 6
      vertex 7 6 2
      vertex 7 6 6
    endloop
  endfacet
  facet normal 1 0 0
    outer loop
      vertex 7 6 2
      vertex 7 3 6
      vertex 7 3 2
    endloop
  endfacet
  facet normal 0 0 1
    outer loop
      vertex 15 6 7.5
      vertex 13.3973 3 7.5
      vertex 15 3 7.5
    endloop
  endfacet
  facet normal 0 0 1
    outer loop
      vertex 15 6 7.5
      vertex 6.60272 3 7.5
      vertex 13.3973 3 7.5
    endloop
  endfacet
  facet normal -0 0 1
    outer loop
      vertex 5 6 7.5
      vertex 6.60272 3 7.5
      vertex 15 6 7.5
    endloop
  endfacet
  facet normal 0 0 1
    outer loop
      vertex 6.60272 3 7.5
      vertex 5 6 7.5
      vertex 5 3 7.5
    endloop
  endfacet
  facet normal -1 0 0
    outer loop
      vertex 5 3 2
      vertex 5 6 7.5
      vertex 5 6 2
    endloop
  endfacet
  facet normal -1 -0 0
    outer loop
      vertex 5 6 7.5
      vertex 5 3 2
      vertex 5 3 7.5
    endloop
  endfacet
  facet normal 0 1 0
    outer loop
      vertex 15 6 7.5
      vertex 13 6 6
      vertex 5 6 7.5
    endloop
  endfacet
  facet normal 0 1 -0
    outer loop
      vertex 15 6 2
      vertex 13 6 6
      vertex 15 6 7.5
    endloop
  endfacet
  facet normal 0 1 0
    outer loop
      vertex 13 6 6
      vertex 15 6 2
      vertex 13 6 2
    endloop
  endfacet
  facet normal 0 1 -0
    outer loop
      vertex 7 6 6
      vertex 5 6 7.5
      vertex 13 6 6
    endloop
  endfacet
  facet normal 0 1 0
    outer loop
      vertex 5 6 2
      vertex 7 6 6
      vertex 7 6 2
    endloop
  endfacet
  facet normal 0 1 0
    outer loop
      vertex 7 6 6
      vertex 5 6 2
      vertex 5 6 7.5
    endloop
  endfacet
  facet normal 0 -1 0
    outer loop
      vertex 5 3 7.5
      vertex 6.82659 3 7.16495
      vertex 6.60272 3 7.5
    endloop
  endfacet
  facet normal 0 -1 0
    outer loop
      vertex 7 3 6
      vertex 6.82659 3 7.16495
      vertex 5 3 7.5
    endloop
  endfacet
  facet normal 0 -1 0
    outer loop
      vertex 6.82659 3 7.16495
      vertex 7 3 6
      vertex 7.17157 3 6.77157
    endloop
  endfacet
  facet normal 0 -1 -0
    outer loop
      vertex 7.17157 3 6.77157
      vertex 7 3 6
      vertex 7.56495 3 6.42659
    endloop
  endfacet
  facet normal 0 -1 -0
    outer loop
      vertex 7.56495 3 6.42659
      vertex 7 3 6
      vertex 8 3 6.1359
    endloop
  endfacet
  facet normal 0 -1 0
    outer loop
      vertex 5 3 2
      vertex 7 3 6
      vertex 5 3 7.5
    endloop
  endfacet
  facet normal 0 -1 -0
    outer loop
      vertex 7 3 6
      vertex 5 3 2
      vertex 7 3 2
    endloop
  endfacet
  facet normal 0 -1 -0
    outer loop
      vertex 8 3 6.1359
      vertex 7 3 6
      vertex 8.27557 3 6
    endloop
  endfacet
  facet normal 0 -1 0
    outer loop
      vertex 13.1734 3 7.16495
      vertex 15 3 7.5
      vertex 13.3973 3 7.5
    endloop
  endfacet
  facet normal 0 -1 0
    outer loop
      vertex 13 3 6
      vertex 13.1734 3 7.16495
      vertex 12.8284 3 6.77157
    endloop
  endfacet
  facet normal 0 -1 0
    outer loop
      vertex 13 3 6
      vertex 12.8284 3 6.77157
      vertex 12.435 3 6.42659
    endloop
  endfacet
  facet normal 0 -1 0
    outer loop
      vertex 13 3 6
      vertex 12.435 3 6.42659
      vertex 12 3 6.1359
    endloop
  endfacet
  facet normal 0 -1 0
    outer loop
      vertex 13 3 6
      vertex 12 3 6.1359
      vertex 11.7244 3 6
    endloop
  endfacet
  facet normal 0 -1 -0
    outer loop
      vertex 13.1734 3 7.16495
      vertex 13 3 6
      vertex 15 3 7.5
    endloop
  endfacet
  facet normal 0 -1 0
    outer loop
      vertex 15 3 2
      vertex 13 3 6
      vertex 13 3 2
    endloop
  endfacet
  facet normal 0 -1 0
    outer loop
      vertex 13 3 6
      vertex 15 3 2
      vertex 15 3 7.5
    endloop
  endfacet
  facet normal 0 -1 0
    outer loop
      vertex 7.17157 3 6.77157
      vertex 6.60272 3 7.5
      vertex 6.82659 3 7.16495
    endloop
  endfacet
  facet normal 0 -1 0
    outer loop
      vertex 8.27557 3 6
      vertex 6.60272 3 7.5
      vertex 7.17157 3 6.77157
    endloop
  endfacet
  facet normal 0 -1 0
    outer loop
      vertex 6.60272 3 7.5
      vertex 8.27557 3 6
      vertex 13.3973 3 7.5
    endloop
  endfacet
  facet normal 0 -1 0
    outer loop
      vertex 13.3973 3 7.5
      vertex 12.8284 3 6.77157
      vertex 13.1734 3 7.16495
    endloop
  endfacet
  facet normal 0 -1 0
    outer loop
      vertex 8.27557 3 6
      vertex 7.17157 3 6.77157
      vertex 7.56495 3 6.42659
    endloop
  endfacet
  facet normal 0 -1 0
    outer loop
      vertex 11.7244 3 6
      vertex 13.3973 3 7.5
      vertex 8.27557 3 6
    endloop
  endfacet
  facet normal 0 -1 0
    outer loop
      vertex 8.27557 3 6
      vertex 7.56495 3 6.42659
      vertex 8 3 6.1359
    endloop
  endfacet
  facet normal 0 -1 0
    outer loop
      vertex 13.3973 3 7.5
      vertex 11.7244 3 6
      vertex 12.8284 3 6.77157
    endloop
  endfacet
  facet normal 0 -1 0
    outer loop
      vertex 12.8284 3 6.77157
      vertex 11.7244 3 6
      vertex 12.435 3 6.42659
    endloop
  endfacet
  facet normal 0 -1 0
    outer loop
      vertex 12.435 3 6.42659
      vertex 11.7244 3 6
      vertex 12 3 6.1359
    endloop
  endfacet
  facet normal 1 -0 0
    outer loop
      vertex 15 3 7.5
      vertex 15 6 2
      vertex 15 6 7.5
    endloop
  endfacet
  facet normal 1 0 0
    outer loop
      vertex 15 6 2
      vertex 15 3 7.5
      vertex 15 3 2
    endloop
  endfacet
  facet normal -1 0 0
    outer loop
      vertex 13 3 2
      vertex 13 6 6
      vertex 13 6 2
    endloop
  endfacet
  facet normal -1 -0 0
    outer loop
      vertex 13 6 6
      vertex 13 3 2
      vertex 13 3 6
    endloop
  endfacet
  facet normal 0 0 -1
    outer loop
      vertex 11.7244 3 6
      vertex 13 6 6
      vertex 13 3 6
    endloop
  endfacet
  facet normal 0 0 -1
    outer loop
      vertex 8.27557 3 6
      vertex 13 6 6
      vertex 11.7244 3 6
    endloop
  endfacet
  facet normal 0 0 -1
    outer loop
      vertex 7 6 6
      vertex 8.27557 3 6
      vertex 7 3 6
    endloop
  endfacet
  facet normal 0 0 -1
    outer loop
      vertex 8.27557 3 6
      vertex 7 6 6
      vertex 13 6 6
    endloop
  endfacet
  facet normal -0.980814 -0.194947 0
    outer loop
      vertex 24.4829 5.26105 1
      vertex 24.4319 5.51764 9.1
      vertex 24.4319 5.51764 1
    endloop
  endfacet
  facet normal -0.980814 -0.194947 0
    outer loop
      vertex 24.4319 5.51764 9.1
      vertex 24.4829 5.26105 1
      vertex 24.4829 5.26105 9.1
    endloop
  endfacet
  facet normal -0.997861 -0.0653646 0
    outer loop
      vertex 24.5 5 1
      vertex 24.4829 5.26105 9.1
      vertex 24.4829 5.26105 1
    endloop
  endfacet
  facet normal -0.997861 -0.0653646 0
    outer loop
      vertex 24.4829 5.26105 9.1
      vertex 24.5 5 1
      vertex 24.5 5 9.1
    endloop
  endfacet
  facet normal -0.0653902 -0.99786 0
    outer loop
      vertex 22.5 7 1
      vertex 22.7611 6.98289 9.1
      vertex 22.5 7 9.1
    endloop
  endfacet
  facet normal -0.0653902 -0.99786 -0
    outer loop
      vertex 22.7611 6.98289 9.1
      vertex 22.5 7 1
      vertex 22.7611 6.98289 1
    endloop
  endfacet
  facet normal 0.19516 -0.980771 0
    outer loop
      vertex 21.9824 6.93185 1
      vertex 22.2389 6.98289 9.1
      vertex 21.9824 6.93185 9.1
    endloop
  endfacet
  facet normal 0.19516 -0.980771 0
    outer loop
      vertex 22.2389 6.98289 9.1
      vertex 21.9824 6.93185 1
      vertex 22.2389 6.98289 1
    endloop
  endfacet
  facet normal -0.5556 0.83145 0
    outer loop
      vertex 23.7175 3.41329 1
      vertex 23.5 3.26795 9.1
      vertex 23.7175 3.41329 9.1
    endloop
  endfacet
  facet normal -0.5556 0.83145 0
    outer loop
      vertex 23.5 3.26795 9.1
      vertex 23.7175 3.41329 1
      vertex 23.5 3.26795 1
    endloop
  endfacet
  facet normal 0.896731 -0.442575 0
    outer loop
      vertex 20.6522 5.76537 9.1
      vertex 20.768 6 1
      vertex 20.768 6 9.1
    endloop
  endfacet
  facet normal 0.896731 -0.442575 0
    outer loop
      vertex 20.768 6 1
      vertex 20.6522 5.76537 9.1
      vertex 20.6522 5.76537 1
    endloop
  endfacet
  facet normal 0.946922 -0.321463 0
    outer loop
      vertex 20.5681 5.51764 9.1
      vertex 20.6522 5.76537 1
      vertex 20.6522 5.76537 9.1
    endloop
  endfacet
  facet normal 0.946922 -0.321463 0
    outer loop
      vertex 20.6522 5.76537 1
      vertex 20.5681 5.51764 9.1
      vertex 20.5681 5.51764 1
    endloop
  endfacet
  facet normal 0.321348 -0.946961 0
    outer loop
      vertex 21.7346 6.84776 1
      vertex 21.9824 6.93185 9.1
      vertex 21.7346 6.84776 9.1
    endloop
  endfacet
  facet normal 0.321348 -0.946961 0
    outer loop
      vertex 21.9824 6.93185 9.1
      vertex 21.7346 6.84776 1
      vertex 21.9824 6.93185 1
    endloop
  endfacet
  facet normal -0.997861 0.0653646 0
    outer loop
      vertex 24.4829 4.73895 1
      vertex 24.5 5 9.1
      vertex 24.5 5 1
    endloop
  endfacet
  facet normal -0.997861 0.0653646 0
    outer loop
      vertex 24.5 5 9.1
      vertex 24.4829 4.73895 1
      vertex 24.4829 4.73895 9.1
    endloop
  endfacet
  facet normal 0.946922 0.321463 0
    outer loop
      vertex 20.6522 4.23463 9.1
      vertex 20.5681 4.48236 1
      vertex 20.5681 4.48236 9.1
    endloop
  endfacet
  facet normal 0.946922 0.321463 0
    outer loop
      vertex 20.5681 4.48236 1
      vertex 20.6522 4.23463 9.1
      vertex 20.6522 4.23463 1
    endloop
  endfacet
  facet normal 0.831544 -0.555459 0
    outer loop
      vertex 20.768 6 9.1
      vertex 20.9133 6.21752 1
      vertex 20.9133 6.21752 9.1
    endloop
  endfacet
  facet normal 0.831544 -0.555459 0
    outer loop
      vertex 20.9133 6.21752 1
      vertex 20.768 6 9.1
      vertex 20.768 6 1
    endloop
  endfacet
  facet normal 0.980814 -0.194947 0
    outer loop
      vertex 20.5171 5.26105 9.1
      vertex 20.5681 5.51764 1
      vertex 20.5681 5.51764 9.1
    endloop
  endfacet
  facet normal 0.980814 -0.194947 0
    outer loop
      vertex 20.5681 5.51764 1
      vertex 20.5171 5.26105 9.1
      vertex 20.5171 5.26105 1
    endloop
  endfacet
  facet normal -0.946922 0.321463 0
    outer loop
      vertex 24.3478 4.23463 1
      vertex 24.4319 4.48236 9.1
      vertex 24.4319 4.48236 1
    endloop
  endfacet
  facet normal -0.946922 0.321463 0
    outer loop
      vertex 24.4319 4.48236 9.1
      vertex 24.3478 4.23463 1
      vertex 24.3478 4.23463 9.1
    endloop
  endfacet
  facet normal -0.659343 0.751842 0
    outer loop
      vertex 23.9142 3.58579 1
      vertex 23.7175 3.41329 9.1
      vertex 23.9142 3.58579 9.1
    endloop
  endfacet
  facet normal -0.659343 0.751842 0
    outer loop
      vertex 23.7175 3.41329 9.1
      vertex 23.9142 3.58579 1
      vertex 23.7175 3.41329 1
    endloop
  endfacet
  facet normal -0.321348 -0.946961 0
    outer loop
      vertex 23.0176 6.93185 1
      vertex 23.2654 6.84776 9.1
      vertex 23.0176 6.93185 9.1
    endloop
  endfacet
  facet normal -0.321348 -0.946961 -0
    outer loop
      vertex 23.2654 6.84776 9.1
      vertex 23.0176 6.93185 1
      vertex 23.2654 6.84776 1
    endloop
  endfacet
  facet normal 0.751826 0.659362 0
    outer loop
      vertex 21.0858 3.58579 9.1
      vertex 20.9133 3.78248 1
      vertex 20.9133 3.78248 9.1
    endloop
  endfacet
  facet normal 0.751826 0.659362 0
    outer loop
      vertex 20.9133 3.78248 1
      vertex 21.0858 3.58579 9.1
      vertex 21.0858 3.58579 1
    endloop
  endfacet
  facet normal 0.659343 -0.751842 0
    outer loop
      vertex 21.0858 6.41421 1
      vertex 21.2825 6.58671 9.1
      vertex 21.0858 6.41421 9.1
    endloop
  endfacet
  facet normal 0.659343 -0.751842 0
    outer loop
      vertex 21.2825 6.58671 9.1
      vertex 21.0858 6.41421 1
      vertex 21.2825 6.58671 1
    endloop
  endfacet
  facet normal 0.997861 -0.0653646 0
    outer loop
      vertex 20.5 5 9.1
      vertex 20.5171 5.26105 1
      vertex 20.5171 5.26105 9.1
    endloop
  endfacet
  facet normal 0.997861 -0.0653646 0
    outer loop
      vertex 20.5171 5.26105 1
      vertex 20.5 5 9.1
      vertex 20.5 5 1
    endloop
  endfacet
  facet normal -0.5556 -0.83145 0
    outer loop
      vertex 23.5 6.73205 1
      vertex 23.7175 6.58671 9.1
      vertex 23.5 6.73205 9.1
    endloop
  endfacet
  facet normal -0.5556 -0.83145 -0
    outer loop
      vertex 23.7175 6.58671 9.1
      vertex 23.5 6.73205 1
      vertex 23.7175 6.58671 1
    endloop
  endfacet
  facet normal -0.831544 0.555459 0
    outer loop
      vertex 24.0867 3.78248 1
      vertex 24.232 4 9.1
      vertex 24.232 4 1
    endloop
  endfacet
  facet normal -0.831544 0.555459 0
    outer loop
      vertex 24.232 4 9.1
      vertex 24.0867 3.78248 1
      vertex 24.0867 3.78248 9.1
    endloop
  endfacet
  facet normal -0.831544 -0.555459 0
    outer loop
      vertex 24.232 6 1
      vertex 24.0867 6.21752 9.1
      vertex 24.0867 6.21752 1
    endloop
  endfacet
  facet normal -0.831544 -0.555459 0
    outer loop
      vertex 24.0867 6.21752 9.1
      vertex 24.232 6 1
      vertex 24.232 6 9.1
    endloop
  endfacet
  facet normal 0.751826 -0.659362 0
    outer loop
      vertex 20.9133 6.21752 9.1
      vertex 21.0858 6.41421 1
      vertex 21.0858 6.41421 9.1
    endloop
  endfacet
  facet normal 0.751826 -0.659362 0
    outer loop
      vertex 21.0858 6.41421 1
      vertex 20.9133 6.21752 9.1
      vertex 20.9133 6.21752 1
    endloop
  endfacet
  facet normal -0.321348 0.946961 0
    outer loop
      vertex 23.2654 3.15224 1
      vertex 23.0176 3.06815 9.1
      vertex 23.2654 3.15224 9.1
    endloop
  endfacet
  facet normal -0.321348 0.946961 0
    outer loop
      vertex 23.0176 3.06815 9.1
      vertex 23.2654 3.15224 1
      vertex 23.0176 3.06815 1
    endloop
  endfacet
  facet normal -0.751826 -0.659362 0
    outer loop
      vertex 24.0867 6.21752 1
      vertex 23.9142 6.41421 9.1
      vertex 23.9142 6.41421 1
    endloop
  endfacet
  facet normal -0.751826 -0.659362 0
    outer loop
      vertex 23.9142 6.41421 9.1
      vertex 24.0867 6.21752 1
      vertex 24.0867 6.21752 9.1
    endloop
  endfacet
  facet normal -0.0653902 0.99786 0
    outer loop
      vertex 22.7611 3.01711 1
      vertex 22.5 3 9.1
      vertex 22.7611 3.01711 9.1
    endloop
  endfacet
  facet normal -0.0653902 0.99786 0
    outer loop
      vertex 22.5 3 9.1
      vertex 22.7611 3.01711 1
      vertex 22.5 3 1
    endloop
  endfacet
  facet normal -0.659343 -0.751842 0
    outer loop
      vertex 23.7175 6.58671 1
      vertex 23.9142 6.41421 9.1
      vertex 23.7175 6.58671 9.1
    endloop
  endfacet
  facet normal -0.659343 -0.751842 -0
    outer loop
      vertex 23.9142 6.41421 9.1
      vertex 23.7175 6.58671 1
      vertex 23.9142 6.41421 1
    endloop
  endfacet
  facet normal 0.997861 0.0653646 0
    outer loop
      vertex 20.5171 4.73895 9.1
      vertex 20.5 5 1
      vertex 20.5 5 9.1
    endloop
  endfacet
  facet normal 0.997861 0.0653646 0
    outer loop
      vertex 20.5 5 1
      vertex 20.5171 4.73895 9.1
      vertex 20.5171 4.73895 1
    endloop
  endfacet
  facet normal 0.659343 0.751842 -0
    outer loop
      vertex 21.2825 3.41329 1
      vertex 21.0858 3.58579 9.1
      vertex 21.2825 3.41329 9.1
    endloop
  endfacet
  facet normal 0.659343 0.751842 0
    outer loop
      vertex 21.0858 3.58579 9.1
      vertex 21.2825 3.41329 1
      vertex 21.0858 3.58579 1
    endloop
  endfacet
  facet normal 0.5556 -0.83145 0
    outer loop
      vertex 21.2825 6.58671 1
      vertex 21.5 6.73205 9.1
      vertex 21.2825 6.58671 9.1
    endloop
  endfacet
  facet normal 0.5556 -0.83145 0
    outer loop
      vertex 21.5 6.73205 9.1
      vertex 21.2825 6.58671 1
      vertex 21.5 6.73205 1
    endloop
  endfacet
  facet normal -0.896731 -0.442575 0
    outer loop
      vertex 24.3478 5.76537 1
      vertex 24.232 6 9.1
      vertex 24.232 6 1
    endloop
  endfacet
  facet normal -0.896731 -0.442575 0
    outer loop
      vertex 24.232 6 9.1
      vertex 24.3478 5.76537 1
      vertex 24.3478 5.76537 9.1
    endloop
  endfacet
  facet normal 0.0653902 0.99786 -0
    outer loop
      vertex 22.5 3 1
      vertex 22.2389 3.01711 9.1
      vertex 22.5 3 9.1
    endloop
  endfacet
  facet normal 0.0653902 0.99786 0
    outer loop
      vertex 22.2389 3.01711 9.1
      vertex 22.5 3 1
      vertex 22.2389 3.01711 1
    endloop
  endfacet
  facet normal -0.19516 0.980771 0
    outer loop
      vertex 23.0176 3.06815 1
      vertex 22.7611 3.01711 9.1
      vertex 23.0176 3.06815 9.1
    endloop
  endfacet
  facet normal -0.19516 0.980771 0
    outer loop
      vertex 22.7611 3.01711 9.1
      vertex 23.0176 3.06815 1
      vertex 22.7611 3.01711 1
    endloop
  endfacet
  facet normal -0.442344 -0.896845 0
    outer loop
      vertex 23.2654 6.84776 1
      vertex 23.5 6.73205 9.1
      vertex 23.2654 6.84776 9.1
    endloop
  endfacet
  facet normal -0.442344 -0.896845 -0
    outer loop
      vertex 23.5 6.73205 9.1
      vertex 23.2654 6.84776 1
      vertex 23.5 6.73205 1
    endloop
  endfacet
  facet normal -0.896731 0.442575 0
    outer loop
      vertex 24.232 4 1
      vertex 24.3478 4.23463 9.1
      vertex 24.3478 4.23463 1
    endloop
  endfacet
  facet normal -0.896731 0.442575 0
    outer loop
      vertex 24.3478 4.23463 9.1
      vertex 24.232 4 1
      vertex 24.232 4 9.1
    endloop
  endfacet
  facet normal -0.980814 0.194947 0
    outer loop
      vertex 24.4319 4.48236 1
      vertex 24.4829 4.73895 9.1
      vertex 24.4829 4.73895 1
    endloop
  endfacet
  facet normal -0.980814 0.194947 0
    outer loop
      vertex 24.4829 4.73895 9.1
      vertex 24.4319 4.48236 1
      vertex 24.4319 4.48236 9.1
    endloop
  endfacet
  facet normal 0.980814 0.194947 0
    outer loop
      vertex 20.5681 4.48236 9.1
      vertex 20.5171 4.73895 1
      vertex 20.5171 4.73895 9.1
    endloop
  endfacet
  facet normal 0.980814 0.194947 0
    outer loop
      vertex 20.5171 4.73895 1
      vertex 20.5681 4.48236 9.1
      vertex 20.5681 4.48236 1
    endloop
  endfacet
  facet normal 0.19516 0.980771 -0
    outer loop
      vertex 22.2389 3.01711 1
      vertex 21.9824 3.06815 9.1
      vertex 22.2389 3.01711 9.1
    endloop
  endfacet
  facet normal 0.19516 0.980771 0
    outer loop
      vertex 21.9824 3.06815 9.1
      vertex 22.2389 3.01711 1
      vertex 21.9824 3.06815 1
    endloop
  endfacet
  facet normal -0.19516 -0.980771 0
    outer loop
      vertex 22.7611 6.98289 1
      vertex 23.0176 6.93185 9.1
      vertex 22.7611 6.98289 9.1
    endloop
  endfacet
  facet normal -0.19516 -0.980771 -0
    outer loop
      vertex 23.0176 6.93185 9.1
      vertex 22.7611 6.98289 1
      vertex 23.0176 6.93185 1
    endloop
  endfacet
  facet normal -0.946922 -0.321463 0
    outer loop
      vertex 24.4319 5.51764 1
      vertex 24.3478 5.76537 9.1
      vertex 24.3478 5.76537 1
    endloop
  endfacet
  facet normal -0.946922 -0.321463 0
    outer loop
      vertex 24.3478 5.76537 9.1
      vertex 24.4319 5.51764 1
      vertex 24.4319 5.51764 9.1
    endloop
  endfacet
  facet normal -0.442344 0.896845 0
    outer loop
      vertex 23.5 3.26795 1
      vertex 23.2654 3.15224 9.1
      vertex 23.5 3.26795 9.1
    endloop
  endfacet
  facet normal -0.442344 0.896845 0
    outer loop
      vertex 23.2654 3.15224 9.1
      vertex 23.5 3.26795 1
      vertex 23.2654 3.15224 1
    endloop
  endfacet
  facet normal -0.751826 0.659362 0
    outer loop
      vertex 23.9142 3.58579 1
      vertex 24.0867 3.78248 9.1
      vertex 24.0867 3.78248 1
    endloop
  endfacet
  facet normal -0.751826 0.659362 0
    outer loop
      vertex 24.0867 3.78248 9.1
      vertex 23.9142 3.58579 1
      vertex 23.9142 3.58579 9.1
    endloop
  endfacet
  facet normal 0.831544 0.555459 0
    outer loop
      vertex 20.9133 3.78248 9.1
      vertex 20.768 4 1
      vertex 20.768 4 9.1
    endloop
  endfacet
  facet normal 0.831544 0.555459 0
    outer loop
      vertex 20.768 4 1
      vertex 20.9133 3.78248 9.1
      vertex 20.9133 3.78248 1
    endloop
  endfacet
  facet normal 0.0653902 -0.99786 0
    outer loop
      vertex 22.2389 6.98289 1
      vertex 22.5 7 9.1
      vertex 22.2389 6.98289 9.1
    endloop
  endfacet
  facet normal 0.0653902 -0.99786 0
    outer loop
      vertex 22.5 7 9.1
      vertex 22.2389 6.98289 1
      vertex 22.5 7 1
    endloop
  endfacet
  facet normal 0.321348 0.946961 -0
    outer loop
      vertex 21.9824 3.06815 1
      vertex 21.7346 3.15224 9.1
      vertex 21.9824 3.06815 9.1
    endloop
  endfacet
  facet normal 0.321348 0.946961 0
    outer loop
      vertex 21.7346 3.15224 9.1
      vertex 21.9824 3.06815 1
      vertex 21.7346 3.15224 1
    endloop
  endfacet
  facet normal 0.442344 -0.896845 0
    outer loop
      vertex 21.5 6.73205 1
      vertex 21.7346 6.84776 9.1
      vertex 21.5 6.73205 9.1
    endloop
  endfacet
  facet normal 0.442344 -0.896845 0
    outer loop
      vertex 21.7346 6.84776 9.1
      vertex 21.5 6.73205 1
      vertex 21.7346 6.84776 1
    endloop
  endfacet
  facet normal 0.442344 0.896845 -0
    outer loop
      vertex 21.7346 3.15224 1
      vertex 21.5 3.26795 9.1
      vertex 21.7346 3.15224 9.1
    endloop
  endfacet
  facet normal 0.442344 0.896845 0
    outer loop
      vertex 21.5 3.26795 9.1
      vertex 21.7346 3.15224 1
      vertex 21.5 3.26795 1
    endloop
  endfacet
  facet normal 0.896731 0.442575 0
    outer loop
      vertex 20.768 4 9.1
      vertex 20.6522 4.23463 1
      vertex 20.6522 4.23463 9.1
    endloop
  endfacet
  facet normal 0.896731 0.442575 0
    outer loop
      vertex 20.6522 4.23463 1
      vertex 20.768 4 9.1
      vertex 20.768 4 1
    endloop
  endfacet
  facet normal 0 0 1
    outer loop
      vertex 24.4829 5.26105 1
      vertex 24.4829 4.73895 1
      vertex 24.5 5 1
    endloop
  endfacet
  facet normal 0 0 1
    outer loop
      vertex 24.4319 5.51764 1
      vertex 24.4829 4.73895 1
      vertex 24.4829 5.26105 1
    endloop
  endfacet
  facet normal 0 0 1
    outer loop
      vertex 24.4319 5.51764 1
      vertex 24.4319 4.48236 1
      vertex 24.4829 4.73895 1
    endloop
  endfacet
  facet normal 0 0 1
    outer loop
      vertex 24.3478 5.76537 1
      vertex 24.4319 4.48236 1
      vertex 24.4319 5.51764 1
    endloop
  endfacet
  facet normal 0 0 1
    outer loop
      vertex 24.3478 5.76537 1
      vertex 24.3478 4.23463 1
      vertex 24.4319 4.48236 1
    endloop
  endfacet
  facet normal 0 0 1
    outer loop
      vertex 24.232 6 1
      vertex 24.3478 4.23463 1
      vertex 24.3478 5.76537 1
    endloop
  endfacet
  facet normal 0 0 1
    outer loop
      vertex 24.232 6 1
      vertex 24.232 4 1
      vertex 24.3478 4.23463 1
    endloop
  endfacet
  facet normal 0 0 1
    outer loop
      vertex 24.0867 6.21752 1
      vertex 24.232 4 1
      vertex 24.232 6 1
    endloop
  endfacet
  facet normal 0 0 1
    outer loop
      vertex 24.0867 6.21752 1
      vertex 24.0867 3.78248 1
      vertex 24.232 4 1
    endloop
  endfacet
  facet normal 0 0 1
    outer loop
      vertex 23.9142 6.41421 1
      vertex 24.0867 3.78248 1
      vertex 24.0867 6.21752 1
    endloop
  endfacet
  facet normal 0 0 1
    outer loop
      vertex 23.9142 6.41421 1
      vertex 23.9142 3.58579 1
      vertex 24.0867 3.78248 1
    endloop
  endfacet
  facet normal 0 0 1
    outer loop
      vertex 23.7175 6.58671 1
      vertex 23.9142 3.58579 1
      vertex 23.9142 6.41421 1
    endloop
  endfacet
  facet normal 0 0 1
    outer loop
      vertex 23.7175 6.58671 1
      vertex 23.7175 3.41329 1
      vertex 23.9142 3.58579 1
    endloop
  endfacet
  facet normal 0 0 1
    outer loop
      vertex 23.5 6.73205 1
      vertex 23.7175 3.41329 1
      vertex 23.7175 6.58671 1
    endloop
  endfacet
  facet normal 0 0 1
    outer loop
      vertex 23.5 6.73205 1
      vertex 23.5 3.26795 1
      vertex 23.7175 3.41329 1
    endloop
  endfacet
  facet normal 0 0 1
    outer loop
      vertex 23.2654 6.84776 1
      vertex 23.5 3.26795 1
      vertex 23.5 6.73205 1
    endloop
  endfacet
  facet normal 0 0 1
    outer loop
      vertex 23.2654 6.84776 1
      vertex 23.2654 3.15224 1
      vertex 23.5 3.26795 1
    endloop
  endfacet
  facet normal 0 0 1
    outer loop
      vertex 23.0176 6.93185 1
      vertex 23.2654 3.15224 1
      vertex 23.2654 6.84776 1
    endloop
  endfacet
  facet normal 0 0 1
    outer loop
      vertex 23.0176 6.93185 1
      vertex 23.0176 3.06815 1
      vertex 23.2654 3.15224 1
    endloop
  endfacet
  facet normal 0 0 1
    outer loop
      vertex 22.7611 6.98289 1
      vertex 23.0176 3.06815 1
      vertex 23.0176 6.93185 1
    endloop
  endfacet
  facet normal 0 0 1
    outer loop
      vertex 22.7611 6.98289 1
      vertex 22.7611 3.01711 1
      vertex 23.0176 3.06815 1
    endloop
  endfacet
  facet normal 0 0 1
    outer loop
      vertex 22.5 7 1
      vertex 22.7611 3.01711 1
      vertex 22.7611 6.98289 1
    endloop
  endfacet
  facet normal 0 0 1
    outer loop
      vertex 22.5 7 1
      vertex 22.5 3 1
      vertex 22.7611 3.01711 1
    endloop
  endfacet
  facet normal -0 0 1
    outer loop
      vertex 22.2389 6.98289 1
      vertex 22.5 3 1
      vertex 22.5 7 1
    endloop
  endfacet
  facet normal 0 0 1
    outer loop
      vertex 22.2389 6.98289 1
      vertex 22.2389 3.01711 1
      vertex 22.5 3 1
    endloop
  endfacet
  facet normal -0 0 1
    outer loop
      vertex 21.9824 6.93185 1
      vertex 22.2389 3.01711 1
      vertex 22.2389 6.98289 1
    endloop
  endfacet
  facet normal 0 0 1
    outer loop
      vertex 21.9824 6.93185 1
      vertex 21.9824 3.06815 1
      vertex 22.2389 3.01711 1
    endloop
  endfacet
  facet normal -0 0 1
    outer loop
      vertex 21.7346 6.84776 1
      vertex 21.9824 3.06815 1
      vertex 21.9824 6.93185 1
    endloop
  endfacet
  facet normal 0 0 1
    outer loop
      vertex 21.7346 6.84776 1
      vertex 21.7346 3.15224 1
      vertex 21.9824 3.06815 1
    endloop
  endfacet
  facet normal -0 0 1
    outer loop
      vertex 21.5 6.73205 1
      vertex 21.7346 3.15224 1
      vertex 21.7346 6.84776 1
    endloop
  endfacet
  facet normal 0 0 1
    outer loop
      vertex 21.5 6.73205 1
      vertex 21.5 3.26795 1
      vertex 21.7346 3.15224 1
    endloop
  endfacet
  facet normal -0 0 1
    outer loop
      vertex 21.2825 6.58671 1
      vertex 21.5 3.26795 1
      vertex 21.5 6.73205 1
    endloop
  endfacet
  facet normal 0 0 1
    outer loop
      vertex 21.2825 6.58671 1
      vertex 21.2825 3.41329 1
      vertex 21.5 3.26795 1
    endloop
  endfacet
  facet normal -0 0 1
    outer loop
      vertex 21.0858 6.41421 1
      vertex 21.2825 3.41329 1
      vertex 21.2825 6.58671 1
    endloop
  endfacet
  facet normal 0 0 1
    outer loop
      vertex 21.0858 6.41421 1
      vertex 21.0858 3.58579 1
      vertex 21.2825 3.41329 1
    endloop
  endfacet
  facet normal -0 0 1
    outer loop
      vertex 20.9133 6.21752 1
      vertex 21.0858 3.58579 1
      vertex 21.0858 6.41421 1
    endloop
  endfacet
  facet normal 0 0 1
    outer loop
      vertex 20.9133 6.21752 1
      vertex 20.9133 3.78248 1
      vertex 21.0858 3.58579 1
    endloop
  endfacet
  facet normal -0 0 1
    outer loop
      vertex 20.768 6 1
      vertex 20.9133 3.78248 1
      vertex 20.9133 6.21752 1
    endloop
  endfacet
  facet normal 0 0 1
    outer loop
      vertex 20.768 6 1
      vertex 20.768 4 1
      vertex 20.9133 3.78248 1
    endloop
  endfacet
  facet normal -0 0 1
    outer loop
      vertex 20.6522 5.76537 1
      vertex 20.768 4 1
      vertex 20.768 6 1
    endloop
  endfacet
  facet normal 0 0 1
    outer loop
      vertex 20.6522 5.76537 1
      vertex 20.6522 4.23463 1
      vertex 20.768 4 1
    endloop
  endfacet
  facet normal -0 0 1
    outer loop
      vertex 20.5681 5.51764 1
      vertex 20.6522 4.23463 1
      vertex 20.6522 5.76537 1
    endloop
  endfacet
  facet normal 0 0 1
    outer loop
      vertex 20.5681 5.51764 1
      vertex 20.5681 4.48236 1
      vertex 20.6522 4.23463 1
    endloop
  endfacet
  facet normal -0 0 1
    outer loop
      vertex 20.5171 5.26105 1
      vertex 20.5681 4.48236 1
      vertex 20.5681 5.51764 1
    endloop
  endfacet
  facet normal 0 0 1
    outer loop
      vertex 20.5171 5.26105 1
      vertex 20.5171 4.73895 1
      vertex 20.5681 4.48236 1
    endloop
  endfacet
  facet normal 0 -0 1
    outer loop
      vertex 20.5171 4.73895 1
      vertex 20.5171 5.26105 1
      vertex 20.5 5 1
    endloop
  endfacet
  facet normal 0.5556 0.83145 -0
    outer loop
      vertex 21.5 3.26795 1
      vertex 21.2825 3.41329 9.1
      vertex 21.5 3.26795 9.1
    endloop
  endfacet
  facet normal 0.5556 0.83145 0
    outer loop
      vertex 21.2825 3.41329 9.1
      vertex 21.5 3.26795 1
      vertex 21.2825 3.41329 1
    endloop
  endfacet
  facet normal 0.7011 -0.139384 0.699308
    outer loop
      vertex 20.5171 5.26105 9.1
      vertex 20.0321 5.33007 9.6
      vertex 20.0311 5.32504 9.6
    endloop
  endfacet
  facet normal 0.701105 -0.139352 0.699308
    outer loop
      vertex 20.0321 5.33007 9.6
      vertex 20.5171 5.26105 9.1
      vertex 20.5681 5.51764 9.1
    endloop
  endfacet
  facet normal -0.13948 0.70108 0.699309
    outer loop
      vertex 23.1445 2.59466 9.6
      vertex 23.0176 3.06815 9.1
      vertex 22.8301 2.53211 9.6
    endloop
  endfacet
  facet normal -0.713287 -0.0468212 0.699306
    outer loop
      vertex 24.9902 5 9.6
      vertex 24.9692 5.31992 9.6
      vertex 24.5 5 9.1
    endloop
  endfacet
  facet normal -0.713767 -0.0418223 0.699134
    outer loop
      vertex 24.4829 5.26105 9.1
      vertex 24.9692 5.31992 9.6
      vertex 24.9689 5.32504 9.6
    endloop
  endfacet
  facet normal -0.713321 -0.0467259 0.699278
    outer loop
      vertex 24.9692 5.31992 9.6
      vertex 24.4829 5.26105 9.1
      vertex 24.5 5 9.1
    endloop
  endfacet
  facet normal -0.047548 0.71322 0.699326
    outer loop
      vertex 22.7611 3.01711 9.1
      vertex 22.8199 2.53077 9.6
      vertex 22.825 2.53111 9.6
    endloop
  endfacet
  facet normal -0.0467425 0.713294 0.699304
    outer loop
      vertex 22.8199 2.53077 9.6
      vertex 22.7611 3.01711 9.1
      vertex 22.5 3 9.1
    endloop
  endfacet
  facet normal 0.645092 -0.308522 0.69905
    outer loop
      vertex 20.3412 6.2405 9.6
      vertex 20.768 6 9.1
      vertex 20.3434 6.2451 9.6
    endloop
  endfacet
  facet normal 0.640992 -0.316357 0.699319
    outer loop
      vertex 20.768 6 9.1
      vertex 20.3412 6.2405 9.6
      vertex 20.6522 5.76537 9.1
    endloop
  endfacet
  facet normal 0.640992 0.316357 0.699319
    outer loop
      vertex 20.3412 3.7595 9.6
      vertex 20.768 4 9.1
      vertex 20.6522 4.23463 9.1
    endloop
  endfacet
  facet normal 0.645092 0.308522 0.69905
    outer loop
      vertex 20.768 4 9.1
      vertex 20.3412 3.7595 9.6
      vertex 20.3434 3.7549 9.6
    endloop
  endfacet
  facet normal -0.676981 0.229682 0.699245
    outer loop
      vertex 24.8023 4.0519 9.6
      vertex 24.9053 4.35549 9.6
      vertex 24.4319 4.48236 9.1
    endloop
  endfacet
  facet normal -0.316327 -0.641015 0.699311
    outer loop
      vertex 23.7405 7.15884 9.6
      vertex 23.5 6.73205 9.1
      vertex 23.7451 7.15657 9.6
    endloop
  endfacet
  facet normal -0.316197 -0.641084 0.699307
    outer loop
      vertex 23.5 6.73205 9.1
      vertex 23.7405 7.15884 9.6
      vertex 23.2654 6.84776 9.1
    endloop
  endfacet
  facet normal 0.537427 0.471322 0.699305
    outer loop
      vertex 20.7358 3.24302 9.6
      vertex 20.9133 3.78248 9.1
      vertex 20.5244 3.48407 9.6
    endloop
  endfacet
  facet normal 0.13948 -0.70108 0.699309
    outer loop
      vertex 21.9824 6.93185 9.1
      vertex 22.1699 7.46789 9.6
      vertex 21.8555 7.40534 9.6
    endloop
  endfacet
  facet normal 0.713287 0.0468212 0.699306
    outer loop
      vertex 20.0308 4.68008 9.6
      vertex 20.5 5 9.1
      vertex 20.0098 5 9.6
    endloop
  endfacet
  facet normal 0.0467425 0.713294 0.699304
    outer loop
      vertex 22.2389 3.01711 9.1
      vertex 22.1801 2.53077 9.6
      vertex 22.5 3 9.1
    endloop
  endfacet
  facet normal 0.047548 0.71322 0.699326
    outer loop
      vertex 22.1801 2.53077 9.6
      vertex 22.2389 3.01711 9.1
      vertex 22.175 2.53111 9.6
    endloop
  endfacet
  facet normal 0.229754 -0.676888 0.699311
    outer loop
      vertex 21.9824 6.93185 9.1
      vertex 21.8555 7.40534 9.6
      vertex 21.5519 7.30229 9.6
    endloop
  endfacet
  facet normal -0.397148 0.594329 0.699319
    outer loop
      vertex 23.5 3.26795 9.1
      vertex 23.7494 2.84628 9.6
      vertex 23.7175 3.41329 9.1
    endloop
  endfacet
  facet normal -0.394866 0.595763 0.69939
    outer loop
      vertex 23.7494 2.84628 9.6
      vertex 23.5 3.26795 9.1
      vertex 23.7451 2.84343 9.6
    endloop
  endfacet
  facet normal 0.7011 0.139384 0.699308
    outer loop
      vertex 20.0321 4.66993 9.6
      vertex 20.5171 4.73895 9.1
      vertex 20.0311 4.67496 9.6
    endloop
  endfacet
  facet normal 0.701105 0.139352 0.699308
    outer loop
      vertex 20.5171 4.73895 9.1
      vertex 20.0321 4.66993 9.6
      vertex 20.5681 4.48236 9.1
    endloop
  endfacet
  facet normal -0.641151 0.316183 0.699252
    outer loop
      vertex 24.6588 3.7595 9.6
      vertex 24.8006 4.04704 9.6
      vertex 24.3478 4.23463 9.1
    endloop
  endfacet
  facet normal 0.316197 -0.641084 0.699307
    outer loop
      vertex 21.2595 7.15884 9.6
      vertex 21.5 6.73205 9.1
      vertex 21.7346 6.84776 9.1
    endloop
  endfacet
  facet normal 0.316327 -0.641015 0.699311
    outer loop
      vertex 21.5 6.73205 9.1
      vertex 21.2595 7.15884 9.6
      vertex 21.2549 7.15657 9.6
    endloop
  endfacet
  facet normal -0.713321 0.0467259 0.699278
    outer loop
      vertex 24.4829 4.73895 9.1
      vertex 24.9692 4.68008 9.6
      vertex 24.5 5 9.1
    endloop
  endfacet
  facet normal -0.713767 0.0418223 0.699134
    outer loop
      vertex 24.9692 4.68008 9.6
      vertex 24.4829 4.73895 9.1
      vertex 24.9689 4.67496 9.6
    endloop
  endfacet
  facet normal 0.397197 -0.594313 0.699304
    outer loop
      vertex 21.2825 6.58671 9.1
      vertex 21.2506 7.15372 9.6
      vertex 20.9841 6.97561 9.6
    endloop
  endfacet
  facet normal -0.0467573 0.713289 0.699309
    outer loop
      vertex 22.8199 2.53077 9.6
      vertex 22.5 3 9.1
      vertex 22.5 2.5098 9.6
    endloop
  endfacet
  facet normal -0.591035 0.402348 0.699138
    outer loop
      vertex 24.232 4 9.1
      vertex 24.6537 3.75064 9.6
      vertex 24.6566 3.7549 9.6
    endloop
  endfacet
  facet normal -0.594392 0.397045 0.699324
    outer loop
      vertex 24.6537 3.75064 9.6
      vertex 24.232 4 9.1
      vertex 24.0867 3.78248 9.1
    endloop
  endfacet
  facet normal 0.22971 -0.676919 0.699296
    outer loop
      vertex 21.5519 7.30229 9.6
      vertex 21.7346 6.84776 9.1
      vertex 21.9824 6.93185 9.1
    endloop
  endfacet
  facet normal 0.228137 -0.677499 0.699249
    outer loop
      vertex 21.7346 6.84776 9.1
      vertex 21.5519 7.30229 9.6
      vertex 21.547 7.30064 9.6
    endloop
  endfacet
  facet normal -0.713287 0.0468212 0.699306
    outer loop
      vertex 24.9692 4.68008 9.6
      vertex 24.9902 5 9.6
      vertex 24.5 5 9.1
    endloop
  endfacet
  facet normal 0.4713 0.537418 0.699327
    outer loop
      vertex 21.0858 3.58579 9.1
      vertex 20.743 3.23578 9.6
      vertex 21.2825 3.41329 9.1
    endloop
  endfacet
  facet normal 0.475746 0.533284 0.699481
    outer loop
      vertex 20.743 3.23578 9.6
      vertex 21.0858 3.58579 9.1
      vertex 20.7392 3.23917 9.6
    endloop
  endfacet
  facet normal -0.537427 -0.471322 0.699305
    outer loop
      vertex 24.4756 6.51593 9.6
      vertex 24.2642 6.75698 9.6
      vertex 24.0867 6.21752 9.1
    endloop
  endfacet
  facet normal -0.591035 -0.402348 0.699138
    outer loop
      vertex 24.6537 6.24936 9.6
      vertex 24.232 6 9.1
      vertex 24.6566 6.2451 9.6
    endloop
  endfacet
  facet normal -0.594392 -0.397045 0.699324
    outer loop
      vertex 24.232 6 9.1
      vertex 24.6537 6.24936 9.6
      vertex 24.0867 6.21752 9.1
    endloop
  endfacet
  facet normal -0.676901 0.229796 0.699284
    outer loop
      vertex 24.3478 4.23463 9.1
      vertex 24.8023 4.0519 9.6
      vertex 24.4319 4.48236 9.1
    endloop
  endfacet
  facet normal -0.674601 0.235972 0.69945
    outer loop
      vertex 24.8023 4.0519 9.6
      vertex 24.3478 4.23463 9.1
      vertex 24.8006 4.04704 9.6
    endloop
  endfacet
  facet normal -0.229754 0.676888 0.699311
    outer loop
      vertex 23.1445 2.59466 9.6
      vertex 23.4481 2.69771 9.6
      vertex 23.0176 3.06815 9.1
    endloop
  endfacet
  facet normal 0.535749 -0.473129 0.699373
    outer loop
      vertex 20.7358 6.75698 9.6
      vertex 21.0858 6.41421 9.1
      vertex 20.7392 6.76083 9.6
    endloop
  endfacet
  facet normal 0.537421 -0.471326 0.699307
    outer loop
      vertex 21.0858 6.41421 9.1
      vertex 20.7358 6.75698 9.6
      vertex 20.9133 6.21752 9.1
    endloop
  endfacet
  facet normal 0.537421 0.471326 0.699307
    outer loop
      vertex 20.7358 3.24302 9.6
      vertex 21.0858 3.58579 9.1
      vertex 20.9133 3.78248 9.1
    endloop
  endfacet
  facet normal 0.535749 0.473129 0.699373
    outer loop
      vertex 21.0858 3.58579 9.1
      vertex 20.7358 3.24302 9.6
      vertex 20.7392 3.23917 9.6
    endloop
  endfacet
  facet normal -0.316195 0.641086 0.699306
    outer loop
      vertex 23.453 2.69936 9.6
      vertex 23.7405 2.84116 9.6
      vertex 23.2654 3.15224 9.1
    endloop
  endfacet
  facet normal -0.537427 0.471322 0.699305
    outer loop
      vertex 24.2642 3.24302 9.6
      vertex 24.4756 3.48407 9.6
      vertex 24.0867 3.78248 9.1
    endloop
  endfacet
  facet normal 0.713321 0.0467259 0.699278
    outer loop
      vertex 20.0308 4.68008 9.6
      vertex 20.5171 4.73895 9.1
      vertex 20.5 5 9.1
    endloop
  endfacet
  facet normal 0.713767 0.0418223 0.699134
    outer loop
      vertex 20.5171 4.73895 9.1
      vertex 20.0308 4.68008 9.6
      vertex 20.0311 4.67496 9.6
    endloop
  endfacet
  facet normal -0.471255 0.537488 0.699303
    outer loop
      vertex 24.0159 3.02439 9.6
      vertex 24.257 3.23578 9.6
      vertex 23.7175 3.41329 9.1
    endloop
  endfacet
  facet normal 0.316197 0.641084 0.699307
    outer loop
      vertex 21.5 3.26795 9.1
      vertex 21.2595 2.84116 9.6
      vertex 21.7346 3.15224 9.1
    endloop
  endfacet
  facet normal 0.316327 0.641015 0.699311
    outer loop
      vertex 21.2595 2.84116 9.6
      vertex 21.5 3.26795 9.1
      vertex 21.2549 2.84343 9.6
    endloop
  endfacet
  facet normal 0.701125 0.139583 0.699243
    outer loop
      vertex 20.0947 4.35549 9.6
      vertex 20.5681 4.48236 9.1
      vertex 20.0321 4.66993 9.6
    endloop
  endfacet
  facet normal 0.676981 -0.229682 0.699245
    outer loop
      vertex 20.5681 5.51764 9.1
      vertex 20.1977 5.9481 9.6
      vertex 20.0947 5.64451 9.6
    endloop
  endfacet
  facet normal -0.228137 0.677499 0.699249
    outer loop
      vertex 23.2654 3.15224 9.1
      vertex 23.4481 2.69771 9.6
      vertex 23.453 2.69936 9.6
    endloop
  endfacet
  facet normal -0.22971 0.676919 0.699296
    outer loop
      vertex 23.4481 2.69771 9.6
      vertex 23.2654 3.15224 9.1
      vertex 23.0176 3.06815 9.1
    endloop
  endfacet
  facet normal 0.0467573 0.713289 0.699309
    outer loop
      vertex 22.5 2.5098 9.6
      vertex 22.5 3 9.1
      vertex 22.1801 2.53077 9.6
    endloop
  endfacet
  facet normal 0.229754 0.676888 0.699311
    outer loop
      vertex 21.8555 2.59466 9.6
      vertex 21.9824 3.06815 9.1
      vertex 21.5519 2.69771 9.6
    endloop
  endfacet
  facet normal -0.394866 -0.595763 0.69939
    outer loop
      vertex 23.5 6.73205 9.1
      vertex 23.7494 7.15372 9.6
      vertex 23.7451 7.15657 9.6
    endloop
  endfacet
  facet normal -0.397148 -0.594329 0.699319
    outer loop
      vertex 23.7494 7.15372 9.6
      vertex 23.5 6.73205 9.1
      vertex 23.7175 6.58671 9.1
    endloop
  endfacet
  facet normal 0.676901 0.229796 0.699284
    outer loop
      vertex 20.1977 4.0519 9.6
      vertex 20.6522 4.23463 9.1
      vertex 20.5681 4.48236 9.1
    endloop
  endfacet
  facet normal 0.674601 0.235972 0.69945
    outer loop
      vertex 20.6522 4.23463 9.1
      vertex 20.1977 4.0519 9.6
      vertex 20.1994 4.04704 9.6
    endloop
  endfacet
  facet normal -0.7011 0.139384 0.699308
    outer loop
      vertex 24.4829 4.73895 9.1
      vertex 24.9679 4.66993 9.6
      vertex 24.9689 4.67496 9.6
    endloop
  endfacet
  facet normal -0.701105 0.139352 0.699308
    outer loop
      vertex 24.9679 4.66993 9.6
      vertex 24.4829 4.73895 9.1
      vertex 24.4319 4.48236 9.1
    endloop
  endfacet
  facet normal 0.316195 0.641086 0.699306
    outer loop
      vertex 21.547 2.69936 9.6
      vertex 21.7346 3.15224 9.1
      vertex 21.2595 2.84116 9.6
    endloop
  endfacet
  facet normal 0.594371 0.39711 0.699305
    outer loop
      vertex 20.5244 3.48407 9.6
      vertex 20.9133 3.78248 9.1
      vertex 20.3463 3.75064 9.6
    endloop
  endfacet
  facet normal -0.594371 -0.39711 0.699305
    outer loop
      vertex 24.6537 6.24936 9.6
      vertex 24.4756 6.51593 9.6
      vertex 24.0867 6.21752 9.1
    endloop
  endfacet
  facet normal 0.139506 -0.701082 0.699301
    outer loop
      vertex 22.2389 6.98289 9.1
      vertex 22.1699 7.46789 9.6
      vertex 21.9824 6.93185 9.1
    endloop
  endfacet
  facet normal 0.137533 -0.701418 0.699355
    outer loop
      vertex 22.1699 7.46789 9.6
      vertex 22.2389 6.98289 9.1
      vertex 22.175 7.46889 9.6
    endloop
  endfacet
  facet normal 0.397197 0.594313 0.699304
    outer loop
      vertex 21.2506 2.84628 9.6
      vertex 21.2825 3.41329 9.1
      vertex 20.9841 3.02439 9.6
    endloop
  endfacet
  facet normal 0.537427 -0.471322 0.699305
    outer loop
      vertex 20.9133 6.21752 9.1
      vertex 20.7358 6.75698 9.6
      vertex 20.5244 6.51593 9.6
    endloop
  endfacet
  facet normal -0.475746 0.533284 0.699481
    outer loop
      vertex 23.9142 3.58579 9.1
      vertex 24.257 3.23578 9.6
      vertex 24.2608 3.23917 9.6
    endloop
  endfacet
  facet normal -0.4713 0.537418 0.699327
    outer loop
      vertex 24.257 3.23578 9.6
      vertex 23.9142 3.58579 9.1
      vertex 23.7175 3.41329 9.1
    endloop
  endfacet
  facet normal 0.047548 -0.71322 0.699326
    outer loop
      vertex 22.2389 6.98289 9.1
      vertex 22.1801 7.46923 9.6
      vertex 22.175 7.46889 9.6
    endloop
  endfacet
  facet normal 0.0467425 -0.713294 0.699304
    outer loop
      vertex 22.1801 7.46923 9.6
      vertex 22.2389 6.98289 9.1
      vertex 22.5 7 9.1
    endloop
  endfacet
  facet normal 0.674601 -0.235972 0.69945
    outer loop
      vertex 20.1977 5.9481 9.6
      vertex 20.6522 5.76537 9.1
      vertex 20.1994 5.95296 9.6
    endloop
  endfacet
  facet normal 0.676901 -0.229796 0.699284
    outer loop
      vertex 20.6522 5.76537 9.1
      vertex 20.1977 5.9481 9.6
      vertex 20.5681 5.51764 9.1
    endloop
  endfacet
  facet normal -0.139506 0.701082 0.699301
    outer loop
      vertex 22.7611 3.01711 9.1
      vertex 22.8301 2.53211 9.6
      vertex 23.0176 3.06815 9.1
    endloop
  endfacet
  facet normal -0.137533 0.701418 0.699355
    outer loop
      vertex 22.8301 2.53211 9.6
      vertex 22.7611 3.01711 9.1
      vertex 22.825 2.53111 9.6
    endloop
  endfacet
  facet normal -0.535749 -0.473129 0.699373
    outer loop
      vertex 23.9142 6.41421 9.1
      vertex 24.2642 6.75698 9.6
      vertex 24.2608 6.76083 9.6
    endloop
  endfacet
  facet normal -0.537421 -0.471326 0.699307
    outer loop
      vertex 24.2642 6.75698 9.6
      vertex 23.9142 6.41421 9.1
      vertex 24.0867 6.21752 9.1
    endloop
  endfacet
  facet normal -0.701125 0.139583 0.699243
    outer loop
      vertex 24.9053 4.35549 9.6
      vertex 24.9679 4.66993 9.6
      vertex 24.4319 4.48236 9.1
    endloop
  endfacet
  facet normal 0.13948 0.70108 0.699309
    outer loop
      vertex 22.1699 2.53211 9.6
      vertex 21.9824 3.06815 9.1
      vertex 21.8555 2.59466 9.6
    endloop
  endfacet
  facet normal -0.13948 -0.70108 0.699309
    outer loop
      vertex 23.0176 6.93185 9.1
      vertex 23.1445 7.40534 9.6
      vertex 22.8301 7.46789 9.6
    endloop
  endfacet
  facet normal -0.228137 -0.677499 0.699249
    outer loop
      vertex 23.4481 7.30229 9.6
      vertex 23.2654 6.84776 9.1
      vertex 23.453 7.30064 9.6
    endloop
  endfacet
  facet normal -0.22971 -0.676919 0.699296
    outer loop
      vertex 23.2654 6.84776 9.1
      vertex 23.4481 7.30229 9.6
      vertex 23.0176 6.93185 9.1
    endloop
  endfacet
  facet normal 0.316195 -0.641086 0.699306
    outer loop
      vertex 21.7346 6.84776 9.1
      vertex 21.547 7.30064 9.6
      vertex 21.2595 7.15884 9.6
    endloop
  endfacet
  facet normal 0.701125 -0.139583 0.699243
    outer loop
      vertex 20.5681 5.51764 9.1
      vertex 20.0947 5.64451 9.6
      vertex 20.0321 5.33007 9.6
    endloop
  endfacet
  facet normal 0.641151 0.316183 0.699252
    outer loop
      vertex 20.3412 3.7595 9.6
      vertex 20.6522 4.23463 9.1
      vertex 20.1994 4.04704 9.6
    endloop
  endfacet
  facet normal -0.594371 0.39711 0.699305
    outer loop
      vertex 24.4756 3.48407 9.6
      vertex 24.6537 3.75064 9.6
      vertex 24.0867 3.78248 9.1
    endloop
  endfacet
  facet normal -0.537421 0.471326 0.699307
    outer loop
      vertex 23.9142 3.58579 9.1
      vertex 24.2642 3.24302 9.6
      vertex 24.0867 3.78248 9.1
    endloop
  endfacet
  facet normal -0.535749 0.473129 0.699373
    outer loop
      vertex 24.2642 3.24302 9.6
      vertex 23.9142 3.58579 9.1
      vertex 24.2608 3.23917 9.6
    endloop
  endfacet
  facet normal 0.22971 0.676919 0.699296
    outer loop
      vertex 21.7346 3.15224 9.1
      vertex 21.5519 2.69771 9.6
      vertex 21.9824 3.06815 9.1
    endloop
  endfacet
  facet normal 0.228137 0.677499 0.699249
    outer loop
      vertex 21.5519 2.69771 9.6
      vertex 21.7346 3.15224 9.1
      vertex 21.547 2.69936 9.6
    endloop
  endfacet
  facet normal 0.713767 -0.0418223 0.699134
    outer loop
      vertex 20.0308 5.31992 9.6
      vertex 20.5171 5.26105 9.1
      vertex 20.0311 5.32504 9.6
    endloop
  endfacet
  facet normal 0.713321 -0.0467259 0.699278
    outer loop
      vertex 20.5171 5.26105 9.1
      vertex 20.0308 5.31992 9.6
      vertex 20.5 5 9.1
    endloop
  endfacet
  facet normal -0.397197 0.594313 0.699304
    outer loop
      vertex 23.7494 2.84628 9.6
      vertex 24.0159 3.02439 9.6
      vertex 23.7175 3.41329 9.1
    endloop
  endfacet
  facet normal 0.0467573 -0.713289 0.699309
    outer loop
      vertex 22.5 7 9.1
      vertex 22.5 7.4902 9.6
      vertex 22.1801 7.46923 9.6
    endloop
  endfacet
  facet normal 0.676981 0.229682 0.699245
    outer loop
      vertex 20.1977 4.0519 9.6
      vertex 20.5681 4.48236 9.1
      vertex 20.0947 4.35549 9.6
    endloop
  endfacet
  facet normal 0.471255 0.537488 0.699303
    outer loop
      vertex 20.9841 3.02439 9.6
      vertex 21.2825 3.41329 9.1
      vertex 20.743 3.23578 9.6
    endloop
  endfacet
  facet normal 0.471255 -0.537488 0.699303
    outer loop
      vertex 21.2825 6.58671 9.1
      vertex 20.9841 6.97561 9.6
      vertex 20.743 6.76422 9.6
    endloop
  endfacet
  facet normal 0.594392 0.397045 0.699324
    outer loop
      vertex 20.768 4 9.1
      vertex 20.3463 3.75064 9.6
      vertex 20.9133 3.78248 9.1
    endloop
  endfacet
  facet normal 0.591035 0.402348 0.699138
    outer loop
      vertex 20.3463 3.75064 9.6
      vertex 20.768 4 9.1
      vertex 20.3434 3.7549 9.6
    endloop
  endfacet
  facet normal -0.645092 -0.308522 0.69905
    outer loop
      vertex 24.232 6 9.1
      vertex 24.6588 6.2405 9.6
      vertex 24.6566 6.2451 9.6
    endloop
  endfacet
  facet normal -0.640992 -0.316357 0.699319
    outer loop
      vertex 24.6588 6.2405 9.6
      vertex 24.232 6 9.1
      vertex 24.3478 5.76537 9.1
    endloop
  endfacet
  facet normal -0.316327 0.641015 0.699311
    outer loop
      vertex 23.5 3.26795 9.1
      vertex 23.7405 2.84116 9.6
      vertex 23.7451 2.84343 9.6
    endloop
  endfacet
  facet normal -0.316197 0.641084 0.699307
    outer loop
      vertex 23.7405 2.84116 9.6
      vertex 23.5 3.26795 9.1
      vertex 23.2654 3.15224 9.1
    endloop
  endfacet
  facet normal 0.137533 0.701418 0.699355
    outer loop
      vertex 22.2389 3.01711 9.1
      vertex 22.1699 2.53211 9.6
      vertex 22.175 2.53111 9.6
    endloop
  endfacet
  facet normal 0.139506 0.701082 0.699301
    outer loop
      vertex 22.1699 2.53211 9.6
      vertex 22.2389 3.01711 9.1
      vertex 21.9824 3.06815 9.1
    endloop
  endfacet
  facet normal -0.316195 -0.641086 0.699306
    outer loop
      vertex 23.7405 7.15884 9.6
      vertex 23.453 7.30064 9.6
      vertex 23.2654 6.84776 9.1
    endloop
  endfacet
  facet normal 0.397148 0.594329 0.699319
    outer loop
      vertex 21.2506 2.84628 9.6
      vertex 21.5 3.26795 9.1
      vertex 21.2825 3.41329 9.1
    endloop
  endfacet
  facet normal 0.394866 0.595763 0.69939
    outer loop
      vertex 21.5 3.26795 9.1
      vertex 21.2506 2.84628 9.6
      vertex 21.2549 2.84343 9.6
    endloop
  endfacet
  facet normal 0.594392 -0.397045 0.699324
    outer loop
      vertex 20.3463 6.24936 9.6
      vertex 20.768 6 9.1
      vertex 20.9133 6.21752 9.1
    endloop
  endfacet
  facet normal 0.591035 -0.402348 0.699138
    outer loop
      vertex 20.768 6 9.1
      vertex 20.3463 6.24936 9.6
      vertex 20.3434 6.2451 9.6
    endloop
  endfacet
  facet normal 0.594371 -0.39711 0.699305
    outer loop
      vertex 20.9133 6.21752 9.1
      vertex 20.5244 6.51593 9.6
      vertex 20.3463 6.24936 9.6
    endloop
  endfacet
  facet normal 0.713287 -0.0468212 0.699306
    outer loop
      vertex 20.5 5 9.1
      vertex 20.0308 5.31992 9.6
      vertex 20.0098 5 9.6
    endloop
  endfacet
  facet normal -0.229754 -0.676888 0.699311
    outer loop
      vertex 23.4481 7.30229 9.6
      vertex 23.1445 7.40534 9.6
      vertex 23.0176 6.93185 9.1
    endloop
  endfacet
  facet normal -0.475746 -0.533284 0.699481
    outer loop
      vertex 24.257 6.76422 9.6
      vertex 23.9142 6.41421 9.1
      vertex 24.2608 6.76083 9.6
    endloop
  endfacet
  facet normal -0.4713 -0.537418 0.699327
    outer loop
      vertex 23.9142 6.41421 9.1
      vertex 24.257 6.76422 9.6
      vertex 23.7175 6.58671 9.1
    endloop
  endfacet
  facet normal -0.471255 -0.537488 0.699303
    outer loop
      vertex 24.257 6.76422 9.6
      vertex 24.0159 6.97561 9.6
      vertex 23.7175 6.58671 9.1
    endloop
  endfacet
  facet normal -0.640992 0.316357 0.699319
    outer loop
      vertex 24.232 4 9.1
      vertex 24.6588 3.7595 9.6
      vertex 24.3478 4.23463 9.1
    endloop
  endfacet
  facet normal -0.645092 0.308522 0.69905
    outer loop
      vertex 24.6588 3.7595 9.6
      vertex 24.232 4 9.1
      vertex 24.6566 3.7549 9.6
    endloop
  endfacet
  facet normal -0.0467573 -0.713289 0.699309
    outer loop
      vertex 22.8199 7.46923 9.6
      vertex 22.5 7.4902 9.6
      vertex 22.5 7 9.1
    endloop
  endfacet
  facet normal -0.137533 -0.701418 0.699355
    outer loop
      vertex 22.7611 6.98289 9.1
      vertex 22.8301 7.46789 9.6
      vertex 22.825 7.46889 9.6
    endloop
  endfacet
  facet normal -0.139506 -0.701082 0.699301
    outer loop
      vertex 22.8301 7.46789 9.6
      vertex 22.7611 6.98289 9.1
      vertex 23.0176 6.93185 9.1
    endloop
  endfacet
  facet normal 0.641151 -0.316183 0.699252
    outer loop
      vertex 20.6522 5.76537 9.1
      vertex 20.3412 6.2405 9.6
      vertex 20.1994 5.95296 9.6
    endloop
  endfacet
  facet normal 0.4713 -0.537418 0.699327
    outer loop
      vertex 20.743 6.76422 9.6
      vertex 21.0858 6.41421 9.1
      vertex 21.2825 6.58671 9.1
    endloop
  endfacet
  facet normal 0.475746 -0.533284 0.699481
    outer loop
      vertex 21.0858 6.41421 9.1
      vertex 20.743 6.76422 9.6
      vertex 20.7392 6.76083 9.6
    endloop
  endfacet
  facet normal -0.641151 -0.316183 0.699252
    outer loop
      vertex 24.8006 5.95296 9.6
      vertex 24.6588 6.2405 9.6
      vertex 24.3478 5.76537 9.1
    endloop
  endfacet
  facet normal -0.397197 -0.594313 0.699304
    outer loop
      vertex 24.0159 6.97561 9.6
      vertex 23.7494 7.15372 9.6
      vertex 23.7175 6.58671 9.1
    endloop
  endfacet
  facet normal -0.676981 -0.229682 0.699245
    outer loop
      vertex 24.9053 5.64451 9.6
      vertex 24.8023 5.9481 9.6
      vertex 24.4319 5.51764 9.1
    endloop
  endfacet
  facet normal -0.701125 -0.139583 0.699243
    outer loop
      vertex 24.9679 5.33007 9.6
      vertex 24.9053 5.64451 9.6
      vertex 24.4319 5.51764 9.1
    endloop
  endfacet
  facet normal -0.701105 -0.139352 0.699308
    outer loop
      vertex 24.4829 5.26105 9.1
      vertex 24.9679 5.33007 9.6
      vertex 24.4319 5.51764 9.1
    endloop
  endfacet
  facet normal -0.7011 -0.139384 0.699308
    outer loop
      vertex 24.9679 5.33007 9.6
      vertex 24.4829 5.26105 9.1
      vertex 24.9689 5.32504 9.6
    endloop
  endfacet
  facet normal -0.0467425 -0.713294 0.699304
    outer loop
      vertex 22.7611 6.98289 9.1
      vertex 22.8199 7.46923 9.6
      vertex 22.5 7 9.1
    endloop
  endfacet
  facet normal -0.047548 -0.71322 0.699326
    outer loop
      vertex 22.8199 7.46923 9.6
      vertex 22.7611 6.98289 9.1
      vertex 22.825 7.46889 9.6
    endloop
  endfacet
  facet normal 0.394866 -0.595763 0.69939
    outer loop
      vertex 21.2506 7.15372 9.6
      vertex 21.5 6.73205 9.1
      vertex 21.2549 7.15657 9.6
    endloop
  endfacet
  facet normal 0.397148 -0.594329 0.699319
    outer loop
      vertex 21.5 6.73205 9.1
      vertex 21.2506 7.15372 9.6
      vertex 21.2825 6.58671 9.1
    endloop
  endfacet
  facet normal -0.674601 -0.235972 0.69945
    outer loop
      vertex 24.3478 5.76537 9.1
      vertex 24.8023 5.9481 9.6
      vertex 24.8006 5.95296 9.6
    endloop
  endfacet
  facet normal -0.676901 -0.229796 0.699284
    outer loop
      vertex 24.8023 5.9481 9.6
      vertex 24.3478 5.76537 9.1
      vertex 24.4319 5.51764 9.1
    endloop
  endfacet
  facet normal -0.980801 -0.195013 0
    outer loop
      vertex 24.4829 51.2611 1
      vertex 24.4319 51.5176 9.1
      vertex 24.4319 51.5176 1
    endloop
  endfacet
  facet normal -0.980801 -0.195013 0
    outer loop
      vertex 24.4319 51.5176 9.1
      vertex 24.4829 51.2611 1
      vertex 24.4829 51.2611 9.1
    endloop
  endfacet
  facet normal -0.997862 -0.0653521 0
    outer loop
      vertex 24.5 51 1
      vertex 24.4829 51.2611 9.1
      vertex 24.4829 51.2611 1
    endloop
  endfacet
  facet normal -0.997862 -0.0653521 0
    outer loop
      vertex 24.4829 51.2611 9.1
      vertex 24.5 51 1
      vertex 24.5 51 9.1
    endloop
  endfacet
  facet normal -0.0653521 -0.997862 0
    outer loop
      vertex 22.5 53 1
      vertex 22.7611 52.9829 9.1
      vertex 22.5 53 9.1
    endloop
  endfacet
  facet normal -0.0653521 -0.997862 -0
    outer loop
      vertex 22.7611 52.9829 9.1
      vertex 22.5 53 1
      vertex 22.7611 52.9829 1
    endloop
  endfacet
  facet normal 0.195013 -0.980801 0
    outer loop
      vertex 21.9824 52.9319 1
      vertex 22.2389 52.9829 9.1
      vertex 21.9824 52.9319 9.1
    endloop
  endfacet
  facet normal 0.195013 -0.980801 0
    outer loop
      vertex 22.2389 52.9829 9.1
      vertex 21.9824 52.9319 1
      vertex 22.2389 52.9829 1
    endloop
  endfacet
  facet normal -0.555494 0.831521 0
    outer loop
      vertex 23.7175 49.4133 1
      vertex 23.5 49.268 9.1
      vertex 23.7175 49.4133 9.1
    endloop
  endfacet
  facet normal -0.555494 0.831521 0
    outer loop
      vertex 23.5 49.268 9.1
      vertex 23.7175 49.4133 1
      vertex 23.5 49.268 1
    endloop
  endfacet
  facet normal 0.896709 -0.442621 0
    outer loop
      vertex 20.6522 51.7654 9.1
      vertex 20.768 52 1
      vertex 20.768 52 9.1
    endloop
  endfacet
  facet normal 0.896709 -0.442621 0
    outer loop
      vertex 20.768 52 1
      vertex 20.6522 51.7654 9.1
      vertex 20.6522 51.7654 1
    endloop
  endfacet
  facet normal 0.94695 -0.321382 0
    outer loop
      vertex 20.5681 51.5176 9.1
      vertex 20.6522 51.7654 1
      vertex 20.6522 51.7654 9.1
    endloop
  endfacet
  facet normal 0.94695 -0.321382 0
    outer loop
      vertex 20.6522 51.7654 1
      vertex 20.5681 51.5176 9.1
      vertex 20.5681 51.5176 1
    endloop
  endfacet
  facet normal 0.321382 -0.94695 0
    outer loop
      vertex 21.7346 52.8478 1
      vertex 21.9824 52.9319 9.1
      vertex 21.7346 52.8478 9.1
    endloop
  endfacet
  facet normal 0.321382 -0.94695 0
    outer loop
      vertex 21.9824 52.9319 9.1
      vertex 21.7346 52.8478 1
      vertex 21.9824 52.9319 1
    endloop
  endfacet
  facet normal -0.997862 0.0653521 0
    outer loop
      vertex 24.4829 50.7389 1
      vertex 24.5 51 9.1
      vertex 24.5 51 1
    endloop
  endfacet
  facet normal -0.997862 0.0653521 0
    outer loop
      vertex 24.5 51 9.1
      vertex 24.4829 50.7389 1
      vertex 24.4829 50.7389 9.1
    endloop
  endfacet
  facet normal 0.94695 0.321382 0
    outer loop
      vertex 20.6522 50.2346 9.1
      vertex 20.5681 50.4824 1
      vertex 20.5681 50.4824 9.1
    endloop
  endfacet
  facet normal 0.94695 0.321382 0
    outer loop
      vertex 20.5681 50.4824 1
      vertex 20.6522 50.2346 9.1
      vertex 20.6522 50.2346 1
    endloop
  endfacet
  facet normal 0.831521 -0.555494 0
    outer loop
      vertex 20.768 52 9.1
      vertex 20.9133 52.2175 1
      vertex 20.9133 52.2175 9.1
    endloop
  endfacet
  facet normal 0.831521 -0.555494 0
    outer loop
      vertex 20.9133 52.2175 1
      vertex 20.768 52 9.1
      vertex 20.768 52 1
    endloop
  endfacet
  facet normal 0.980801 -0.195013 0
    outer loop
      vertex 20.5171 51.2611 9.1
      vertex 20.5681 51.5176 1
      vertex 20.5681 51.5176 9.1
    endloop
  endfacet
  facet normal 0.980801 -0.195013 0
    outer loop
      vertex 20.5681 51.5176 1
      vertex 20.5171 51.2611 9.1
      vertex 20.5171 51.2611 1
    endloop
  endfacet
  facet normal -0.94695 0.321382 0
    outer loop
      vertex 24.3478 50.2346 1
      vertex 24.4319 50.4824 9.1
      vertex 24.4319 50.4824 1
    endloop
  endfacet
  facet normal -0.94695 0.321382 0
    outer loop
      vertex 24.4319 50.4824 9.1
      vertex 24.3478 50.2346 1
      vertex 24.3478 50.2346 9.1
    endloop
  endfacet
  facet normal -0.659343 0.751842 0
    outer loop
      vertex 23.9142 49.5858 1
      vertex 23.7175 49.4133 9.1
      vertex 23.9142 49.5858 9.1
    endloop
  endfacet
  facet normal -0.659343 0.751842 0
    outer loop
      vertex 23.7175 49.4133 9.1
      vertex 23.9142 49.5858 1
      vertex 23.7175 49.4133 1
    endloop
  endfacet
  facet normal -0.321382 -0.94695 0
    outer loop
      vertex 23.0176 52.9319 1
      vertex 23.2654 52.8478 9.1
      vertex 23.0176 52.9319 9.1
    endloop
  endfacet
  facet normal -0.321382 -0.94695 -0
    outer loop
      vertex 23.2654 52.8478 9.1
      vertex 23.0176 52.9319 1
      vertex 23.2654 52.8478 1
    endloop
  endfacet
  facet normal 0.751842 0.659343 0
    outer loop
      vertex 21.0858 49.5858 9.1
      vertex 20.9133 49.7825 1
      vertex 20.9133 49.7825 9.1
    endloop
  endfacet
  facet normal 0.751842 0.659343 0
    outer loop
      vertex 20.9133 49.7825 1
      vertex 21.0858 49.5858 9.1
      vertex 21.0858 49.5858 1
    endloop
  endfacet
  facet normal 0.659343 -0.751842 0
    outer loop
      vertex 21.0858 52.4142 1
      vertex 21.2825 52.5867 9.1
      vertex 21.0858 52.4142 9.1
    endloop
  endfacet
  facet normal 0.659343 -0.751842 0
    outer loop
      vertex 21.2825 52.5867 9.1
      vertex 21.0858 52.4142 1
      vertex 21.2825 52.5867 1
    endloop
  endfacet
  facet normal 0.997862 -0.0653521 0
    outer loop
      vertex 20.5 51 9.1
      vertex 20.5171 51.2611 1
      vertex 20.5171 51.2611 9.1
    endloop
  endfacet
  facet normal 0.997862 -0.0653521 0
    outer loop
      vertex 20.5171 51.2611 1
      vertex 20.5 51 9.1
      vertex 20.5 51 1
    endloop
  endfacet
  facet normal -0.555494 -0.831521 0
    outer loop
      vertex 23.5 52.732 1
      vertex 23.7175 52.5867 9.1
      vertex 23.5 52.732 9.1
    endloop
  endfacet
  facet normal -0.555494 -0.831521 -0
    outer loop
      vertex 23.7175 52.5867 9.1
      vertex 23.5 52.732 1
      vertex 23.7175 52.5867 1
    endloop
  endfacet
  facet normal -0.831521 0.555494 0
    outer loop
      vertex 24.0867 49.7825 1
      vertex 24.232 50 9.1
      vertex 24.232 50 1
    endloop
  endfacet
  facet normal -0.831521 0.555494 0
    outer loop
      vertex 24.232 50 9.1
      vertex 24.0867 49.7825 1
      vertex 24.0867 49.7825 9.1
    endloop
  endfacet
  facet normal -0.831521 -0.555494 0
    outer loop
      vertex 24.232 52 1
      vertex 24.0867 52.2175 9.1
      vertex 24.0867 52.2175 1
    endloop
  endfacet
  facet normal -0.831521 -0.555494 0
    outer loop
      vertex 24.0867 52.2175 9.1
      vertex 24.232 52 1
      vertex 24.232 52 9.1
    endloop
  endfacet
  facet normal 0.751842 -0.659343 0
    outer loop
      vertex 20.9133 52.2175 9.1
      vertex 21.0858 52.4142 1
      vertex 21.0858 52.4142 9.1
    endloop
  endfacet
  facet normal 0.751842 -0.659343 0
    outer loop
      vertex 21.0858 52.4142 1
      vertex 20.9133 52.2175 9.1
      vertex 20.9133 52.2175 1
    endloop
  endfacet
  facet normal -0.321382 0.94695 0
    outer loop
      vertex 23.2654 49.1522 1
      vertex 23.0176 49.0681 9.1
      vertex 23.2654 49.1522 9.1
    endloop
  endfacet
  facet normal -0.321382 0.94695 0
    outer loop
      vertex 23.0176 49.0681 9.1
      vertex 23.2654 49.1522 1
      vertex 23.0176 49.0681 1
    endloop
  endfacet
  facet normal -0.751842 -0.659343 0
    outer loop
      vertex 24.0867 52.2175 1
      vertex 23.9142 52.4142 9.1
      vertex 23.9142 52.4142 1
    endloop
  endfacet
  facet normal -0.751842 -0.659343 0
    outer loop
      vertex 23.9142 52.4142 9.1
      vertex 24.0867 52.2175 1
      vertex 24.0867 52.2175 9.1
    endloop
  endfacet
  facet normal -0.0653521 0.997862 0
    outer loop
      vertex 22.7611 49.0171 1
      vertex 22.5 49 9.1
      vertex 22.7611 49.0171 9.1
    endloop
  endfacet
  facet normal -0.0653521 0.997862 0
    outer loop
      vertex 22.5 49 9.1
      vertex 22.7611 49.0171 1
      vertex 22.5 49 1
    endloop
  endfacet
  facet normal -0.659343 -0.751842 0
    outer loop
      vertex 23.7175 52.5867 1
      vertex 23.9142 52.4142 9.1
      vertex 23.7175 52.5867 9.1
    endloop
  endfacet
  facet normal -0.659343 -0.751842 -0
    outer loop
      vertex 23.9142 52.4142 9.1
      vertex 23.7175 52.5867 1
      vertex 23.9142 52.4142 1
    endloop
  endfacet
  facet normal 0.997862 0.0653521 0
    outer loop
      vertex 20.5171 50.7389 9.1
      vertex 20.5 51 1
      vertex 20.5 51 9.1
    endloop
  endfacet
  facet normal 0.997862 0.0653521 0
    outer loop
      vertex 20.5 51 1
      vertex 20.5171 50.7389 9.1
      vertex 20.5171 50.7389 1
    endloop
  endfacet
  facet normal 0.659343 0.751842 -0
    outer loop
      vertex 21.2825 49.4133 1
      vertex 21.0858 49.5858 9.1
      vertex 21.2825 49.4133 9.1
    endloop
  endfacet
  facet normal 0.659343 0.751842 0
    outer loop
      vertex 21.0858 49.5858 9.1
      vertex 21.2825 49.4133 1
      vertex 21.0858 49.5858 1
    endloop
  endfacet
  facet normal 0.555494 -0.831521 0
    outer loop
      vertex 21.2825 52.5867 1
      vertex 21.5 52.732 9.1
      vertex 21.2825 52.5867 9.1
    endloop
  endfacet
  facet normal 0.555494 -0.831521 0
    outer loop
      vertex 21.5 52.732 9.1
      vertex 21.2825 52.5867 1
      vertex 21.5 52.732 1
    endloop
  endfacet
  facet normal -0.896709 -0.442621 0
    outer loop
      vertex 24.3478 51.7654 1
      vertex 24.232 52 9.1
      vertex 24.232 52 1
    endloop
  endfacet
  facet normal -0.896709 -0.442621 0
    outer loop
      vertex 24.232 52 9.1
      vertex 24.3478 51.7654 1
      vertex 24.3478 51.7654 9.1
    endloop
  endfacet
  facet normal 0.0653521 0.997862 -0
    outer loop
      vertex 22.5 49 1
      vertex 22.2389 49.0171 9.1
      vertex 22.5 49 9.1
    endloop
  endfacet
  facet normal 0.0653521 0.997862 0
    outer loop
      vertex 22.2389 49.0171 9.1
      vertex 22.5 49 1
      vertex 22.2389 49.0171 1
    endloop
  endfacet
  facet normal -0.195013 0.980801 0
    outer loop
      vertex 23.0176 49.0681 1
      vertex 22.7611 49.0171 9.1
      vertex 23.0176 49.0681 9.1
    endloop
  endfacet
  facet normal -0.195013 0.980801 0
    outer loop
      vertex 22.7611 49.0171 9.1
      vertex 23.0176 49.0681 1
      vertex 22.7611 49.0171 1
    endloop
  endfacet
  facet normal -0.442621 -0.896709 0
    outer loop
      vertex 23.2654 52.8478 1
      vertex 23.5 52.732 9.1
      vertex 23.2654 52.8478 9.1
    endloop
  endfacet
  facet normal -0.442621 -0.896709 -0
    outer loop
      vertex 23.5 52.732 9.1
      vertex 23.2654 52.8478 1
      vertex 23.5 52.732 1
    endloop
  endfacet
  facet normal -0.896709 0.442621 0
    outer loop
      vertex 24.232 50 1
      vertex 24.3478 50.2346 9.1
      vertex 24.3478 50.2346 1
    endloop
  endfacet
  facet normal -0.896709 0.442621 0
    outer loop
      vertex 24.3478 50.2346 9.1
      vertex 24.232 50 1
      vertex 24.232 50 9.1
    endloop
  endfacet
  facet normal -0.980801 0.195013 0
    outer loop
      vertex 24.4319 50.4824 1
      vertex 24.4829 50.7389 9.1
      vertex 24.4829 50.7389 1
    endloop
  endfacet
  facet normal -0.980801 0.195013 0
    outer loop
      vertex 24.4829 50.7389 9.1
      vertex 24.4319 50.4824 1
      vertex 24.4319 50.4824 9.1
    endloop
  endfacet
  facet normal 0.980801 0.195013 0
    outer loop
      vertex 20.5681 50.4824 9.1
      vertex 20.5171 50.7389 1
      vertex 20.5171 50.7389 9.1
    endloop
  endfacet
  facet normal 0.980801 0.195013 0
    outer loop
      vertex 20.5171 50.7389 1
      vertex 20.5681 50.4824 9.1
      vertex 20.5681 50.4824 1
    endloop
  endfacet
  facet normal 0.195013 0.980801 -0
    outer loop
      vertex 22.2389 49.0171 1
      vertex 21.9824 49.0681 9.1
      vertex 22.2389 49.0171 9.1
    endloop
  endfacet
  facet normal 0.195013 0.980801 0
    outer loop
      vertex 21.9824 49.0681 9.1
      vertex 22.2389 49.0171 1
      vertex 21.9824 49.0681 1
    endloop
  endfacet
  facet normal -0.195013 -0.980801 0
    outer loop
      vertex 22.7611 52.9829 1
      vertex 23.0176 52.9319 9.1
      vertex 22.7611 52.9829 9.1
    endloop
  endfacet
  facet normal -0.195013 -0.980801 -0
    outer loop
      vertex 23.0176 52.9319 9.1
      vertex 22.7611 52.9829 1
      vertex 23.0176 52.9319 1
    endloop
  endfacet
  facet normal -0.94695 -0.321382 0
    outer loop
      vertex 24.4319 51.5176 1
      vertex 24.3478 51.7654 9.1
      vertex 24.3478 51.7654 1
    endloop
  endfacet
  facet normal -0.94695 -0.321382 0
    outer loop
      vertex 24.3478 51.7654 9.1
      vertex 24.4319 51.5176 1
      vertex 24.4319 51.5176 9.1
    endloop
  endfacet
  facet normal -0.442621 0.896709 0
    outer loop
      vertex 23.5 49.268 1
      vertex 23.2654 49.1522 9.1
      vertex 23.5 49.268 9.1
    endloop
  endfacet
  facet normal -0.442621 0.896709 0
    outer loop
      vertex 23.2654 49.1522 9.1
      vertex 23.5 49.268 1
      vertex 23.2654 49.1522 1
    endloop
  endfacet
  facet normal -0.751842 0.659343 0
    outer loop
      vertex 23.9142 49.5858 1
      vertex 24.0867 49.7825 9.1
      vertex 24.0867 49.7825 1
    endloop
  endfacet
  facet normal -0.751842 0.659343 0
    outer loop
      vertex 24.0867 49.7825 9.1
      vertex 23.9142 49.5858 1
      vertex 23.9142 49.5858 9.1
    endloop
  endfacet
  facet normal 0.831521 0.555494 0
    outer loop
      vertex 20.9133 49.7825 9.1
      vertex 20.768 50 1
      vertex 20.768 50 9.1
    endloop
  endfacet
  facet normal 0.831521 0.555494 0
    outer loop
      vertex 20.768 50 1
      vertex 20.9133 49.7825 9.1
      vertex 20.9133 49.7825 1
    endloop
  endfacet
  facet normal 0.0653521 -0.997862 0
    outer loop
      vertex 22.2389 52.9829 1
      vertex 22.5 53 9.1
      vertex 22.2389 52.9829 9.1
    endloop
  endfacet
  facet normal 0.0653521 -0.997862 0
    outer loop
      vertex 22.5 53 9.1
      vertex 22.2389 52.9829 1
      vertex 22.5 53 1
    endloop
  endfacet
  facet normal 0.321382 0.94695 -0
    outer loop
      vertex 21.9824 49.0681 1
      vertex 21.7346 49.1522 9.1
      vertex 21.9824 49.0681 9.1
    endloop
  endfacet
  facet normal 0.321382 0.94695 0
    outer loop
      vertex 21.7346 49.1522 9.1
      vertex 21.9824 49.0681 1
      vertex 21.7346 49.1522 1
    endloop
  endfacet
  facet normal 0.442621 -0.896709 0
    outer loop
      vertex 21.5 52.732 1
      vertex 21.7346 52.8478 9.1
      vertex 21.5 52.732 9.1
    endloop
  endfacet
  facet normal 0.442621 -0.896709 0
    outer loop
      vertex 21.7346 52.8478 9.1
      vertex 21.5 52.732 1
      vertex 21.7346 52.8478 1
    endloop
  endfacet
  facet normal 0.442621 0.896709 -0
    outer loop
      vertex 21.7346 49.1522 1
      vertex 21.5 49.268 9.1
      vertex 21.7346 49.1522 9.1
    endloop
  endfacet
  facet normal 0.442621 0.896709 0
    outer loop
      vertex 21.5 49.268 9.1
      vertex 21.7346 49.1522 1
      vertex 21.5 49.268 1
    endloop
  endfacet
  facet normal 0.896709 0.442621 0
    outer loop
      vertex 20.768 50 9.1
      vertex 20.6522 50.2346 1
      vertex 20.6522 50.2346 9.1
    endloop
  endfacet
  facet normal 0.896709 0.442621 0
    outer loop
      vertex 20.6522 50.2346 1
      vertex 20.768 50 9.1
      vertex 20.768 50 1
    endloop
  endfacet
  facet normal 0 0 1
    outer loop
      vertex 24.4829 51.2611 1
      vertex 24.4829 50.7389 1
      vertex 24.5 51 1
    endloop
  endfacet
  facet normal 0 0 1
    outer loop
      vertex 24.4319 51.5176 1
      vertex 24.4829 50.7389 1
      vertex 24.4829 51.2611 1
    endloop
  endfacet
  facet normal 0 0 1
    outer loop
      vertex 24.4319 51.5176 1
      vertex 24.4319 50.4824 1
      vertex 24.4829 50.7389 1
    endloop
  endfacet
  facet normal 0 0 1
    outer loop
      vertex 24.3478 51.7654 1
      vertex 24.4319 50.4824 1
      vertex 24.4319 51.5176 1
    endloop
  endfacet
  facet normal 0 0 1
    outer loop
      vertex 24.3478 51.7654 1
      vertex 24.3478 50.2346 1
      vertex 24.4319 50.4824 1
    endloop
  endfacet
  facet normal 0 0 1
    outer loop
      vertex 24.232 52 1
      vertex 24.3478 50.2346 1
      vertex 24.3478 51.7654 1
    endloop
  endfacet
  facet normal 0 0 1
    outer loop
      vertex 24.232 52 1
      vertex 24.232 50 1
      vertex 24.3478 50.2346 1
    endloop
  endfacet
  facet normal 0 0 1
    outer loop
      vertex 24.0867 52.2175 1
      vertex 24.232 50 1
      vertex 24.232 52 1
    endloop
  endfacet
  facet normal 0 0 1
    outer loop
      vertex 24.0867 52.2175 1
      vertex 24.0867 49.7825 1
      vertex 24.232 50 1
    endloop
  endfacet
  facet normal 0 0 1
    outer loop
      vertex 23.9142 52.4142 1
      vertex 24.0867 49.7825 1
      vertex 24.0867 52.2175 1
    endloop
  endfacet
  facet normal 0 0 1
    outer loop
      vertex 23.9142 52.4142 1
      vertex 23.9142 49.5858 1
      vertex 24.0867 49.7825 1
    endloop
  endfacet
  facet normal 0 0 1
    outer loop
      vertex 23.7175 52.5867 1
      vertex 23.9142 49.5858 1
      vertex 23.9142 52.4142 1
    endloop
  endfacet
  facet normal 0 0 1
    outer loop
      vertex 23.7175 52.5867 1
      vertex 23.7175 49.4133 1
      vertex 23.9142 49.5858 1
    endloop
  endfacet
  facet normal 0 0 1
    outer loop
      vertex 23.5 52.732 1
      vertex 23.7175 49.4133 1
      vertex 23.7175 52.5867 1
    endloop
  endfacet
  facet normal 0 0 1
    outer loop
      vertex 23.5 52.732 1
      vertex 23.5 49.268 1
      vertex 23.7175 49.4133 1
    endloop
  endfacet
  facet normal 0 0 1
    outer loop
      vertex 23.2654 52.8478 1
      vertex 23.5 49.268 1
      vertex 23.5 52.732 1
    endloop
  endfacet
  facet normal 0 0 1
    outer loop
      vertex 23.2654 52.8478 1
      vertex 23.2654 49.1522 1
      vertex 23.5 49.268 1
    endloop
  endfacet
  facet normal 0 0 1
    outer loop
      vertex 23.0176 52.9319 1
      vertex 23.2654 49.1522 1
      vertex 23.2654 52.8478 1
    endloop
  endfacet
  facet normal 0 0 1
    outer loop
      vertex 23.0176 52.9319 1
      vertex 23.0176 49.0681 1
      vertex 23.2654 49.1522 1
    endloop
  endfacet
  facet normal 0 0 1
    outer loop
      vertex 22.7611 52.9829 1
      vertex 23.0176 49.0681 1
      vertex 23.0176 52.9319 1
    endloop
  endfacet
  facet normal 0 0 1
    outer loop
      vertex 22.7611 52.9829 1
      vertex 22.7611 49.0171 1
      vertex 23.0176 49.0681 1
    endloop
  endfacet
  facet normal 0 0 1
    outer loop
      vertex 22.5 53 1
      vertex 22.7611 49.0171 1
      vertex 22.7611 52.9829 1
    endloop
  endfacet
  facet normal 0 0 1
    outer loop
      vertex 22.5 53 1
      vertex 22.5 49 1
      vertex 22.7611 49.0171 1
    endloop
  endfacet
  facet normal -0 0 1
    outer loop
      vertex 22.2389 52.9829 1
      vertex 22.5 49 1
      vertex 22.5 53 1
    endloop
  endfacet
  facet normal 0 0 1
    outer loop
      vertex 22.2389 52.9829 1
      vertex 22.2389 49.0171 1
      vertex 22.5 49 1
    endloop
  endfacet
  facet normal -0 0 1
    outer loop
      vertex 21.9824 52.9319 1
      vertex 22.2389 49.0171 1
      vertex 22.2389 52.9829 1
    endloop
  endfacet
  facet normal 0 0 1
    outer loop
      vertex 21.9824 52.9319 1
      vertex 21.9824 49.0681 1
      vertex 22.2389 49.0171 1
    endloop
  endfacet
  facet normal -0 0 1
    outer loop
      vertex 21.7346 52.8478 1
      vertex 21.9824 49.0681 1
      vertex 21.9824 52.9319 1
    endloop
  endfacet
  facet normal 0 0 1
    outer loop
      vertex 21.7346 52.8478 1
      vertex 21.7346 49.1522 1
      vertex 21.9824 49.0681 1
    endloop
  endfacet
  facet normal -0 0 1
    outer loop
      vertex 21.5 52.732 1
      vertex 21.7346 49.1522 1
      vertex 21.7346 52.8478 1
    endloop
  endfacet
  facet normal 0 0 1
    outer loop
      vertex 21.5 52.732 1
      vertex 21.5 49.268 1
      vertex 21.7346 49.1522 1
    endloop
  endfacet
  facet normal -0 0 1
    outer loop
      vertex 21.2825 52.5867 1
      vertex 21.5 49.268 1
      vertex 21.5 52.732 1
    endloop
  endfacet
  facet normal 0 0 1
    outer loop
      vertex 21.2825 52.5867 1
      vertex 21.2825 49.4133 1
      vertex 21.5 49.268 1
    endloop
  endfacet
  facet normal -0 0 1
    outer loop
      vertex 21.0858 52.4142 1
      vertex 21.2825 49.4133 1
      vertex 21.2825 52.5867 1
    endloop
  endfacet
  facet normal 0 0 1
    outer loop
      vertex 21.0858 52.4142 1
      vertex 21.0858 49.5858 1
      vertex 21.2825 49.4133 1
    endloop
  endfacet
  facet normal -0 0 1
    outer loop
      vertex 20.9133 52.2175 1
      vertex 21.0858 49.5858 1
      vertex 21.0858 52.4142 1
    endloop
  endfacet
  facet normal 0 0 1
    outer loop
      vertex 20.9133 52.2175 1
      vertex 20.9133 49.7825 1
      vertex 21.0858 49.5858 1
    endloop
  endfacet
  facet normal -0 0 1
    outer loop
      vertex 20.768 52 1
      vertex 20.9133 49.7825 1
      vertex 20.9133 52.2175 1
    endloop
  endfacet
  facet normal 0 0 1
    outer loop
      vertex 20.768 52 1
      vertex 20.768 50 1
      vertex 20.9133 49.7825 1
    endloop
  endfacet
  facet normal -0 0 1
    outer loop
      vertex 20.6522 51.7654 1
      vertex 20.768 50 1
      vertex 20.768 52 1
    endloop
  endfacet
  facet normal 0 0 1
    outer loop
      vertex 20.6522 51.7654 1
      vertex 20.6522 50.2346 1
      vertex 20.768 50 1
    endloop
  endfacet
  facet normal -0 0 1
    outer loop
      vertex 20.5681 51.5176 1
      vertex 20.6522 50.2346 1
      vertex 20.6522 51.7654 1
    endloop
  endfacet
  facet normal 0 0 1
    outer loop
      vertex 20.5681 51.5176 1
      vertex 20.5681 50.4824 1
      vertex 20.6522 50.2346 1
    endloop
  endfacet
  facet normal -0 0 1
    outer loop
      vertex 20.5171 51.2611 1
      vertex 20.5681 50.4824 1
      vertex 20.5681 51.5176 1
    endloop
  endfacet
  facet normal 0 0 1
    outer loop
      vertex 20.5171 51.2611 1
      vertex 20.5171 50.7389 1
      vertex 20.5681 50.4824 1
    endloop
  endfacet
  facet normal 0 -0 1
    outer loop
      vertex 20.5171 50.7389 1
      vertex 20.5171 51.2611 1
      vertex 20.5 51 1
    endloop
  endfacet
  facet normal 0.555494 0.831521 -0
    outer loop
      vertex 21.5 49.268 1
      vertex 21.2825 49.4133 9.1
      vertex 21.5 49.268 9.1
    endloop
  endfacet
  facet normal 0.555494 0.831521 0
    outer loop
      vertex 21.2825 49.4133 9.1
      vertex 21.5 49.268 1
      vertex 21.2825 49.4133 1
    endloop
  endfacet
  facet normal 0.701418 -0.137533 0.699355
    outer loop
      vertex 20.5171 51.2611 9.1
      vertex 20.0321 51.3301 9.6
      vertex 20.0311 51.325 9.6
    endloop
  endfacet
  facet normal 0.7011 -0.1394 0.699304
    outer loop
      vertex 20.0321 51.3301 9.6
      vertex 20.5171 51.2611 9.1
      vertex 20.5681 51.5176 9.1
    endloop
  endfacet
  facet normal -0.139599 0.701117 0.699248
    outer loop
      vertex 23.1445 48.5947 9.6
      vertex 23.0176 49.0681 9.1
      vertex 22.8301 48.5321 9.6
    endloop
  endfacet
  facet normal -0.713287 -0.0468241 0.699306
    outer loop
      vertex 24.9902 51 9.6
      vertex 24.9692 51.3199 9.6
      vertex 24.5 51 9.1
    endloop
  endfacet
  facet normal -0.713755 -0.0419856 0.699136
    outer loop
      vertex 24.4829 51.2611 9.1
      vertex 24.9692 51.3199 9.6
      vertex 24.9689 51.325 9.6
    endloop
  endfacet
  facet normal -0.713325 -0.0467172 0.699274
    outer loop
      vertex 24.9692 51.3199 9.6
      vertex 24.4829 51.2611 9.1
      vertex 24.5 51 9.1
    endloop
  endfacet
  facet normal -0.0419856 0.713755 0.699136
    outer loop
      vertex 22.7611 49.0171 9.1
      vertex 22.8199 48.5308 9.6
      vertex 22.825 48.5311 9.6
    endloop
  endfacet
  facet normal -0.0467172 0.713325 0.699274
    outer loop
      vertex 22.8199 48.5308 9.6
      vertex 22.7611 49.0171 9.1
      vertex 22.5 49 9.1
    endloop
  endfacet
  facet normal 0.645092 -0.308522 0.69905
    outer loop
      vertex 20.3412 52.2405 9.6
      vertex 20.768 52 9.1
      vertex 20.3434 52.2451 9.6
    endloop
  endfacet
  facet normal 0.640975 -0.316389 0.69932
    outer loop
      vertex 20.768 52 9.1
      vertex 20.3412 52.2405 9.6
      vertex 20.6522 51.7654 9.1
    endloop
  endfacet
  facet normal 0.640975 0.316389 0.69932
    outer loop
      vertex 20.3412 49.7595 9.6
      vertex 20.768 50 9.1
      vertex 20.6522 50.2346 9.1
    endloop
  endfacet
  facet normal 0.645092 0.308522 0.69905
    outer loop
      vertex 20.768 50 9.1
      vertex 20.3412 49.7595 9.6
      vertex 20.3434 49.7549 9.6
    endloop
  endfacet
  facet normal -0.676976 0.229672 0.699252
    outer loop
      vertex 24.8023 50.0519 9.6
      vertex 24.9053 50.3555 9.6
      vertex 24.4319 50.4824 9.1
    endloop
  endfacet
  facet normal -0.308522 -0.645092 0.69905
    outer loop
      vertex 23.7405 53.1588 9.6
      vertex 23.5 52.732 9.1
      vertex 23.7451 53.1566 9.6
    endloop
  endfacet
  facet normal -0.316389 -0.640975 0.69932
    outer loop
      vertex 23.5 52.732 9.1
      vertex 23.7405 53.1588 9.6
      vertex 23.2654 52.8478 9.1
    endloop
  endfacet
  facet normal 0.537477 0.471268 0.699303
    outer loop
      vertex 20.7358 49.243 9.6
      vertex 20.9133 49.7825 9.1
      vertex 20.5244 49.4841 9.6
    endloop
  endfacet
  facet normal 0.139599 -0.701117 0.699248
    outer loop
      vertex 21.9824 52.9319 9.1
      vertex 22.1699 53.4679 9.6
      vertex 21.8555 53.4053 9.6
    endloop
  endfacet
  facet normal 0.713287 0.0468241 0.699306
    outer loop
      vertex 20.0308 50.6801 9.6
      vertex 20.5 51 9.1
      vertex 20.0098 51 9.6
    endloop
  endfacet
  facet normal 0.0467172 0.713325 0.699274
    outer loop
      vertex 22.2389 49.0171 9.1
      vertex 22.1801 48.5308 9.6
      vertex 22.5 49 9.1
    endloop
  endfacet
  facet normal 0.0419856 0.713755 0.699136
    outer loop
      vertex 22.1801 48.5308 9.6
      vertex 22.2389 49.0171 9.1
      vertex 22.175 48.5311 9.6
    endloop
  endfacet
  facet normal 0.229672 -0.676976 0.699252
    outer loop
      vertex 21.9824 52.9319 9.1
      vertex 21.8555 53.4053 9.6
      vertex 21.5519 53.3023 9.6
    endloop
  endfacet
  facet normal -0.397061 0.594362 0.699339
    outer loop
      vertex 23.5 49.268 9.1
      vertex 23.7494 48.8463 9.6
      vertex 23.7175 49.4133 9.1
    endloop
  endfacet
  facet normal -0.399718 0.592685 0.69925
    outer loop
      vertex 23.7494 48.8463 9.6
      vertex 23.5 49.268 9.1
      vertex 23.7451 48.8434 9.6
    endloop
  endfacet
  facet normal 0.701418 0.137533 0.699355
    outer loop
      vertex 20.0321 50.6699 9.6
      vertex 20.5171 50.7389 9.1
      vertex 20.0311 50.675 9.6
    endloop
  endfacet
  facet normal 0.7011 0.1394 0.699304
    outer loop
      vertex 20.5171 50.7389 9.1
      vertex 20.0321 50.6699 9.6
      vertex 20.5681 50.4824 9.1
    endloop
  endfacet
  facet normal -0.641132 0.316217 0.699254
    outer loop
      vertex 24.6588 49.7595 9.6
      vertex 24.8006 50.047 9.6
      vertex 24.3478 50.2346 9.1
    endloop
  endfacet
  facet normal 0.316389 -0.640975 0.69932
    outer loop
      vertex 21.2595 53.1588 9.6
      vertex 21.5 52.732 9.1
      vertex 21.7346 52.8478 9.1
    endloop
  endfacet
  facet normal 0.308522 -0.645092 0.69905
    outer loop
      vertex 21.5 52.732 9.1
      vertex 21.2595 53.1588 9.6
      vertex 21.2549 53.1566 9.6
    endloop
  endfacet
  facet normal -0.713325 0.0467172 0.699274
    outer loop
      vertex 24.4829 50.7389 9.1
      vertex 24.9692 50.6801 9.6
      vertex 24.5 51 9.1
    endloop
  endfacet
  facet normal -0.713755 0.0419856 0.699136
    outer loop
      vertex 24.9692 50.6801 9.6
      vertex 24.4829 50.7389 9.1
      vertex 24.9689 50.675 9.6
    endloop
  endfacet
  facet normal 0.397182 -0.594324 0.699303
    outer loop
      vertex 21.2825 52.5867 9.1
      vertex 21.2506 53.1537 9.6
      vertex 20.9841 52.9756 9.6
    endloop
  endfacet
  facet normal -0.0468241 0.713287 0.699306
    outer loop
      vertex 22.8199 48.5308 9.6
      vertex 22.5 49 9.1
      vertex 22.5 48.5098 9.6
    endloop
  endfacet
  facet normal -0.592685 0.399718 0.69925
    outer loop
      vertex 24.232 50 9.1
      vertex 24.6537 49.7506 9.6
      vertex 24.6566 49.7549 9.6
    endloop
  endfacet
  facet normal -0.594362 0.397061 0.699339
    outer loop
      vertex 24.6537 49.7506 9.6
      vertex 24.232 50 9.1
      vertex 24.0867 49.7825 9.1
    endloop
  endfacet
  facet normal 0.229741 -0.676929 0.699276
    outer loop
      vertex 21.5519 53.3023 9.6
      vertex 21.7346 52.8478 9.1
      vertex 21.9824 52.9319 9.1
    endloop
  endfacet
  facet normal 0.234269 -0.675246 0.6994
    outer loop
      vertex 21.7346 52.8478 9.1
      vertex 21.5519 53.3023 9.6
      vertex 21.547 53.3006 9.6
    endloop
  endfacet
  facet normal -0.713287 0.0468241 0.699306
    outer loop
      vertex 24.9692 50.6801 9.6
      vertex 24.9902 51 9.6
      vertex 24.5 51 9.1
    endloop
  endfacet
  facet normal 0.471303 0.537422 0.699321
    outer loop
      vertex 21.0858 49.5858 9.1
      vertex 20.743 49.2358 9.6
      vertex 21.2825 49.4133 9.1
    endloop
  endfacet
  facet normal 0.476514 0.532574 0.6995
    outer loop
      vertex 20.743 49.2358 9.6
      vertex 21.0858 49.5858 9.1
      vertex 20.7392 49.2392 9.6
    endloop
  endfacet
  facet normal -0.537477 -0.471268 0.699303
    outer loop
      vertex 24.4756 52.5159 9.6
      vertex 24.2642 52.757 9.6
      vertex 24.0867 52.2175 9.1
    endloop
  endfacet
  facet normal -0.592685 -0.399718 0.69925
    outer loop
      vertex 24.6537 52.2494 9.6
      vertex 24.232 52 9.1
      vertex 24.6566 52.2451 9.6
    endloop
  endfacet
  facet normal -0.594362 -0.397061 0.699339
    outer loop
      vertex 24.232 52 9.1
      vertex 24.6537 52.2494 9.6
      vertex 24.0867 52.2175 9.1
    endloop
  endfacet
  facet normal -0.676929 0.229741 0.699276
    outer loop
      vertex 24.3478 50.2346 9.1
      vertex 24.8023 50.0519 9.6
      vertex 24.4319 50.4824 9.1
    endloop
  endfacet
  facet normal -0.675246 0.234269 0.6994
    outer loop
      vertex 24.8023 50.0519 9.6
      vertex 24.3478 50.2346 9.1
      vertex 24.8006 50.047 9.6
    endloop
  endfacet
  facet normal -0.229672 0.676976 0.699252
    outer loop
      vertex 23.1445 48.5947 9.6
      vertex 23.4481 48.6977 9.6
      vertex 23.0176 49.0681 9.1
    endloop
  endfacet
  facet normal 0.532574 -0.476514 0.6995
    outer loop
      vertex 20.7358 52.757 9.6
      vertex 21.0858 52.4142 9.1
      vertex 20.7392 52.7608 9.6
    endloop
  endfacet
  facet normal 0.537422 -0.471303 0.699321
    outer loop
      vertex 21.0858 52.4142 9.1
      vertex 20.7358 52.757 9.6
      vertex 20.9133 52.2175 9.1
    endloop
  endfacet
  facet normal 0.537422 0.471303 0.699321
    outer loop
      vertex 20.7358 49.243 9.6
      vertex 21.0858 49.5858 9.1
      vertex 20.9133 49.7825 9.1
    endloop
  endfacet
  facet normal 0.532574 0.476514 0.6995
    outer loop
      vertex 21.0858 49.5858 9.1
      vertex 20.7358 49.243 9.6
      vertex 20.7392 49.2392 9.6
    endloop
  endfacet
  facet normal -0.316217 0.641132 0.699254
    outer loop
      vertex 23.453 48.6994 9.6
      vertex 23.7405 48.8412 9.6
      vertex 23.2654 49.1522 9.1
    endloop
  endfacet
  facet normal -0.537477 0.471268 0.699303
    outer loop
      vertex 24.2642 49.243 9.6
      vertex 24.4756 49.4841 9.6
      vertex 24.0867 49.7825 9.1
    endloop
  endfacet
  facet normal 0.713325 0.0467172 0.699274
    outer loop
      vertex 20.0308 50.6801 9.6
      vertex 20.5171 50.7389 9.1
      vertex 20.5 51 9.1
    endloop
  endfacet
  facet normal 0.713755 0.0419856 0.699136
    outer loop
      vertex 20.5171 50.7389 9.1
      vertex 20.0308 50.6801 9.6
      vertex 20.0311 50.675 9.6
    endloop
  endfacet
  facet normal -0.471268 0.537477 0.699303
    outer loop
      vertex 24.0159 49.0244 9.6
      vertex 24.257 49.2358 9.6
      vertex 23.7175 49.4133 9.1
    endloop
  endfacet
  facet normal 0.316389 0.640975 0.69932
    outer loop
      vertex 21.5 49.268 9.1
      vertex 21.2595 48.8412 9.6
      vertex 21.7346 49.1522 9.1
    endloop
  endfacet
  facet normal 0.308522 0.645092 0.69905
    outer loop
      vertex 21.2595 48.8412 9.6
      vertex 21.5 49.268 9.1
      vertex 21.2549 48.8434 9.6
    endloop
  endfacet
  facet normal 0.701117 0.139599 0.699248
    outer loop
      vertex 20.0947 50.3555 9.6
      vertex 20.5681 50.4824 9.1
      vertex 20.0321 50.6699 9.6
    endloop
  endfacet
  facet normal 0.676976 -0.229672 0.699252
    outer loop
      vertex 20.5681 51.5176 9.1
      vertex 20.1977 51.9481 9.6
      vertex 20.0947 51.6445 9.6
    endloop
  endfacet
  facet normal -0.234269 0.675246 0.6994
    outer loop
      vertex 23.2654 49.1522 9.1
      vertex 23.4481 48.6977 9.6
      vertex 23.453 48.6994 9.6
    endloop
  endfacet
  facet normal -0.229741 0.676929 0.699276
    outer loop
      vertex 23.4481 48.6977 9.6
      vertex 23.2654 49.1522 9.1
      vertex 23.0176 49.0681 9.1
    endloop
  endfacet
  facet normal 0.0468241 0.713287 0.699306
    outer loop
      vertex 22.5 48.5098 9.6
      vertex 22.5 49 9.1
      vertex 22.1801 48.5308 9.6
    endloop
  endfacet
  facet normal 0.229672 0.676976 0.699252
    outer loop
      vertex 21.8555 48.5947 9.6
      vertex 21.9824 49.0681 9.1
      vertex 21.5519 48.6977 9.6
    endloop
  endfacet
  facet normal -0.399718 -0.592685 0.69925
    outer loop
      vertex 23.5 52.732 9.1
      vertex 23.7494 53.1537 9.6
      vertex 23.7451 53.1566 9.6
    endloop
  endfacet
  facet normal -0.397061 -0.594362 0.699339
    outer loop
      vertex 23.7494 53.1537 9.6
      vertex 23.5 52.732 9.1
      vertex 23.7175 52.5867 9.1
    endloop
  endfacet
  facet normal 0.676929 0.229741 0.699276
    outer loop
      vertex 20.1977 50.0519 9.6
      vertex 20.6522 50.2346 9.1
      vertex 20.5681 50.4824 9.1
    endloop
  endfacet
  facet normal 0.675246 0.234269 0.6994
    outer loop
      vertex 20.6522 50.2346 9.1
      vertex 20.1977 50.0519 9.6
      vertex 20.1994 50.047 9.6
    endloop
  endfacet
  facet normal -0.701418 0.137533 0.699355
    outer loop
      vertex 24.4829 50.7389 9.1
      vertex 24.9679 50.6699 9.6
      vertex 24.9689 50.675 9.6
    endloop
  endfacet
  facet normal -0.7011 0.1394 0.699304
    outer loop
      vertex 24.9679 50.6699 9.6
      vertex 24.4829 50.7389 9.1
      vertex 24.4319 50.4824 9.1
    endloop
  endfacet
  facet normal 0.316217 0.641132 0.699254
    outer loop
      vertex 21.547 48.6994 9.6
      vertex 21.7346 49.1522 9.1
      vertex 21.2595 48.8412 9.6
    endloop
  endfacet
  facet normal 0.594324 0.397182 0.699303
    outer loop
      vertex 20.5244 49.4841 9.6
      vertex 20.9133 49.7825 9.1
      vertex 20.3463 49.7506 9.6
    endloop
  endfacet
  facet normal -0.594324 -0.397182 0.699303
    outer loop
      vertex 24.6537 52.2494 9.6
      vertex 24.4756 52.5159 9.6
      vertex 24.0867 52.2175 9.1
    endloop
  endfacet
  facet normal 0.1394 -0.7011 0.699304
    outer loop
      vertex 22.2389 52.9829 9.1
      vertex 22.1699 53.4679 9.6
      vertex 21.9824 52.9319 9.1
    endloop
  endfacet
  facet normal 0.137533 -0.701418 0.699355
    outer loop
      vertex 22.1699 53.4679 9.6
      vertex 22.2389 52.9829 9.1
      vertex 22.175 53.4689 9.6
    endloop
  endfacet
  facet normal 0.397182 0.594324 0.699303
    outer loop
      vertex 21.2506 48.8463 9.6
      vertex 21.2825 49.4133 9.1
      vertex 20.9841 49.0244 9.6
    endloop
  endfacet
  facet normal 0.537477 -0.471268 0.699303
    outer loop
      vertex 20.9133 52.2175 9.1
      vertex 20.7358 52.757 9.6
      vertex 20.5244 52.5159 9.6
    endloop
  endfacet
  facet normal -0.476514 0.532574 0.6995
    outer loop
      vertex 23.9142 49.5858 9.1
      vertex 24.257 49.2358 9.6
      vertex 24.2608 49.2392 9.6
    endloop
  endfacet
  facet normal -0.471303 0.537422 0.699321
    outer loop
      vertex 24.257 49.2358 9.6
      vertex 23.9142 49.5858 9.1
      vertex 23.7175 49.4133 9.1
    endloop
  endfacet
  facet normal 0.0419856 -0.713755 0.699136
    outer loop
      vertex 22.2389 52.9829 9.1
      vertex 22.1801 53.4692 9.6
      vertex 22.175 53.4689 9.6
    endloop
  endfacet
  facet normal 0.0467172 -0.713325 0.699274
    outer loop
      vertex 22.1801 53.4692 9.6
      vertex 22.2389 52.9829 9.1
      vertex 22.5 53 9.1
    endloop
  endfacet
  facet normal 0.675246 -0.234269 0.6994
    outer loop
      vertex 20.1977 51.9481 9.6
      vertex 20.6522 51.7654 9.1
      vertex 20.1994 51.953 9.6
    endloop
  endfacet
  facet normal 0.676929 -0.229741 0.699276
    outer loop
      vertex 20.6522 51.7654 9.1
      vertex 20.1977 51.9481 9.6
      vertex 20.5681 51.5176 9.1
    endloop
  endfacet
  facet normal -0.1394 0.7011 0.699304
    outer loop
      vertex 22.7611 49.0171 9.1
      vertex 22.8301 48.5321 9.6
      vertex 23.0176 49.0681 9.1
    endloop
  endfacet
  facet normal -0.137533 0.701418 0.699355
    outer loop
      vertex 22.8301 48.5321 9.6
      vertex 22.7611 49.0171 9.1
      vertex 22.825 48.5311 9.6
    endloop
  endfacet
  facet normal -0.532574 -0.476514 0.6995
    outer loop
      vertex 23.9142 52.4142 9.1
      vertex 24.2642 52.757 9.6
      vertex 24.2608 52.7608 9.6
    endloop
  endfacet
  facet normal -0.537422 -0.471303 0.699321
    outer loop
      vertex 24.2642 52.757 9.6
      vertex 23.9142 52.4142 9.1
      vertex 24.0867 52.2175 9.1
    endloop
  endfacet
  facet normal -0.701117 0.139599 0.699248
    outer loop
      vertex 24.9053 50.3555 9.6
      vertex 24.9679 50.6699 9.6
      vertex 24.4319 50.4824 9.1
    endloop
  endfacet
  facet normal 0.139599 0.701117 0.699248
    outer loop
      vertex 22.1699 48.5321 9.6
      vertex 21.9824 49.0681 9.1
      vertex 21.8555 48.5947 9.6
    endloop
  endfacet
  facet normal -0.139599 -0.701117 0.699248
    outer loop
      vertex 23.0176 52.9319 9.1
      vertex 23.1445 53.4053 9.6
      vertex 22.8301 53.4679 9.6
    endloop
  endfacet
  facet normal -0.234269 -0.675246 0.6994
    outer loop
      vertex 23.4481 53.3023 9.6
      vertex 23.2654 52.8478 9.1
      vertex 23.453 53.3006 9.6
    endloop
  endfacet
  facet normal -0.229741 -0.676929 0.699276
    outer loop
      vertex 23.2654 52.8478 9.1
      vertex 23.4481 53.3023 9.6
      vertex 23.0176 52.9319 9.1
    endloop
  endfacet
  facet normal 0.316217 -0.641132 0.699254
    outer loop
      vertex 21.7346 52.8478 9.1
      vertex 21.547 53.3006 9.6
      vertex 21.2595 53.1588 9.6
    endloop
  endfacet
  facet normal 0.701117 -0.139599 0.699248
    outer loop
      vertex 20.5681 51.5176 9.1
      vertex 20.0947 51.6445 9.6
      vertex 20.0321 51.3301 9.6
    endloop
  endfacet
  facet normal 0.641132 0.316217 0.699254
    outer loop
      vertex 20.3412 49.7595 9.6
      vertex 20.6522 50.2346 9.1
      vertex 20.1994 50.047 9.6
    endloop
  endfacet
  facet normal -0.594324 0.397182 0.699303
    outer loop
      vertex 24.4756 49.4841 9.6
      vertex 24.6537 49.7506 9.6
      vertex 24.0867 49.7825 9.1
    endloop
  endfacet
  facet normal -0.537422 0.471303 0.699321
    outer loop
      vertex 23.9142 49.5858 9.1
      vertex 24.2642 49.243 9.6
      vertex 24.0867 49.7825 9.1
    endloop
  endfacet
  facet normal -0.532574 0.476514 0.6995
    outer loop
      vertex 24.2642 49.243 9.6
      vertex 23.9142 49.5858 9.1
      vertex 24.2608 49.2392 9.6
    endloop
  endfacet
  facet normal 0.229741 0.676929 0.699276
    outer loop
      vertex 21.7346 49.1522 9.1
      vertex 21.5519 48.6977 9.6
      vertex 21.9824 49.0681 9.1
    endloop
  endfacet
  facet normal 0.234269 0.675246 0.6994
    outer loop
      vertex 21.5519 48.6977 9.6
      vertex 21.7346 49.1522 9.1
      vertex 21.547 48.6994 9.6
    endloop
  endfacet
  facet normal 0.713755 -0.0419856 0.699136
    outer loop
      vertex 20.0308 51.3199 9.6
      vertex 20.5171 51.2611 9.1
      vertex 20.0311 51.325 9.6
    endloop
  endfacet
  facet normal 0.713325 -0.0467172 0.699274
    outer loop
      vertex 20.5171 51.2611 9.1
      vertex 20.0308 51.3199 9.6
      vertex 20.5 51 9.1
    endloop
  endfacet
  facet normal -0.397182 0.594324 0.699303
    outer loop
      vertex 23.7494 48.8463 9.6
      vertex 24.0159 49.0244 9.6
      vertex 23.7175 49.4133 9.1
    endloop
  endfacet
  facet normal 0.0468241 -0.713287 0.699306
    outer loop
      vertex 22.5 53 9.1
      vertex 22.5 53.4902 9.6
      vertex 22.1801 53.4692 9.6
    endloop
  endfacet
  facet normal 0.676976 0.229672 0.699252
    outer loop
      vertex 20.1977 50.0519 9.6
      vertex 20.5681 50.4824 9.1
      vertex 20.0947 50.3555 9.6
    endloop
  endfacet
  facet normal 0.471268 0.537477 0.699303
    outer loop
      vertex 20.9841 49.0244 9.6
      vertex 21.2825 49.4133 9.1
      vertex 20.743 49.2358 9.6
    endloop
  endfacet
  facet normal 0.471268 -0.537477 0.699303
    outer loop
      vertex 21.2825 52.5867 9.1
      vertex 20.9841 52.9756 9.6
      vertex 20.743 52.7642 9.6
    endloop
  endfacet
  facet normal 0.594362 0.397061 0.699339
    outer loop
      vertex 20.768 50 9.1
      vertex 20.3463 49.7506 9.6
      vertex 20.9133 49.7825 9.1
    endloop
  endfacet
  facet normal 0.592685 0.399718 0.69925
    outer loop
      vertex 20.3463 49.7506 9.6
      vertex 20.768 50 9.1
      vertex 20.3434 49.7549 9.6
    endloop
  endfacet
  facet normal -0.645092 -0.308522 0.69905
    outer loop
      vertex 24.232 52 9.1
      vertex 24.6588 52.2405 9.6
      vertex 24.6566 52.2451 9.6
    endloop
  endfacet
  facet normal -0.640975 -0.316389 0.69932
    outer loop
      vertex 24.6588 52.2405 9.6
      vertex 24.232 52 9.1
      vertex 24.3478 51.7654 9.1
    endloop
  endfacet
  facet normal -0.308522 0.645092 0.69905
    outer loop
      vertex 23.5 49.268 9.1
      vertex 23.7405 48.8412 9.6
      vertex 23.7451 48.8434 9.6
    endloop
  endfacet
  facet normal -0.316389 0.640975 0.69932
    outer loop
      vertex 23.7405 48.8412 9.6
      vertex 23.5 49.268 9.1
      vertex 23.2654 49.1522 9.1
    endloop
  endfacet
  facet normal 0.137533 0.701418 0.699355
    outer loop
      vertex 22.2389 49.0171 9.1
      vertex 22.1699 48.5321 9.6
      vertex 22.175 48.5311 9.6
    endloop
  endfacet
  facet normal 0.1394 0.7011 0.699304
    outer loop
      vertex 22.1699 48.5321 9.6
      vertex 22.2389 49.0171 9.1
      vertex 21.9824 49.0681 9.1
    endloop
  endfacet
  facet normal -0.316217 -0.641132 0.699254
    outer loop
      vertex 23.7405 53.1588 9.6
      vertex 23.453 53.3006 9.6
      vertex 23.2654 52.8478 9.1
    endloop
  endfacet
  facet normal 0.397061 0.594362 0.699339
    outer loop
      vertex 21.2506 48.8463 9.6
      vertex 21.5 49.268 9.1
      vertex 21.2825 49.4133 9.1
    endloop
  endfacet
  facet normal 0.399718 0.592685 0.69925
    outer loop
      vertex 21.5 49.268 9.1
      vertex 21.2506 48.8463 9.6
      vertex 21.2549 48.8434 9.6
    endloop
  endfacet
  facet normal 0.594362 -0.397061 0.699339
    outer loop
      vertex 20.3463 52.2494 9.6
      vertex 20.768 52 9.1
      vertex 20.9133 52.2175 9.1
    endloop
  endfacet
  facet normal 0.592685 -0.399718 0.69925
    outer loop
      vertex 20.768 52 9.1
      vertex 20.3463 52.2494 9.6
      vertex 20.3434 52.2451 9.6
    endloop
  endfacet
  facet normal 0.594324 -0.397182 0.699303
    outer loop
      vertex 20.9133 52.2175 9.1
      vertex 20.5244 52.5159 9.6
      vertex 20.3463 52.2494 9.6
    endloop
  endfacet
  facet normal 0.713287 -0.0468241 0.699306
    outer loop
      vertex 20.5 51 9.1
      vertex 20.0308 51.3199 9.6
      vertex 20.0098 51 9.6
    endloop
  endfacet
  facet normal -0.229672 -0.676976 0.699252
    outer loop
      vertex 23.4481 53.3023 9.6
      vertex 23.1445 53.4053 9.6
      vertex 23.0176 52.9319 9.1
    endloop
  endfacet
  facet normal -0.476514 -0.532574 0.6995
    outer loop
      vertex 24.257 52.7642 9.6
      vertex 23.9142 52.4142 9.1
      vertex 24.2608 52.7608 9.6
    endloop
  endfacet
  facet normal -0.471303 -0.537422 0.699321
    outer loop
      vertex 23.9142 52.4142 9.1
      vertex 24.257 52.7642 9.6
      vertex 23.7175 52.5867 9.1
    endloop
  endfacet
  facet normal -0.471268 -0.537477 0.699303
    outer loop
      vertex 24.257 52.7642 9.6
      vertex 24.0159 52.9756 9.6
      vertex 23.7175 52.5867 9.1
    endloop
  endfacet
  facet normal -0.640975 0.316389 0.69932
    outer loop
      vertex 24.232 50 9.1
      vertex 24.6588 49.7595 9.6
      vertex 24.3478 50.2346 9.1
    endloop
  endfacet
  facet normal -0.645092 0.308522 0.69905
    outer loop
      vertex 24.6588 49.7595 9.6
      vertex 24.232 50 9.1
      vertex 24.6566 49.7549 9.6
    endloop
  endfacet
  facet normal -0.0468241 -0.713287 0.699306
    outer loop
      vertex 22.8199 53.4692 9.6
      vertex 22.5 53.4902 9.6
      vertex 22.5 53 9.1
    endloop
  endfacet
  facet normal -0.137533 -0.701418 0.699355
    outer loop
      vertex 22.7611 52.9829 9.1
      vertex 22.8301 53.4679 9.6
      vertex 22.825 53.4689 9.6
    endloop
  endfacet
  facet normal -0.1394 -0.7011 0.699304
    outer loop
      vertex 22.8301 53.4679 9.6
      vertex 22.7611 52.9829 9.1
      vertex 23.0176 52.9319 9.1
    endloop
  endfacet
  facet normal 0.641132 -0.316217 0.699254
    outer loop
      vertex 20.6522 51.7654 9.1
      vertex 20.3412 52.2405 9.6
      vertex 20.1994 51.953 9.6
    endloop
  endfacet
  facet normal 0.471303 -0.537422 0.699321
    outer loop
      vertex 20.743 52.7642 9.6
      vertex 21.0858 52.4142 9.1
      vertex 21.2825 52.5867 9.1
    endloop
  endfacet
  facet normal 0.476514 -0.532574 0.6995
    outer loop
      vertex 21.0858 52.4142 9.1
      vertex 20.743 52.7642 9.6
      vertex 20.7392 52.7608 9.6
    endloop
  endfacet
  facet normal -0.641132 -0.316217 0.699254
    outer loop
      vertex 24.8006 51.953 9.6
      vertex 24.6588 52.2405 9.6
      vertex 24.3478 51.7654 9.1
    endloop
  endfacet
  facet normal -0.397182 -0.594324 0.699303
    outer loop
      vertex 24.0159 52.9756 9.6
      vertex 23.7494 53.1537 9.6
      vertex 23.7175 52.5867 9.1
    endloop
  endfacet
  facet normal -0.676976 -0.229672 0.699252
    outer loop
      vertex 24.9053 51.6445 9.6
      vertex 24.8023 51.9481 9.6
      vertex 24.4319 51.5176 9.1
    endloop
  endfacet
  facet normal -0.701117 -0.139599 0.699248
    outer loop
      vertex 24.9679 51.3301 9.6
      vertex 24.9053 51.6445 9.6
      vertex 24.4319 51.5176 9.1
    endloop
  endfacet
  facet normal -0.7011 -0.1394 0.699304
    outer loop
      vertex 24.4829 51.2611 9.1
      vertex 24.9679 51.3301 9.6
      vertex 24.4319 51.5176 9.1
    endloop
  endfacet
  facet normal -0.701418 -0.137533 0.699355
    outer loop
      vertex 24.9679 51.3301 9.6
      vertex 24.4829 51.2611 9.1
      vertex 24.9689 51.325 9.6
    endloop
  endfacet
  facet normal -0.0467172 -0.713325 0.699274
    outer loop
      vertex 22.7611 52.9829 9.1
      vertex 22.8199 53.4692 9.6
      vertex 22.5 53 9.1
    endloop
  endfacet
  facet normal -0.0419856 -0.713755 0.699136
    outer loop
      vertex 22.8199 53.4692 9.6
      vertex 22.7611 52.9829 9.1
      vertex 22.825 53.4689 9.6
    endloop
  endfacet
  facet normal 0.399718 -0.592685 0.69925
    outer loop
      vertex 21.2506 53.1537 9.6
      vertex 21.5 52.732 9.1
      vertex 21.2549 53.1566 9.6
    endloop
  endfacet
  facet normal 0.397061 -0.594362 0.699339
    outer loop
      vertex 21.5 52.732 9.1
      vertex 21.2506 53.1537 9.6
      vertex 21.2825 52.5867 9.1
    endloop
  endfacet
  facet normal -0.675246 -0.234269 0.6994
    outer loop
      vertex 24.3478 51.7654 9.1
      vertex 24.8023 51.9481 9.6
      vertex 24.8006 51.953 9.6
    endloop
  endfacet
  facet normal -0.676929 -0.229741 0.699276
    outer loop
      vertex 24.8023 51.9481 9.6
      vertex 24.3478 51.7654 9.1
      vertex 24.4319 51.5176 9.1
    endloop
  endfacet
  facet normal -0.980777 0 0.195131
    outer loop
      vertex 13.8637 0 8.56472
      vertex 13.9658 2 9.0779
      vertex 13.8637 2 8.56472
    endloop
  endfacet
  facet normal -0.980777 0 0.195131
    outer loop
      vertex 13.9658 2 9.0779
      vertex 13.8637 0 8.56472
      vertex 13.9658 0 9.0779
    endloop
  endfacet
  facet normal -0.997861 0 0.0653646
    outer loop
      vertex 13.9658 0 9.0779
      vertex 14 2 9.6
      vertex 13.9658 2 9.0779
    endloop
  endfacet
  facet normal -0.997861 0 0.0653646
    outer loop
      vertex 14 2 9.6
      vertex 13.9658 0 9.0779
      vertex 14 0 9.6
    endloop
  endfacet
  facet normal -0.94692 0 0.321469
    outer loop
      vertex 13.6955 0 8.06927
      vertex 13.8637 2 8.56472
      vertex 13.6955 2 8.06927
    endloop
  endfacet
  facet normal -0.94692 0 0.321469
    outer loop
      vertex 13.8637 2 8.56472
      vertex 13.6955 0 8.06927
      vertex 13.8637 0 8.56472
    endloop
  endfacet
  facet normal -0.659321 0 0.751861
    outer loop
      vertex 12.435 2 6.42659
      vertex 12.8284 0 6.77157
      vertex 12.8284 2 6.77157
    endloop
  endfacet
  facet normal -0.659321 0 0.751861
    outer loop
      vertex 12.8284 0 6.77157
      vertex 12.435 2 6.42659
      vertex 12.435 0 6.42659
    endloop
  endfacet
  facet normal -0.321464 0 0.946922
    outer loop
      vertex 11.0353 2 5.7363
      vertex 11.5307 0 5.90448
      vertex 11.5307 2 5.90448
    endloop
  endfacet
  facet normal -0.321464 0 0.946922
    outer loop
      vertex 11.5307 0 5.90448
      vertex 11.0353 2 5.7363
      vertex 11.0353 0 5.7363
    endloop
  endfacet
  facet normal 0.65934 0 0.751845
    outer loop
      vertex 7.17157 2 6.77157
      vertex 7.56495 0 6.42659
      vertex 7.56495 2 6.42659
    endloop
  endfacet
  facet normal 0.65934 0 0.751845
    outer loop
      vertex 7.56495 0 6.42659
      vertex 7.17157 2 6.77157
      vertex 7.17157 0 6.77157
    endloop
  endfacet
  facet normal -0.0654027 0 0.997859
    outer loop
      vertex 10 2 5.6
      vertex 10.5221 0 5.63422
      vertex 10.5221 2 5.63422
    endloop
  endfacet
  facet normal -0.0654027 0 0.997859
    outer loop
      vertex 10.5221 0 5.63422
      vertex 10 2 5.6
      vertex 10 0 5.6
    endloop
  endfacet
  facet normal -0.831462 0 0.555582
    outer loop
      vertex 13.1734 0 7.16495
      vertex 13.4641 2 7.6
      vertex 13.1734 2 7.16495
    endloop
  endfacet
  facet normal -0.831462 0 0.555582
    outer loop
      vertex 13.4641 2 7.6
      vertex 13.1734 0 7.16495
      vertex 13.4641 0 7.6
    endloop
  endfacet
  facet normal -0.896887 0 0.44226
    outer loop
      vertex 13.4641 0 7.6
      vertex 13.6955 2 8.06927
      vertex 13.4641 2 7.6
    endloop
  endfacet
  facet normal -0.896887 0 0.44226
    outer loop
      vertex 13.6955 2 8.06927
      vertex 13.4641 0 7.6
      vertex 13.6955 0 8.06927
    endloop
  endfacet
  facet normal -0.751826 0 0.659362
    outer loop
      vertex 12.8284 0 6.77157
      vertex 13.1734 2 7.16495
      vertex 12.8284 2 6.77157
    endloop
  endfacet
  facet normal -0.751826 0 0.659362
    outer loop
      vertex 13.1734 2 7.16495
      vertex 12.8284 0 6.77157
      vertex 13.1734 0 7.16495
    endloop
  endfacet
  facet normal 0.997859 -0 0.0654027
    outer loop
      vertex 6 0 9.6
      vertex 6.03422 2 9.0779
      vertex 6 2 9.6
    endloop
  endfacet
  facet normal 0.997859 0 0.0654027
    outer loop
      vertex 6.03422 2 9.0779
      vertex 6 0 9.6
      vertex 6.03422 0 9.0779
    endloop
  endfacet
  facet normal 0.896871 -0 0.442291
    outer loop
      vertex 6.30448 0 8.06927
      vertex 6.5359 2 7.6
      vertex 6.30448 2 8.06927
    endloop
  endfacet
  facet normal 0.896871 0 0.442291
    outer loop
      vertex 6.5359 2 7.6
      vertex 6.30448 0 8.06927
      vertex 6.5359 0 7.6
    endloop
  endfacet
  facet normal 0.442291 0 0.896871
    outer loop
      vertex 8 2 6.1359
      vertex 8.46927 0 5.90448
      vertex 8.46927 2 5.90448
    endloop
  endfacet
  facet normal 0.442291 0 0.896871
    outer loop
      vertex 8.46927 0 5.90448
      vertex 8 2 6.1359
      vertex 8 0 6.1359
    endloop
  endfacet
  facet normal 0.321435 0 0.946932
    outer loop
      vertex 8.46927 2 5.90448
      vertex 8.96472 0 5.7363
      vertex 8.96472 2 5.7363
    endloop
  endfacet
  facet normal 0.321435 0 0.946932
    outer loop
      vertex 8.96472 0 5.7363
      vertex 8.46927 2 5.90448
      vertex 8.46927 0 5.90448
    endloop
  endfacet
  facet normal 0.195098 0 0.980784
    outer loop
      vertex 8.96472 2 5.7363
      vertex 9.47789 0 5.63422
      vertex 9.47789 2 5.63422
    endloop
  endfacet
  facet normal 0.195098 0 0.980784
    outer loop
      vertex 9.47789 0 5.63422
      vertex 8.96472 2 5.7363
      vertex 8.96472 0 5.7363
    endloop
  endfacet
  facet normal -0.195087 0 0.980786
    outer loop
      vertex 10.5221 2 5.63422
      vertex 11.0353 0 5.7363
      vertex 11.0353 2 5.7363
    endloop
  endfacet
  facet normal -0.195087 0 0.980786
    outer loop
      vertex 11.0353 0 5.7363
      vertex 10.5221 2 5.63422
      vertex 10.5221 0 5.63422
    endloop
  endfacet
  facet normal -0.555613 0 0.831441
    outer loop
      vertex 12 2 6.1359
      vertex 12.435 0 6.42659
      vertex 12.435 2 6.42659
    endloop
  endfacet
  facet normal -0.555613 0 0.831441
    outer loop
      vertex 12.435 0 6.42659
      vertex 12 2 6.1359
      vertex 12 0 6.1359
    endloop
  endfacet
  facet normal 0.555569 0 0.831471
    outer loop
      vertex 7.56495 2 6.42659
      vertex 8 0 6.1359
      vertex 8 2 6.1359
    endloop
  endfacet
  facet normal 0.555569 0 0.831471
    outer loop
      vertex 8 0 6.1359
      vertex 7.56495 2 6.42659
      vertex 7.56495 0 6.42659
    endloop
  endfacet
  facet normal 0.0654014 0 0.997859
    outer loop
      vertex 9.47789 2 5.63422
      vertex 10 0 5.6
      vertex 10 2 5.6
    endloop
  endfacet
  facet normal 0.0654014 0 0.997859
    outer loop
      vertex 10 0 5.6
      vertex 9.47789 2 5.63422
      vertex 9.47789 0 5.63422
    endloop
  endfacet
  facet normal 0.751845 -0 0.65934
    outer loop
      vertex 6.82659 0 7.16495
      vertex 7.17157 2 6.77157
      vertex 6.82659 2 7.16495
    endloop
  endfacet
  facet normal 0.751845 0 0.65934
    outer loop
      vertex 7.17157 2 6.77157
      vertex 6.82659 0 7.16495
      vertex 7.17157 0 6.77157
    endloop
  endfacet
  facet normal 0.980784 -0 0.195094
    outer loop
      vertex 6.03422 0 9.0779
      vertex 6.1363 2 8.56472
      vertex 6.03422 2 9.0779
    endloop
  endfacet
  facet normal 0.980784 0 0.195094
    outer loop
      vertex 6.1363 2 8.56472
      vertex 6.03422 0 9.0779
      vertex 6.1363 0 8.56472
    endloop
  endfacet
  facet normal -0.442268 0 0.896883
    outer loop
      vertex 11.5307 2 5.90448
      vertex 12 0 6.1359
      vertex 12 2 6.1359
    endloop
  endfacet
  facet normal -0.442268 0 0.896883
    outer loop
      vertex 12 0 6.1359
      vertex 11.5307 2 5.90448
      vertex 11.5307 0 5.90448
    endloop
  endfacet
  facet normal 0.831471 -0 0.555569
    outer loop
      vertex 6.5359 0 7.6
      vertex 6.82659 2 7.16495
      vertex 6.5359 2 7.6
    endloop
  endfacet
  facet normal 0.831471 0 0.555569
    outer loop
      vertex 6.82659 2 7.16495
      vertex 6.5359 0 7.6
      vertex 6.82659 0 7.16495
    endloop
  endfacet
  facet normal 0.946932 -0 0.321435
    outer loop
      vertex 6.1363 0 8.56472
      vertex 6.30448 2 8.06927
      vertex 6.1363 2 8.56472
    endloop
  endfacet
  facet normal 0.946932 0 0.321435
    outer loop
      vertex 6.30448 2 8.06927
      vertex 6.1363 0 8.56472
      vertex 6.30448 0 8.06927
    endloop
  endfacet
endsolid OpenSCAD_Model
