solid OpenSCAD_Model
  facet normal 0.980786 0.195087 0
    outer loop
      vertex -4.5385 10.5874 5
      vertex -4.65333 11.1647 4
      vertex -4.65333 11.1647 5
    endloop
  endfacet
  facet normal 0.980786 0.195087 0
    outer loop
      vertex -4.65333 11.1647 4
      vertex -4.5385 10.5874 5
      vertex -4.5385 10.5874 4
    endloop
  endfacet
  facet normal 0.997859 0.0654027 0
    outer loop
      vertex -4.5 10 5
      vertex -4.5385 10.5874 4
      vertex -4.5385 10.5874 5
    endloop
  endfacet
  facet normal 0.997859 0.0654027 0
    outer loop
      vertex -4.5385 10.5874 4
      vertex -4.5 10 5
      vertex -4.5 10 4
    endloop
  endfacet
  facet normal 0.555539 0.831491 -0
    outer loop
      vertex -6.26057 13.5701 4
      vertex -6.75 13.8971 5
      vertex -6.26057 13.5701 5
    endloop
  endfacet
  facet normal 0.555539 0.831491 0
    outer loop
      vertex -6.75 13.8971 5
      vertex -6.26057 13.5701 4
      vertex -6.75 13.8971 4
    endloop
  endfacet
  facet normal 0.65934 0.751845 -0
    outer loop
      vertex -5.81802 13.182 4
      vertex -6.26057 13.5701 5
      vertex -5.81802 13.182 5
    endloop
  endfacet
  facet normal 0.65934 0.751845 0
    outer loop
      vertex -6.26057 13.5701 5
      vertex -5.81802 13.182 4
      vertex -6.26057 13.5701 4
    endloop
  endfacet
  facet normal -0.946934 -0.321427 0
    outer loop
      vertex -13.1575 8.27792 4
      vertex -13.3467 8.83531 5
      vertex -13.3467 8.83531 4
    endloop
  endfacet
  facet normal -0.946934 -0.321427 0
    outer loop
      vertex -13.3467 8.83531 5
      vertex -13.1575 8.27792 4
      vertex -13.1575 8.27792 5
    endloop
  endfacet
  facet normal -0.659308 -0.751873 0
    outer loop
      vertex -12.182 6.81802 4
      vertex -11.7394 6.42991 5
      vertex -12.182 6.81802 5
    endloop
  endfacet
  facet normal -0.659308 -0.751873 -0
    outer loop
      vertex -11.7394 6.42991 5
      vertex -12.182 6.81802 4
      vertex -11.7394 6.42991 4
    endloop
  endfacet
  facet normal -0.321437 -0.946931 0
    outer loop
      vertex -10.7221 5.84254 4
      vertex -10.1647 5.65333 5
      vertex -10.7221 5.84254 5
    endloop
  endfacet
  facet normal -0.321437 -0.946931 -0
    outer loop
      vertex -10.1647 5.65333 5
      vertex -10.7221 5.84254 4
      vertex -10.1647 5.65333 4
    endloop
  endfacet
  facet normal 0.751873 0.659308 0
    outer loop
      vertex -5.42991 12.7394 5
      vertex -5.81802 13.182 4
      vertex -5.81802 13.182 5
    endloop
  endfacet
  facet normal 0.751873 0.659308 0
    outer loop
      vertex -5.81802 13.182 4
      vertex -5.42991 12.7394 5
      vertex -5.42991 12.7394 4
    endloop
  endfacet
  facet normal 0.0654061 -0.997859 0
    outer loop
      vertex -9 5.5 4
      vertex -8.41263 5.5385 5
      vertex -9 5.5 5
    endloop
  endfacet
  facet normal 0.0654061 -0.997859 0
    outer loop
      vertex -8.41263 5.5385 5
      vertex -9 5.5 4
      vertex -8.41263 5.5385 4
    endloop
  endfacet
  facet normal 0.997859 -0.0654061 0
    outer loop
      vertex -4.5385 9.41263 5
      vertex -4.5 10 4
      vertex -4.5 10 5
    endloop
  endfacet
  facet normal 0.997859 -0.0654061 0
    outer loop
      vertex -4.5 10 4
      vertex -4.5385 9.41263 5
      vertex -4.5385 9.41263 4
    endloop
  endfacet
  facet normal 0.442301 -0.896867 0
    outer loop
      vertex -7.27792 5.84254 4
      vertex -6.75 6.10289 5
      vertex -7.27792 5.84254 5
    endloop
  endfacet
  facet normal 0.442301 -0.896867 0
    outer loop
      vertex -6.75 6.10289 5
      vertex -7.27792 5.84254 4
      vertex -6.75 6.10289 4
    endloop
  endfacet
  facet normal 0.0654061 0.997859 -0
    outer loop
      vertex -8.41263 14.4615 4
      vertex -9 14.5 5
      vertex -8.41263 14.4615 5
    endloop
  endfacet
  facet normal 0.0654061 0.997859 0
    outer loop
      vertex -9 14.5 5
      vertex -8.41263 14.4615 4
      vertex -9 14.5 4
    endloop
  endfacet
  facet normal -0.831475 0.555562 0
    outer loop
      vertex -12.8971 12.25 4
      vertex -12.5701 12.7394 5
      vertex -12.5701 12.7394 4
    endloop
  endfacet
  facet normal -0.831475 0.555562 0
    outer loop
      vertex -12.5701 12.7394 5
      vertex -12.8971 12.25 4
      vertex -12.8971 12.25 5
    endloop
  endfacet
  facet normal -0.751882 0.659298 0
    outer loop
      vertex -12.5701 12.7394 4
      vertex -12.182 13.182 5
      vertex -12.182 13.182 4
    endloop
  endfacet
  facet normal -0.751882 0.659298 0
    outer loop
      vertex -12.182 13.182 5
      vertex -12.5701 12.7394 4
      vertex -12.5701 12.7394 5
    endloop
  endfacet
  facet normal -0.555586 -0.831459 0
    outer loop
      vertex -11.7394 6.42991 4
      vertex -11.25 6.10289 5
      vertex -11.7394 6.42991 5
    endloop
  endfacet
  facet normal -0.555586 -0.831459 -0
    outer loop
      vertex -11.25 6.10289 5
      vertex -11.7394 6.42991 4
      vertex -11.25 6.10289 4
    endloop
  endfacet
  facet normal -0.442382 0.896827 0
    outer loop
      vertex -10.7221 14.1575 4
      vertex -11.25 13.8971 5
      vertex -10.7221 14.1575 5
    endloop
  endfacet
  facet normal -0.442382 0.896827 0
    outer loop
      vertex -11.25 13.8971 5
      vertex -10.7221 14.1575 4
      vertex -11.25 13.8971 4
    endloop
  endfacet
  facet normal -0.442314 -0.89686 0
    outer loop
      vertex -11.25 6.10289 4
      vertex -10.7221 5.84254 5
      vertex -11.25 6.10289 5
    endloop
  endfacet
  facet normal -0.442314 -0.89686 -0
    outer loop
      vertex -10.7221 5.84254 5
      vertex -11.25 6.10289 4
      vertex -10.7221 5.84254 4
    endloop
  endfacet
  facet normal -0.997859 -0.0654061 0
    outer loop
      vertex -13.4615 9.41263 4
      vertex -13.5 10 5
      vertex -13.5 10 4
    endloop
  endfacet
  facet normal -0.997859 -0.0654061 0
    outer loop
      vertex -13.5 10 5
      vertex -13.4615 9.41263 4
      vertex -13.4615 9.41263 5
    endloop
  endfacet
  facet normal -0.195077 -0.980788 0
    outer loop
      vertex -10.1647 5.65333 4
      vertex -9.58737 5.5385 5
      vertex -10.1647 5.65333 5
    endloop
  endfacet
  facet normal -0.195077 -0.980788 -0
    outer loop
      vertex -9.58737 5.5385 5
      vertex -10.1647 5.65333 4
      vertex -9.58737 5.5385 4
    endloop
  endfacet
  facet normal -0.896833 -0.442369 0
    outer loop
      vertex -12.8971 7.75 4
      vertex -13.1575 8.27792 5
      vertex -13.1575 8.27792 4
    endloop
  endfacet
  facet normal -0.896833 -0.442369 0
    outer loop
      vertex -13.1575 8.27792 5
      vertex -12.8971 7.75 4
      vertex -12.8971 7.75 5
    endloop
  endfacet
  facet normal 0.19508 -0.980787 0
    outer loop
      vertex -8.41263 5.5385 4
      vertex -7.83531 5.65333 5
      vertex -8.41263 5.5385 5
    endloop
  endfacet
  facet normal 0.19508 -0.980787 0
    outer loop
      vertex -7.83531 5.65333 5
      vertex -8.41263 5.5385 4
      vertex -7.83531 5.65333 4
    endloop
  endfacet
  facet normal 0.65935 -0.751836 0
    outer loop
      vertex -6.26057 6.42991 4
      vertex -5.81802 6.81802 5
      vertex -6.26057 6.42991 5
    endloop
  endfacet
  facet normal 0.65935 -0.751836 0
    outer loop
      vertex -5.81802 6.81802 5
      vertex -6.26057 6.42991 4
      vertex -5.81802 6.81802 4
    endloop
  endfacet
  facet normal 0.442369 0.896833 -0
    outer loop
      vertex -6.75 13.8971 4
      vertex -7.27792 14.1575 5
      vertex -6.75 13.8971 5
    endloop
  endfacet
  facet normal 0.442369 0.896833 0
    outer loop
      vertex -7.27792 14.1575 5
      vertex -6.75 13.8971 4
      vertex -7.27792 14.1575 4
    endloop
  endfacet
  facet normal 0.896867 -0.442301 0
    outer loop
      vertex -5.10289 7.75 5
      vertex -4.84254 8.27792 4
      vertex -4.84254 8.27792 5
    endloop
  endfacet
  facet normal 0.896867 -0.442301 0
    outer loop
      vertex -4.84254 8.27792 4
      vertex -5.10289 7.75 5
      vertex -5.10289 7.75 4
    endloop
  endfacet
  facet normal 0.831459 0.555586 0
    outer loop
      vertex -5.10289 12.25 5
      vertex -5.42991 12.7394 4
      vertex -5.42991 12.7394 5
    endloop
  endfacet
  facet normal 0.831459 0.555586 0
    outer loop
      vertex -5.42991 12.7394 4
      vertex -5.10289 12.25 5
      vertex -5.10289 12.25 4
    endloop
  endfacet
  facet normal -0.0654061 0.997859 0
    outer loop
      vertex -9 14.5 4
      vertex -9.58737 14.4615 5
      vertex -9 14.5 5
    endloop
  endfacet
  facet normal -0.0654061 0.997859 0
    outer loop
      vertex -9.58737 14.4615 5
      vertex -9 14.5 4
      vertex -9.58737 14.4615 4
    endloop
  endfacet
  facet normal 0.831475 -0.555562 0
    outer loop
      vertex -5.42991 7.26057 5
      vertex -5.10289 7.75 4
      vertex -5.10289 7.75 5
    endloop
  endfacet
  facet normal 0.831475 -0.555562 0
    outer loop
      vertex -5.10289 7.75 4
      vertex -5.42991 7.26057 5
      vertex -5.42991 7.26057 4
    endloop
  endfacet
  facet normal -0.831491 -0.555539 0
    outer loop
      vertex -12.5701 7.26057 4
      vertex -12.8971 7.75 5
      vertex -12.8971 7.75 4
    endloop
  endfacet
  facet normal -0.831491 -0.555539 0
    outer loop
      vertex -12.8971 7.75 5
      vertex -12.5701 7.26057 4
      vertex -12.5701 7.26057 5
    endloop
  endfacet
  facet normal -0.0654061 -0.997859 0
    outer loop
      vertex -9.58737 5.5385 4
      vertex -9 5.5 5
      vertex -9.58737 5.5385 5
    endloop
  endfacet
  facet normal -0.0654061 -0.997859 -0
    outer loop
      vertex -9 5.5 5
      vertex -9.58737 5.5385 4
      vertex -9 5.5 4
    endloop
  endfacet
  facet normal -0.321421 0.946936 0
    outer loop
      vertex -10.1647 14.3467 4
      vertex -10.7221 14.1575 5
      vertex -10.1647 14.3467 5
    endloop
  endfacet
  facet normal -0.321421 0.946936 0
    outer loop
      vertex -10.7221 14.1575 5
      vertex -10.1647 14.3467 4
      vertex -10.7221 14.1575 4
    endloop
  endfacet
  facet normal 0.946931 0.321437 0
    outer loop
      vertex -4.65333 11.1647 5
      vertex -4.84254 11.7221 4
      vertex -4.84254 11.7221 5
    endloop
  endfacet
  facet normal 0.946931 0.321437 0
    outer loop
      vertex -4.84254 11.7221 4
      vertex -4.65333 11.1647 5
      vertex -4.65333 11.1647 4
    endloop
  endfacet
  facet normal -0.555562 0.831475 0
    outer loop
      vertex -11.25 13.8971 4
      vertex -11.7394 13.5701 5
      vertex -11.25 13.8971 5
    endloop
  endfacet
  facet normal -0.555562 0.831475 0
    outer loop
      vertex -11.7394 13.5701 5
      vertex -11.25 13.8971 4
      vertex -11.7394 13.5701 4
    endloop
  endfacet
  facet normal 0.195031 0.980797 -0
    outer loop
      vertex -7.83531 14.3467 4
      vertex -8.41263 14.4615 5
      vertex -7.83531 14.3467 5
    endloop
  endfacet
  facet normal 0.195031 0.980797 0
    outer loop
      vertex -8.41263 14.4615 5
      vertex -7.83531 14.3467 4
      vertex -8.41263 14.4615 4
    endloop
  endfacet
  facet normal 0.89686 0.442314 0
    outer loop
      vertex -4.84254 11.7221 5
      vertex -5.10289 12.25 4
      vertex -5.10289 12.25 5
    endloop
  endfacet
  facet normal 0.89686 0.442314 0
    outer loop
      vertex -5.10289 12.25 4
      vertex -4.84254 11.7221 5
      vertex -4.84254 11.7221 4
    endloop
  endfacet
  facet normal 0.751836 -0.65935 0
    outer loop
      vertex -5.81802 6.81802 5
      vertex -5.42991 7.26057 4
      vertex -5.42991 7.26057 5
    endloop
  endfacet
  facet normal 0.751836 -0.65935 0
    outer loop
      vertex -5.42991 7.26057 4
      vertex -5.81802 6.81802 5
      vertex -5.81802 6.81802 4
    endloop
  endfacet
  facet normal 0.321427 0.946934 -0
    outer loop
      vertex -7.27792 14.1575 4
      vertex -7.83531 14.3467 5
      vertex -7.27792 14.1575 5
    endloop
  endfacet
  facet normal 0.321427 0.946934 0
    outer loop
      vertex -7.83531 14.3467 5
      vertex -7.27792 14.1575 4
      vertex -7.83531 14.3467 4
    endloop
  endfacet
  facet normal -0.980797 -0.195031 0
    outer loop
      vertex -13.3467 8.83531 4
      vertex -13.4615 9.41263 5
      vertex -13.4615 9.41263 4
    endloop
  endfacet
  facet normal -0.980797 -0.195031 0
    outer loop
      vertex -13.4615 9.41263 5
      vertex -13.3467 8.83531 4
      vertex -13.3467 8.83531 5
    endloop
  endfacet
  facet normal 0.321442 -0.946929 0
    outer loop
      vertex -7.83531 5.65333 4
      vertex -7.27792 5.84254 5
      vertex -7.83531 5.65333 5
    endloop
  endfacet
  facet normal 0.321442 -0.946929 0
    outer loop
      vertex -7.27792 5.84254 5
      vertex -7.83531 5.65333 4
      vertex -7.27792 5.84254 4
    endloop
  endfacet
  facet normal -0.195028 0.980798 0
    outer loop
      vertex -9.58737 14.4615 4
      vertex -10.1647 14.3467 5
      vertex -9.58737 14.4615 5
    endloop
  endfacet
  facet normal -0.195028 0.980798 0
    outer loop
      vertex -10.1647 14.3467 5
      vertex -9.58737 14.4615 4
      vertex -10.1647 14.3467 4
    endloop
  endfacet
  facet normal 0 0 1
    outer loop
      vertex -7.3 10 5
      vertex -4.5 10 5
      vertex -4.5385 10.5874 5
    endloop
  endfacet
  facet normal 0 0 1
    outer loop
      vertex -7.31454 10.2219 5
      vertex -4.5385 10.5874 5
      vertex -4.65333 11.1647 5
    endloop
  endfacet
  facet normal 0 0 1
    outer loop
      vertex -4.5 10 5
      vertex -7.3 10 5
      vertex -4.5385 9.41263 5
    endloop
  endfacet
  facet normal 0 0 1
    outer loop
      vertex -7.35793 10.44 5
      vertex -4.65333 11.1647 5
      vertex -4.84254 11.7221 5
    endloop
  endfacet
  facet normal -0 0 1
    outer loop
      vertex -7.31454 9.7781 5
      vertex -4.5385 9.41263 5
      vertex -7.3 10 5
    endloop
  endfacet
  facet normal 0 0 1
    outer loop
      vertex -7.4294 10.6506 5
      vertex -4.84254 11.7221 5
      vertex -5.10289 12.25 5
    endloop
  endfacet
  facet normal 0 0 1
    outer loop
      vertex -4.5385 9.41263 5
      vertex -7.31454 9.7781 5
      vertex -4.65333 8.83531 5
    endloop
  endfacet
  facet normal 0 0 1
    outer loop
      vertex -7.52776 10.85 5
      vertex -5.10289 12.25 5
      vertex -5.42991 12.7394 5
    endloop
  endfacet
  facet normal -0 0 1
    outer loop
      vertex -7.35793 9.56001 5
      vertex -4.65333 8.83531 5
      vertex -7.31454 9.7781 5
    endloop
  endfacet
  facet normal 0 0 1
    outer loop
      vertex -7.6513 11.0349 5
      vertex -5.42991 12.7394 5
      vertex -5.81802 13.182 5
    endloop
  endfacet
  facet normal 0 0 1
    outer loop
      vertex -4.65333 8.83531 5
      vertex -7.35793 9.56001 5
      vertex -4.84254 8.27792 5
    endloop
  endfacet
  facet normal 0 0 1
    outer loop
      vertex -7.79792 11.2021 5
      vertex -5.81802 13.182 5
      vertex -6.26057 13.5701 5
    endloop
  endfacet
  facet normal -0 0 1
    outer loop
      vertex -7.4294 9.34944 5
      vertex -4.84254 8.27792 5
      vertex -7.35793 9.56001 5
    endloop
  endfacet
  facet normal 0 0 1
    outer loop
      vertex -7.96511 11.3487 5
      vertex -6.26057 13.5701 5
      vertex -6.75 13.8971 5
    endloop
  endfacet
  facet normal 0 0 1
    outer loop
      vertex -4.84254 8.27792 5
      vertex -7.4294 9.34944 5
      vertex -5.10289 7.75 5
    endloop
  endfacet
  facet normal 0 0 1
    outer loop
      vertex -8.15 11.4722 5
      vertex -6.75 13.8971 5
      vertex -7.27792 14.1575 5
    endloop
  endfacet
  facet normal -0 0 1
    outer loop
      vertex -7.52776 9.15 5
      vertex -5.10289 7.75 5
      vertex -7.4294 9.34944 5
    endloop
  endfacet
  facet normal 0 0 1
    outer loop
      vertex -5.10289 7.75 5
      vertex -7.52776 9.15 5
      vertex -5.42991 7.26057 5
    endloop
  endfacet
  facet normal 0 0 1
    outer loop
      vertex -4.5385 10.5874 5
      vertex -7.31454 10.2219 5
      vertex -7.3 10 5
    endloop
  endfacet
  facet normal 0 0 1
    outer loop
      vertex -4.65333 11.1647 5
      vertex -7.35793 10.44 5
      vertex -7.31454 10.2219 5
    endloop
  endfacet
  facet normal 0 0 1
    outer loop
      vertex -4.84254 11.7221 5
      vertex -7.4294 10.6506 5
      vertex -7.35793 10.44 5
    endloop
  endfacet
  facet normal 0 0 1
    outer loop
      vertex -5.10289 12.25 5
      vertex -7.52776 10.85 5
      vertex -7.4294 10.6506 5
    endloop
  endfacet
  facet normal 0 0 1
    outer loop
      vertex -5.42991 12.7394 5
      vertex -7.6513 11.0349 5
      vertex -7.52776 10.85 5
    endloop
  endfacet
  facet normal 0 0 1
    outer loop
      vertex -5.81802 13.182 5
      vertex -7.79792 11.2021 5
      vertex -7.6513 11.0349 5
    endloop
  endfacet
  facet normal 0 0 1
    outer loop
      vertex -8.34944 11.5706 5
      vertex -7.27792 14.1575 5
      vertex -7.83531 14.3467 5
    endloop
  endfacet
  facet normal 0 0 1
    outer loop
      vertex -6.26057 13.5701 5
      vertex -7.96511 11.3487 5
      vertex -7.79792 11.2021 5
    endloop
  endfacet
  facet normal 0 0 1
    outer loop
      vertex -6.75 13.8971 5
      vertex -8.15 11.4722 5
      vertex -7.96511 11.3487 5
    endloop
  endfacet
  facet normal 0 0 1
    outer loop
      vertex -7.27792 14.1575 5
      vertex -8.34944 11.5706 5
      vertex -8.15 11.4722 5
    endloop
  endfacet
  facet normal 0 0 1
    outer loop
      vertex -8.56001 11.6421 5
      vertex -7.83531 14.3467 5
      vertex -8.41263 14.4615 5
    endloop
  endfacet
  facet normal 0 0 1
    outer loop
      vertex -7.83531 14.3467 5
      vertex -8.56001 11.6421 5
      vertex -8.34944 11.5706 5
    endloop
  endfacet
  facet normal 0 0 1
    outer loop
      vertex -8.41263 14.4615 5
      vertex -8.7781 11.6855 5
      vertex -8.56001 11.6421 5
    endloop
  endfacet
  facet normal 0 0 1
    outer loop
      vertex -9 14.5 5
      vertex -8.7781 11.6855 5
      vertex -8.41263 14.4615 5
    endloop
  endfacet
  facet normal 0 0 1
    outer loop
      vertex -9 14.5 5
      vertex -9 11.7 5
      vertex -8.7781 11.6855 5
    endloop
  endfacet
  facet normal 0 0 1
    outer loop
      vertex -9 14.5 5
      vertex -9.22189 11.6855 5
      vertex -9 11.7 5
    endloop
  endfacet
  facet normal -0 0 1
    outer loop
      vertex -9.58737 14.4615 5
      vertex -9.22189 11.6855 5
      vertex -9 14.5 5
    endloop
  endfacet
  facet normal 0 0 1
    outer loop
      vertex -9.22189 11.6855 5
      vertex -9.58737 14.4615 5
      vertex -9.43999 11.6421 5
    endloop
  endfacet
  facet normal -0 0 1
    outer loop
      vertex -10.1647 14.3467 5
      vertex -9.43999 11.6421 5
      vertex -9.58737 14.4615 5
    endloop
  endfacet
  facet normal 0 0 1
    outer loop
      vertex -9.43999 11.6421 5
      vertex -10.1647 14.3467 5
      vertex -9.65056 11.5706 5
    endloop
  endfacet
  facet normal -0 0 1
    outer loop
      vertex -10.7221 14.1575 5
      vertex -9.65056 11.5706 5
      vertex -10.1647 14.3467 5
    endloop
  endfacet
  facet normal 0 0 1
    outer loop
      vertex -9.65056 11.5706 5
      vertex -10.7221 14.1575 5
      vertex -9.85 11.4722 5
    endloop
  endfacet
  facet normal -0 0 1
    outer loop
      vertex -11.25 13.8971 5
      vertex -9.85 11.4722 5
      vertex -10.7221 14.1575 5
    endloop
  endfacet
  facet normal 0 0 1
    outer loop
      vertex -9.85 11.4722 5
      vertex -11.25 13.8971 5
      vertex -10.0349 11.3487 5
    endloop
  endfacet
  facet normal -0 0 1
    outer loop
      vertex -11.7394 13.5701 5
      vertex -10.0349 11.3487 5
      vertex -11.25 13.8971 5
    endloop
  endfacet
  facet normal 0 0 1
    outer loop
      vertex -10.0349 11.3487 5
      vertex -11.7394 13.5701 5
      vertex -10.2021 11.2021 5
    endloop
  endfacet
  facet normal -0 0 1
    outer loop
      vertex -12.182 13.182 5
      vertex -10.2021 11.2021 5
      vertex -11.7394 13.5701 5
    endloop
  endfacet
  facet normal 0 0 1
    outer loop
      vertex -10.2021 11.2021 5
      vertex -12.182 13.182 5
      vertex -10.3487 11.0349 5
    endloop
  endfacet
  facet normal 0 0 1
    outer loop
      vertex -10.3487 11.0349 5
      vertex -12.5701 12.7394 5
      vertex -10.4722 10.85 5
    endloop
  endfacet
  facet normal -0 0 1
    outer loop
      vertex -12.5701 12.7394 5
      vertex -10.3487 11.0349 5
      vertex -12.182 13.182 5
    endloop
  endfacet
  facet normal -0 0 1
    outer loop
      vertex -7.6513 8.96511 5
      vertex -5.42991 7.26057 5
      vertex -7.52776 9.15 5
    endloop
  endfacet
  facet normal 0 0 1
    outer loop
      vertex -5.42991 7.26057 5
      vertex -7.6513 8.96511 5
      vertex -5.81802 6.81802 5
    endloop
  endfacet
  facet normal -0 0 1
    outer loop
      vertex -7.79792 8.79792 5
      vertex -5.81802 6.81802 5
      vertex -7.6513 8.96511 5
    endloop
  endfacet
  facet normal 0 0 1
    outer loop
      vertex -5.81802 6.81802 5
      vertex -7.79792 8.79792 5
      vertex -6.26057 6.42991 5
    endloop
  endfacet
  facet normal -0 0 1
    outer loop
      vertex -7.96511 8.6513 5
      vertex -6.26057 6.42991 5
      vertex -7.79792 8.79792 5
    endloop
  endfacet
  facet normal 0 0 1
    outer loop
      vertex -6.26057 6.42991 5
      vertex -7.96511 8.6513 5
      vertex -6.75 6.10289 5
    endloop
  endfacet
  facet normal -0 0 1
    outer loop
      vertex -8.15 8.52776 5
      vertex -6.75 6.10289 5
      vertex -7.96511 8.6513 5
    endloop
  endfacet
  facet normal 0 0 1
    outer loop
      vertex -6.75 6.10289 5
      vertex -8.15 8.52776 5
      vertex -7.27792 5.84254 5
    endloop
  endfacet
  facet normal -0 0 1
    outer loop
      vertex -8.34944 8.4294 5
      vertex -7.27792 5.84254 5
      vertex -8.15 8.52776 5
    endloop
  endfacet
  facet normal 0 0 1
    outer loop
      vertex -7.27792 5.84254 5
      vertex -8.34944 8.4294 5
      vertex -7.83531 5.65333 5
    endloop
  endfacet
  facet normal -0 0 1
    outer loop
      vertex -8.56001 8.35793 5
      vertex -7.83531 5.65333 5
      vertex -8.34944 8.4294 5
    endloop
  endfacet
  facet normal 0 0 1
    outer loop
      vertex -7.83531 5.65333 5
      vertex -8.56001 8.35793 5
      vertex -8.41263 5.5385 5
    endloop
  endfacet
  facet normal -0 0 1
    outer loop
      vertex -8.7781 8.31454 5
      vertex -8.41263 5.5385 5
      vertex -8.56001 8.35793 5
    endloop
  endfacet
  facet normal -0 0 1
    outer loop
      vertex -9 8.3 5
      vertex -8.41263 5.5385 5
      vertex -8.7781 8.31454 5
    endloop
  endfacet
  facet normal 0 0 1
    outer loop
      vertex -9 8.3 5
      vertex -9 5.5 5
      vertex -8.41263 5.5385 5
    endloop
  endfacet
  facet normal 0 0 1
    outer loop
      vertex -9.22189 8.31454 5
      vertex -9 5.5 5
      vertex -9 8.3 5
    endloop
  endfacet
  facet normal 0 0 1
    outer loop
      vertex -9.58737 5.5385 5
      vertex -9.22189 8.31454 5
      vertex -9.43999 8.35793 5
    endloop
  endfacet
  facet normal 0 0 1
    outer loop
      vertex -9.22189 8.31454 5
      vertex -9.58737 5.5385 5
      vertex -9 5.5 5
    endloop
  endfacet
  facet normal 0 0 1
    outer loop
      vertex -10.1647 5.65333 5
      vertex -9.43999 8.35793 5
      vertex -9.65056 8.4294 5
    endloop
  endfacet
  facet normal 0 0 1
    outer loop
      vertex -10.7221 5.84254 5
      vertex -9.65056 8.4294 5
      vertex -9.85 8.52776 5
    endloop
  endfacet
  facet normal 0 0 1
    outer loop
      vertex -11.25 6.10289 5
      vertex -9.85 8.52776 5
      vertex -10.0349 8.6513 5
    endloop
  endfacet
  facet normal 0 0 1
    outer loop
      vertex -9.43999 8.35793 5
      vertex -10.1647 5.65333 5
      vertex -9.58737 5.5385 5
    endloop
  endfacet
  facet normal 0 0 1
    outer loop
      vertex -11.7394 6.42991 5
      vertex -10.0349 8.6513 5
      vertex -10.2021 8.79792 5
    endloop
  endfacet
  facet normal 0 0 1
    outer loop
      vertex -12.182 6.81802 5
      vertex -10.2021 8.79792 5
      vertex -10.3487 8.96511 5
    endloop
  endfacet
  facet normal 0 0 1
    outer loop
      vertex -12.5701 7.26057 5
      vertex -10.3487 8.96511 5
      vertex -10.4722 9.15 5
    endloop
  endfacet
  facet normal 0 0 1
    outer loop
      vertex -12.8971 7.75 5
      vertex -10.4722 9.15 5
      vertex -10.5706 9.34944 5
    endloop
  endfacet
  facet normal 0 0 1
    outer loop
      vertex -13.1575 8.27792 5
      vertex -10.5706 9.34944 5
      vertex -10.6421 9.56001 5
    endloop
  endfacet
  facet normal 0 0 1
    outer loop
      vertex -13.3467 8.83531 5
      vertex -10.6421 9.56001 5
      vertex -10.6855 9.7781 5
    endloop
  endfacet
  facet normal 0 0 1
    outer loop
      vertex -9.65056 8.4294 5
      vertex -10.7221 5.84254 5
      vertex -10.1647 5.65333 5
    endloop
  endfacet
  facet normal 0 0 1
    outer loop
      vertex -13.4615 9.41263 5
      vertex -10.6855 9.7781 5
      vertex -10.7 10 5
    endloop
  endfacet
  facet normal -0 0 1
    outer loop
      vertex -12.8971 12.25 5
      vertex -10.4722 10.85 5
      vertex -12.5701 12.7394 5
    endloop
  endfacet
  facet normal 0 0 1
    outer loop
      vertex -10.4722 10.85 5
      vertex -12.8971 12.25 5
      vertex -10.5706 10.6506 5
    endloop
  endfacet
  facet normal 0 0 1
    outer loop
      vertex -9.85 8.52776 5
      vertex -11.25 6.10289 5
      vertex -10.7221 5.84254 5
    endloop
  endfacet
  facet normal -0 0 1
    outer loop
      vertex -13.1575 11.7221 5
      vertex -10.5706 10.6506 5
      vertex -12.8971 12.25 5
    endloop
  endfacet
  facet normal 0 0 1
    outer loop
      vertex -10.0349 8.6513 5
      vertex -11.7394 6.42991 5
      vertex -11.25 6.10289 5
    endloop
  endfacet
  facet normal 0 0 1
    outer loop
      vertex -10.5706 10.6506 5
      vertex -13.1575 11.7221 5
      vertex -10.6421 10.44 5
    endloop
  endfacet
  facet normal 0 0 1
    outer loop
      vertex -10.2021 8.79792 5
      vertex -12.182 6.81802 5
      vertex -11.7394 6.42991 5
    endloop
  endfacet
  facet normal -0 0 1
    outer loop
      vertex -13.3467 11.1647 5
      vertex -10.6421 10.44 5
      vertex -13.1575 11.7221 5
    endloop
  endfacet
  facet normal 0 0 1
    outer loop
      vertex -10.3487 8.96511 5
      vertex -12.5701 7.26057 5
      vertex -12.182 6.81802 5
    endloop
  endfacet
  facet normal 0 0 1
    outer loop
      vertex -10.6421 10.44 5
      vertex -13.3467 11.1647 5
      vertex -10.6855 10.2219 5
    endloop
  endfacet
  facet normal 0 0 1
    outer loop
      vertex -10.4722 9.15 5
      vertex -12.8971 7.75 5
      vertex -12.5701 7.26057 5
    endloop
  endfacet
  facet normal -0 0 1
    outer loop
      vertex -13.4615 10.5874 5
      vertex -10.6855 10.2219 5
      vertex -13.3467 11.1647 5
    endloop
  endfacet
  facet normal 0 0 1
    outer loop
      vertex -10.5706 9.34944 5
      vertex -13.1575 8.27792 5
      vertex -12.8971 7.75 5
    endloop
  endfacet
  facet normal 0 0 1
    outer loop
      vertex -10.6855 10.2219 5
      vertex -13.4615 10.5874 5
      vertex -10.7 10 5
    endloop
  endfacet
  facet normal 0 0 1
    outer loop
      vertex -10.6421 9.56001 5
      vertex -13.3467 8.83531 5
      vertex -13.1575 8.27792 5
    endloop
  endfacet
  facet normal 0 0 1
    outer loop
      vertex -13.5 10 5
      vertex -10.7 10 5
      vertex -13.4615 10.5874 5
    endloop
  endfacet
  facet normal 0 0 1
    outer loop
      vertex -10.6855 9.7781 5
      vertex -13.4615 9.41263 5
      vertex -13.3467 8.83531 5
    endloop
  endfacet
  facet normal 0 0 1
    outer loop
      vertex -10.7 10 5
      vertex -13.5 10 5
      vertex -13.4615 9.41263 5
    endloop
  endfacet
  facet normal -0.751845 -0.65934 0
    outer loop
      vertex -12.182 6.81802 4
      vertex -12.5701 7.26057 5
      vertex -12.5701 7.26057 4
    endloop
  endfacet
  facet normal -0.751845 -0.65934 0
    outer loop
      vertex -12.5701 7.26057 5
      vertex -12.182 6.81802 4
      vertex -12.182 6.81802 5
    endloop
  endfacet
  facet normal -0.946936 0.321421 0
    outer loop
      vertex -13.3467 11.1647 4
      vertex -13.1575 11.7221 5
      vertex -13.1575 11.7221 4
    endloop
  endfacet
  facet normal -0.946936 0.321421 0
    outer loop
      vertex -13.1575 11.7221 5
      vertex -13.3467 11.1647 4
      vertex -13.3467 11.1647 5
    endloop
  endfacet
  facet normal -0.659298 0.751882 0
    outer loop
      vertex -11.7394 13.5701 4
      vertex -12.182 13.182 5
      vertex -11.7394 13.5701 5
    endloop
  endfacet
  facet normal -0.659298 0.751882 0
    outer loop
      vertex -12.182 13.182 5
      vertex -11.7394 13.5701 4
      vertex -12.182 13.182 4
    endloop
  endfacet
  facet normal 0.946929 -0.321442 0
    outer loop
      vertex -4.84254 8.27792 5
      vertex -4.65333 8.83531 4
      vertex -4.65333 8.83531 5
    endloop
  endfacet
  facet normal 0.946929 -0.321442 0
    outer loop
      vertex -4.65333 8.83531 4
      vertex -4.84254 8.27792 5
      vertex -4.84254 8.27792 4
    endloop
  endfacet
  facet normal 0.980787 -0.19508 0
    outer loop
      vertex -4.65333 8.83531 5
      vertex -4.5385 9.41263 4
      vertex -4.5385 9.41263 5
    endloop
  endfacet
  facet normal 0.980787 -0.19508 0
    outer loop
      vertex -4.5385 9.41263 4
      vertex -4.65333 8.83531 5
      vertex -4.65333 8.83531 4
    endloop
  endfacet
  facet normal 0.555562 -0.831475 0
    outer loop
      vertex -6.75 6.10289 4
      vertex -6.26057 6.42991 5
      vertex -6.75 6.10289 5
    endloop
  endfacet
  facet normal 0.555562 -0.831475 0
    outer loop
      vertex -6.26057 6.42991 5
      vertex -6.75 6.10289 4
      vertex -6.26057 6.42991 4
    endloop
  endfacet
  facet normal -0.896827 0.442382 0
    outer loop
      vertex -13.1575 11.7221 4
      vertex -12.8971 12.25 5
      vertex -12.8971 12.25 4
    endloop
  endfacet
  facet normal -0.896827 0.442382 0
    outer loop
      vertex -12.8971 12.25 5
      vertex -13.1575 11.7221 4
      vertex -13.1575 11.7221 5
    endloop
  endfacet
  facet normal -0.980796 0.195038 0
    outer loop
      vertex -13.4615 10.5874 4
      vertex -13.3467 11.1647 5
      vertex -13.3467 11.1647 4
    endloop
  endfacet
  facet normal -0.980796 0.195038 0
    outer loop
      vertex -13.3467 11.1647 5
      vertex -13.4615 10.5874 4
      vertex -13.4615 10.5874 5
    endloop
  endfacet
  facet normal -0.997859 0.0654027 0
    outer loop
      vertex -13.5 10 4
      vertex -13.4615 10.5874 5
      vertex -13.4615 10.5874 4
    endloop
  endfacet
  facet normal -0.997859 0.0654027 0
    outer loop
      vertex -13.4615 10.5874 5
      vertex -13.5 10 4
      vertex -13.5 10 5
    endloop
  endfacet
  facet normal 0.980731 0.195365 0
    outer loop
      vertex 116.262 10.5874 5
      vertex 116.147 11.1647 4
      vertex 116.147 11.1647 5
    endloop
  endfacet
  facet normal 0.980731 0.195365 0
    outer loop
      vertex 116.147 11.1647 4
      vertex 116.262 10.5874 5
      vertex 116.262 10.5874 4
    endloop
  endfacet
  facet normal 0.997914 0.0645569 0
    outer loop
      vertex 116.3 10 5
      vertex 116.262 10.5874 4
      vertex 116.262 10.5874 5
    endloop
  endfacet
  facet normal 0.997914 0.0645569 0
    outer loop
      vertex 116.262 10.5874 4
      vertex 116.3 10 5
      vertex 116.3 10 4
    endloop
  endfacet
  facet normal 0.897096 0.441836 0
    outer loop
      vertex 115.957 11.7221 5
      vertex 115.697 12.25 4
      vertex 115.697 12.25 5
    endloop
  endfacet
  facet normal 0.897096 0.441836 0
    outer loop
      vertex 115.697 12.25 4
      vertex 115.957 11.7221 5
      vertex 115.957 11.7221 4
    endloop
  endfacet
  facet normal 0.751966 0.659202 0
    outer loop
      vertex 115.37 12.7394 5
      vertex 114.982 13.182 4
      vertex 114.982 13.182 5
    endloop
  endfacet
  facet normal 0.751966 0.659202 0
    outer loop
      vertex 114.982 13.182 4
      vertex 115.37 12.7394 5
      vertex 115.37 12.7394 4
    endloop
  endfacet
  facet normal -0.442247 -0.896893 0
    outer loop
      vertex 109.55 6.10289 4
      vertex 110.078 5.84254 5
      vertex 109.55 6.10289 5
    endloop
  endfacet
  facet normal -0.442247 -0.896893 -0
    outer loop
      vertex 110.078 5.84254 5
      vertex 109.55 6.10289 4
      vertex 110.078 5.84254 4
    endloop
  endfacet
  facet normal -0.5559 -0.831249 0
    outer loop
      vertex 109.061 6.42991 4
      vertex 109.55 6.10289 5
      vertex 109.061 6.42991 5
    endloop
  endfacet
  facet normal -0.5559 -0.831249 -0
    outer loop
      vertex 109.55 6.10289 5
      vertex 109.061 6.42991 4
      vertex 109.55 6.10289 4
    endloop
  endfacet
  facet normal 0.442247 -0.896893 0
    outer loop
      vertex 113.522 5.84254 4
      vertex 114.05 6.10289 5
      vertex 113.522 5.84254 5
    endloop
  endfacet
  facet normal 0.442247 -0.896893 0
    outer loop
      vertex 114.05 6.10289 5
      vertex 113.522 5.84254 4
      vertex 114.05 6.10289 4
    endloop
  endfacet
  facet normal 0.19486 -0.980831 0
    outer loop
      vertex 112.387 5.5385 4
      vertex 112.965 5.65333 5
      vertex 112.387 5.5385 5
    endloop
  endfacet
  facet normal 0.19486 -0.980831 0
    outer loop
      vertex 112.965 5.65333 5
      vertex 112.387 5.5385 4
      vertex 112.965 5.65333 4
    endloop
  endfacet
  facet normal 0.831475 0.555562 0
    outer loop
      vertex 115.697 12.25 5
      vertex 115.37 12.7394 4
      vertex 115.37 12.7394 5
    endloop
  endfacet
  facet normal 0.831475 0.555562 0
    outer loop
      vertex 115.37 12.7394 4
      vertex 115.697 12.25 5
      vertex 115.697 12.25 4
    endloop
  endfacet
  facet normal -0.19486 -0.980831 0
    outer loop
      vertex 110.635 5.65333 4
      vertex 111.213 5.5385 5
      vertex 110.635 5.65333 5
    endloop
  endfacet
  facet normal -0.19486 -0.980831 -0
    outer loop
      vertex 111.213 5.5385 5
      vertex 110.635 5.65333 4
      vertex 111.213 5.5385 4
    endloop
  endfacet
  facet normal 0.555877 0.831265 -0
    outer loop
      vertex 114.539 13.5701 4
      vertex 114.05 13.8971 5
      vertex 114.539 13.5701 5
    endloop
  endfacet
  facet normal 0.555877 0.831265 0
    outer loop
      vertex 114.05 13.8971 5
      vertex 114.539 13.5701 4
      vertex 114.05 13.8971 4
    endloop
  endfacet
  facet normal 0.997914 -0.0645602 0
    outer loop
      vertex 116.262 9.41263 5
      vertex 116.3 10 4
      vertex 116.3 10 5
    endloop
  endfacet
  facet normal 0.997914 -0.0645602 0
    outer loop
      vertex 116.3 10 4
      vertex 116.262 9.41263 5
      vertex 116.262 9.41263 4
    endloop
  endfacet
  facet normal -0.751929 -0.659244 0
    outer loop
      vertex 108.618 6.81802 4
      vertex 108.23 7.26057 5
      vertex 108.23 7.26057 4
    endloop
  endfacet
  facet normal -0.751929 -0.659244 0
    outer loop
      vertex 108.23 7.26057 5
      vertex 108.618 6.81802 4
      vertex 108.618 6.81802 5
    endloop
  endfacet
  facet normal 0.751929 -0.659244 0
    outer loop
      vertex 114.982 6.81802 5
      vertex 115.37 7.26057 4
      vertex 115.37 7.26057 5
    endloop
  endfacet
  facet normal 0.751929 -0.659244 0
    outer loop
      vertex 115.37 7.26057 4
      vertex 114.982 6.81802 5
      vertex 114.982 6.81802 4
    endloop
  endfacet
  facet normal 0.442315 0.89686 -0
    outer loop
      vertex 114.05 13.8971 4
      vertex 113.522 14.1575 5
      vertex 114.05 13.8971 5
    endloop
  endfacet
  facet normal 0.442315 0.89686 0
    outer loop
      vertex 113.522 14.1575 5
      vertex 114.05 13.8971 4
      vertex 113.522 14.1575 4
    endloop
  endfacet
  facet normal 0.658971 -0.752168 0
    outer loop
      vertex 114.539 6.42991 4
      vertex 114.982 6.81802 5
      vertex 114.539 6.42991 5
    endloop
  endfacet
  facet normal 0.658971 -0.752168 0
    outer loop
      vertex 114.982 6.81802 5
      vertex 114.539 6.42991 4
      vertex 114.982 6.81802 4
    endloop
  endfacet
  facet normal 0.94652 -0.322645 0
    outer loop
      vertex 115.957 8.27792 5
      vertex 116.147 8.83531 4
      vertex 116.147 8.83531 5
    endloop
  endfacet
  facet normal 0.94652 -0.322645 0
    outer loop
      vertex 116.147 8.83531 4
      vertex 115.957 8.27792 5
      vertex 115.957 8.27792 4
    endloop
  endfacet
  facet normal -0.442315 0.89686 0
    outer loop
      vertex 110.078 14.1575 4
      vertex 109.55 13.8971 5
      vertex 110.078 14.1575 5
    endloop
  endfacet
  facet normal -0.442315 0.89686 0
    outer loop
      vertex 109.55 13.8971 5
      vertex 110.078 14.1575 4
      vertex 109.55 13.8971 4
    endloop
  endfacet
  facet normal -0.194811 0.980841 0
    outer loop
      vertex 111.213 14.4615 4
      vertex 110.635 14.3467 5
      vertex 111.213 14.4615 5
    endloop
  endfacet
  facet normal -0.194811 0.980841 0
    outer loop
      vertex 110.635 14.3467 5
      vertex 111.213 14.4615 4
      vertex 110.635 14.3467 4
    endloop
  endfacet
  facet normal -0.981055 0.19373 0
    outer loop
      vertex 107.339 10.5874 4
      vertex 107.453 11.1647 5
      vertex 107.453 11.1647 4
    endloop
  endfacet
  facet normal -0.981055 0.19373 0
    outer loop
      vertex 107.453 11.1647 5
      vertex 107.339 10.5874 4
      vertex 107.339 10.5874 5
    endloop
  endfacet
  facet normal -0.831475 0.555562 0
    outer loop
      vertex 107.903 12.25 4
      vertex 108.23 12.7394 5
      vertex 108.23 12.7394 4
    endloop
  endfacet
  facet normal -0.831475 0.555562 0
    outer loop
      vertex 108.23 12.7394 5
      vertex 107.903 12.25 4
      vertex 107.903 12.25 5
    endloop
  endfacet
  facet normal 0.321644 -0.946861 0
    outer loop
      vertex 112.965 5.65333 4
      vertex 113.522 5.84254 5
      vertex 112.965 5.65333 5
    endloop
  endfacet
  facet normal 0.321644 -0.946861 0
    outer loop
      vertex 113.522 5.84254 5
      vertex 112.965 5.65333 4
      vertex 113.522 5.84254 4
    endloop
  endfacet
  facet normal -0.555877 0.831265 0
    outer loop
      vertex 109.55 13.8971 4
      vertex 109.061 13.5701 5
      vertex 109.55 13.8971 5
    endloop
  endfacet
  facet normal -0.555877 0.831265 0
    outer loop
      vertex 109.061 13.5701 5
      vertex 109.55 13.8971 4
      vertex 109.061 13.5701 4
    endloop
  endfacet
  facet normal 0.831491 -0.555539 0
    outer loop
      vertex 115.37 7.26057 5
      vertex 115.697 7.75 4
      vertex 115.697 7.75 5
    endloop
  endfacet
  facet normal 0.831491 -0.555539 0
    outer loop
      vertex 115.697 7.75 4
      vertex 115.37 7.26057 5
      vertex 115.37 7.26057 4
    endloop
  endfacet
  facet normal 0.321628 0.946866 -0
    outer loop
      vertex 113.522 14.1575 4
      vertex 112.965 14.3467 5
      vertex 113.522 14.1575 5
    endloop
  endfacet
  facet normal 0.321628 0.946866 0
    outer loop
      vertex 112.965 14.3467 5
      vertex 113.522 14.1575 4
      vertex 112.965 14.3467 4
    endloop
  endfacet
  facet normal -0.831491 -0.555539 0
    outer loop
      vertex 108.23 7.26057 4
      vertex 107.903 7.75 5
      vertex 107.903 7.75 4
    endloop
  endfacet
  facet normal -0.831491 -0.555539 0
    outer loop
      vertex 107.903 7.75 5
      vertex 108.23 7.26057 4
      vertex 108.23 7.26057 5
    endloop
  endfacet
  facet normal -0.997803 -0.0662518 0
    outer loop
      vertex 107.339 9.41263 4
      vertex 107.3 10 5
      vertex 107.3 10 4
    endloop
  endfacet
  facet normal -0.997803 -0.0662518 0
    outer loop
      vertex 107.3 10 5
      vertex 107.339 9.41263 4
      vertex 107.339 9.41263 5
    endloop
  endfacet
  facet normal -0.0654471 0.997856 0
    outer loop
      vertex 111.8 14.5 4
      vertex 111.213 14.4615 5
      vertex 111.8 14.5 5
    endloop
  endfacet
  facet normal -0.0654471 0.997856 0
    outer loop
      vertex 111.213 14.4615 5
      vertex 111.8 14.5 4
      vertex 111.213 14.4615 4
    endloop
  endfacet
  facet normal 0 0 1
    outer loop
      vertex 113.5 10 5
      vertex 116.3 10 5
      vertex 116.262 10.5874 5
    endloop
  endfacet
  facet normal 0 0 1
    outer loop
      vertex 113.485 10.2219 5
      vertex 116.262 10.5874 5
      vertex 116.147 11.1647 5
    endloop
  endfacet
  facet normal 0 0 1
    outer loop
      vertex 116.3 10 5
      vertex 113.5 10 5
      vertex 116.262 9.41263 5
    endloop
  endfacet
  facet normal 0 0 1
    outer loop
      vertex 113.442 10.44 5
      vertex 116.147 11.1647 5
      vertex 115.957 11.7221 5
    endloop
  endfacet
  facet normal -0 0 1
    outer loop
      vertex 113.485 9.7781 5
      vertex 116.262 9.41263 5
      vertex 113.5 10 5
    endloop
  endfacet
  facet normal 0 0 1
    outer loop
      vertex 113.371 10.6506 5
      vertex 115.957 11.7221 5
      vertex 115.697 12.25 5
    endloop
  endfacet
  facet normal 0 0 1
    outer loop
      vertex 116.262 9.41263 5
      vertex 113.485 9.7781 5
      vertex 116.147 8.83531 5
    endloop
  endfacet
  facet normal 0 0 1
    outer loop
      vertex 113.272 10.85 5
      vertex 115.697 12.25 5
      vertex 115.37 12.7394 5
    endloop
  endfacet
  facet normal -0 0 1
    outer loop
      vertex 113.442 9.56001 5
      vertex 116.147 8.83531 5
      vertex 113.485 9.7781 5
    endloop
  endfacet
  facet normal 0 0 1
    outer loop
      vertex 113.149 11.0349 5
      vertex 115.37 12.7394 5
      vertex 114.982 13.182 5
    endloop
  endfacet
  facet normal 0 0 1
    outer loop
      vertex 116.147 8.83531 5
      vertex 113.442 9.56001 5
      vertex 115.957 8.27792 5
    endloop
  endfacet
  facet normal 0 0 1
    outer loop
      vertex 113.002 11.2021 5
      vertex 114.982 13.182 5
      vertex 114.539 13.5701 5
    endloop
  endfacet
  facet normal -0 0 1
    outer loop
      vertex 113.371 9.34944 5
      vertex 115.957 8.27792 5
      vertex 113.442 9.56001 5
    endloop
  endfacet
  facet normal 0 0 1
    outer loop
      vertex 112.835 11.3487 5
      vertex 114.539 13.5701 5
      vertex 114.05 13.8971 5
    endloop
  endfacet
  facet normal 0 0 1
    outer loop
      vertex 115.957 8.27792 5
      vertex 113.371 9.34944 5
      vertex 115.697 7.75 5
    endloop
  endfacet
  facet normal 0 0 1
    outer loop
      vertex 112.65 11.4722 5
      vertex 114.05 13.8971 5
      vertex 113.522 14.1575 5
    endloop
  endfacet
  facet normal -0 0 1
    outer loop
      vertex 113.272 9.15 5
      vertex 115.697 7.75 5
      vertex 113.371 9.34944 5
    endloop
  endfacet
  facet normal 0 0 1
    outer loop
      vertex 115.697 7.75 5
      vertex 113.272 9.15 5
      vertex 115.37 7.26057 5
    endloop
  endfacet
  facet normal 0 0 1
    outer loop
      vertex 116.262 10.5874 5
      vertex 113.485 10.2219 5
      vertex 113.5 10 5
    endloop
  endfacet
  facet normal 0 0 1
    outer loop
      vertex 116.147 11.1647 5
      vertex 113.442 10.44 5
      vertex 113.485 10.2219 5
    endloop
  endfacet
  facet normal 0 0 1
    outer loop
      vertex 115.957 11.7221 5
      vertex 113.371 10.6506 5
      vertex 113.442 10.44 5
    endloop
  endfacet
  facet normal 0 0 1
    outer loop
      vertex 115.697 12.25 5
      vertex 113.272 10.85 5
      vertex 113.371 10.6506 5
    endloop
  endfacet
  facet normal 0 0 1
    outer loop
      vertex 115.37 12.7394 5
      vertex 113.149 11.0349 5
      vertex 113.272 10.85 5
    endloop
  endfacet
  facet normal 0 0 1
    outer loop
      vertex 114.982 13.182 5
      vertex 113.002 11.2021 5
      vertex 113.149 11.0349 5
    endloop
  endfacet
  facet normal 0 0 1
    outer loop
      vertex 112.451 11.5706 5
      vertex 113.522 14.1575 5
      vertex 112.965 14.3467 5
    endloop
  endfacet
  facet normal 0 0 1
    outer loop
      vertex 114.539 13.5701 5
      vertex 112.835 11.3487 5
      vertex 113.002 11.2021 5
    endloop
  endfacet
  facet normal 0 0 1
    outer loop
      vertex 114.05 13.8971 5
      vertex 112.65 11.4722 5
      vertex 112.835 11.3487 5
    endloop
  endfacet
  facet normal 0 0 1
    outer loop
      vertex 113.522 14.1575 5
      vertex 112.451 11.5706 5
      vertex 112.65 11.4722 5
    endloop
  endfacet
  facet normal 0 0 1
    outer loop
      vertex 112.24 11.6421 5
      vertex 112.965 14.3467 5
      vertex 112.387 14.4615 5
    endloop
  endfacet
  facet normal 0 0 1
    outer loop
      vertex 112.965 14.3467 5
      vertex 112.24 11.6421 5
      vertex 112.451 11.5706 5
    endloop
  endfacet
  facet normal 0 0 1
    outer loop
      vertex 112.387 14.4615 5
      vertex 112.022 11.6855 5
      vertex 112.24 11.6421 5
    endloop
  endfacet
  facet normal 0 0 1
    outer loop
      vertex 111.8 14.5 5
      vertex 112.022 11.6855 5
      vertex 112.387 14.4615 5
    endloop
  endfacet
  facet normal 0 0 1
    outer loop
      vertex 111.8 14.5 5
      vertex 111.8 11.7 5
      vertex 112.022 11.6855 5
    endloop
  endfacet
  facet normal 0 0 1
    outer loop
      vertex 111.8 14.5 5
      vertex 111.578 11.6855 5
      vertex 111.8 11.7 5
    endloop
  endfacet
  facet normal -0 0 1
    outer loop
      vertex 111.213 14.4615 5
      vertex 111.578 11.6855 5
      vertex 111.8 14.5 5
    endloop
  endfacet
  facet normal 0 0 1
    outer loop
      vertex 111.578 11.6855 5
      vertex 111.213 14.4615 5
      vertex 111.36 11.6421 5
    endloop
  endfacet
  facet normal -0 0 1
    outer loop
      vertex 110.635 14.3467 5
      vertex 111.36 11.6421 5
      vertex 111.213 14.4615 5
    endloop
  endfacet
  facet normal 0 0 1
    outer loop
      vertex 111.36 11.6421 5
      vertex 110.635 14.3467 5
      vertex 111.149 11.5706 5
    endloop
  endfacet
  facet normal -0 0 1
    outer loop
      vertex 110.078 14.1575 5
      vertex 111.149 11.5706 5
      vertex 110.635 14.3467 5
    endloop
  endfacet
  facet normal 0 0 1
    outer loop
      vertex 111.149 11.5706 5
      vertex 110.078 14.1575 5
      vertex 110.95 11.4722 5
    endloop
  endfacet
  facet normal -0 0 1
    outer loop
      vertex 109.55 13.8971 5
      vertex 110.95 11.4722 5
      vertex 110.078 14.1575 5
    endloop
  endfacet
  facet normal 0 0 1
    outer loop
      vertex 110.95 11.4722 5
      vertex 109.55 13.8971 5
      vertex 110.765 11.3487 5
    endloop
  endfacet
  facet normal -0 0 1
    outer loop
      vertex 109.061 13.5701 5
      vertex 110.765 11.3487 5
      vertex 109.55 13.8971 5
    endloop
  endfacet
  facet normal 0 0 1
    outer loop
      vertex 110.765 11.3487 5
      vertex 109.061 13.5701 5
      vertex 110.598 11.2021 5
    endloop
  endfacet
  facet normal -0 0 1
    outer loop
      vertex 108.618 13.182 5
      vertex 110.598 11.2021 5
      vertex 109.061 13.5701 5
    endloop
  endfacet
  facet normal 0 0 1
    outer loop
      vertex 110.598 11.2021 5
      vertex 108.618 13.182 5
      vertex 110.451 11.0349 5
    endloop
  endfacet
  facet normal 0 0 1
    outer loop
      vertex 110.451 11.0349 5
      vertex 108.23 12.7394 5
      vertex 110.328 10.85 5
    endloop
  endfacet
  facet normal -0 0 1
    outer loop
      vertex 108.23 12.7394 5
      vertex 110.451 11.0349 5
      vertex 108.618 13.182 5
    endloop
  endfacet
  facet normal -0 0 1
    outer loop
      vertex 113.149 8.96511 5
      vertex 115.37 7.26057 5
      vertex 113.272 9.15 5
    endloop
  endfacet
  facet normal 0 0 1
    outer loop
      vertex 115.37 7.26057 5
      vertex 113.149 8.96511 5
      vertex 114.982 6.81802 5
    endloop
  endfacet
  facet normal -0 0 1
    outer loop
      vertex 113.002 8.79792 5
      vertex 114.982 6.81802 5
      vertex 113.149 8.96511 5
    endloop
  endfacet
  facet normal 0 0 1
    outer loop
      vertex 114.982 6.81802 5
      vertex 113.002 8.79792 5
      vertex 114.539 6.42991 5
    endloop
  endfacet
  facet normal -0 0 1
    outer loop
      vertex 112.835 8.6513 5
      vertex 114.539 6.42991 5
      vertex 113.002 8.79792 5
    endloop
  endfacet
  facet normal 0 0 1
    outer loop
      vertex 114.539 6.42991 5
      vertex 112.835 8.6513 5
      vertex 114.05 6.10289 5
    endloop
  endfacet
  facet normal -0 0 1
    outer loop
      vertex 112.65 8.52776 5
      vertex 114.05 6.10289 5
      vertex 112.835 8.6513 5
    endloop
  endfacet
  facet normal 0 0 1
    outer loop
      vertex 114.05 6.10289 5
      vertex 112.65 8.52776 5
      vertex 113.522 5.84254 5
    endloop
  endfacet
  facet normal -0 0 1
    outer loop
      vertex 112.451 8.4294 5
      vertex 113.522 5.84254 5
      vertex 112.65 8.52776 5
    endloop
  endfacet
  facet normal 0 0 1
    outer loop
      vertex 113.522 5.84254 5
      vertex 112.451 8.4294 5
      vertex 112.965 5.65333 5
    endloop
  endfacet
  facet normal -0 0 1
    outer loop
      vertex 112.24 8.35793 5
      vertex 112.965 5.65333 5
      vertex 112.451 8.4294 5
    endloop
  endfacet
  facet normal 0 0 1
    outer loop
      vertex 112.965 5.65333 5
      vertex 112.24 8.35793 5
      vertex 112.387 5.5385 5
    endloop
  endfacet
  facet normal -0 0 1
    outer loop
      vertex 112.022 8.31454 5
      vertex 112.387 5.5385 5
      vertex 112.24 8.35793 5
    endloop
  endfacet
  facet normal -0 0 1
    outer loop
      vertex 111.8 8.3 5
      vertex 112.387 5.5385 5
      vertex 112.022 8.31454 5
    endloop
  endfacet
  facet normal 0 0 1
    outer loop
      vertex 111.8 8.3 5
      vertex 111.8 5.5 5
      vertex 112.387 5.5385 5
    endloop
  endfacet
  facet normal 0 0 1
    outer loop
      vertex 111.578 8.31454 5
      vertex 111.8 5.5 5
      vertex 111.8 8.3 5
    endloop
  endfacet
  facet normal 0 0 1
    outer loop
      vertex 111.213 5.5385 5
      vertex 111.578 8.31454 5
      vertex 111.36 8.35793 5
    endloop
  endfacet
  facet normal 0 0 1
    outer loop
      vertex 111.578 8.31454 5
      vertex 111.213 5.5385 5
      vertex 111.8 5.5 5
    endloop
  endfacet
  facet normal 0 0 1
    outer loop
      vertex 110.635 5.65333 5
      vertex 111.36 8.35793 5
      vertex 111.149 8.4294 5
    endloop
  endfacet
  facet normal 0 0 1
    outer loop
      vertex 110.078 5.84254 5
      vertex 111.149 8.4294 5
      vertex 110.95 8.52776 5
    endloop
  endfacet
  facet normal 0 0 1
    outer loop
      vertex 109.55 6.10289 5
      vertex 110.95 8.52776 5
      vertex 110.765 8.6513 5
    endloop
  endfacet
  facet normal 0 0 1
    outer loop
      vertex 111.36 8.35793 5
      vertex 110.635 5.65333 5
      vertex 111.213 5.5385 5
    endloop
  endfacet
  facet normal 0 0 1
    outer loop
      vertex 109.061 6.42991 5
      vertex 110.765 8.6513 5
      vertex 110.598 8.79792 5
    endloop
  endfacet
  facet normal 0 0 1
    outer loop
      vertex 108.618 6.81802 5
      vertex 110.598 8.79792 5
      vertex 110.451 8.96511 5
    endloop
  endfacet
  facet normal 0 0 1
    outer loop
      vertex 108.23 7.26057 5
      vertex 110.451 8.96511 5
      vertex 110.328 9.15 5
    endloop
  endfacet
  facet normal 0 0 1
    outer loop
      vertex 107.903 7.75 5
      vertex 110.328 9.15 5
      vertex 110.229 9.34944 5
    endloop
  endfacet
  facet normal 0 0 1
    outer loop
      vertex 107.643 8.27792 5
      vertex 110.229 9.34944 5
      vertex 110.158 9.56001 5
    endloop
  endfacet
  facet normal 0 0 1
    outer loop
      vertex 107.453 8.83531 5
      vertex 110.158 9.56001 5
      vertex 110.115 9.7781 5
    endloop
  endfacet
  facet normal 0 0 1
    outer loop
      vertex 111.149 8.4294 5
      vertex 110.078 5.84254 5
      vertex 110.635 5.65333 5
    endloop
  endfacet
  facet normal 0 0 1
    outer loop
      vertex 107.339 9.41263 5
      vertex 110.115 9.7781 5
      vertex 110.1 10 5
    endloop
  endfacet
  facet normal -0 0 1
    outer loop
      vertex 107.903 12.25 5
      vertex 110.328 10.85 5
      vertex 108.23 12.7394 5
    endloop
  endfacet
  facet normal 0 0 1
    outer loop
      vertex 110.328 10.85 5
      vertex 107.903 12.25 5
      vertex 110.229 10.6506 5
    endloop
  endfacet
  facet normal 0 0 1
    outer loop
      vertex 110.95 8.52776 5
      vertex 109.55 6.10289 5
      vertex 110.078 5.84254 5
    endloop
  endfacet
  facet normal -0 0 1
    outer loop
      vertex 107.643 11.7221 5
      vertex 110.229 10.6506 5
      vertex 107.903 12.25 5
    endloop
  endfacet
  facet normal 0 0 1
    outer loop
      vertex 110.765 8.6513 5
      vertex 109.061 6.42991 5
      vertex 109.55 6.10289 5
    endloop
  endfacet
  facet normal 0 0 1
    outer loop
      vertex 110.229 10.6506 5
      vertex 107.643 11.7221 5
      vertex 110.158 10.44 5
    endloop
  endfacet
  facet normal 0 0 1
    outer loop
      vertex 110.598 8.79792 5
      vertex 108.618 6.81802 5
      vertex 109.061 6.42991 5
    endloop
  endfacet
  facet normal -0 0 1
    outer loop
      vertex 107.453 11.1647 5
      vertex 110.158 10.44 5
      vertex 107.643 11.7221 5
    endloop
  endfacet
  facet normal 0 0 1
    outer loop
      vertex 110.451 8.96511 5
      vertex 108.23 7.26057 5
      vertex 108.618 6.81802 5
    endloop
  endfacet
  facet normal 0 0 1
    outer loop
      vertex 110.158 10.44 5
      vertex 107.453 11.1647 5
      vertex 110.115 10.2219 5
    endloop
  endfacet
  facet normal 0 0 1
    outer loop
      vertex 110.328 9.15 5
      vertex 107.903 7.75 5
      vertex 108.23 7.26057 5
    endloop
  endfacet
  facet normal -0 0 1
    outer loop
      vertex 107.339 10.5874 5
      vertex 110.115 10.2219 5
      vertex 107.453 11.1647 5
    endloop
  endfacet
  facet normal 0 0 1
    outer loop
      vertex 110.229 9.34944 5
      vertex 107.643 8.27792 5
      vertex 107.903 7.75 5
    endloop
  endfacet
  facet normal 0 0 1
    outer loop
      vertex 110.115 10.2219 5
      vertex 107.339 10.5874 5
      vertex 110.1 10 5
    endloop
  endfacet
  facet normal 0 0 1
    outer loop
      vertex 110.158 9.56001 5
      vertex 107.453 8.83531 5
      vertex 107.643 8.27792 5
    endloop
  endfacet
  facet normal 0 0 1
    outer loop
      vertex 107.3 10 5
      vertex 110.1 10 5
      vertex 107.339 10.5874 5
    endloop
  endfacet
  facet normal 0 0 1
    outer loop
      vertex 110.115 9.7781 5
      vertex 107.339 9.41263 5
      vertex 107.453 8.83531 5
    endloop
  endfacet
  facet normal 0 0 1
    outer loop
      vertex 110.1 10 5
      vertex 107.3 10 5
      vertex 107.339 9.41263 5
    endloop
  endfacet
  facet normal -0.751966 0.659202 0
    outer loop
      vertex 108.23 12.7394 4
      vertex 108.618 13.182 5
      vertex 108.618 13.182 4
    endloop
  endfacet
  facet normal -0.751966 0.659202 0
    outer loop
      vertex 108.618 13.182 5
      vertex 108.23 12.7394 4
      vertex 108.23 12.7394 5
    endloop
  endfacet
  facet normal -0.997803 0.0662484 0
    outer loop
      vertex 107.3 10 4
      vertex 107.339 10.5874 5
      vertex 107.339 10.5874 4
    endloop
  endfacet
  facet normal -0.997803 0.0662484 0
    outer loop
      vertex 107.339 10.5874 5
      vertex 107.3 10 4
      vertex 107.3 10 5
    endloop
  endfacet
  facet normal -0.897103 -0.441822 0
    outer loop
      vertex 107.903 7.75 4
      vertex 107.643 8.27792 5
      vertex 107.643 8.27792 4
    endloop
  endfacet
  facet normal -0.897103 -0.441822 0
    outer loop
      vertex 107.643 8.27792 5
      vertex 107.903 7.75 4
      vertex 107.903 7.75 5
    endloop
  endfacet
  facet normal 0.5559 -0.831249 0
    outer loop
      vertex 114.05 6.10289 4
      vertex 114.539 6.42991 5
      vertex 114.05 6.10289 5
    endloop
  endfacet
  facet normal 0.5559 -0.831249 0
    outer loop
      vertex 114.539 6.42991 5
      vertex 114.05 6.10289 4
      vertex 114.539 6.42991 4
    endloop
  endfacet
  facet normal 0.658961 0.752177 -0
    outer loop
      vertex 114.982 13.182 4
      vertex 114.539 13.5701 5
      vertex 114.982 13.182 5
    endloop
  endfacet
  facet normal 0.658961 0.752177 0
    outer loop
      vertex 114.539 13.5701 5
      vertex 114.982 13.182 4
      vertex 114.539 13.5701 4
    endloop
  endfacet
  facet normal -0.658971 -0.752168 0
    outer loop
      vertex 108.618 6.81802 4
      vertex 109.061 6.42991 5
      vertex 108.618 6.81802 5
    endloop
  endfacet
  facet normal -0.658971 -0.752168 -0
    outer loop
      vertex 109.061 6.42991 5
      vertex 108.618 6.81802 4
      vertex 109.061 6.42991 4
    endloop
  endfacet
  facet normal 0.980732 -0.195358 0
    outer loop
      vertex 116.147 8.83531 5
      vertex 116.262 9.41263 4
      vertex 116.262 9.41263 5
    endloop
  endfacet
  facet normal 0.980732 -0.195358 0
    outer loop
      vertex 116.262 9.41263 4
      vertex 116.147 8.83531 5
      vertex 116.147 8.83531 4
    endloop
  endfacet
  facet normal -0.946522 0.322639 0
    outer loop
      vertex 107.453 11.1647 4
      vertex 107.643 11.7221 5
      vertex 107.643 11.7221 4
    endloop
  endfacet
  facet normal -0.946522 0.322639 0
    outer loop
      vertex 107.643 11.7221 5
      vertex 107.453 11.1647 4
      vertex 107.453 11.1647 5
    endloop
  endfacet
  facet normal 0.897103 -0.441822 0
    outer loop
      vertex 115.697 7.75 5
      vertex 115.957 8.27792 4
      vertex 115.957 8.27792 5
    endloop
  endfacet
  facet normal 0.897103 -0.441822 0
    outer loop
      vertex 115.957 8.27792 4
      vertex 115.697 7.75 5
      vertex 115.697 7.75 4
    endloop
  endfacet
  facet normal -0.658961 0.752177 0
    outer loop
      vertex 109.061 13.5701 4
      vertex 108.618 13.182 5
      vertex 109.061 13.5701 5
    endloop
  endfacet
  facet normal -0.658961 0.752177 0
    outer loop
      vertex 108.618 13.182 5
      vertex 109.061 13.5701 4
      vertex 108.618 13.182 4
    endloop
  endfacet
  facet normal -0.981056 -0.193723 0
    outer loop
      vertex 107.453 8.83531 4
      vertex 107.339 9.41263 5
      vertex 107.339 9.41263 4
    endloop
  endfacet
  facet normal -0.981056 -0.193723 0
    outer loop
      vertex 107.339 9.41263 5
      vertex 107.453 8.83531 4
      vertex 107.453 8.83531 5
    endloop
  endfacet
  facet normal 0.946522 0.322639 0
    outer loop
      vertex 116.147 11.1647 5
      vertex 115.957 11.7221 4
      vertex 115.957 11.7221 5
    endloop
  endfacet
  facet normal 0.946522 0.322639 0
    outer loop
      vertex 115.957 11.7221 4
      vertex 116.147 11.1647 5
      vertex 116.147 11.1647 4
    endloop
  endfacet
  facet normal -0.321628 0.946866 0
    outer loop
      vertex 110.635 14.3467 4
      vertex 110.078 14.1575 5
      vertex 110.635 14.3467 5
    endloop
  endfacet
  facet normal -0.321628 0.946866 0
    outer loop
      vertex 110.078 14.1575 5
      vertex 110.635 14.3467 4
      vertex 110.078 14.1575 4
    endloop
  endfacet
  facet normal -0.321644 -0.946861 0
    outer loop
      vertex 110.078 5.84254 4
      vertex 110.635 5.65333 5
      vertex 110.078 5.84254 5
    endloop
  endfacet
  facet normal -0.321644 -0.946861 -0
    outer loop
      vertex 110.635 5.65333 5
      vertex 110.078 5.84254 4
      vertex 110.635 5.65333 4
    endloop
  endfacet
  facet normal -0.897096 0.441836 0
    outer loop
      vertex 107.643 11.7221 4
      vertex 107.903 12.25 5
      vertex 107.903 12.25 4
    endloop
  endfacet
  facet normal -0.897096 0.441836 0
    outer loop
      vertex 107.903 12.25 5
      vertex 107.643 11.7221 4
      vertex 107.643 11.7221 5
    endloop
  endfacet
  facet normal -0.0654471 -0.997856 0
    outer loop
      vertex 111.213 5.5385 4
      vertex 111.8 5.5 5
      vertex 111.213 5.5385 5
    endloop
  endfacet
  facet normal -0.0654471 -0.997856 -0
    outer loop
      vertex 111.8 5.5 5
      vertex 111.213 5.5385 4
      vertex 111.8 5.5 4
    endloop
  endfacet
  facet normal 0.0654471 -0.997856 0
    outer loop
      vertex 111.8 5.5 4
      vertex 112.387 5.5385 5
      vertex 111.8 5.5 5
    endloop
  endfacet
  facet normal 0.0654471 -0.997856 0
    outer loop
      vertex 112.387 5.5385 5
      vertex 111.8 5.5 4
      vertex 112.387 5.5385 4
    endloop
  endfacet
  facet normal 0.0654471 0.997856 -0
    outer loop
      vertex 112.387 14.4615 4
      vertex 111.8 14.5 5
      vertex 112.387 14.4615 5
    endloop
  endfacet
  facet normal 0.0654471 0.997856 0
    outer loop
      vertex 111.8 14.5 5
      vertex 112.387 14.4615 4
      vertex 111.8 14.5 4
    endloop
  endfacet
  facet normal -0.94652 -0.322645 0
    outer loop
      vertex 107.643 8.27792 4
      vertex 107.453 8.83531 5
      vertex 107.453 8.83531 4
    endloop
  endfacet
  facet normal -0.94652 -0.322645 0
    outer loop
      vertex 107.453 8.83531 5
      vertex 107.643 8.27792 4
      vertex 107.643 8.27792 5
    endloop
  endfacet
  facet normal 0.194811 0.980841 -0
    outer loop
      vertex 112.965 14.3467 4
      vertex 112.387 14.4615 5
      vertex 112.965 14.3467 5
    endloop
  endfacet
  facet normal 0.194811 0.980841 0
    outer loop
      vertex 112.387 14.4615 5
      vertex 112.965 14.3467 4
      vertex 112.387 14.4615 4
    endloop
  endfacet
  facet normal -0.896827 -0.442382 0
    outer loop
      vertex -12.8971 71.15 4
      vertex -13.1575 71.6779 5
      vertex -13.1575 71.6779 4
    endloop
  endfacet
  facet normal -0.896827 -0.442382 0
    outer loop
      vertex -13.1575 71.6779 5
      vertex -12.8971 71.15 4
      vertex -12.8971 71.15 5
    endloop
  endfacet
  facet normal 0.980786 0.195087 0
    outer loop
      vertex -4.5385 73.9874 5
      vertex -4.65333 74.5647 4
      vertex -4.65333 74.5647 5
    endloop
  endfacet
  facet normal 0.980786 0.195087 0
    outer loop
      vertex -4.65333 74.5647 4
      vertex -4.5385 73.9874 5
      vertex -4.5385 73.9874 4
    endloop
  endfacet
  facet normal 0.997859 0.0654027 0
    outer loop
      vertex -4.5 73.4 5
      vertex -4.5385 73.9874 4
      vertex -4.5385 73.9874 5
    endloop
  endfacet
  facet normal 0.997859 0.0654027 0
    outer loop
      vertex -4.5385 73.9874 4
      vertex -4.5 73.4 5
      vertex -4.5 73.4 4
    endloop
  endfacet
  facet normal 0.946931 0.321437 0
    outer loop
      vertex -4.65333 74.5647 5
      vertex -4.84254 75.1221 4
      vertex -4.84254 75.1221 5
    endloop
  endfacet
  facet normal 0.946931 0.321437 0
    outer loop
      vertex -4.84254 75.1221 4
      vertex -4.65333 74.5647 5
      vertex -4.65333 74.5647 4
    endloop
  endfacet
  facet normal 0.751873 -0.659308 0
    outer loop
      vertex -5.81802 70.218 5
      vertex -5.42991 70.6606 4
      vertex -5.42991 70.6606 5
    endloop
  endfacet
  facet normal 0.751873 -0.659308 0
    outer loop
      vertex -5.42991 70.6606 4
      vertex -5.81802 70.218 5
      vertex -5.81802 70.218 4
    endloop
  endfacet
  facet normal 0.751873 0.659308 0
    outer loop
      vertex -5.42991 76.1394 5
      vertex -5.81802 76.582 4
      vertex -5.81802 76.582 5
    endloop
  endfacet
  facet normal 0.751873 0.659308 0
    outer loop
      vertex -5.81802 76.582 4
      vertex -5.42991 76.1394 5
      vertex -5.42991 76.1394 4
    endloop
  endfacet
  facet normal -0.946936 0.321421 0
    outer loop
      vertex -13.3467 74.5647 4
      vertex -13.1575 75.1221 5
      vertex -13.1575 75.1221 4
    endloop
  endfacet
  facet normal -0.946936 0.321421 0
    outer loop
      vertex -13.1575 75.1221 5
      vertex -13.3467 74.5647 4
      vertex -13.3467 74.5647 5
    endloop
  endfacet
  facet normal 0.997859 -0.0654027 0
    outer loop
      vertex -4.5385 72.8126 5
      vertex -4.5 73.4 4
      vertex -4.5 73.4 5
    endloop
  endfacet
  facet normal 0.997859 -0.0654027 0
    outer loop
      vertex -4.5 73.4 4
      vertex -4.5385 72.8126 5
      vertex -4.5385 72.8126 4
    endloop
  endfacet
  facet normal 0.321427 -0.946934 0
    outer loop
      vertex -7.83531 69.0533 4
      vertex -7.27792 69.2425 5
      vertex -7.83531 69.0533 5
    endloop
  endfacet
  facet normal 0.321427 -0.946934 0
    outer loop
      vertex -7.27792 69.2425 5
      vertex -7.83531 69.0533 4
      vertex -7.27792 69.2425 4
    endloop
  endfacet
  facet normal 0.831459 0.555586 0
    outer loop
      vertex -5.10289 75.65 5
      vertex -5.42991 76.1394 4
      vertex -5.42991 76.1394 5
    endloop
  endfacet
  facet normal 0.831459 0.555586 0
    outer loop
      vertex -5.42991 76.1394 4
      vertex -5.10289 75.65 5
      vertex -5.10289 75.65 4
    endloop
  endfacet
  facet normal 0.89686 0.442314 0
    outer loop
      vertex -4.84254 75.1221 5
      vertex -5.10289 75.65 4
      vertex -5.10289 75.65 5
    endloop
  endfacet
  facet normal 0.89686 0.442314 0
    outer loop
      vertex -5.10289 75.65 4
      vertex -4.84254 75.1221 5
      vertex -4.84254 75.1221 4
    endloop
  endfacet
  facet normal -0.195028 0.980798 0
    outer loop
      vertex -9.58737 77.8615 4
      vertex -10.1647 77.7467 5
      vertex -9.58737 77.8615 5
    endloop
  endfacet
  facet normal -0.195028 0.980798 0
    outer loop
      vertex -10.1647 77.7467 5
      vertex -9.58737 77.8615 4
      vertex -10.1647 77.7467 4
    endloop
  endfacet
  facet normal 0 0 1
    outer loop
      vertex -7.3 73.4 5
      vertex -4.5 73.4 5
      vertex -4.5385 73.9874 5
    endloop
  endfacet
  facet normal 0 0 1
    outer loop
      vertex -7.31454 73.6219 5
      vertex -4.5385 73.9874 5
      vertex -4.65333 74.5647 5
    endloop
  endfacet
  facet normal 0 0 1
    outer loop
      vertex -4.5 73.4 5
      vertex -7.3 73.4 5
      vertex -4.5385 72.8126 5
    endloop
  endfacet
  facet normal 0 0 1
    outer loop
      vertex -7.35793 73.84 5
      vertex -4.65333 74.5647 5
      vertex -4.84254 75.1221 5
    endloop
  endfacet
  facet normal -0 0 1
    outer loop
      vertex -7.31454 73.1781 5
      vertex -4.5385 72.8126 5
      vertex -7.3 73.4 5
    endloop
  endfacet
  facet normal 0 0 1
    outer loop
      vertex -7.4294 74.0506 5
      vertex -4.84254 75.1221 5
      vertex -5.10289 75.65 5
    endloop
  endfacet
  facet normal 0 0 1
    outer loop
      vertex -4.5385 72.8126 5
      vertex -7.31454 73.1781 5
      vertex -4.65333 72.2353 5
    endloop
  endfacet
  facet normal 0 0 1
    outer loop
      vertex -7.52776 74.25 5
      vertex -5.10289 75.65 5
      vertex -5.42991 76.1394 5
    endloop
  endfacet
  facet normal -0 0 1
    outer loop
      vertex -7.35793 72.96 5
      vertex -4.65333 72.2353 5
      vertex -7.31454 73.1781 5
    endloop
  endfacet
  facet normal 0 0 1
    outer loop
      vertex -7.6513 74.4349 5
      vertex -5.42991 76.1394 5
      vertex -5.81802 76.582 5
    endloop
  endfacet
  facet normal 0 0 1
    outer loop
      vertex -4.65333 72.2353 5
      vertex -7.35793 72.96 5
      vertex -4.84254 71.6779 5
    endloop
  endfacet
  facet normal 0 0 1
    outer loop
      vertex -7.79792 74.6021 5
      vertex -5.81802 76.582 5
      vertex -6.26057 76.9701 5
    endloop
  endfacet
  facet normal -0 0 1
    outer loop
      vertex -7.4294 72.7494 5
      vertex -4.84254 71.6779 5
      vertex -7.35793 72.96 5
    endloop
  endfacet
  facet normal 0 0 1
    outer loop
      vertex -7.96511 74.7487 5
      vertex -6.26057 76.9701 5
      vertex -6.75 77.2971 5
    endloop
  endfacet
  facet normal 0 0 1
    outer loop
      vertex -4.84254 71.6779 5
      vertex -7.4294 72.7494 5
      vertex -5.10289 71.15 5
    endloop
  endfacet
  facet normal 0 0 1
    outer loop
      vertex -8.15 74.8722 5
      vertex -6.75 77.2971 5
      vertex -7.27792 77.5575 5
    endloop
  endfacet
  facet normal -0 0 1
    outer loop
      vertex -7.52776 72.55 5
      vertex -5.10289 71.15 5
      vertex -7.4294 72.7494 5
    endloop
  endfacet
  facet normal 0 0 1
    outer loop
      vertex -5.10289 71.15 5
      vertex -7.52776 72.55 5
      vertex -5.42991 70.6606 5
    endloop
  endfacet
  facet normal 0 0 1
    outer loop
      vertex -4.5385 73.9874 5
      vertex -7.31454 73.6219 5
      vertex -7.3 73.4 5
    endloop
  endfacet
  facet normal 0 0 1
    outer loop
      vertex -4.65333 74.5647 5
      vertex -7.35793 73.84 5
      vertex -7.31454 73.6219 5
    endloop
  endfacet
  facet normal 0 0 1
    outer loop
      vertex -4.84254 75.1221 5
      vertex -7.4294 74.0506 5
      vertex -7.35793 73.84 5
    endloop
  endfacet
  facet normal 0 0 1
    outer loop
      vertex -5.10289 75.65 5
      vertex -7.52776 74.25 5
      vertex -7.4294 74.0506 5
    endloop
  endfacet
  facet normal 0 0 1
    outer loop
      vertex -5.42991 76.1394 5
      vertex -7.6513 74.4349 5
      vertex -7.52776 74.25 5
    endloop
  endfacet
  facet normal 0 0 1
    outer loop
      vertex -5.81802 76.582 5
      vertex -7.79792 74.6021 5
      vertex -7.6513 74.4349 5
    endloop
  endfacet
  facet normal 0 0 1
    outer loop
      vertex -8.34944 74.9706 5
      vertex -7.27792 77.5575 5
      vertex -7.83531 77.7467 5
    endloop
  endfacet
  facet normal 0 0 1
    outer loop
      vertex -6.26057 76.9701 5
      vertex -7.96511 74.7487 5
      vertex -7.79792 74.6021 5
    endloop
  endfacet
  facet normal 0 0 1
    outer loop
      vertex -6.75 77.2971 5
      vertex -8.15 74.8722 5
      vertex -7.96511 74.7487 5
    endloop
  endfacet
  facet normal 0 0 1
    outer loop
      vertex -7.27792 77.5575 5
      vertex -8.34944 74.9706 5
      vertex -8.15 74.8722 5
    endloop
  endfacet
  facet normal 0 0 1
    outer loop
      vertex -8.56001 75.0421 5
      vertex -7.83531 77.7467 5
      vertex -8.41263 77.8615 5
    endloop
  endfacet
  facet normal 0 0 1
    outer loop
      vertex -7.83531 77.7467 5
      vertex -8.56001 75.0421 5
      vertex -8.34944 74.9706 5
    endloop
  endfacet
  facet normal 0 0 1
    outer loop
      vertex -8.41263 77.8615 5
      vertex -8.7781 75.0855 5
      vertex -8.56001 75.0421 5
    endloop
  endfacet
  facet normal 0 0 1
    outer loop
      vertex -9 77.9 5
      vertex -8.7781 75.0855 5
      vertex -8.41263 77.8615 5
    endloop
  endfacet
  facet normal 0 0 1
    outer loop
      vertex -9 77.9 5
      vertex -9 75.1 5
      vertex -8.7781 75.0855 5
    endloop
  endfacet
  facet normal 0 0 1
    outer loop
      vertex -9 77.9 5
      vertex -9.22189 75.0855 5
      vertex -9 75.1 5
    endloop
  endfacet
  facet normal -0 0 1
    outer loop
      vertex -9.58737 77.8615 5
      vertex -9.22189 75.0855 5
      vertex -9 77.9 5
    endloop
  endfacet
  facet normal 0 0 1
    outer loop
      vertex -9.22189 75.0855 5
      vertex -9.58737 77.8615 5
      vertex -9.43999 75.0421 5
    endloop
  endfacet
  facet normal -0 0 1
    outer loop
      vertex -10.1647 77.7467 5
      vertex -9.43999 75.0421 5
      vertex -9.58737 77.8615 5
    endloop
  endfacet
  facet normal 0 0 1
    outer loop
      vertex -9.43999 75.0421 5
      vertex -10.1647 77.7467 5
      vertex -9.65056 74.9706 5
    endloop
  endfacet
  facet normal -0 0 1
    outer loop
      vertex -10.7221 77.5575 5
      vertex -9.65056 74.9706 5
      vertex -10.1647 77.7467 5
    endloop
  endfacet
  facet normal 0 0 1
    outer loop
      vertex -9.65056 74.9706 5
      vertex -10.7221 77.5575 5
      vertex -9.85 74.8722 5
    endloop
  endfacet
  facet normal -0 0 1
    outer loop
      vertex -11.25 77.2971 5
      vertex -9.85 74.8722 5
      vertex -10.7221 77.5575 5
    endloop
  endfacet
  facet normal 0 0 1
    outer loop
      vertex -9.85 74.8722 5
      vertex -11.25 77.2971 5
      vertex -10.0349 74.7487 5
    endloop
  endfacet
  facet normal -0 0 1
    outer loop
      vertex -11.7394 76.9701 5
      vertex -10.0349 74.7487 5
      vertex -11.25 77.2971 5
    endloop
  endfacet
  facet normal 0 0 1
    outer loop
      vertex -10.0349 74.7487 5
      vertex -11.7394 76.9701 5
      vertex -10.2021 74.6021 5
    endloop
  endfacet
  facet normal -0 0 1
    outer loop
      vertex -12.182 76.582 5
      vertex -10.2021 74.6021 5
      vertex -11.7394 76.9701 5
    endloop
  endfacet
  facet normal 0 0 1
    outer loop
      vertex -10.2021 74.6021 5
      vertex -12.182 76.582 5
      vertex -10.3487 74.4349 5
    endloop
  endfacet
  facet normal 0 0 1
    outer loop
      vertex -10.3487 74.4349 5
      vertex -12.5701 76.1394 5
      vertex -10.4722 74.25 5
    endloop
  endfacet
  facet normal -0 0 1
    outer loop
      vertex -12.5701 76.1394 5
      vertex -10.3487 74.4349 5
      vertex -12.182 76.582 5
    endloop
  endfacet
  facet normal -0 0 1
    outer loop
      vertex -7.6513 72.3651 5
      vertex -5.42991 70.6606 5
      vertex -7.52776 72.55 5
    endloop
  endfacet
  facet normal 0 0 1
    outer loop
      vertex -5.42991 70.6606 5
      vertex -7.6513 72.3651 5
      vertex -5.81802 70.218 5
    endloop
  endfacet
  facet normal -0 0 1
    outer loop
      vertex -7.79792 72.1979 5
      vertex -5.81802 70.218 5
      vertex -7.6513 72.3651 5
    endloop
  endfacet
  facet normal 0 0 1
    outer loop
      vertex -5.81802 70.218 5
      vertex -7.79792 72.1979 5
      vertex -6.26057 69.8299 5
    endloop
  endfacet
  facet normal -0 0 1
    outer loop
      vertex -7.96511 72.0513 5
      vertex -6.26057 69.8299 5
      vertex -7.79792 72.1979 5
    endloop
  endfacet
  facet normal 0 0 1
    outer loop
      vertex -6.26057 69.8299 5
      vertex -7.96511 72.0513 5
      vertex -6.75 69.5029 5
    endloop
  endfacet
  facet normal -0 0 1
    outer loop
      vertex -8.15 71.9278 5
      vertex -6.75 69.5029 5
      vertex -7.96511 72.0513 5
    endloop
  endfacet
  facet normal 0 0 1
    outer loop
      vertex -6.75 69.5029 5
      vertex -8.15 71.9278 5
      vertex -7.27792 69.2425 5
    endloop
  endfacet
  facet normal -0 0 1
    outer loop
      vertex -8.34944 71.8294 5
      vertex -7.27792 69.2425 5
      vertex -8.15 71.9278 5
    endloop
  endfacet
  facet normal 0 0 1
    outer loop
      vertex -7.27792 69.2425 5
      vertex -8.34944 71.8294 5
      vertex -7.83531 69.0533 5
    endloop
  endfacet
  facet normal -0 0 1
    outer loop
      vertex -8.56001 71.7579 5
      vertex -7.83531 69.0533 5
      vertex -8.34944 71.8294 5
    endloop
  endfacet
  facet normal 0 0 1
    outer loop
      vertex -7.83531 69.0533 5
      vertex -8.56001 71.7579 5
      vertex -8.41263 68.9385 5
    endloop
  endfacet
  facet normal -0 0 1
    outer loop
      vertex -8.7781 71.7145 5
      vertex -8.41263 68.9385 5
      vertex -8.56001 71.7579 5
    endloop
  endfacet
  facet normal -0 0 1
    outer loop
      vertex -9 71.7 5
      vertex -8.41263 68.9385 5
      vertex -8.7781 71.7145 5
    endloop
  endfacet
  facet normal 0 0 1
    outer loop
      vertex -9 71.7 5
      vertex -9 68.9 5
      vertex -8.41263 68.9385 5
    endloop
  endfacet
  facet normal 0 0 1
    outer loop
      vertex -9.22189 71.7145 5
      vertex -9 68.9 5
      vertex -9 71.7 5
    endloop
  endfacet
  facet normal 0 0 1
    outer loop
      vertex -9.58737 68.9385 5
      vertex -9.22189 71.7145 5
      vertex -9.43999 71.7579 5
    endloop
  endfacet
  facet normal 0 0 1
    outer loop
      vertex -9.22189 71.7145 5
      vertex -9.58737 68.9385 5
      vertex -9 68.9 5
    endloop
  endfacet
  facet normal 0 0 1
    outer loop
      vertex -10.1647 69.0533 5
      vertex -9.43999 71.7579 5
      vertex -9.65056 71.8294 5
    endloop
  endfacet
  facet normal 0 0 1
    outer loop
      vertex -10.7221 69.2425 5
      vertex -9.65056 71.8294 5
      vertex -9.85 71.9278 5
    endloop
  endfacet
  facet normal 0 0 1
    outer loop
      vertex -11.25 69.5029 5
      vertex -9.85 71.9278 5
      vertex -10.0349 72.0513 5
    endloop
  endfacet
  facet normal 0 0 1
    outer loop
      vertex -9.43999 71.7579 5
      vertex -10.1647 69.0533 5
      vertex -9.58737 68.9385 5
    endloop
  endfacet
  facet normal 0 0 1
    outer loop
      vertex -11.7394 69.8299 5
      vertex -10.0349 72.0513 5
      vertex -10.2021 72.1979 5
    endloop
  endfacet
  facet normal 0 0 1
    outer loop
      vertex -12.182 70.218 5
      vertex -10.2021 72.1979 5
      vertex -10.3487 72.3651 5
    endloop
  endfacet
  facet normal 0 0 1
    outer loop
      vertex -12.5701 70.6606 5
      vertex -10.3487 72.3651 5
      vertex -10.4722 72.55 5
    endloop
  endfacet
  facet normal 0 0 1
    outer loop
      vertex -12.8971 71.15 5
      vertex -10.4722 72.55 5
      vertex -10.5706 72.7494 5
    endloop
  endfacet
  facet normal 0 0 1
    outer loop
      vertex -13.1575 71.6779 5
      vertex -10.5706 72.7494 5
      vertex -10.6421 72.96 5
    endloop
  endfacet
  facet normal 0 0 1
    outer loop
      vertex -13.3467 72.2353 5
      vertex -10.6421 72.96 5
      vertex -10.6855 73.1781 5
    endloop
  endfacet
  facet normal 0 0 1
    outer loop
      vertex -9.65056 71.8294 5
      vertex -10.7221 69.2425 5
      vertex -10.1647 69.0533 5
    endloop
  endfacet
  facet normal 0 0 1
    outer loop
      vertex -13.4615 72.8126 5
      vertex -10.6855 73.1781 5
      vertex -10.7 73.4 5
    endloop
  endfacet
  facet normal -0 0 1
    outer loop
      vertex -12.8971 75.65 5
      vertex -10.4722 74.25 5
      vertex -12.5701 76.1394 5
    endloop
  endfacet
  facet normal 0 0 1
    outer loop
      vertex -10.4722 74.25 5
      vertex -12.8971 75.65 5
      vertex -10.5706 74.0506 5
    endloop
  endfacet
  facet normal 0 0 1
    outer loop
      vertex -9.85 71.9278 5
      vertex -11.25 69.5029 5
      vertex -10.7221 69.2425 5
    endloop
  endfacet
  facet normal -0 0 1
    outer loop
      vertex -13.1575 75.1221 5
      vertex -10.5706 74.0506 5
      vertex -12.8971 75.65 5
    endloop
  endfacet
  facet normal 0 0 1
    outer loop
      vertex -10.0349 72.0513 5
      vertex -11.7394 69.8299 5
      vertex -11.25 69.5029 5
    endloop
  endfacet
  facet normal 0 0 1
    outer loop
      vertex -10.5706 74.0506 5
      vertex -13.1575 75.1221 5
      vertex -10.6421 73.84 5
    endloop
  endfacet
  facet normal 0 0 1
    outer loop
      vertex -10.2021 72.1979 5
      vertex -12.182 70.218 5
      vertex -11.7394 69.8299 5
    endloop
  endfacet
  facet normal -0 0 1
    outer loop
      vertex -13.3467 74.5647 5
      vertex -10.6421 73.84 5
      vertex -13.1575 75.1221 5
    endloop
  endfacet
  facet normal 0 0 1
    outer loop
      vertex -10.3487 72.3651 5
      vertex -12.5701 70.6606 5
      vertex -12.182 70.218 5
    endloop
  endfacet
  facet normal 0 0 1
    outer loop
      vertex -10.6421 73.84 5
      vertex -13.3467 74.5647 5
      vertex -10.6855 73.6219 5
    endloop
  endfacet
  facet normal 0 0 1
    outer loop
      vertex -10.4722 72.55 5
      vertex -12.8971 71.15 5
      vertex -12.5701 70.6606 5
    endloop
  endfacet
  facet normal -0 0 1
    outer loop
      vertex -13.4615 73.9874 5
      vertex -10.6855 73.6219 5
      vertex -13.3467 74.5647 5
    endloop
  endfacet
  facet normal 0 0 1
    outer loop
      vertex -10.5706 72.7494 5
      vertex -13.1575 71.6779 5
      vertex -12.8971 71.15 5
    endloop
  endfacet
  facet normal 0 0 1
    outer loop
      vertex -10.6855 73.6219 5
      vertex -13.4615 73.9874 5
      vertex -10.7 73.4 5
    endloop
  endfacet
  facet normal 0 0 1
    outer loop
      vertex -10.6421 72.96 5
      vertex -13.3467 72.2353 5
      vertex -13.1575 71.6779 5
    endloop
  endfacet
  facet normal 0 0 1
    outer loop
      vertex -13.5 73.4 5
      vertex -10.7 73.4 5
      vertex -13.4615 73.9874 5
    endloop
  endfacet
  facet normal 0 0 1
    outer loop
      vertex -10.6855 73.1781 5
      vertex -13.4615 72.8126 5
      vertex -13.3467 72.2353 5
    endloop
  endfacet
  facet normal 0 0 1
    outer loop
      vertex -10.7 73.4 5
      vertex -13.5 73.4 5
      vertex -13.4615 72.8126 5
    endloop
  endfacet
  facet normal -0.831475 0.555562 0
    outer loop
      vertex -12.8971 75.65 4
      vertex -12.5701 76.1394 5
      vertex -12.5701 76.1394 4
    endloop
  endfacet
  facet normal -0.831475 0.555562 0
    outer loop
      vertex -12.5701 76.1394 5
      vertex -12.8971 75.65 4
      vertex -12.8971 75.65 5
    endloop
  endfacet
  facet normal -0.659298 0.751882 0
    outer loop
      vertex -11.7394 76.9701 4
      vertex -12.182 76.582 5
      vertex -11.7394 76.9701 5
    endloop
  endfacet
  facet normal -0.659298 0.751882 0
    outer loop
      vertex -12.182 76.582 5
      vertex -11.7394 76.9701 4
      vertex -12.182 76.582 4
    endloop
  endfacet
  facet normal 0.442369 -0.896833 0
    outer loop
      vertex -7.27792 69.2425 4
      vertex -6.75 69.5029 5
      vertex -7.27792 69.2425 5
    endloop
  endfacet
  facet normal 0.442369 -0.896833 0
    outer loop
      vertex -6.75 69.5029 5
      vertex -7.27792 69.2425 4
      vertex -6.75 69.5029 4
    endloop
  endfacet
  facet normal 0.946931 -0.321437 0
    outer loop
      vertex -4.84254 71.6779 5
      vertex -4.65333 72.2353 4
      vertex -4.65333 72.2353 5
    endloop
  endfacet
  facet normal 0.946931 -0.321437 0
    outer loop
      vertex -4.65333 72.2353 4
      vertex -4.84254 71.6779 5
      vertex -4.84254 71.6779 4
    endloop
  endfacet
  facet normal -0.195028 -0.980798 0
    outer loop
      vertex -10.1647 69.0533 4
      vertex -9.58737 68.9385 5
      vertex -10.1647 69.0533 5
    endloop
  endfacet
  facet normal -0.195028 -0.980798 -0
    outer loop
      vertex -9.58737 68.9385 5
      vertex -10.1647 69.0533 4
      vertex -9.58737 68.9385 4
    endloop
  endfacet
  facet normal 0.195031 -0.980797 0
    outer loop
      vertex -8.41263 68.9385 4
      vertex -7.83531 69.0533 5
      vertex -8.41263 68.9385 5
    endloop
  endfacet
  facet normal 0.195031 -0.980797 0
    outer loop
      vertex -7.83531 69.0533 5
      vertex -8.41263 68.9385 4
      vertex -7.83531 69.0533 4
    endloop
  endfacet
  facet normal 0.555539 0.831491 -0
    outer loop
      vertex -6.26057 76.9701 4
      vertex -6.75 77.2971 5
      vertex -6.26057 76.9701 5
    endloop
  endfacet
  facet normal 0.555539 0.831491 0
    outer loop
      vertex -6.75 77.2971 5
      vertex -6.26057 76.9701 4
      vertex -6.75 77.2971 4
    endloop
  endfacet
  facet normal -0.997859 0.0654027 0
    outer loop
      vertex -13.5 73.4 4
      vertex -13.4615 73.9874 5
      vertex -13.4615 73.9874 4
    endloop
  endfacet
  facet normal -0.997859 0.0654027 0
    outer loop
      vertex -13.4615 73.9874 5
      vertex -13.5 73.4 4
      vertex -13.5 73.4 5
    endloop
  endfacet
  facet normal 0.195031 0.980797 -0
    outer loop
      vertex -7.83531 77.7467 4
      vertex -8.41263 77.8615 5
      vertex -7.83531 77.7467 5
    endloop
  endfacet
  facet normal 0.195031 0.980797 0
    outer loop
      vertex -8.41263 77.8615 5
      vertex -7.83531 77.7467 4
      vertex -8.41263 77.8615 4
    endloop
  endfacet
  facet normal -0.442382 0.896827 0
    outer loop
      vertex -10.7221 77.5575 4
      vertex -11.25 77.2971 5
      vertex -10.7221 77.5575 5
    endloop
  endfacet
  facet normal -0.442382 0.896827 0
    outer loop
      vertex -11.25 77.2971 5
      vertex -10.7221 77.5575 4
      vertex -11.25 77.2971 4
    endloop
  endfacet
  facet normal -0.555562 0.831475 0
    outer loop
      vertex -11.25 77.2971 4
      vertex -11.7394 76.9701 5
      vertex -11.25 77.2971 5
    endloop
  endfacet
  facet normal -0.555562 0.831475 0
    outer loop
      vertex -11.7394 76.9701 5
      vertex -11.25 77.2971 4
      vertex -11.7394 76.9701 4
    endloop
  endfacet
  facet normal -0.751882 -0.659298 0
    outer loop
      vertex -12.182 70.218 4
      vertex -12.5701 70.6606 5
      vertex -12.5701 70.6606 4
    endloop
  endfacet
  facet normal -0.751882 -0.659298 0
    outer loop
      vertex -12.5701 70.6606 5
      vertex -12.182 70.218 4
      vertex -12.182 70.218 5
    endloop
  endfacet
  facet normal 0.65934 -0.751845 0
    outer loop
      vertex -6.26057 69.8299 4
      vertex -5.81802 70.218 5
      vertex -6.26057 69.8299 5
    endloop
  endfacet
  facet normal 0.65934 -0.751845 0
    outer loop
      vertex -5.81802 70.218 5
      vertex -6.26057 69.8299 4
      vertex -5.81802 70.218 4
    endloop
  endfacet
  facet normal -0.321421 -0.946936 0
    outer loop
      vertex -10.7221 69.2425 4
      vertex -10.1647 69.0533 5
      vertex -10.7221 69.2425 5
    endloop
  endfacet
  facet normal -0.321421 -0.946936 -0
    outer loop
      vertex -10.1647 69.0533 5
      vertex -10.7221 69.2425 4
      vertex -10.1647 69.0533 4
    endloop
  endfacet
  facet normal -0.321421 0.946936 0
    outer loop
      vertex -10.1647 77.7467 4
      vertex -10.7221 77.5575 5
      vertex -10.1647 77.7467 5
    endloop
  endfacet
  facet normal -0.321421 0.946936 0
    outer loop
      vertex -10.7221 77.5575 5
      vertex -10.1647 77.7467 4
      vertex -10.7221 77.5575 4
    endloop
  endfacet
  facet normal 0.831459 -0.555586 0
    outer loop
      vertex -5.42991 70.6606 5
      vertex -5.10289 71.15 4
      vertex -5.10289 71.15 5
    endloop
  endfacet
  facet normal 0.831459 -0.555586 0
    outer loop
      vertex -5.10289 71.15 4
      vertex -5.42991 70.6606 5
      vertex -5.42991 70.6606 4
    endloop
  endfacet
  facet normal 0.555539 -0.831491 0
    outer loop
      vertex -6.75 69.5029 4
      vertex -6.26057 69.8299 5
      vertex -6.75 69.5029 5
    endloop
  endfacet
  facet normal 0.555539 -0.831491 0
    outer loop
      vertex -6.26057 69.8299 5
      vertex -6.75 69.5029 4
      vertex -6.26057 69.8299 4
    endloop
  endfacet
  facet normal 0.442369 0.896833 -0
    outer loop
      vertex -6.75 77.2971 4
      vertex -7.27792 77.5575 5
      vertex -6.75 77.2971 5
    endloop
  endfacet
  facet normal 0.442369 0.896833 0
    outer loop
      vertex -7.27792 77.5575 5
      vertex -6.75 77.2971 4
      vertex -7.27792 77.5575 4
    endloop
  endfacet
  facet normal -0.946936 -0.321421 0
    outer loop
      vertex -13.1575 71.6779 4
      vertex -13.3467 72.2353 5
      vertex -13.3467 72.2353 4
    endloop
  endfacet
  facet normal -0.946936 -0.321421 0
    outer loop
      vertex -13.3467 72.2353 5
      vertex -13.1575 71.6779 4
      vertex -13.1575 71.6779 5
    endloop
  endfacet
  facet normal -0.980796 0.195038 0
    outer loop
      vertex -13.4615 73.9874 4
      vertex -13.3467 74.5647 5
      vertex -13.3467 74.5647 4
    endloop
  endfacet
  facet normal -0.980796 0.195038 0
    outer loop
      vertex -13.3467 74.5647 5
      vertex -13.4615 73.9874 4
      vertex -13.4615 73.9874 5
    endloop
  endfacet
  facet normal 0.321427 0.946934 -0
    outer loop
      vertex -7.27792 77.5575 4
      vertex -7.83531 77.7467 5
      vertex -7.27792 77.5575 5
    endloop
  endfacet
  facet normal 0.321427 0.946934 0
    outer loop
      vertex -7.83531 77.7467 5
      vertex -7.27792 77.5575 4
      vertex -7.83531 77.7467 4
    endloop
  endfacet
  facet normal 0.0654061 0.997859 -0
    outer loop
      vertex -8.41263 77.8615 4
      vertex -9 77.9 5
      vertex -8.41263 77.8615 5
    endloop
  endfacet
  facet normal 0.0654061 0.997859 0
    outer loop
      vertex -9 77.9 5
      vertex -8.41263 77.8615 4
      vertex -9 77.9 4
    endloop
  endfacet
  facet normal -0.0654061 0.997859 0
    outer loop
      vertex -9 77.9 4
      vertex -9.58737 77.8615 5
      vertex -9 77.9 5
    endloop
  endfacet
  facet normal -0.0654061 0.997859 0
    outer loop
      vertex -9.58737 77.8615 5
      vertex -9 77.9 4
      vertex -9.58737 77.8615 4
    endloop
  endfacet
  facet normal -0.659298 -0.751882 0
    outer loop
      vertex -12.182 70.218 4
      vertex -11.7394 69.8299 5
      vertex -12.182 70.218 5
    endloop
  endfacet
  facet normal -0.659298 -0.751882 -0
    outer loop
      vertex -11.7394 69.8299 5
      vertex -12.182 70.218 4
      vertex -11.7394 69.8299 4
    endloop
  endfacet
  facet normal 0.980786 -0.195087 0
    outer loop
      vertex -4.65333 72.2353 5
      vertex -4.5385 72.8126 4
      vertex -4.5385 72.8126 5
    endloop
  endfacet
  facet normal 0.980786 -0.195087 0
    outer loop
      vertex -4.5385 72.8126 4
      vertex -4.65333 72.2353 5
      vertex -4.65333 72.2353 4
    endloop
  endfacet
  facet normal 0.89686 -0.442314 0
    outer loop
      vertex -5.10289 71.15 5
      vertex -4.84254 71.6779 4
      vertex -4.84254 71.6779 5
    endloop
  endfacet
  facet normal 0.89686 -0.442314 0
    outer loop
      vertex -4.84254 71.6779 4
      vertex -5.10289 71.15 5
      vertex -5.10289 71.15 4
    endloop
  endfacet
  facet normal -0.751882 0.659298 0
    outer loop
      vertex -12.5701 76.1394 4
      vertex -12.182 76.582 5
      vertex -12.182 76.582 4
    endloop
  endfacet
  facet normal -0.751882 0.659298 0
    outer loop
      vertex -12.182 76.582 5
      vertex -12.5701 76.1394 4
      vertex -12.5701 76.1394 5
    endloop
  endfacet
  facet normal 0.0654061 -0.997859 0
    outer loop
      vertex -9 68.9 4
      vertex -8.41263 68.9385 5
      vertex -9 68.9 5
    endloop
  endfacet
  facet normal 0.0654061 -0.997859 0
    outer loop
      vertex -8.41263 68.9385 5
      vertex -9 68.9 4
      vertex -8.41263 68.9385 4
    endloop
  endfacet
  facet normal -0.896827 0.442382 0
    outer loop
      vertex -13.1575 75.1221 4
      vertex -12.8971 75.65 5
      vertex -12.8971 75.65 4
    endloop
  endfacet
  facet normal -0.896827 0.442382 0
    outer loop
      vertex -12.8971 75.65 5
      vertex -13.1575 75.1221 4
      vertex -13.1575 75.1221 5
    endloop
  endfacet
  facet normal -0.997859 -0.0654027 0
    outer loop
      vertex -13.4615 72.8126 4
      vertex -13.5 73.4 5
      vertex -13.5 73.4 4
    endloop
  endfacet
  facet normal -0.997859 -0.0654027 0
    outer loop
      vertex -13.5 73.4 5
      vertex -13.4615 72.8126 4
      vertex -13.4615 72.8126 5
    endloop
  endfacet
  facet normal -0.980796 -0.195038 0
    outer loop
      vertex -13.3467 72.2353 4
      vertex -13.4615 72.8126 5
      vertex -13.4615 72.8126 4
    endloop
  endfacet
  facet normal -0.980796 -0.195038 0
    outer loop
      vertex -13.4615 72.8126 5
      vertex -13.3467 72.2353 4
      vertex -13.3467 72.2353 5
    endloop
  endfacet
  facet normal -0.0654061 -0.997859 0
    outer loop
      vertex -9.58737 68.9385 4
      vertex -9 68.9 5
      vertex -9.58737 68.9385 5
    endloop
  endfacet
  facet normal -0.0654061 -0.997859 -0
    outer loop
      vertex -9 68.9 5
      vertex -9.58737 68.9385 4
      vertex -9 68.9 4
    endloop
  endfacet
  facet normal -0.555562 -0.831475 0
    outer loop
      vertex -11.7394 69.8299 4
      vertex -11.25 69.5029 5
      vertex -11.7394 69.8299 5
    endloop
  endfacet
  facet normal -0.555562 -0.831475 -0
    outer loop
      vertex -11.25 69.5029 5
      vertex -11.7394 69.8299 4
      vertex -11.25 69.5029 4
    endloop
  endfacet
  facet normal -0.831475 -0.555562 0
    outer loop
      vertex -12.5701 70.6606 4
      vertex -12.8971 71.15 5
      vertex -12.8971 71.15 4
    endloop
  endfacet
  facet normal -0.831475 -0.555562 0
    outer loop
      vertex -12.8971 71.15 5
      vertex -12.5701 70.6606 4
      vertex -12.5701 70.6606 5
    endloop
  endfacet
  facet normal 0.65934 0.751845 -0
    outer loop
      vertex -5.81802 76.582 4
      vertex -6.26057 76.9701 5
      vertex -5.81802 76.582 5
    endloop
  endfacet
  facet normal 0.65934 0.751845 0
    outer loop
      vertex -6.26057 76.9701 5
      vertex -5.81802 76.582 4
      vertex -6.26057 76.9701 4
    endloop
  endfacet
  facet normal -0.442382 -0.896827 0
    outer loop
      vertex -11.25 69.5029 4
      vertex -10.7221 69.2425 5
      vertex -11.25 69.5029 5
    endloop
  endfacet
  facet normal -0.442382 -0.896827 -0
    outer loop
      vertex -10.7221 69.2425 5
      vertex -11.25 69.5029 4
      vertex -10.7221 69.2425 4
    endloop
  endfacet
  facet normal 0.751966 0.659202 0
    outer loop
      vertex 115.37 76.1394 5
      vertex 114.982 76.582 4
      vertex 114.982 76.582 5
    endloop
  endfacet
  facet normal 0.751966 0.659202 0
    outer loop
      vertex 114.982 76.582 4
      vertex 115.37 76.1394 5
      vertex 115.37 76.1394 4
    endloop
  endfacet
  facet normal 0.980731 0.195365 0
    outer loop
      vertex 116.262 73.9874 5
      vertex 116.147 74.5647 4
      vertex 116.147 74.5647 5
    endloop
  endfacet
  facet normal 0.980731 0.195365 0
    outer loop
      vertex 116.147 74.5647 4
      vertex 116.262 73.9874 5
      vertex 116.262 73.9874 4
    endloop
  endfacet
  facet normal 0.997914 0.0645569 0
    outer loop
      vertex 116.3 73.4 5
      vertex 116.262 73.9874 4
      vertex 116.262 73.9874 5
    endloop
  endfacet
  facet normal 0.997914 0.0645569 0
    outer loop
      vertex 116.262 73.9874 4
      vertex 116.3 73.4 5
      vertex 116.3 73.4 4
    endloop
  endfacet
  facet normal 0.946522 0.322639 0
    outer loop
      vertex 116.147 74.5647 5
      vertex 115.957 75.1221 4
      vertex 115.957 75.1221 5
    endloop
  endfacet
  facet normal 0.946522 0.322639 0
    outer loop
      vertex 115.957 75.1221 4
      vertex 116.147 74.5647 5
      vertex 116.147 74.5647 4
    endloop
  endfacet
  facet normal 0.831475 0.555562 0
    outer loop
      vertex 115.697 75.65 5
      vertex 115.37 76.1394 4
      vertex 115.37 76.1394 5
    endloop
  endfacet
  facet normal 0.831475 0.555562 0
    outer loop
      vertex 115.37 76.1394 4
      vertex 115.697 75.65 5
      vertex 115.697 75.65 4
    endloop
  endfacet
  facet normal 0.658961 -0.752177 0
    outer loop
      vertex 114.539 69.8299 4
      vertex 114.982 70.218 5
      vertex 114.539 69.8299 5
    endloop
  endfacet
  facet normal 0.658961 -0.752177 0
    outer loop
      vertex 114.982 70.218 5
      vertex 114.539 69.8299 4
      vertex 114.982 70.218 4
    endloop
  endfacet
  facet normal 0.897096 -0.441836 0
    outer loop
      vertex 115.697 71.15 5
      vertex 115.957 71.6779 4
      vertex 115.957 71.6779 5
    endloop
  endfacet
  facet normal 0.897096 -0.441836 0
    outer loop
      vertex 115.957 71.6779 4
      vertex 115.697 71.15 5
      vertex 115.697 71.15 4
    endloop
  endfacet
  facet normal -0.946522 0.322639 0
    outer loop
      vertex 107.453 74.5647 4
      vertex 107.643 75.1221 5
      vertex 107.643 75.1221 4
    endloop
  endfacet
  facet normal -0.946522 0.322639 0
    outer loop
      vertex 107.643 75.1221 5
      vertex 107.453 74.5647 4
      vertex 107.453 74.5647 5
    endloop
  endfacet
  facet normal 0.442315 -0.89686 0
    outer loop
      vertex 113.522 69.2425 4
      vertex 114.05 69.5029 5
      vertex 113.522 69.2425 5
    endloop
  endfacet
  facet normal 0.442315 -0.89686 0
    outer loop
      vertex 114.05 69.5029 5
      vertex 113.522 69.2425 4
      vertex 114.05 69.5029 4
    endloop
  endfacet
  facet normal 0.997914 -0.0645569 0
    outer loop
      vertex 116.262 72.8126 5
      vertex 116.3 73.4 4
      vertex 116.3 73.4 5
    endloop
  endfacet
  facet normal 0.997914 -0.0645569 0
    outer loop
      vertex 116.3 73.4 4
      vertex 116.262 72.8126 5
      vertex 116.262 72.8126 4
    endloop
  endfacet
  facet normal 0.321628 -0.946866 0
    outer loop
      vertex 112.965 69.0533 4
      vertex 113.522 69.2425 5
      vertex 112.965 69.0533 5
    endloop
  endfacet
  facet normal 0.321628 -0.946866 0
    outer loop
      vertex 113.522 69.2425 5
      vertex 112.965 69.0533 4
      vertex 113.522 69.2425 4
    endloop
  endfacet
  facet normal 0.897096 0.441836 0
    outer loop
      vertex 115.957 75.1221 5
      vertex 115.697 75.65 4
      vertex 115.697 75.65 5
    endloop
  endfacet
  facet normal 0.897096 0.441836 0
    outer loop
      vertex 115.697 75.65 4
      vertex 115.957 75.1221 5
      vertex 115.957 75.1221 4
    endloop
  endfacet
  facet normal -0.194811 0.980841 0
    outer loop
      vertex 111.213 77.8615 4
      vertex 110.635 77.7467 5
      vertex 111.213 77.8615 5
    endloop
  endfacet
  facet normal -0.194811 0.980841 0
    outer loop
      vertex 110.635 77.7467 5
      vertex 111.213 77.8615 4
      vertex 110.635 77.7467 4
    endloop
  endfacet
  facet normal 0.0654471 0.997856 -0
    outer loop
      vertex 112.387 77.8615 4
      vertex 111.8 77.9 5
      vertex 112.387 77.8615 5
    endloop
  endfacet
  facet normal 0.0654471 0.997856 0
    outer loop
      vertex 111.8 77.9 5
      vertex 112.387 77.8615 4
      vertex 111.8 77.9 4
    endloop
  endfacet
  facet normal -0.321628 0.946866 0
    outer loop
      vertex 110.635 77.7467 4
      vertex 110.078 77.5575 5
      vertex 110.635 77.7467 5
    endloop
  endfacet
  facet normal -0.321628 0.946866 0
    outer loop
      vertex 110.078 77.5575 5
      vertex 110.635 77.7467 4
      vertex 110.078 77.5575 4
    endloop
  endfacet
  facet normal 0.751966 -0.659202 0
    outer loop
      vertex 114.982 70.218 5
      vertex 115.37 70.6606 4
      vertex 115.37 70.6606 5
    endloop
  endfacet
  facet normal 0.751966 -0.659202 0
    outer loop
      vertex 115.37 70.6606 4
      vertex 114.982 70.218 5
      vertex 114.982 70.218 4
    endloop
  endfacet
  facet normal -0.751966 -0.659202 0
    outer loop
      vertex 108.618 70.218 4
      vertex 108.23 70.6606 5
      vertex 108.23 70.6606 4
    endloop
  endfacet
  facet normal -0.751966 -0.659202 0
    outer loop
      vertex 108.23 70.6606 5
      vertex 108.618 70.218 4
      vertex 108.618 70.218 5
    endloop
  endfacet
  facet normal 0.946522 -0.322639 0
    outer loop
      vertex 115.957 71.6779 5
      vertex 116.147 72.2353 4
      vertex 116.147 72.2353 5
    endloop
  endfacet
  facet normal 0.946522 -0.322639 0
    outer loop
      vertex 116.147 72.2353 4
      vertex 115.957 71.6779 5
      vertex 115.957 71.6779 4
    endloop
  endfacet
  facet normal 0.442315 0.89686 -0
    outer loop
      vertex 114.05 77.2971 4
      vertex 113.522 77.5575 5
      vertex 114.05 77.2971 5
    endloop
  endfacet
  facet normal 0.442315 0.89686 0
    outer loop
      vertex 113.522 77.5575 5
      vertex 114.05 77.2971 4
      vertex 113.522 77.5575 4
    endloop
  endfacet
  facet normal -0.946522 -0.322639 0
    outer loop
      vertex 107.643 71.6779 4
      vertex 107.453 72.2353 5
      vertex 107.453 72.2353 4
    endloop
  endfacet
  facet normal -0.946522 -0.322639 0
    outer loop
      vertex 107.453 72.2353 5
      vertex 107.643 71.6779 4
      vertex 107.643 71.6779 5
    endloop
  endfacet
  facet normal -0.831475 -0.555562 0
    outer loop
      vertex 108.23 70.6606 4
      vertex 107.903 71.15 5
      vertex 107.903 71.15 4
    endloop
  endfacet
  facet normal -0.831475 -0.555562 0
    outer loop
      vertex 107.903 71.15 5
      vertex 108.23 70.6606 4
      vertex 108.23 70.6606 5
    endloop
  endfacet
  facet normal 0.194811 -0.980841 0
    outer loop
      vertex 112.387 68.9385 4
      vertex 112.965 69.0533 5
      vertex 112.387 68.9385 5
    endloop
  endfacet
  facet normal 0.194811 -0.980841 0
    outer loop
      vertex 112.965 69.0533 5
      vertex 112.387 68.9385 4
      vertex 112.965 69.0533 4
    endloop
  endfacet
  facet normal -0.997803 0.0662484 0
    outer loop
      vertex 107.3 73.4 4
      vertex 107.339 73.9874 5
      vertex 107.339 73.9874 4
    endloop
  endfacet
  facet normal -0.997803 0.0662484 0
    outer loop
      vertex 107.339 73.9874 5
      vertex 107.3 73.4 4
      vertex 107.3 73.4 5
    endloop
  endfacet
  facet normal -0.555877 0.831265 0
    outer loop
      vertex 109.55 77.2971 4
      vertex 109.061 76.9701 5
      vertex 109.55 77.2971 5
    endloop
  endfacet
  facet normal -0.555877 0.831265 0
    outer loop
      vertex 109.061 76.9701 5
      vertex 109.55 77.2971 4
      vertex 109.061 76.9701 4
    endloop
  endfacet
  facet normal -0.0654471 -0.997856 0
    outer loop
      vertex 111.213 68.9385 4
      vertex 111.8 68.9 5
      vertex 111.213 68.9385 5
    endloop
  endfacet
  facet normal -0.0654471 -0.997856 -0
    outer loop
      vertex 111.8 68.9 5
      vertex 111.213 68.9385 4
      vertex 111.8 68.9 4
    endloop
  endfacet
  facet normal 0.831475 -0.555562 0
    outer loop
      vertex 115.37 70.6606 5
      vertex 115.697 71.15 4
      vertex 115.697 71.15 5
    endloop
  endfacet
  facet normal 0.831475 -0.555562 0
    outer loop
      vertex 115.697 71.15 4
      vertex 115.37 70.6606 5
      vertex 115.37 70.6606 4
    endloop
  endfacet
  facet normal 0.555877 0.831265 -0
    outer loop
      vertex 114.539 76.9701 4
      vertex 114.05 77.2971 5
      vertex 114.539 76.9701 5
    endloop
  endfacet
  facet normal 0.555877 0.831265 0
    outer loop
      vertex 114.05 77.2971 5
      vertex 114.539 76.9701 4
      vertex 114.05 77.2971 4
    endloop
  endfacet
  facet normal 0.194811 0.980841 -0
    outer loop
      vertex 112.965 77.7467 4
      vertex 112.387 77.8615 5
      vertex 112.965 77.7467 5
    endloop
  endfacet
  facet normal 0.194811 0.980841 0
    outer loop
      vertex 112.387 77.8615 5
      vertex 112.965 77.7467 4
      vertex 112.387 77.8615 4
    endloop
  endfacet
  facet normal -0.981055 -0.19373 0
    outer loop
      vertex 107.453 72.2353 4
      vertex 107.339 72.8126 5
      vertex 107.339 72.8126 4
    endloop
  endfacet
  facet normal -0.981055 -0.19373 0
    outer loop
      vertex 107.339 72.8126 5
      vertex 107.453 72.2353 4
      vertex 107.453 72.2353 5
    endloop
  endfacet
  facet normal -0.442315 -0.89686 0
    outer loop
      vertex 109.55 69.5029 4
      vertex 110.078 69.2425 5
      vertex 109.55 69.5029 5
    endloop
  endfacet
  facet normal -0.442315 -0.89686 -0
    outer loop
      vertex 110.078 69.2425 5
      vertex 109.55 69.5029 4
      vertex 110.078 69.2425 4
    endloop
  endfacet
  facet normal -0.751966 0.659202 0
    outer loop
      vertex 108.23 76.1394 4
      vertex 108.618 76.582 5
      vertex 108.618 76.582 4
    endloop
  endfacet
  facet normal -0.751966 0.659202 0
    outer loop
      vertex 108.618 76.582 5
      vertex 108.23 76.1394 4
      vertex 108.23 76.1394 5
    endloop
  endfacet
  facet normal -0.897096 -0.441836 0
    outer loop
      vertex 107.903 71.15 4
      vertex 107.643 71.6779 5
      vertex 107.643 71.6779 4
    endloop
  endfacet
  facet normal -0.897096 -0.441836 0
    outer loop
      vertex 107.643 71.6779 5
      vertex 107.903 71.15 4
      vertex 107.903 71.15 5
    endloop
  endfacet
  facet normal -0.555877 -0.831265 0
    outer loop
      vertex 109.061 69.8299 4
      vertex 109.55 69.5029 5
      vertex 109.061 69.8299 5
    endloop
  endfacet
  facet normal -0.555877 -0.831265 -0
    outer loop
      vertex 109.55 69.5029 5
      vertex 109.061 69.8299 4
      vertex 109.55 69.5029 4
    endloop
  endfacet
  facet normal 0.658961 0.752177 -0
    outer loop
      vertex 114.982 76.582 4
      vertex 114.539 76.9701 5
      vertex 114.982 76.582 5
    endloop
  endfacet
  facet normal 0.658961 0.752177 0
    outer loop
      vertex 114.539 76.9701 5
      vertex 114.982 76.582 4
      vertex 114.539 76.9701 4
    endloop
  endfacet
  facet normal 0 0 1
    outer loop
      vertex 113.5 73.4 5
      vertex 116.3 73.4 5
      vertex 116.262 73.9874 5
    endloop
  endfacet
  facet normal 0 0 1
    outer loop
      vertex 113.485 73.6219 5
      vertex 116.262 73.9874 5
      vertex 116.147 74.5647 5
    endloop
  endfacet
  facet normal 0 0 1
    outer loop
      vertex 116.3 73.4 5
      vertex 113.5 73.4 5
      vertex 116.262 72.8126 5
    endloop
  endfacet
  facet normal 0 0 1
    outer loop
      vertex 113.442 73.84 5
      vertex 116.147 74.5647 5
      vertex 115.957 75.1221 5
    endloop
  endfacet
  facet normal -0 0 1
    outer loop
      vertex 113.485 73.1781 5
      vertex 116.262 72.8126 5
      vertex 113.5 73.4 5
    endloop
  endfacet
  facet normal 0 0 1
    outer loop
      vertex 113.371 74.0506 5
      vertex 115.957 75.1221 5
      vertex 115.697 75.65 5
    endloop
  endfacet
  facet normal 0 0 1
    outer loop
      vertex 116.262 72.8126 5
      vertex 113.485 73.1781 5
      vertex 116.147 72.2353 5
    endloop
  endfacet
  facet normal 0 0 1
    outer loop
      vertex 113.272 74.25 5
      vertex 115.697 75.65 5
      vertex 115.37 76.1394 5
    endloop
  endfacet
  facet normal -0 0 1
    outer loop
      vertex 113.442 72.96 5
      vertex 116.147 72.2353 5
      vertex 113.485 73.1781 5
    endloop
  endfacet
  facet normal 0 0 1
    outer loop
      vertex 113.149 74.4349 5
      vertex 115.37 76.1394 5
      vertex 114.982 76.582 5
    endloop
  endfacet
  facet normal 0 0 1
    outer loop
      vertex 116.147 72.2353 5
      vertex 113.442 72.96 5
      vertex 115.957 71.6779 5
    endloop
  endfacet
  facet normal 0 0 1
    outer loop
      vertex 113.002 74.6021 5
      vertex 114.982 76.582 5
      vertex 114.539 76.9701 5
    endloop
  endfacet
  facet normal -0 0 1
    outer loop
      vertex 113.371 72.7494 5
      vertex 115.957 71.6779 5
      vertex 113.442 72.96 5
    endloop
  endfacet
  facet normal 0 0 1
    outer loop
      vertex 112.835 74.7487 5
      vertex 114.539 76.9701 5
      vertex 114.05 77.2971 5
    endloop
  endfacet
  facet normal 0 0 1
    outer loop
      vertex 115.957 71.6779 5
      vertex 113.371 72.7494 5
      vertex 115.697 71.15 5
    endloop
  endfacet
  facet normal 0 0 1
    outer loop
      vertex 112.65 74.8722 5
      vertex 114.05 77.2971 5
      vertex 113.522 77.5575 5
    endloop
  endfacet
  facet normal -0 0 1
    outer loop
      vertex 113.272 72.55 5
      vertex 115.697 71.15 5
      vertex 113.371 72.7494 5
    endloop
  endfacet
  facet normal 0 0 1
    outer loop
      vertex 115.697 71.15 5
      vertex 113.272 72.55 5
      vertex 115.37 70.6606 5
    endloop
  endfacet
  facet normal 0 0 1
    outer loop
      vertex 116.262 73.9874 5
      vertex 113.485 73.6219 5
      vertex 113.5 73.4 5
    endloop
  endfacet
  facet normal 0 0 1
    outer loop
      vertex 116.147 74.5647 5
      vertex 113.442 73.84 5
      vertex 113.485 73.6219 5
    endloop
  endfacet
  facet normal 0 0 1
    outer loop
      vertex 115.957 75.1221 5
      vertex 113.371 74.0506 5
      vertex 113.442 73.84 5
    endloop
  endfacet
  facet normal 0 0 1
    outer loop
      vertex 115.697 75.65 5
      vertex 113.272 74.25 5
      vertex 113.371 74.0506 5
    endloop
  endfacet
  facet normal 0 0 1
    outer loop
      vertex 115.37 76.1394 5
      vertex 113.149 74.4349 5
      vertex 113.272 74.25 5
    endloop
  endfacet
  facet normal 0 0 1
    outer loop
      vertex 114.982 76.582 5
      vertex 113.002 74.6021 5
      vertex 113.149 74.4349 5
    endloop
  endfacet
  facet normal 0 0 1
    outer loop
      vertex 112.451 74.9706 5
      vertex 113.522 77.5575 5
      vertex 112.965 77.7467 5
    endloop
  endfacet
  facet normal 0 0 1
    outer loop
      vertex 114.539 76.9701 5
      vertex 112.835 74.7487 5
      vertex 113.002 74.6021 5
    endloop
  endfacet
  facet normal 0 0 1
    outer loop
      vertex 114.05 77.2971 5
      vertex 112.65 74.8722 5
      vertex 112.835 74.7487 5
    endloop
  endfacet
  facet normal 0 0 1
    outer loop
      vertex 113.522 77.5575 5
      vertex 112.451 74.9706 5
      vertex 112.65 74.8722 5
    endloop
  endfacet
  facet normal 0 0 1
    outer loop
      vertex 112.24 75.0421 5
      vertex 112.965 77.7467 5
      vertex 112.387 77.8615 5
    endloop
  endfacet
  facet normal 0 0 1
    outer loop
      vertex 112.965 77.7467 5
      vertex 112.24 75.0421 5
      vertex 112.451 74.9706 5
    endloop
  endfacet
  facet normal 0 0 1
    outer loop
      vertex 112.387 77.8615 5
      vertex 112.022 75.0855 5
      vertex 112.24 75.0421 5
    endloop
  endfacet
  facet normal 0 0 1
    outer loop
      vertex 111.8 77.9 5
      vertex 112.022 75.0855 5
      vertex 112.387 77.8615 5
    endloop
  endfacet
  facet normal 0 0 1
    outer loop
      vertex 111.8 77.9 5
      vertex 111.8 75.1 5
      vertex 112.022 75.0855 5
    endloop
  endfacet
  facet normal 0 0 1
    outer loop
      vertex 111.8 77.9 5
      vertex 111.578 75.0855 5
      vertex 111.8 75.1 5
    endloop
  endfacet
  facet normal -0 0 1
    outer loop
      vertex 111.213 77.8615 5
      vertex 111.578 75.0855 5
      vertex 111.8 77.9 5
    endloop
  endfacet
  facet normal 0 0 1
    outer loop
      vertex 111.578 75.0855 5
      vertex 111.213 77.8615 5
      vertex 111.36 75.0421 5
    endloop
  endfacet
  facet normal -0 0 1
    outer loop
      vertex 110.635 77.7467 5
      vertex 111.36 75.0421 5
      vertex 111.213 77.8615 5
    endloop
  endfacet
  facet normal 0 0 1
    outer loop
      vertex 111.36 75.0421 5
      vertex 110.635 77.7467 5
      vertex 111.149 74.9706 5
    endloop
  endfacet
  facet normal -0 0 1
    outer loop
      vertex 110.078 77.5575 5
      vertex 111.149 74.9706 5
      vertex 110.635 77.7467 5
    endloop
  endfacet
  facet normal 0 0 1
    outer loop
      vertex 111.149 74.9706 5
      vertex 110.078 77.5575 5
      vertex 110.95 74.8722 5
    endloop
  endfacet
  facet normal -0 0 1
    outer loop
      vertex 109.55 77.2971 5
      vertex 110.95 74.8722 5
      vertex 110.078 77.5575 5
    endloop
  endfacet
  facet normal 0 0 1
    outer loop
      vertex 110.95 74.8722 5
      vertex 109.55 77.2971 5
      vertex 110.765 74.7487 5
    endloop
  endfacet
  facet normal -0 0 1
    outer loop
      vertex 109.061 76.9701 5
      vertex 110.765 74.7487 5
      vertex 109.55 77.2971 5
    endloop
  endfacet
  facet normal 0 0 1
    outer loop
      vertex 110.765 74.7487 5
      vertex 109.061 76.9701 5
      vertex 110.598 74.6021 5
    endloop
  endfacet
  facet normal -0 0 1
    outer loop
      vertex 108.618 76.582 5
      vertex 110.598 74.6021 5
      vertex 109.061 76.9701 5
    endloop
  endfacet
  facet normal 0 0 1
    outer loop
      vertex 110.598 74.6021 5
      vertex 108.618 76.582 5
      vertex 110.451 74.4349 5
    endloop
  endfacet
  facet normal 0 0 1
    outer loop
      vertex 110.451 74.4349 5
      vertex 108.23 76.1394 5
      vertex 110.328 74.25 5
    endloop
  endfacet
  facet normal -0 0 1
    outer loop
      vertex 108.23 76.1394 5
      vertex 110.451 74.4349 5
      vertex 108.618 76.582 5
    endloop
  endfacet
  facet normal -0 0 1
    outer loop
      vertex 113.149 72.3651 5
      vertex 115.37 70.6606 5
      vertex 113.272 72.55 5
    endloop
  endfacet
  facet normal 0 0 1
    outer loop
      vertex 115.37 70.6606 5
      vertex 113.149 72.3651 5
      vertex 114.982 70.218 5
    endloop
  endfacet
  facet normal -0 0 1
    outer loop
      vertex 113.002 72.1979 5
      vertex 114.982 70.218 5
      vertex 113.149 72.3651 5
    endloop
  endfacet
  facet normal 0 0 1
    outer loop
      vertex 114.982 70.218 5
      vertex 113.002 72.1979 5
      vertex 114.539 69.8299 5
    endloop
  endfacet
  facet normal -0 0 1
    outer loop
      vertex 112.835 72.0513 5
      vertex 114.539 69.8299 5
      vertex 113.002 72.1979 5
    endloop
  endfacet
  facet normal 0 0 1
    outer loop
      vertex 114.539 69.8299 5
      vertex 112.835 72.0513 5
      vertex 114.05 69.5029 5
    endloop
  endfacet
  facet normal -0 0 1
    outer loop
      vertex 112.65 71.9278 5
      vertex 114.05 69.5029 5
      vertex 112.835 72.0513 5
    endloop
  endfacet
  facet normal 0 0 1
    outer loop
      vertex 114.05 69.5029 5
      vertex 112.65 71.9278 5
      vertex 113.522 69.2425 5
    endloop
  endfacet
  facet normal -0 0 1
    outer loop
      vertex 112.451 71.8294 5
      vertex 113.522 69.2425 5
      vertex 112.65 71.9278 5
    endloop
  endfacet
  facet normal 0 0 1
    outer loop
      vertex 113.522 69.2425 5
      vertex 112.451 71.8294 5
      vertex 112.965 69.0533 5
    endloop
  endfacet
  facet normal -0 0 1
    outer loop
      vertex 112.24 71.7579 5
      vertex 112.965 69.0533 5
      vertex 112.451 71.8294 5
    endloop
  endfacet
  facet normal 0 0 1
    outer loop
      vertex 112.965 69.0533 5
      vertex 112.24 71.7579 5
      vertex 112.387 68.9385 5
    endloop
  endfacet
  facet normal -0 0 1
    outer loop
      vertex 112.022 71.7145 5
      vertex 112.387 68.9385 5
      vertex 112.24 71.7579 5
    endloop
  endfacet
  facet normal -0 0 1
    outer loop
      vertex 111.8 71.7 5
      vertex 112.387 68.9385 5
      vertex 112.022 71.7145 5
    endloop
  endfacet
  facet normal 0 0 1
    outer loop
      vertex 111.8 71.7 5
      vertex 111.8 68.9 5
      vertex 112.387 68.9385 5
    endloop
  endfacet
  facet normal 0 0 1
    outer loop
      vertex 111.578 71.7145 5
      vertex 111.8 68.9 5
      vertex 111.8 71.7 5
    endloop
  endfacet
  facet normal 0 0 1
    outer loop
      vertex 111.213 68.9385 5
      vertex 111.578 71.7145 5
      vertex 111.36 71.7579 5
    endloop
  endfacet
  facet normal 0 0 1
    outer loop
      vertex 111.578 71.7145 5
      vertex 111.213 68.9385 5
      vertex 111.8 68.9 5
    endloop
  endfacet
  facet normal 0 0 1
    outer loop
      vertex 110.635 69.0533 5
      vertex 111.36 71.7579 5
      vertex 111.149 71.8294 5
    endloop
  endfacet
  facet normal 0 0 1
    outer loop
      vertex 110.078 69.2425 5
      vertex 111.149 71.8294 5
      vertex 110.95 71.9278 5
    endloop
  endfacet
  facet normal 0 0 1
    outer loop
      vertex 109.55 69.5029 5
      vertex 110.95 71.9278 5
      vertex 110.765 72.0513 5
    endloop
  endfacet
  facet normal 0 0 1
    outer loop
      vertex 111.36 71.7579 5
      vertex 110.635 69.0533 5
      vertex 111.213 68.9385 5
    endloop
  endfacet
  facet normal 0 0 1
    outer loop
      vertex 109.061 69.8299 5
      vertex 110.765 72.0513 5
      vertex 110.598 72.1979 5
    endloop
  endfacet
  facet normal 0 0 1
    outer loop
      vertex 108.618 70.218 5
      vertex 110.598 72.1979 5
      vertex 110.451 72.3651 5
    endloop
  endfacet
  facet normal 0 0 1
    outer loop
      vertex 108.23 70.6606 5
      vertex 110.451 72.3651 5
      vertex 110.328 72.55 5
    endloop
  endfacet
  facet normal 0 0 1
    outer loop
      vertex 107.903 71.15 5
      vertex 110.328 72.55 5
      vertex 110.229 72.7494 5
    endloop
  endfacet
  facet normal 0 0 1
    outer loop
      vertex 107.643 71.6779 5
      vertex 110.229 72.7494 5
      vertex 110.158 72.96 5
    endloop
  endfacet
  facet normal 0 0 1
    outer loop
      vertex 107.453 72.2353 5
      vertex 110.158 72.96 5
      vertex 110.115 73.1781 5
    endloop
  endfacet
  facet normal 0 0 1
    outer loop
      vertex 111.149 71.8294 5
      vertex 110.078 69.2425 5
      vertex 110.635 69.0533 5
    endloop
  endfacet
  facet normal 0 0 1
    outer loop
      vertex 107.339 72.8126 5
      vertex 110.115 73.1781 5
      vertex 110.1 73.4 5
    endloop
  endfacet
  facet normal -0 0 1
    outer loop
      vertex 107.903 75.65 5
      vertex 110.328 74.25 5
      vertex 108.23 76.1394 5
    endloop
  endfacet
  facet normal 0 0 1
    outer loop
      vertex 110.328 74.25 5
      vertex 107.903 75.65 5
      vertex 110.229 74.0506 5
    endloop
  endfacet
  facet normal 0 0 1
    outer loop
      vertex 110.95 71.9278 5
      vertex 109.55 69.5029 5
      vertex 110.078 69.2425 5
    endloop
  endfacet
  facet normal -0 0 1
    outer loop
      vertex 107.643 75.1221 5
      vertex 110.229 74.0506 5
      vertex 107.903 75.65 5
    endloop
  endfacet
  facet normal 0 0 1
    outer loop
      vertex 110.765 72.0513 5
      vertex 109.061 69.8299 5
      vertex 109.55 69.5029 5
    endloop
  endfacet
  facet normal 0 0 1
    outer loop
      vertex 110.229 74.0506 5
      vertex 107.643 75.1221 5
      vertex 110.158 73.84 5
    endloop
  endfacet
  facet normal 0 0 1
    outer loop
      vertex 110.598 72.1979 5
      vertex 108.618 70.218 5
      vertex 109.061 69.8299 5
    endloop
  endfacet
  facet normal -0 0 1
    outer loop
      vertex 107.453 74.5647 5
      vertex 110.158 73.84 5
      vertex 107.643 75.1221 5
    endloop
  endfacet
  facet normal 0 0 1
    outer loop
      vertex 110.451 72.3651 5
      vertex 108.23 70.6606 5
      vertex 108.618 70.218 5
    endloop
  endfacet
  facet normal 0 0 1
    outer loop
      vertex 110.158 73.84 5
      vertex 107.453 74.5647 5
      vertex 110.115 73.6219 5
    endloop
  endfacet
  facet normal 0 0 1
    outer loop
      vertex 110.328 72.55 5
      vertex 107.903 71.15 5
      vertex 108.23 70.6606 5
    endloop
  endfacet
  facet normal -0 0 1
    outer loop
      vertex 107.339 73.9874 5
      vertex 110.115 73.6219 5
      vertex 107.453 74.5647 5
    endloop
  endfacet
  facet normal 0 0 1
    outer loop
      vertex 110.229 72.7494 5
      vertex 107.643 71.6779 5
      vertex 107.903 71.15 5
    endloop
  endfacet
  facet normal 0 0 1
    outer loop
      vertex 110.115 73.6219 5
      vertex 107.339 73.9874 5
      vertex 110.1 73.4 5
    endloop
  endfacet
  facet normal 0 0 1
    outer loop
      vertex 110.158 72.96 5
      vertex 107.453 72.2353 5
      vertex 107.643 71.6779 5
    endloop
  endfacet
  facet normal 0 0 1
    outer loop
      vertex 107.3 73.4 5
      vertex 110.1 73.4 5
      vertex 107.339 73.9874 5
    endloop
  endfacet
  facet normal 0 0 1
    outer loop
      vertex 110.115 73.1781 5
      vertex 107.339 72.8126 5
      vertex 107.453 72.2353 5
    endloop
  endfacet
  facet normal 0 0 1
    outer loop
      vertex 110.1 73.4 5
      vertex 107.3 73.4 5
      vertex 107.339 72.8126 5
    endloop
  endfacet
  facet normal -0.658961 -0.752177 0
    outer loop
      vertex 108.618 70.218 4
      vertex 109.061 69.8299 5
      vertex 108.618 70.218 5
    endloop
  endfacet
  facet normal -0.658961 -0.752177 -0
    outer loop
      vertex 109.061 69.8299 5
      vertex 108.618 70.218 4
      vertex 109.061 69.8299 4
    endloop
  endfacet
  facet normal -0.442315 0.89686 0
    outer loop
      vertex 110.078 77.5575 4
      vertex 109.55 77.2971 5
      vertex 110.078 77.5575 5
    endloop
  endfacet
  facet normal -0.442315 0.89686 0
    outer loop
      vertex 109.55 77.2971 5
      vertex 110.078 77.5575 4
      vertex 109.55 77.2971 4
    endloop
  endfacet
  facet normal 0.321628 0.946866 -0
    outer loop
      vertex 113.522 77.5575 4
      vertex 112.965 77.7467 5
      vertex 113.522 77.5575 5
    endloop
  endfacet
  facet normal 0.321628 0.946866 0
    outer loop
      vertex 112.965 77.7467 5
      vertex 113.522 77.5575 4
      vertex 112.965 77.7467 4
    endloop
  endfacet
  facet normal 0.980731 -0.195365 0
    outer loop
      vertex 116.147 72.2353 5
      vertex 116.262 72.8126 4
      vertex 116.262 72.8126 5
    endloop
  endfacet
  facet normal 0.980731 -0.195365 0
    outer loop
      vertex 116.262 72.8126 4
      vertex 116.147 72.2353 5
      vertex 116.147 72.2353 4
    endloop
  endfacet
  facet normal -0.981055 0.19373 0
    outer loop
      vertex 107.339 73.9874 4
      vertex 107.453 74.5647 5
      vertex 107.453 74.5647 4
    endloop
  endfacet
  facet normal -0.981055 0.19373 0
    outer loop
      vertex 107.453 74.5647 5
      vertex 107.339 73.9874 4
      vertex 107.339 73.9874 5
    endloop
  endfacet
  facet normal 0.0654471 -0.997856 0
    outer loop
      vertex 111.8 68.9 4
      vertex 112.387 68.9385 5
      vertex 111.8 68.9 5
    endloop
  endfacet
  facet normal 0.0654471 -0.997856 0
    outer loop
      vertex 112.387 68.9385 5
      vertex 111.8 68.9 4
      vertex 112.387 68.9385 4
    endloop
  endfacet
  facet normal -0.658961 0.752177 0
    outer loop
      vertex 109.061 76.9701 4
      vertex 108.618 76.582 5
      vertex 109.061 76.9701 5
    endloop
  endfacet
  facet normal -0.658961 0.752177 0
    outer loop
      vertex 108.618 76.582 5
      vertex 109.061 76.9701 4
      vertex 108.618 76.582 4
    endloop
  endfacet
  facet normal -0.997803 -0.0662484 0
    outer loop
      vertex 107.339 72.8126 4
      vertex 107.3 73.4 5
      vertex 107.3 73.4 4
    endloop
  endfacet
  facet normal -0.997803 -0.0662484 0
    outer loop
      vertex 107.3 73.4 5
      vertex 107.339 72.8126 4
      vertex 107.339 72.8126 5
    endloop
  endfacet
  facet normal -0.831475 0.555562 0
    outer loop
      vertex 107.903 75.65 4
      vertex 108.23 76.1394 5
      vertex 108.23 76.1394 4
    endloop
  endfacet
  facet normal -0.831475 0.555562 0
    outer loop
      vertex 108.23 76.1394 5
      vertex 107.903 75.65 4
      vertex 107.903 75.65 5
    endloop
  endfacet
  facet normal -0.321628 -0.946866 0
    outer loop
      vertex 110.078 69.2425 4
      vertex 110.635 69.0533 5
      vertex 110.078 69.2425 5
    endloop
  endfacet
  facet normal -0.321628 -0.946866 -0
    outer loop
      vertex 110.635 69.0533 5
      vertex 110.078 69.2425 4
      vertex 110.635 69.0533 4
    endloop
  endfacet
  facet normal -0.0654471 0.997856 0
    outer loop
      vertex 111.8 77.9 4
      vertex 111.213 77.8615 5
      vertex 111.8 77.9 5
    endloop
  endfacet
  facet normal -0.0654471 0.997856 0
    outer loop
      vertex 111.213 77.8615 5
      vertex 111.8 77.9 4
      vertex 111.213 77.8615 4
    endloop
  endfacet
  facet normal 0.555877 -0.831265 0
    outer loop
      vertex 114.05 69.5029 4
      vertex 114.539 69.8299 5
      vertex 114.05 69.5029 5
    endloop
  endfacet
  facet normal 0.555877 -0.831265 0
    outer loop
      vertex 114.539 69.8299 5
      vertex 114.05 69.5029 4
      vertex 114.539 69.8299 4
    endloop
  endfacet
  facet normal -0.897096 0.441836 0
    outer loop
      vertex 107.643 75.1221 4
      vertex 107.903 75.65 5
      vertex 107.903 75.65 4
    endloop
  endfacet
  facet normal -0.897096 0.441836 0
    outer loop
      vertex 107.903 75.65 5
      vertex 107.643 75.1221 4
      vertex 107.643 75.1221 5
    endloop
  endfacet
  facet normal -0.194811 -0.980841 0
    outer loop
      vertex 110.635 69.0533 4
      vertex 111.213 68.9385 5
      vertex 110.635 69.0533 5
    endloop
  endfacet
  facet normal -0.194811 -0.980841 -0
    outer loop
      vertex 111.213 68.9385 5
      vertex 110.635 69.0533 4
      vertex 111.213 68.9385 4
    endloop
  endfacet
  facet normal -0.322639 -0.946522 0
    outer loop
      vertex -10.7221 132.643 4
      vertex -10.1647 132.453 5
      vertex -10.7221 132.643 5
    endloop
  endfacet
  facet normal -0.322639 -0.946522 -0
    outer loop
      vertex -10.1647 132.453 5
      vertex -10.7221 132.643 4
      vertex -10.1647 132.453 4
    endloop
  endfacet
  facet normal 0.980831 0.19486 0
    outer loop
      vertex -4.5385 137.387 5
      vertex -4.65333 137.965 4
      vertex -4.65333 137.965 5
    endloop
  endfacet
  facet normal 0.980831 0.19486 0
    outer loop
      vertex -4.65333 137.965 4
      vertex -4.5385 137.387 5
      vertex -4.5385 137.387 4
    endloop
  endfacet
  facet normal 0.997856 0.0654471 0
    outer loop
      vertex -4.5 136.8 5
      vertex -4.5385 137.387 4
      vertex -4.5385 137.387 5
    endloop
  endfacet
  facet normal 0.997856 0.0654471 0
    outer loop
      vertex -4.5385 137.387 4
      vertex -4.5 136.8 5
      vertex -4.5 136.8 4
    endloop
  endfacet
  facet normal 0.946861 0.321644 0
    outer loop
      vertex -4.65333 137.965 5
      vertex -4.84254 138.522 4
      vertex -4.84254 138.522 5
    endloop
  endfacet
  facet normal 0.946861 0.321644 0
    outer loop
      vertex -4.84254 138.522 4
      vertex -4.65333 137.965 5
      vertex -4.65333 137.965 4
    endloop
  endfacet
  facet normal 0.980831 -0.19486 0
    outer loop
      vertex -4.65333 135.635 5
      vertex -4.5385 136.213 4
      vertex -4.5385 136.213 5
    endloop
  endfacet
  facet normal 0.980831 -0.19486 0
    outer loop
      vertex -4.5385 136.213 4
      vertex -4.65333 135.635 5
      vertex -4.65333 135.635 4
    endloop
  endfacet
  facet normal -0.980841 -0.194811 0
    outer loop
      vertex -13.3467 135.635 4
      vertex -13.4615 136.213 5
      vertex -13.4615 136.213 4
    endloop
  endfacet
  facet normal -0.980841 -0.194811 0
    outer loop
      vertex -13.4615 136.213 5
      vertex -13.3467 135.635 4
      vertex -13.3467 135.635 5
    endloop
  endfacet
  facet normal 0.896893 -0.442247 0
    outer loop
      vertex -5.10289 134.55 5
      vertex -4.84254 135.078 4
      vertex -4.84254 135.078 5
    endloop
  endfacet
  facet normal 0.896893 -0.442247 0
    outer loop
      vertex -4.84254 135.078 4
      vertex -5.10289 134.55 5
      vertex -5.10289 134.55 4
    endloop
  endfacet
  facet normal 0.896893 0.442247 0
    outer loop
      vertex -4.84254 138.522 5
      vertex -5.10289 139.05 4
      vertex -5.10289 139.05 5
    endloop
  endfacet
  facet normal 0.896893 0.442247 0
    outer loop
      vertex -5.10289 139.05 4
      vertex -4.84254 138.522 5
      vertex -4.84254 138.522 4
    endloop
  endfacet
  facet normal 0.555539 -0.831491 0
    outer loop
      vertex -6.75 132.903 4
      vertex -6.26057 133.23 5
      vertex -6.75 132.903 5
    endloop
  endfacet
  facet normal 0.555539 -0.831491 0
    outer loop
      vertex -6.26057 133.23 5
      vertex -6.75 132.903 4
      vertex -6.26057 133.23 4
    endloop
  endfacet
  facet normal 0.441822 0.897103 -0
    outer loop
      vertex -6.75 140.697 4
      vertex -7.27792 140.957 5
      vertex -6.75 140.697 5
    endloop
  endfacet
  facet normal 0.441822 0.897103 0
    outer loop
      vertex -7.27792 140.957 5
      vertex -6.75 140.697 4
      vertex -7.27792 140.957 4
    endloop
  endfacet
  facet normal -0.555562 0.831475 0
    outer loop
      vertex -11.25 140.697 4
      vertex -11.7394 140.37 5
      vertex -11.25 140.697 5
    endloop
  endfacet
  facet normal -0.555562 0.831475 0
    outer loop
      vertex -11.7394 140.37 5
      vertex -11.25 140.697 4
      vertex -11.7394 140.37 4
    endloop
  endfacet
  facet normal 0.441822 -0.897103 0
    outer loop
      vertex -7.27792 132.643 4
      vertex -6.75 132.903 5
      vertex -7.27792 132.643 5
    endloop
  endfacet
  facet normal 0.441822 -0.897103 0
    outer loop
      vertex -6.75 132.903 5
      vertex -7.27792 132.643 4
      vertex -6.75 132.903 4
    endloop
  endfacet
  facet normal -0.752177 0.658961 0
    outer loop
      vertex -12.5701 139.539 4
      vertex -12.182 139.982 5
      vertex -12.182 139.982 4
    endloop
  endfacet
  facet normal -0.752177 0.658961 0
    outer loop
      vertex -12.182 139.982 5
      vertex -12.5701 139.539 4
      vertex -12.5701 139.539 5
    endloop
  endfacet
  facet normal 0.659244 0.751929 -0
    outer loop
      vertex -5.81802 139.982 4
      vertex -6.26057 140.37 5
      vertex -5.81802 139.982 5
    endloop
  endfacet
  facet normal 0.659244 0.751929 0
    outer loop
      vertex -6.26057 140.37 5
      vertex -5.81802 139.982 4
      vertex -6.26057 140.37 4
    endloop
  endfacet
  facet normal 0.659244 -0.751929 0
    outer loop
      vertex -6.26057 133.23 4
      vertex -5.81802 133.618 5
      vertex -6.26057 133.23 5
    endloop
  endfacet
  facet normal 0.659244 -0.751929 0
    outer loop
      vertex -5.81802 133.618 5
      vertex -6.26057 133.23 4
      vertex -5.81802 133.618 4
    endloop
  endfacet
  facet normal -0.997856 0.0654471 0
    outer loop
      vertex -13.5 136.8 4
      vertex -13.4615 137.387 5
      vertex -13.4615 137.387 4
    endloop
  endfacet
  facet normal -0.997856 0.0654471 0
    outer loop
      vertex -13.4615 137.387 5
      vertex -13.5 136.8 4
      vertex -13.5 136.8 5
    endloop
  endfacet
  facet normal -0.659202 0.751966 0
    outer loop
      vertex -11.7394 140.37 4
      vertex -12.182 139.982 5
      vertex -11.7394 140.37 5
    endloop
  endfacet
  facet normal -0.659202 0.751966 0
    outer loop
      vertex -12.182 139.982 5
      vertex -11.7394 140.37 4
      vertex -12.182 139.982 4
    endloop
  endfacet
  facet normal -0.946866 0.321628 0
    outer loop
      vertex -13.3467 137.965 4
      vertex -13.1575 138.522 5
      vertex -13.1575 138.522 4
    endloop
  endfacet
  facet normal -0.946866 0.321628 0
    outer loop
      vertex -13.1575 138.522 5
      vertex -13.3467 137.965 4
      vertex -13.3467 137.965 5
    endloop
  endfacet
  facet normal 0.831249 0.5559 0
    outer loop
      vertex -5.10289 139.05 5
      vertex -5.42991 139.539 4
      vertex -5.42991 139.539 5
    endloop
  endfacet
  facet normal 0.831249 0.5559 0
    outer loop
      vertex -5.42991 139.539 4
      vertex -5.10289 139.05 5
      vertex -5.10289 139.05 4
    endloop
  endfacet
  facet normal 0.322645 -0.94652 0
    outer loop
      vertex -7.83531 132.453 4
      vertex -7.27792 132.643 5
      vertex -7.83531 132.453 5
    endloop
  endfacet
  facet normal 0.322645 -0.94652 0
    outer loop
      vertex -7.27792 132.643 5
      vertex -7.83531 132.453 4
      vertex -7.27792 132.643 4
    endloop
  endfacet
  facet normal -0.322639 0.946522 0
    outer loop
      vertex -10.1647 141.147 4
      vertex -10.7221 140.957 5
      vertex -10.1647 141.147 5
    endloop
  endfacet
  facet normal -0.322639 0.946522 0
    outer loop
      vertex -10.7221 140.957 5
      vertex -10.1647 141.147 4
      vertex -10.7221 140.957 4
    endloop
  endfacet
  facet normal 0.997856 -0.0654471 0
    outer loop
      vertex -4.5385 136.213 5
      vertex -4.5 136.8 4
      vertex -4.5 136.8 5
    endloop
  endfacet
  facet normal 0.997856 -0.0654471 0
    outer loop
      vertex -4.5 136.8 4
      vertex -4.5385 136.213 5
      vertex -4.5385 136.213 4
    endloop
  endfacet
  facet normal 0.193723 -0.981056 0
    outer loop
      vertex -8.41263 132.339 4
      vertex -7.83531 132.453 5
      vertex -8.41263 132.339 5
    endloop
  endfacet
  facet normal 0.193723 -0.981056 0
    outer loop
      vertex -7.83531 132.453 5
      vertex -8.41263 132.339 4
      vertex -7.83531 132.453 4
    endloop
  endfacet
  facet normal -0.441836 -0.897096 0
    outer loop
      vertex -11.25 132.903 4
      vertex -10.7221 132.643 5
      vertex -11.25 132.903 5
    endloop
  endfacet
  facet normal -0.441836 -0.897096 -0
    outer loop
      vertex -10.7221 132.643 5
      vertex -11.25 132.903 4
      vertex -10.7221 132.643 4
    endloop
  endfacet
  facet normal -0.0645602 0.997914 0
    outer loop
      vertex -9 141.3 4
      vertex -9.58737 141.262 5
      vertex -9 141.3 5
    endloop
  endfacet
  facet normal -0.0645602 0.997914 0
    outer loop
      vertex -9.58737 141.262 5
      vertex -9 141.3 4
      vertex -9.58737 141.262 4
    endloop
  endfacet
  facet normal -0.659202 -0.751966 0
    outer loop
      vertex -12.182 133.618 4
      vertex -11.7394 133.23 5
      vertex -12.182 133.618 5
    endloop
  endfacet
  facet normal -0.659202 -0.751966 -0
    outer loop
      vertex -11.7394 133.23 5
      vertex -12.182 133.618 4
      vertex -11.7394 133.23 4
    endloop
  endfacet
  facet normal 0.555539 0.831491 -0
    outer loop
      vertex -6.26057 140.37 4
      vertex -6.75 140.697 5
      vertex -6.26057 140.37 5
    endloop
  endfacet
  facet normal 0.555539 0.831491 0
    outer loop
      vertex -6.75 140.697 5
      vertex -6.26057 140.37 4
      vertex -6.75 140.697 4
    endloop
  endfacet
  facet normal -0.0662518 -0.997803 0
    outer loop
      vertex -9.58737 132.339 4
      vertex -9 132.3 5
      vertex -9.58737 132.339 5
    endloop
  endfacet
  facet normal -0.0662518 -0.997803 -0
    outer loop
      vertex -9 132.3 5
      vertex -9.58737 132.339 4
      vertex -9 132.3 4
    endloop
  endfacet
  facet normal 0.195358 0.980732 -0
    outer loop
      vertex -7.83531 141.147 4
      vertex -8.41263 141.262 5
      vertex -7.83531 141.147 5
    endloop
  endfacet
  facet normal 0.195358 0.980732 0
    outer loop
      vertex -8.41263 141.262 5
      vertex -7.83531 141.147 4
      vertex -8.41263 141.262 4
    endloop
  endfacet
  facet normal -0.195355 0.980733 0
    outer loop
      vertex -9.58737 141.262 4
      vertex -10.1647 141.147 5
      vertex -9.58737 141.262 5
    endloop
  endfacet
  facet normal -0.195355 0.980733 0
    outer loop
      vertex -10.1647 141.147 5
      vertex -9.58737 141.262 4
      vertex -10.1647 141.147 4
    endloop
  endfacet
  facet normal -0.89686 -0.442315 0
    outer loop
      vertex -12.8971 134.55 4
      vertex -13.1575 135.078 5
      vertex -13.1575 135.078 4
    endloop
  endfacet
  facet normal -0.89686 -0.442315 0
    outer loop
      vertex -13.1575 135.078 5
      vertex -12.8971 134.55 4
      vertex -12.8971 134.55 5
    endloop
  endfacet
  facet normal 0.322645 0.94652 -0
    outer loop
      vertex -7.27792 140.957 4
      vertex -7.83531 141.147 5
      vertex -7.27792 140.957 5
    endloop
  endfacet
  facet normal 0.322645 0.94652 0
    outer loop
      vertex -7.83531 141.147 5
      vertex -7.27792 140.957 4
      vertex -7.83531 141.147 4
    endloop
  endfacet
  facet normal 0.0662518 -0.997803 0
    outer loop
      vertex -9 132.3 4
      vertex -8.41263 132.339 5
      vertex -9 132.3 5
    endloop
  endfacet
  facet normal 0.0662518 -0.997803 0
    outer loop
      vertex -8.41263 132.339 5
      vertex -9 132.3 4
      vertex -8.41263 132.339 4
    endloop
  endfacet
  facet normal 0.752168 0.658971 0
    outer loop
      vertex -5.42991 139.539 5
      vertex -5.81802 139.982 4
      vertex -5.81802 139.982 5
    endloop
  endfacet
  facet normal 0.752168 0.658971 0
    outer loop
      vertex -5.81802 139.982 4
      vertex -5.42991 139.539 5
      vertex -5.42991 139.539 4
    endloop
  endfacet
  facet normal -0.441836 0.897096 0
    outer loop
      vertex -10.7221 140.957 4
      vertex -11.25 140.697 5
      vertex -10.7221 140.957 5
    endloop
  endfacet
  facet normal -0.441836 0.897096 0
    outer loop
      vertex -11.25 140.697 5
      vertex -10.7221 140.957 4
      vertex -11.25 140.697 4
    endloop
  endfacet
  facet normal -0.831265 -0.555877 0
    outer loop
      vertex -12.5701 134.061 4
      vertex -12.8971 134.55 5
      vertex -12.8971 134.55 4
    endloop
  endfacet
  facet normal -0.831265 -0.555877 0
    outer loop
      vertex -12.8971 134.55 5
      vertex -12.5701 134.061 4
      vertex -12.5701 134.061 5
    endloop
  endfacet
  facet normal -0.89686 0.442315 0
    outer loop
      vertex -13.1575 138.522 4
      vertex -12.8971 139.05 5
      vertex -12.8971 139.05 4
    endloop
  endfacet
  facet normal -0.89686 0.442315 0
    outer loop
      vertex -12.8971 139.05 5
      vertex -13.1575 138.522 4
      vertex -13.1575 138.522 5
    endloop
  endfacet
  facet normal -0.997856 -0.0654471 0
    outer loop
      vertex -13.4615 136.213 4
      vertex -13.5 136.8 5
      vertex -13.5 136.8 4
    endloop
  endfacet
  facet normal -0.997856 -0.0654471 0
    outer loop
      vertex -13.5 136.8 5
      vertex -13.4615 136.213 4
      vertex -13.4615 136.213 5
    endloop
  endfacet
  facet normal 0.831249 -0.5559 0
    outer loop
      vertex -5.42991 134.061 5
      vertex -5.10289 134.55 4
      vertex -5.10289 134.55 5
    endloop
  endfacet
  facet normal 0.831249 -0.5559 0
    outer loop
      vertex -5.10289 134.55 4
      vertex -5.42991 134.061 5
      vertex -5.42991 134.061 4
    endloop
  endfacet
  facet normal -0.555562 -0.831475 0
    outer loop
      vertex -11.7394 133.23 4
      vertex -11.25 132.903 5
      vertex -11.7394 133.23 5
    endloop
  endfacet
  facet normal -0.555562 -0.831475 -0
    outer loop
      vertex -11.25 132.903 5
      vertex -11.7394 133.23 4
      vertex -11.25 132.903 4
    endloop
  endfacet
  facet normal -0.946866 -0.321628 0
    outer loop
      vertex -13.1575 135.078 4
      vertex -13.3467 135.635 5
      vertex -13.3467 135.635 4
    endloop
  endfacet
  facet normal -0.946866 -0.321628 0
    outer loop
      vertex -13.3467 135.635 5
      vertex -13.1575 135.078 4
      vertex -13.1575 135.078 5
    endloop
  endfacet
  facet normal -0.831265 0.555877 0
    outer loop
      vertex -12.8971 139.05 4
      vertex -12.5701 139.539 5
      vertex -12.5701 139.539 4
    endloop
  endfacet
  facet normal -0.831265 0.555877 0
    outer loop
      vertex -12.5701 139.539 5
      vertex -12.8971 139.05 4
      vertex -12.8971 139.05 5
    endloop
  endfacet
  facet normal 0.946861 -0.321644 0
    outer loop
      vertex -4.84254 135.078 5
      vertex -4.65333 135.635 4
      vertex -4.65333 135.635 5
    endloop
  endfacet
  facet normal 0.946861 -0.321644 0
    outer loop
      vertex -4.65333 135.635 4
      vertex -4.84254 135.078 5
      vertex -4.84254 135.078 4
    endloop
  endfacet
  facet normal -0.752177 -0.658961 0
    outer loop
      vertex -12.182 133.618 4
      vertex -12.5701 134.061 5
      vertex -12.5701 134.061 4
    endloop
  endfacet
  facet normal -0.752177 -0.658961 0
    outer loop
      vertex -12.5701 134.061 5
      vertex -12.182 133.618 4
      vertex -12.182 133.618 5
    endloop
  endfacet
  facet normal 0.0645602 0.997914 -0
    outer loop
      vertex -8.41263 141.262 4
      vertex -9 141.3 5
      vertex -8.41263 141.262 5
    endloop
  endfacet
  facet normal 0.0645602 0.997914 0
    outer loop
      vertex -9 141.3 5
      vertex -8.41263 141.262 4
      vertex -9 141.3 4
    endloop
  endfacet
  facet normal -0.980841 0.194811 0
    outer loop
      vertex -13.4615 137.387 4
      vertex -13.3467 137.965 5
      vertex -13.3467 137.965 4
    endloop
  endfacet
  facet normal -0.980841 0.194811 0
    outer loop
      vertex -13.3467 137.965 5
      vertex -13.4615 137.387 4
      vertex -13.4615 137.387 5
    endloop
  endfacet
  facet normal 0 0 1
    outer loop
      vertex -7.3 136.8 5
      vertex -4.5 136.8 5
      vertex -4.5385 137.387 5
    endloop
  endfacet
  facet normal 0 0 1
    outer loop
      vertex -7.31454 137.022 5
      vertex -4.5385 137.387 5
      vertex -4.65333 137.965 5
    endloop
  endfacet
  facet normal 0 0 1
    outer loop
      vertex -4.5 136.8 5
      vertex -7.3 136.8 5
      vertex -4.5385 136.213 5
    endloop
  endfacet
  facet normal 0 0 1
    outer loop
      vertex -7.35793 137.24 5
      vertex -4.65333 137.965 5
      vertex -4.84254 138.522 5
    endloop
  endfacet
  facet normal -0 0 1
    outer loop
      vertex -7.31454 136.578 5
      vertex -4.5385 136.213 5
      vertex -7.3 136.8 5
    endloop
  endfacet
  facet normal 0 0 1
    outer loop
      vertex -7.4294 137.451 5
      vertex -4.84254 138.522 5
      vertex -5.10289 139.05 5
    endloop
  endfacet
  facet normal 0 0 1
    outer loop
      vertex -4.5385 136.213 5
      vertex -7.31454 136.578 5
      vertex -4.65333 135.635 5
    endloop
  endfacet
  facet normal 0 0 1
    outer loop
      vertex -7.52776 137.65 5
      vertex -5.10289 139.05 5
      vertex -5.42991 139.539 5
    endloop
  endfacet
  facet normal -0 0 1
    outer loop
      vertex -7.35793 136.36 5
      vertex -4.65333 135.635 5
      vertex -7.31454 136.578 5
    endloop
  endfacet
  facet normal 0 0 1
    outer loop
      vertex -7.6513 137.835 5
      vertex -5.42991 139.539 5
      vertex -5.81802 139.982 5
    endloop
  endfacet
  facet normal 0 0 1
    outer loop
      vertex -4.65333 135.635 5
      vertex -7.35793 136.36 5
      vertex -4.84254 135.078 5
    endloop
  endfacet
  facet normal 0 0 1
    outer loop
      vertex -7.79792 138.002 5
      vertex -5.81802 139.982 5
      vertex -6.26057 140.37 5
    endloop
  endfacet
  facet normal -0 0 1
    outer loop
      vertex -7.4294 136.149 5
      vertex -4.84254 135.078 5
      vertex -7.35793 136.36 5
    endloop
  endfacet
  facet normal 0 0 1
    outer loop
      vertex -7.96511 138.149 5
      vertex -6.26057 140.37 5
      vertex -6.75 140.697 5
    endloop
  endfacet
  facet normal 0 0 1
    outer loop
      vertex -4.84254 135.078 5
      vertex -7.4294 136.149 5
      vertex -5.10289 134.55 5
    endloop
  endfacet
  facet normal 0 0 1
    outer loop
      vertex -8.15 138.272 5
      vertex -6.75 140.697 5
      vertex -7.27792 140.957 5
    endloop
  endfacet
  facet normal -0 0 1
    outer loop
      vertex -7.52776 135.95 5
      vertex -5.10289 134.55 5
      vertex -7.4294 136.149 5
    endloop
  endfacet
  facet normal 0 0 1
    outer loop
      vertex -5.10289 134.55 5
      vertex -7.52776 135.95 5
      vertex -5.42991 134.061 5
    endloop
  endfacet
  facet normal 0 0 1
    outer loop
      vertex -4.5385 137.387 5
      vertex -7.31454 137.022 5
      vertex -7.3 136.8 5
    endloop
  endfacet
  facet normal 0 0 1
    outer loop
      vertex -4.65333 137.965 5
      vertex -7.35793 137.24 5
      vertex -7.31454 137.022 5
    endloop
  endfacet
  facet normal 0 0 1
    outer loop
      vertex -4.84254 138.522 5
      vertex -7.4294 137.451 5
      vertex -7.35793 137.24 5
    endloop
  endfacet
  facet normal 0 0 1
    outer loop
      vertex -5.10289 139.05 5
      vertex -7.52776 137.65 5
      vertex -7.4294 137.451 5
    endloop
  endfacet
  facet normal 0 0 1
    outer loop
      vertex -5.42991 139.539 5
      vertex -7.6513 137.835 5
      vertex -7.52776 137.65 5
    endloop
  endfacet
  facet normal 0 0 1
    outer loop
      vertex -5.81802 139.982 5
      vertex -7.79792 138.002 5
      vertex -7.6513 137.835 5
    endloop
  endfacet
  facet normal 0 0 1
    outer loop
      vertex -8.34944 138.371 5
      vertex -7.27792 140.957 5
      vertex -7.83531 141.147 5
    endloop
  endfacet
  facet normal 0 0 1
    outer loop
      vertex -6.26057 140.37 5
      vertex -7.96511 138.149 5
      vertex -7.79792 138.002 5
    endloop
  endfacet
  facet normal 0 0 1
    outer loop
      vertex -6.75 140.697 5
      vertex -8.15 138.272 5
      vertex -7.96511 138.149 5
    endloop
  endfacet
  facet normal 0 0 1
    outer loop
      vertex -7.27792 140.957 5
      vertex -8.34944 138.371 5
      vertex -8.15 138.272 5
    endloop
  endfacet
  facet normal 0 0 1
    outer loop
      vertex -8.56001 138.442 5
      vertex -7.83531 141.147 5
      vertex -8.41263 141.262 5
    endloop
  endfacet
  facet normal 0 0 1
    outer loop
      vertex -7.83531 141.147 5
      vertex -8.56001 138.442 5
      vertex -8.34944 138.371 5
    endloop
  endfacet
  facet normal 0 0 1
    outer loop
      vertex -8.41263 141.262 5
      vertex -8.7781 138.485 5
      vertex -8.56001 138.442 5
    endloop
  endfacet
  facet normal 0 0 1
    outer loop
      vertex -9 141.3 5
      vertex -8.7781 138.485 5
      vertex -8.41263 141.262 5
    endloop
  endfacet
  facet normal 0 0 1
    outer loop
      vertex -9 141.3 5
      vertex -9 138.5 5
      vertex -8.7781 138.485 5
    endloop
  endfacet
  facet normal 0 0 1
    outer loop
      vertex -9 141.3 5
      vertex -9.22189 138.485 5
      vertex -9 138.5 5
    endloop
  endfacet
  facet normal -0 0 1
    outer loop
      vertex -9.58737 141.262 5
      vertex -9.22189 138.485 5
      vertex -9 141.3 5
    endloop
  endfacet
  facet normal 0 0 1
    outer loop
      vertex -9.22189 138.485 5
      vertex -9.58737 141.262 5
      vertex -9.43999 138.442 5
    endloop
  endfacet
  facet normal -0 0 1
    outer loop
      vertex -10.1647 141.147 5
      vertex -9.43999 138.442 5
      vertex -9.58737 141.262 5
    endloop
  endfacet
  facet normal 0 0 1
    outer loop
      vertex -9.43999 138.442 5
      vertex -10.1647 141.147 5
      vertex -9.65056 138.371 5
    endloop
  endfacet
  facet normal -0 0 1
    outer loop
      vertex -10.7221 140.957 5
      vertex -9.65056 138.371 5
      vertex -10.1647 141.147 5
    endloop
  endfacet
  facet normal 0 0 1
    outer loop
      vertex -9.65056 138.371 5
      vertex -10.7221 140.957 5
      vertex -9.85 138.272 5
    endloop
  endfacet
  facet normal -0 0 1
    outer loop
      vertex -11.25 140.697 5
      vertex -9.85 138.272 5
      vertex -10.7221 140.957 5
    endloop
  endfacet
  facet normal 0 0 1
    outer loop
      vertex -9.85 138.272 5
      vertex -11.25 140.697 5
      vertex -10.0349 138.149 5
    endloop
  endfacet
  facet normal -0 0 1
    outer loop
      vertex -11.7394 140.37 5
      vertex -10.0349 138.149 5
      vertex -11.25 140.697 5
    endloop
  endfacet
  facet normal 0 0 1
    outer loop
      vertex -10.0349 138.149 5
      vertex -11.7394 140.37 5
      vertex -10.2021 138.002 5
    endloop
  endfacet
  facet normal -0 0 1
    outer loop
      vertex -12.182 139.982 5
      vertex -10.2021 138.002 5
      vertex -11.7394 140.37 5
    endloop
  endfacet
  facet normal 0 0 1
    outer loop
      vertex -10.2021 138.002 5
      vertex -12.182 139.982 5
      vertex -10.3487 137.835 5
    endloop
  endfacet
  facet normal 0 0 1
    outer loop
      vertex -10.3487 137.835 5
      vertex -12.5701 139.539 5
      vertex -10.4722 137.65 5
    endloop
  endfacet
  facet normal -0 0 1
    outer loop
      vertex -12.5701 139.539 5
      vertex -10.3487 137.835 5
      vertex -12.182 139.982 5
    endloop
  endfacet
  facet normal -0 0 1
    outer loop
      vertex -7.6513 135.765 5
      vertex -5.42991 134.061 5
      vertex -7.52776 135.95 5
    endloop
  endfacet
  facet normal 0 0 1
    outer loop
      vertex -5.42991 134.061 5
      vertex -7.6513 135.765 5
      vertex -5.81802 133.618 5
    endloop
  endfacet
  facet normal -0 0 1
    outer loop
      vertex -7.79792 135.598 5
      vertex -5.81802 133.618 5
      vertex -7.6513 135.765 5
    endloop
  endfacet
  facet normal 0 0 1
    outer loop
      vertex -5.81802 133.618 5
      vertex -7.79792 135.598 5
      vertex -6.26057 133.23 5
    endloop
  endfacet
  facet normal -0 0 1
    outer loop
      vertex -7.96511 135.451 5
      vertex -6.26057 133.23 5
      vertex -7.79792 135.598 5
    endloop
  endfacet
  facet normal 0 0 1
    outer loop
      vertex -6.26057 133.23 5
      vertex -7.96511 135.451 5
      vertex -6.75 132.903 5
    endloop
  endfacet
  facet normal -0 0 1
    outer loop
      vertex -8.15 135.328 5
      vertex -6.75 132.903 5
      vertex -7.96511 135.451 5
    endloop
  endfacet
  facet normal 0 0 1
    outer loop
      vertex -6.75 132.903 5
      vertex -8.15 135.328 5
      vertex -7.27792 132.643 5
    endloop
  endfacet
  facet normal -0 0 1
    outer loop
      vertex -8.34944 135.229 5
      vertex -7.27792 132.643 5
      vertex -8.15 135.328 5
    endloop
  endfacet
  facet normal 0 0 1
    outer loop
      vertex -7.27792 132.643 5
      vertex -8.34944 135.229 5
      vertex -7.83531 132.453 5
    endloop
  endfacet
  facet normal -0 0 1
    outer loop
      vertex -8.56001 135.158 5
      vertex -7.83531 132.453 5
      vertex -8.34944 135.229 5
    endloop
  endfacet
  facet normal 0 0 1
    outer loop
      vertex -7.83531 132.453 5
      vertex -8.56001 135.158 5
      vertex -8.41263 132.339 5
    endloop
  endfacet
  facet normal -0 0 1
    outer loop
      vertex -8.7781 135.115 5
      vertex -8.41263 132.339 5
      vertex -8.56001 135.158 5
    endloop
  endfacet
  facet normal -0 0 1
    outer loop
      vertex -9 135.1 5
      vertex -8.41263 132.339 5
      vertex -8.7781 135.115 5
    endloop
  endfacet
  facet normal 0 0 1
    outer loop
      vertex -9 135.1 5
      vertex -9 132.3 5
      vertex -8.41263 132.339 5
    endloop
  endfacet
  facet normal 0 0 1
    outer loop
      vertex -9.22189 135.115 5
      vertex -9 132.3 5
      vertex -9 135.1 5
    endloop
  endfacet
  facet normal 0 0 1
    outer loop
      vertex -9.58737 132.339 5
      vertex -9.22189 135.115 5
      vertex -9.43999 135.158 5
    endloop
  endfacet
  facet normal 0 0 1
    outer loop
      vertex -9.22189 135.115 5
      vertex -9.58737 132.339 5
      vertex -9 132.3 5
    endloop
  endfacet
  facet normal 0 0 1
    outer loop
      vertex -10.1647 132.453 5
      vertex -9.43999 135.158 5
      vertex -9.65056 135.229 5
    endloop
  endfacet
  facet normal 0 0 1
    outer loop
      vertex -10.7221 132.643 5
      vertex -9.65056 135.229 5
      vertex -9.85 135.328 5
    endloop
  endfacet
  facet normal 0 0 1
    outer loop
      vertex -11.25 132.903 5
      vertex -9.85 135.328 5
      vertex -10.0349 135.451 5
    endloop
  endfacet
  facet normal 0 0 1
    outer loop
      vertex -9.43999 135.158 5
      vertex -10.1647 132.453 5
      vertex -9.58737 132.339 5
    endloop
  endfacet
  facet normal 0 0 1
    outer loop
      vertex -11.7394 133.23 5
      vertex -10.0349 135.451 5
      vertex -10.2021 135.598 5
    endloop
  endfacet
  facet normal 0 0 1
    outer loop
      vertex -12.182 133.618 5
      vertex -10.2021 135.598 5
      vertex -10.3487 135.765 5
    endloop
  endfacet
  facet normal 0 0 1
    outer loop
      vertex -12.5701 134.061 5
      vertex -10.3487 135.765 5
      vertex -10.4722 135.95 5
    endloop
  endfacet
  facet normal 0 0 1
    outer loop
      vertex -12.8971 134.55 5
      vertex -10.4722 135.95 5
      vertex -10.5706 136.149 5
    endloop
  endfacet
  facet normal 0 0 1
    outer loop
      vertex -13.1575 135.078 5
      vertex -10.5706 136.149 5
      vertex -10.6421 136.36 5
    endloop
  endfacet
  facet normal 0 0 1
    outer loop
      vertex -13.3467 135.635 5
      vertex -10.6421 136.36 5
      vertex -10.6855 136.578 5
    endloop
  endfacet
  facet normal 0 0 1
    outer loop
      vertex -9.65056 135.229 5
      vertex -10.7221 132.643 5
      vertex -10.1647 132.453 5
    endloop
  endfacet
  facet normal 0 0 1
    outer loop
      vertex -13.4615 136.213 5
      vertex -10.6855 136.578 5
      vertex -10.7 136.8 5
    endloop
  endfacet
  facet normal -0 0 1
    outer loop
      vertex -12.8971 139.05 5
      vertex -10.4722 137.65 5
      vertex -12.5701 139.539 5
    endloop
  endfacet
  facet normal 0 0 1
    outer loop
      vertex -10.4722 137.65 5
      vertex -12.8971 139.05 5
      vertex -10.5706 137.451 5
    endloop
  endfacet
  facet normal 0 0 1
    outer loop
      vertex -9.85 135.328 5
      vertex -11.25 132.903 5
      vertex -10.7221 132.643 5
    endloop
  endfacet
  facet normal -0 0 1
    outer loop
      vertex -13.1575 138.522 5
      vertex -10.5706 137.451 5
      vertex -12.8971 139.05 5
    endloop
  endfacet
  facet normal 0 0 1
    outer loop
      vertex -10.0349 135.451 5
      vertex -11.7394 133.23 5
      vertex -11.25 132.903 5
    endloop
  endfacet
  facet normal 0 0 1
    outer loop
      vertex -10.5706 137.451 5
      vertex -13.1575 138.522 5
      vertex -10.6421 137.24 5
    endloop
  endfacet
  facet normal 0 0 1
    outer loop
      vertex -10.2021 135.598 5
      vertex -12.182 133.618 5
      vertex -11.7394 133.23 5
    endloop
  endfacet
  facet normal -0 0 1
    outer loop
      vertex -13.3467 137.965 5
      vertex -10.6421 137.24 5
      vertex -13.1575 138.522 5
    endloop
  endfacet
  facet normal 0 0 1
    outer loop
      vertex -10.3487 135.765 5
      vertex -12.5701 134.061 5
      vertex -12.182 133.618 5
    endloop
  endfacet
  facet normal 0 0 1
    outer loop
      vertex -10.6421 137.24 5
      vertex -13.3467 137.965 5
      vertex -10.6855 137.022 5
    endloop
  endfacet
  facet normal 0 0 1
    outer loop
      vertex -10.4722 135.95 5
      vertex -12.8971 134.55 5
      vertex -12.5701 134.061 5
    endloop
  endfacet
  facet normal -0 0 1
    outer loop
      vertex -13.4615 137.387 5
      vertex -10.6855 137.022 5
      vertex -13.3467 137.965 5
    endloop
  endfacet
  facet normal 0 0 1
    outer loop
      vertex -10.5706 136.149 5
      vertex -13.1575 135.078 5
      vertex -12.8971 134.55 5
    endloop
  endfacet
  facet normal 0 0 1
    outer loop
      vertex -10.6855 137.022 5
      vertex -13.4615 137.387 5
      vertex -10.7 136.8 5
    endloop
  endfacet
  facet normal 0 0 1
    outer loop
      vertex -10.6421 136.36 5
      vertex -13.3467 135.635 5
      vertex -13.1575 135.078 5
    endloop
  endfacet
  facet normal 0 0 1
    outer loop
      vertex -13.5 136.8 5
      vertex -10.7 136.8 5
      vertex -13.4615 137.387 5
    endloop
  endfacet
  facet normal 0 0 1
    outer loop
      vertex -10.6855 136.578 5
      vertex -13.4615 136.213 5
      vertex -13.3467 135.635 5
    endloop
  endfacet
  facet normal 0 0 1
    outer loop
      vertex -10.7 136.8 5
      vertex -13.5 136.8 5
      vertex -13.4615 136.213 5
    endloop
  endfacet
  facet normal -0.19372 -0.981057 0
    outer loop
      vertex -10.1647 132.453 4
      vertex -9.58737 132.339 5
      vertex -10.1647 132.453 5
    endloop
  endfacet
  facet normal -0.19372 -0.981057 -0
    outer loop
      vertex -9.58737 132.339 5
      vertex -10.1647 132.453 4
      vertex -9.58737 132.339 4
    endloop
  endfacet
  facet normal 0.752168 -0.658971 0
    outer loop
      vertex -5.81802 133.618 5
      vertex -5.42991 134.061 4
      vertex -5.42991 134.061 5
    endloop
  endfacet
  facet normal 0.752168 -0.658971 0
    outer loop
      vertex -5.42991 134.061 4
      vertex -5.81802 133.618 5
      vertex -5.81802 133.618 4
    endloop
  endfacet
  facet normal 0.980776 0.195137 0
    outer loop
      vertex 116.262 137.387 5
      vertex 116.147 137.965 4
      vertex 116.147 137.965 5
    endloop
  endfacet
  facet normal 0.980776 0.195137 0
    outer loop
      vertex 116.147 137.965 4
      vertex 116.262 137.387 5
      vertex 116.262 137.387 4
    endloop
  endfacet
  facet normal 0.997911 0.0646007 0
    outer loop
      vertex 116.3 136.8 5
      vertex 116.262 137.387 4
      vertex 116.262 137.387 5
    endloop
  endfacet
  facet normal 0.997911 0.0646007 0
    outer loop
      vertex 116.262 137.387 4
      vertex 116.3 136.8 5
      vertex 116.3 136.8 4
    endloop
  endfacet
  facet normal 0.946451 0.322847 0
    outer loop
      vertex 116.147 137.965 5
      vertex 115.957 138.522 4
      vertex 115.957 138.522 5
    endloop
  endfacet
  facet normal 0.946451 0.322847 0
    outer loop
      vertex 115.957 138.522 4
      vertex 116.147 137.965 5
      vertex 116.147 137.965 4
    endloop
  endfacet
  facet normal 0.980776 -0.195137 0
    outer loop
      vertex 116.147 135.635 5
      vertex 116.262 136.213 4
      vertex 116.262 136.213 5
    endloop
  endfacet
  facet normal 0.980776 -0.195137 0
    outer loop
      vertex 116.262 136.213 4
      vertex 116.147 135.635 5
      vertex 116.147 135.635 4
    endloop
  endfacet
  facet normal -0.897129 0.441768 0
    outer loop
      vertex 107.643 138.522 4
      vertex 107.903 139.05 5
      vertex 107.903 139.05 4
    endloop
  endfacet
  facet normal -0.897129 0.441768 0
    outer loop
      vertex 107.903 139.05 5
      vertex 107.643 138.522 4
      vertex 107.643 138.522 5
    endloop
  endfacet
  facet normal 0.193504 -0.981099 0
    outer loop
      vertex 112.387 132.339 4
      vertex 112.965 132.453 5
      vertex 112.387 132.339 5
    endloop
  endfacet
  facet normal 0.193504 -0.981099 0
    outer loop
      vertex 112.965 132.453 5
      vertex 112.387 132.339 4
      vertex 112.965 132.453 4
    endloop
  endfacet
  facet normal 0.897129 0.441768 0
    outer loop
      vertex 115.957 138.522 5
      vertex 115.697 139.05 4
      vertex 115.697 139.05 5
    endloop
  endfacet
  facet normal 0.897129 0.441768 0
    outer loop
      vertex 115.697 139.05 4
      vertex 115.957 138.522 5
      vertex 115.957 138.522 4
    endloop
  endfacet
  facet normal 0.441768 0.897129 -0
    outer loop
      vertex 114.05 140.697 4
      vertex 113.522 140.957 5
      vertex 114.05 140.697 5
    endloop
  endfacet
  facet normal 0.441768 0.897129 0
    outer loop
      vertex 113.522 140.957 5
      vertex 114.05 140.697 4
      vertex 113.522 140.957 4
    endloop
  endfacet
  facet normal -0.441768 0.897129 0
    outer loop
      vertex 110.078 140.957 4
      vertex 109.55 140.697 5
      vertex 110.078 140.957 5
    endloop
  endfacet
  facet normal -0.441768 0.897129 0
    outer loop
      vertex 109.55 140.697 5
      vertex 110.078 140.957 4
      vertex 109.55 140.697 4
    endloop
  endfacet
  facet normal -0.555877 -0.831265 0
    outer loop
      vertex 109.061 133.23 4
      vertex 109.55 132.903 5
      vertex 109.061 133.23 5
    endloop
  endfacet
  facet normal -0.555877 -0.831265 -0
    outer loop
      vertex 109.55 132.903 5
      vertex 109.061 133.23 4
      vertex 109.55 132.903 4
    endloop
  endfacet
  facet normal 0.441768 -0.897129 0
    outer loop
      vertex 113.522 132.643 4
      vertex 114.05 132.903 5
      vertex 113.522 132.643 5
    endloop
  endfacet
  facet normal 0.441768 -0.897129 0
    outer loop
      vertex 114.05 132.903 5
      vertex 113.522 132.643 4
      vertex 114.05 132.903 4
    endloop
  endfacet
  facet normal -0.658865 -0.752261 0
    outer loop
      vertex 108.618 133.618 4
      vertex 109.061 133.23 5
      vertex 108.618 133.618 5
    endloop
  endfacet
  facet normal -0.658865 -0.752261 -0
    outer loop
      vertex 109.061 133.23 5
      vertex 108.618 133.618 4
      vertex 109.061 133.23 4
    endloop
  endfacet
  facet normal -0.752261 0.658865 0
    outer loop
      vertex 108.23 139.539 4
      vertex 108.618 139.982 5
      vertex 108.618 139.982 4
    endloop
  endfacet
  facet normal -0.752261 0.658865 0
    outer loop
      vertex 108.618 139.982 5
      vertex 108.23 139.539 4
      vertex 108.23 139.539 5
    endloop
  endfacet
  facet normal 0.658865 0.752261 -0
    outer loop
      vertex 114.982 139.982 4
      vertex 114.539 140.37 5
      vertex 114.982 139.982 5
    endloop
  endfacet
  facet normal 0.658865 0.752261 0
    outer loop
      vertex 114.539 140.37 5
      vertex 114.982 139.982 4
      vertex 114.539 140.37 4
    endloop
  endfacet
  facet normal -0.946451 -0.322847 0
    outer loop
      vertex 107.643 135.078 4
      vertex 107.453 135.635 5
      vertex 107.453 135.635 4
    endloop
  endfacet
  facet normal -0.946451 -0.322847 0
    outer loop
      vertex 107.453 135.635 5
      vertex 107.643 135.078 4
      vertex 107.643 135.078 5
    endloop
  endfacet
  facet normal -0.9978 0.0662934 0
    outer loop
      vertex 107.3 136.8 4
      vertex 107.339 137.387 5
      vertex 107.339 137.387 4
    endloop
  endfacet
  facet normal -0.9978 0.0662934 0
    outer loop
      vertex 107.339 137.387 5
      vertex 107.3 136.8 4
      vertex 107.3 136.8 5
    endloop
  endfacet
  facet normal -0.441768 -0.897129 0
    outer loop
      vertex 109.55 132.903 4
      vertex 110.078 132.643 5
      vertex 109.55 132.903 5
    endloop
  endfacet
  facet normal -0.441768 -0.897129 -0
    outer loop
      vertex 110.078 132.643 5
      vertex 109.55 132.903 4
      vertex 110.078 132.643 4
    endloop
  endfacet
  facet normal -0.658865 0.752261 0
    outer loop
      vertex 109.061 140.37 4
      vertex 108.618 139.982 5
      vertex 109.061 140.37 5
    endloop
  endfacet
  facet normal -0.658865 0.752261 0
    outer loop
      vertex 108.618 139.982 5
      vertex 109.061 140.37 4
      vertex 108.618 139.982 4
    endloop
  endfacet
  facet normal 0.0662934 -0.9978 0
    outer loop
      vertex 111.8 132.3 4
      vertex 112.387 132.339 5
      vertex 111.8 132.3 5
    endloop
  endfacet
  facet normal 0.0662934 -0.9978 0
    outer loop
      vertex 112.387 132.339 5
      vertex 111.8 132.3 4
      vertex 112.387 132.339 4
    endloop
  endfacet
  facet normal -0.322847 0.946451 0
    outer loop
      vertex 110.635 141.147 4
      vertex 110.078 140.957 5
      vertex 110.635 141.147 5
    endloop
  endfacet
  facet normal -0.322847 0.946451 0
    outer loop
      vertex 110.078 140.957 5
      vertex 110.635 141.147 4
      vertex 110.078 140.957 4
    endloop
  endfacet
  facet normal 0.322847 -0.946451 0
    outer loop
      vertex 112.965 132.453 4
      vertex 113.522 132.643 5
      vertex 112.965 132.453 5
    endloop
  endfacet
  facet normal 0.322847 -0.946451 0
    outer loop
      vertex 113.522 132.643 5
      vertex 112.965 132.453 4
      vertex 113.522 132.643 4
    endloop
  endfacet
  facet normal -0.9978 -0.0662934 0
    outer loop
      vertex 107.339 136.213 4
      vertex 107.3 136.8 5
      vertex 107.3 136.8 4
    endloop
  endfacet
  facet normal -0.9978 -0.0662934 0
    outer loop
      vertex 107.3 136.8 5
      vertex 107.339 136.213 4
      vertex 107.339 136.213 5
    endloop
  endfacet
  facet normal 0.997911 -0.0646007 0
    outer loop
      vertex 116.262 136.213 5
      vertex 116.3 136.8 4
      vertex 116.3 136.8 5
    endloop
  endfacet
  facet normal 0.997911 -0.0646007 0
    outer loop
      vertex 116.3 136.8 4
      vertex 116.262 136.213 5
      vertex 116.262 136.213 4
    endloop
  endfacet
  facet normal -0.946451 0.322847 0
    outer loop
      vertex 107.453 137.965 4
      vertex 107.643 138.522 5
      vertex 107.643 138.522 4
    endloop
  endfacet
  facet normal -0.946451 0.322847 0
    outer loop
      vertex 107.643 138.522 5
      vertex 107.453 137.965 4
      vertex 107.453 137.965 5
    endloop
  endfacet
  facet normal 0.831265 0.555877 0
    outer loop
      vertex 115.697 139.05 5
      vertex 115.37 139.539 4
      vertex 115.37 139.539 5
    endloop
  endfacet
  facet normal 0.831265 0.555877 0
    outer loop
      vertex 115.37 139.539 4
      vertex 115.697 139.05 5
      vertex 115.697 139.05 4
    endloop
  endfacet
  facet normal -0.555877 0.831265 0
    outer loop
      vertex 109.55 140.697 4
      vertex 109.061 140.37 5
      vertex 109.55 140.697 5
    endloop
  endfacet
  facet normal -0.555877 0.831265 0
    outer loop
      vertex 109.061 140.37 5
      vertex 109.55 140.697 4
      vertex 109.061 140.37 4
    endloop
  endfacet
  facet normal -0.0646007 0.997911 0
    outer loop
      vertex 111.8 141.3 4
      vertex 111.213 141.262 5
      vertex 111.8 141.3 5
    endloop
  endfacet
  facet normal -0.0646007 0.997911 0
    outer loop
      vertex 111.213 141.262 5
      vertex 111.8 141.3 4
      vertex 111.213 141.262 4
    endloop
  endfacet
  facet normal 0.555877 0.831265 -0
    outer loop
      vertex 114.539 140.37 4
      vertex 114.05 140.697 5
      vertex 114.539 140.37 5
    endloop
  endfacet
  facet normal 0.555877 0.831265 0
    outer loop
      vertex 114.05 140.697 5
      vertex 114.539 140.37 4
      vertex 114.05 140.697 4
    endloop
  endfacet
  facet normal -0.322847 -0.946451 0
    outer loop
      vertex 110.078 132.643 4
      vertex 110.635 132.453 5
      vertex 110.078 132.643 5
    endloop
  endfacet
  facet normal -0.322847 -0.946451 -0
    outer loop
      vertex 110.635 132.453 5
      vertex 110.078 132.643 4
      vertex 110.635 132.453 4
    endloop
  endfacet
  facet normal -0.831265 -0.555877 0
    outer loop
      vertex 108.23 134.061 4
      vertex 107.903 134.55 5
      vertex 107.903 134.55 4
    endloop
  endfacet
  facet normal -0.831265 -0.555877 0
    outer loop
      vertex 107.903 134.55 5
      vertex 108.23 134.061 4
      vertex 108.23 134.061 5
    endloop
  endfacet
  facet normal -0.195137 0.980776 0
    outer loop
      vertex 111.213 141.262 4
      vertex 110.635 141.147 5
      vertex 111.213 141.262 5
    endloop
  endfacet
  facet normal -0.195137 0.980776 0
    outer loop
      vertex 110.635 141.147 5
      vertex 111.213 141.262 4
      vertex 110.635 141.147 4
    endloop
  endfacet
  facet normal -0.897129 -0.441768 0
    outer loop
      vertex 107.903 134.55 4
      vertex 107.643 135.078 5
      vertex 107.643 135.078 4
    endloop
  endfacet
  facet normal -0.897129 -0.441768 0
    outer loop
      vertex 107.643 135.078 5
      vertex 107.903 134.55 4
      vertex 107.903 134.55 5
    endloop
  endfacet
  facet normal 0.897129 -0.441768 0
    outer loop
      vertex 115.697 134.55 5
      vertex 115.957 135.078 4
      vertex 115.957 135.078 5
    endloop
  endfacet
  facet normal 0.897129 -0.441768 0
    outer loop
      vertex 115.957 135.078 4
      vertex 115.697 134.55 5
      vertex 115.697 134.55 4
    endloop
  endfacet
  facet normal 0.752261 0.658865 0
    outer loop
      vertex 115.37 139.539 5
      vertex 114.982 139.982 4
      vertex 114.982 139.982 5
    endloop
  endfacet
  facet normal 0.752261 0.658865 0
    outer loop
      vertex 114.982 139.982 4
      vertex 115.37 139.539 5
      vertex 115.37 139.539 4
    endloop
  endfacet
  facet normal 0.658865 -0.752261 0
    outer loop
      vertex 114.539 133.23 4
      vertex 114.982 133.618 5
      vertex 114.539 133.23 5
    endloop
  endfacet
  facet normal 0.658865 -0.752261 0
    outer loop
      vertex 114.982 133.618 5
      vertex 114.539 133.23 4
      vertex 114.982 133.618 4
    endloop
  endfacet
  facet normal -0.0662934 -0.9978 0
    outer loop
      vertex 111.213 132.339 4
      vertex 111.8 132.3 5
      vertex 111.213 132.339 5
    endloop
  endfacet
  facet normal -0.0662934 -0.9978 -0
    outer loop
      vertex 111.8 132.3 5
      vertex 111.213 132.339 4
      vertex 111.8 132.3 4
    endloop
  endfacet
  facet normal 0.322847 0.946451 -0
    outer loop
      vertex 113.522 140.957 4
      vertex 112.965 141.147 5
      vertex 113.522 140.957 5
    endloop
  endfacet
  facet normal 0.322847 0.946451 0
    outer loop
      vertex 112.965 141.147 5
      vertex 113.522 140.957 4
      vertex 112.965 141.147 4
    endloop
  endfacet
  facet normal -0.752261 -0.658865 0
    outer loop
      vertex 108.618 133.618 4
      vertex 108.23 134.061 5
      vertex 108.23 134.061 4
    endloop
  endfacet
  facet normal -0.752261 -0.658865 0
    outer loop
      vertex 108.23 134.061 5
      vertex 108.618 133.618 4
      vertex 108.618 133.618 5
    endloop
  endfacet
  facet normal -0.831265 0.555877 0
    outer loop
      vertex 107.903 139.05 4
      vertex 108.23 139.539 5
      vertex 108.23 139.539 4
    endloop
  endfacet
  facet normal -0.831265 0.555877 0
    outer loop
      vertex 108.23 139.539 5
      vertex 107.903 139.05 4
      vertex 107.903 139.05 5
    endloop
  endfacet
  facet normal 0.195137 0.980776 -0
    outer loop
      vertex 112.965 141.147 4
      vertex 112.387 141.262 5
      vertex 112.965 141.147 5
    endloop
  endfacet
  facet normal 0.195137 0.980776 0
    outer loop
      vertex 112.387 141.262 5
      vertex 112.965 141.147 4
      vertex 112.387 141.262 4
    endloop
  endfacet
  facet normal 0.831265 -0.555877 0
    outer loop
      vertex 115.37 134.061 5
      vertex 115.697 134.55 4
      vertex 115.697 134.55 5
    endloop
  endfacet
  facet normal 0.831265 -0.555877 0
    outer loop
      vertex 115.697 134.55 4
      vertex 115.37 134.061 5
      vertex 115.37 134.061 4
    endloop
  endfacet
  facet normal -0.981099 -0.193504 0
    outer loop
      vertex 107.453 135.635 4
      vertex 107.339 136.213 5
      vertex 107.339 136.213 4
    endloop
  endfacet
  facet normal -0.981099 -0.193504 0
    outer loop
      vertex 107.339 136.213 5
      vertex 107.453 135.635 4
      vertex 107.453 135.635 5
    endloop
  endfacet
  facet normal 0.946451 -0.322847 0
    outer loop
      vertex 115.957 135.078 5
      vertex 116.147 135.635 4
      vertex 116.147 135.635 5
    endloop
  endfacet
  facet normal 0.946451 -0.322847 0
    outer loop
      vertex 116.147 135.635 4
      vertex 115.957 135.078 5
      vertex 115.957 135.078 4
    endloop
  endfacet
  facet normal 0.0646007 0.997911 -0
    outer loop
      vertex 112.387 141.262 4
      vertex 111.8 141.3 5
      vertex 112.387 141.262 5
    endloop
  endfacet
  facet normal 0.0646007 0.997911 0
    outer loop
      vertex 111.8 141.3 5
      vertex 112.387 141.262 4
      vertex 111.8 141.3 4
    endloop
  endfacet
  facet normal -0.981099 0.193504 0
    outer loop
      vertex 107.339 137.387 4
      vertex 107.453 137.965 5
      vertex 107.453 137.965 4
    endloop
  endfacet
  facet normal -0.981099 0.193504 0
    outer loop
      vertex 107.453 137.965 5
      vertex 107.339 137.387 4
      vertex 107.339 137.387 5
    endloop
  endfacet
  facet normal 0 0 1
    outer loop
      vertex 113.5 136.8 5
      vertex 116.3 136.8 5
      vertex 116.262 137.387 5
    endloop
  endfacet
  facet normal 0 0 1
    outer loop
      vertex 113.485 137.022 5
      vertex 116.262 137.387 5
      vertex 116.147 137.965 5
    endloop
  endfacet
  facet normal 0 0 1
    outer loop
      vertex 116.3 136.8 5
      vertex 113.5 136.8 5
      vertex 116.262 136.213 5
    endloop
  endfacet
  facet normal 0 0 1
    outer loop
      vertex 113.442 137.24 5
      vertex 116.147 137.965 5
      vertex 115.957 138.522 5
    endloop
  endfacet
  facet normal -0 0 1
    outer loop
      vertex 113.485 136.578 5
      vertex 116.262 136.213 5
      vertex 113.5 136.8 5
    endloop
  endfacet
  facet normal 0 0 1
    outer loop
      vertex 113.371 137.451 5
      vertex 115.957 138.522 5
      vertex 115.697 139.05 5
    endloop
  endfacet
  facet normal 0 0 1
    outer loop
      vertex 116.262 136.213 5
      vertex 113.485 136.578 5
      vertex 116.147 135.635 5
    endloop
  endfacet
  facet normal 0 0 1
    outer loop
      vertex 113.272 137.65 5
      vertex 115.697 139.05 5
      vertex 115.37 139.539 5
    endloop
  endfacet
  facet normal -0 0 1
    outer loop
      vertex 113.442 136.36 5
      vertex 116.147 135.635 5
      vertex 113.485 136.578 5
    endloop
  endfacet
  facet normal 0 0 1
    outer loop
      vertex 113.149 137.835 5
      vertex 115.37 139.539 5
      vertex 114.982 139.982 5
    endloop
  endfacet
  facet normal 0 0 1
    outer loop
      vertex 116.147 135.635 5
      vertex 113.442 136.36 5
      vertex 115.957 135.078 5
    endloop
  endfacet
  facet normal 0 0 1
    outer loop
      vertex 113.002 138.002 5
      vertex 114.982 139.982 5
      vertex 114.539 140.37 5
    endloop
  endfacet
  facet normal -0 0 1
    outer loop
      vertex 113.371 136.149 5
      vertex 115.957 135.078 5
      vertex 113.442 136.36 5
    endloop
  endfacet
  facet normal 0 0 1
    outer loop
      vertex 112.835 138.149 5
      vertex 114.539 140.37 5
      vertex 114.05 140.697 5
    endloop
  endfacet
  facet normal 0 0 1
    outer loop
      vertex 115.957 135.078 5
      vertex 113.371 136.149 5
      vertex 115.697 134.55 5
    endloop
  endfacet
  facet normal 0 0 1
    outer loop
      vertex 112.65 138.272 5
      vertex 114.05 140.697 5
      vertex 113.522 140.957 5
    endloop
  endfacet
  facet normal -0 0 1
    outer loop
      vertex 113.272 135.95 5
      vertex 115.697 134.55 5
      vertex 113.371 136.149 5
    endloop
  endfacet
  facet normal 0 0 1
    outer loop
      vertex 115.697 134.55 5
      vertex 113.272 135.95 5
      vertex 115.37 134.061 5
    endloop
  endfacet
  facet normal 0 0 1
    outer loop
      vertex 116.262 137.387 5
      vertex 113.485 137.022 5
      vertex 113.5 136.8 5
    endloop
  endfacet
  facet normal 0 0 1
    outer loop
      vertex 116.147 137.965 5
      vertex 113.442 137.24 5
      vertex 113.485 137.022 5
    endloop
  endfacet
  facet normal 0 0 1
    outer loop
      vertex 115.957 138.522 5
      vertex 113.371 137.451 5
      vertex 113.442 137.24 5
    endloop
  endfacet
  facet normal 0 0 1
    outer loop
      vertex 115.697 139.05 5
      vertex 113.272 137.65 5
      vertex 113.371 137.451 5
    endloop
  endfacet
  facet normal 0 0 1
    outer loop
      vertex 115.37 139.539 5
      vertex 113.149 137.835 5
      vertex 113.272 137.65 5
    endloop
  endfacet
  facet normal 0 0 1
    outer loop
      vertex 114.982 139.982 5
      vertex 113.002 138.002 5
      vertex 113.149 137.835 5
    endloop
  endfacet
  facet normal 0 0 1
    outer loop
      vertex 112.451 138.371 5
      vertex 113.522 140.957 5
      vertex 112.965 141.147 5
    endloop
  endfacet
  facet normal 0 0 1
    outer loop
      vertex 114.539 140.37 5
      vertex 112.835 138.149 5
      vertex 113.002 138.002 5
    endloop
  endfacet
  facet normal 0 0 1
    outer loop
      vertex 114.05 140.697 5
      vertex 112.65 138.272 5
      vertex 112.835 138.149 5
    endloop
  endfacet
  facet normal 0 0 1
    outer loop
      vertex 113.522 140.957 5
      vertex 112.451 138.371 5
      vertex 112.65 138.272 5
    endloop
  endfacet
  facet normal 0 0 1
    outer loop
      vertex 112.24 138.442 5
      vertex 112.965 141.147 5
      vertex 112.387 141.262 5
    endloop
  endfacet
  facet normal 0 0 1
    outer loop
      vertex 112.965 141.147 5
      vertex 112.24 138.442 5
      vertex 112.451 138.371 5
    endloop
  endfacet
  facet normal 0 0 1
    outer loop
      vertex 112.387 141.262 5
      vertex 112.022 138.485 5
      vertex 112.24 138.442 5
    endloop
  endfacet
  facet normal 0 0 1
    outer loop
      vertex 111.8 141.3 5
      vertex 112.022 138.485 5
      vertex 112.387 141.262 5
    endloop
  endfacet
  facet normal 0 0 1
    outer loop
      vertex 111.8 141.3 5
      vertex 111.8 138.5 5
      vertex 112.022 138.485 5
    endloop
  endfacet
  facet normal 0 0 1
    outer loop
      vertex 111.8 141.3 5
      vertex 111.578 138.485 5
      vertex 111.8 138.5 5
    endloop
  endfacet
  facet normal -0 0 1
    outer loop
      vertex 111.213 141.262 5
      vertex 111.578 138.485 5
      vertex 111.8 141.3 5
    endloop
  endfacet
  facet normal 0 0 1
    outer loop
      vertex 111.578 138.485 5
      vertex 111.213 141.262 5
      vertex 111.36 138.442 5
    endloop
  endfacet
  facet normal -0 0 1
    outer loop
      vertex 110.635 141.147 5
      vertex 111.36 138.442 5
      vertex 111.213 141.262 5
    endloop
  endfacet
  facet normal 0 0 1
    outer loop
      vertex 111.36 138.442 5
      vertex 110.635 141.147 5
      vertex 111.149 138.371 5
    endloop
  endfacet
  facet normal -0 0 1
    outer loop
      vertex 110.078 140.957 5
      vertex 111.149 138.371 5
      vertex 110.635 141.147 5
    endloop
  endfacet
  facet normal 0 0 1
    outer loop
      vertex 111.149 138.371 5
      vertex 110.078 140.957 5
      vertex 110.95 138.272 5
    endloop
  endfacet
  facet normal -0 0 1
    outer loop
      vertex 109.55 140.697 5
      vertex 110.95 138.272 5
      vertex 110.078 140.957 5
    endloop
  endfacet
  facet normal 0 0 1
    outer loop
      vertex 110.95 138.272 5
      vertex 109.55 140.697 5
      vertex 110.765 138.149 5
    endloop
  endfacet
  facet normal -0 0 1
    outer loop
      vertex 109.061 140.37 5
      vertex 110.765 138.149 5
      vertex 109.55 140.697 5
    endloop
  endfacet
  facet normal 0 0 1
    outer loop
      vertex 110.765 138.149 5
      vertex 109.061 140.37 5
      vertex 110.598 138.002 5
    endloop
  endfacet
  facet normal -0 0 1
    outer loop
      vertex 108.618 139.982 5
      vertex 110.598 138.002 5
      vertex 109.061 140.37 5
    endloop
  endfacet
  facet normal 0 0 1
    outer loop
      vertex 110.598 138.002 5
      vertex 108.618 139.982 5
      vertex 110.451 137.835 5
    endloop
  endfacet
  facet normal 0 0 1
    outer loop
      vertex 110.451 137.835 5
      vertex 108.23 139.539 5
      vertex 110.328 137.65 5
    endloop
  endfacet
  facet normal -0 0 1
    outer loop
      vertex 108.23 139.539 5
      vertex 110.451 137.835 5
      vertex 108.618 139.982 5
    endloop
  endfacet
  facet normal -0 0 1
    outer loop
      vertex 113.149 135.765 5
      vertex 115.37 134.061 5
      vertex 113.272 135.95 5
    endloop
  endfacet
  facet normal 0 0 1
    outer loop
      vertex 115.37 134.061 5
      vertex 113.149 135.765 5
      vertex 114.982 133.618 5
    endloop
  endfacet
  facet normal -0 0 1
    outer loop
      vertex 113.002 135.598 5
      vertex 114.982 133.618 5
      vertex 113.149 135.765 5
    endloop
  endfacet
  facet normal 0 0 1
    outer loop
      vertex 114.982 133.618 5
      vertex 113.002 135.598 5
      vertex 114.539 133.23 5
    endloop
  endfacet
  facet normal -0 0 1
    outer loop
      vertex 112.835 135.451 5
      vertex 114.539 133.23 5
      vertex 113.002 135.598 5
    endloop
  endfacet
  facet normal 0 0 1
    outer loop
      vertex 114.539 133.23 5
      vertex 112.835 135.451 5
      vertex 114.05 132.903 5
    endloop
  endfacet
  facet normal -0 0 1
    outer loop
      vertex 112.65 135.328 5
      vertex 114.05 132.903 5
      vertex 112.835 135.451 5
    endloop
  endfacet
  facet normal 0 0 1
    outer loop
      vertex 114.05 132.903 5
      vertex 112.65 135.328 5
      vertex 113.522 132.643 5
    endloop
  endfacet
  facet normal -0 0 1
    outer loop
      vertex 112.451 135.229 5
      vertex 113.522 132.643 5
      vertex 112.65 135.328 5
    endloop
  endfacet
  facet normal 0 0 1
    outer loop
      vertex 113.522 132.643 5
      vertex 112.451 135.229 5
      vertex 112.965 132.453 5
    endloop
  endfacet
  facet normal -0 0 1
    outer loop
      vertex 112.24 135.158 5
      vertex 112.965 132.453 5
      vertex 112.451 135.229 5
    endloop
  endfacet
  facet normal 0 0 1
    outer loop
      vertex 112.965 132.453 5
      vertex 112.24 135.158 5
      vertex 112.387 132.339 5
    endloop
  endfacet
  facet normal -0 0 1
    outer loop
      vertex 112.022 135.115 5
      vertex 112.387 132.339 5
      vertex 112.24 135.158 5
    endloop
  endfacet
  facet normal -0 0 1
    outer loop
      vertex 111.8 135.1 5
      vertex 112.387 132.339 5
      vertex 112.022 135.115 5
    endloop
  endfacet
  facet normal 0 0 1
    outer loop
      vertex 111.8 135.1 5
      vertex 111.8 132.3 5
      vertex 112.387 132.339 5
    endloop
  endfacet
  facet normal 0 0 1
    outer loop
      vertex 111.578 135.115 5
      vertex 111.8 132.3 5
      vertex 111.8 135.1 5
    endloop
  endfacet
  facet normal 0 0 1
    outer loop
      vertex 111.213 132.339 5
      vertex 111.578 135.115 5
      vertex 111.36 135.158 5
    endloop
  endfacet
  facet normal 0 0 1
    outer loop
      vertex 111.578 135.115 5
      vertex 111.213 132.339 5
      vertex 111.8 132.3 5
    endloop
  endfacet
  facet normal 0 0 1
    outer loop
      vertex 110.635 132.453 5
      vertex 111.36 135.158 5
      vertex 111.149 135.229 5
    endloop
  endfacet
  facet normal 0 0 1
    outer loop
      vertex 110.078 132.643 5
      vertex 111.149 135.229 5
      vertex 110.95 135.328 5
    endloop
  endfacet
  facet normal 0 0 1
    outer loop
      vertex 109.55 132.903 5
      vertex 110.95 135.328 5
      vertex 110.765 135.451 5
    endloop
  endfacet
  facet normal 0 0 1
    outer loop
      vertex 111.36 135.158 5
      vertex 110.635 132.453 5
      vertex 111.213 132.339 5
    endloop
  endfacet
  facet normal 0 0 1
    outer loop
      vertex 109.061 133.23 5
      vertex 110.765 135.451 5
      vertex 110.598 135.598 5
    endloop
  endfacet
  facet normal 0 0 1
    outer loop
      vertex 108.618 133.618 5
      vertex 110.598 135.598 5
      vertex 110.451 135.765 5
    endloop
  endfacet
  facet normal 0 0 1
    outer loop
      vertex 108.23 134.061 5
      vertex 110.451 135.765 5
      vertex 110.328 135.95 5
    endloop
  endfacet
  facet normal 0 0 1
    outer loop
      vertex 107.903 134.55 5
      vertex 110.328 135.95 5
      vertex 110.229 136.149 5
    endloop
  endfacet
  facet normal 0 0 1
    outer loop
      vertex 107.643 135.078 5
      vertex 110.229 136.149 5
      vertex 110.158 136.36 5
    endloop
  endfacet
  facet normal 0 0 1
    outer loop
      vertex 107.453 135.635 5
      vertex 110.158 136.36 5
      vertex 110.115 136.578 5
    endloop
  endfacet
  facet normal 0 0 1
    outer loop
      vertex 111.149 135.229 5
      vertex 110.078 132.643 5
      vertex 110.635 132.453 5
    endloop
  endfacet
  facet normal 0 0 1
    outer loop
      vertex 107.339 136.213 5
      vertex 110.115 136.578 5
      vertex 110.1 136.8 5
    endloop
  endfacet
  facet normal -0 0 1
    outer loop
      vertex 107.903 139.05 5
      vertex 110.328 137.65 5
      vertex 108.23 139.539 5
    endloop
  endfacet
  facet normal 0 0 1
    outer loop
      vertex 110.328 137.65 5
      vertex 107.903 139.05 5
      vertex 110.229 137.451 5
    endloop
  endfacet
  facet normal 0 0 1
    outer loop
      vertex 110.95 135.328 5
      vertex 109.55 132.903 5
      vertex 110.078 132.643 5
    endloop
  endfacet
  facet normal -0 0 1
    outer loop
      vertex 107.643 138.522 5
      vertex 110.229 137.451 5
      vertex 107.903 139.05 5
    endloop
  endfacet
  facet normal 0 0 1
    outer loop
      vertex 110.765 135.451 5
      vertex 109.061 133.23 5
      vertex 109.55 132.903 5
    endloop
  endfacet
  facet normal 0 0 1
    outer loop
      vertex 110.229 137.451 5
      vertex 107.643 138.522 5
      vertex 110.158 137.24 5
    endloop
  endfacet
  facet normal 0 0 1
    outer loop
      vertex 110.598 135.598 5
      vertex 108.618 133.618 5
      vertex 109.061 133.23 5
    endloop
  endfacet
  facet normal -0 0 1
    outer loop
      vertex 107.453 137.965 5
      vertex 110.158 137.24 5
      vertex 107.643 138.522 5
    endloop
  endfacet
  facet normal 0 0 1
    outer loop
      vertex 110.451 135.765 5
      vertex 108.23 134.061 5
      vertex 108.618 133.618 5
    endloop
  endfacet
  facet normal 0 0 1
    outer loop
      vertex 110.158 137.24 5
      vertex 107.453 137.965 5
      vertex 110.115 137.022 5
    endloop
  endfacet
  facet normal 0 0 1
    outer loop
      vertex 110.328 135.95 5
      vertex 107.903 134.55 5
      vertex 108.23 134.061 5
    endloop
  endfacet
  facet normal -0 0 1
    outer loop
      vertex 107.339 137.387 5
      vertex 110.115 137.022 5
      vertex 107.453 137.965 5
    endloop
  endfacet
  facet normal 0 0 1
    outer loop
      vertex 110.229 136.149 5
      vertex 107.643 135.078 5
      vertex 107.903 134.55 5
    endloop
  endfacet
  facet normal 0 0 1
    outer loop
      vertex 110.115 137.022 5
      vertex 107.339 137.387 5
      vertex 110.1 136.8 5
    endloop
  endfacet
  facet normal 0 0 1
    outer loop
      vertex 110.158 136.36 5
      vertex 107.453 135.635 5
      vertex 107.643 135.078 5
    endloop
  endfacet
  facet normal 0 0 1
    outer loop
      vertex 107.3 136.8 5
      vertex 110.1 136.8 5
      vertex 107.339 137.387 5
    endloop
  endfacet
  facet normal 0 0 1
    outer loop
      vertex 110.115 136.578 5
      vertex 107.339 136.213 5
      vertex 107.453 135.635 5
    endloop
  endfacet
  facet normal 0 0 1
    outer loop
      vertex 110.1 136.8 5
      vertex 107.3 136.8 5
      vertex 107.339 136.213 5
    endloop
  endfacet
  facet normal 0.555877 -0.831265 0
    outer loop
      vertex 114.05 132.903 4
      vertex 114.539 133.23 5
      vertex 114.05 132.903 5
    endloop
  endfacet
  facet normal 0.555877 -0.831265 0
    outer loop
      vertex 114.539 133.23 5
      vertex 114.05 132.903 4
      vertex 114.539 133.23 4
    endloop
  endfacet
  facet normal -0.193504 -0.981099 0
    outer loop
      vertex 110.635 132.453 4
      vertex 111.213 132.339 5
      vertex 110.635 132.453 5
    endloop
  endfacet
  facet normal -0.193504 -0.981099 -0
    outer loop
      vertex 111.213 132.339 5
      vertex 110.635 132.453 4
      vertex 111.213 132.339 4
    endloop
  endfacet
  facet normal 0.752261 -0.658865 0
    outer loop
      vertex 114.982 133.618 5
      vertex 115.37 134.061 4
      vertex 115.37 134.061 5
    endloop
  endfacet
  facet normal 0.752261 -0.658865 0
    outer loop
      vertex 115.37 134.061 4
      vertex 114.982 133.618 5
      vertex 114.982 133.618 4
    endloop
  endfacet
  facet normal 0.32115 -0.947028 0
    outer loop
      vertex 113.835 -4.86371 0
      vertex 114.331 -4.69551 4
      vertex 113.835 -4.86371 4
    endloop
  endfacet
  facet normal 0.32115 -0.947028 0
    outer loop
      vertex 114.331 -4.69551 4
      vertex 113.835 -4.86371 0
      vertex 114.331 -4.69551 0
    endloop
  endfacet
  facet normal 0.75151 0.659722 0
    outer loop
      vertex 115.973 150.235 4
      vertex 115.628 150.628 0
      vertex 115.628 150.628 4
    endloop
  endfacet
  facet normal 0.75151 0.659722 0
    outer loop
      vertex 115.628 150.628 0
      vertex 115.973 150.235 4
      vertex 115.973 150.235 0
    endloop
  endfacet
  facet normal 0 -1 0
    outer loop
      vertex -10 -5 0
      vertex 112.8 -5 4
      vertex -10 -5 4
    endloop
  endfacet
  facet normal 0 -1 -0
    outer loop
      vertex 112.8 -5 4
      vertex -10 -5 0
      vertex 112.8 -5 0
    endloop
  endfacet
  facet normal 0.195123 -0.980779 0
    outer loop
      vertex 113.322 -4.96577 0
      vertex 113.835 -4.86371 4
      vertex 113.322 -4.96577 4
    endloop
  endfacet
  facet normal 0.195123 -0.980779 0
    outer loop
      vertex 113.835 -4.86371 4
      vertex 113.322 -4.96577 0
      vertex 113.835 -4.86371 0
    endloop
  endfacet
  facet normal 0.831167 0.556022 0
    outer loop
      vertex 116.264 149.8 4
      vertex 115.973 150.235 0
      vertex 115.973 150.235 4
    endloop
  endfacet
  facet normal 0.831167 0.556022 0
    outer loop
      vertex 115.973 150.235 0
      vertex 116.264 149.8 4
      vertex 116.264 149.8 0
    endloop
  endfacet
  facet normal 0.0654342 -0.997857 0
    outer loop
      vertex 112.8 -5 0
      vertex 113.322 -4.96577 4
      vertex 112.8 -5 4
    endloop
  endfacet
  facet normal 0.0654342 -0.997857 0
    outer loop
      vertex 113.322 -4.96577 4
      vertex 112.8 -5 0
      vertex 113.322 -4.96577 0
    endloop
  endfacet
  facet normal -0.896887 -0.44226 0
    outer loop
      vertex -13.4641 -3 0
      vertex -13.6955 -2.53073 4
      vertex -13.6955 -2.53073 0
    endloop
  endfacet
  facet normal -0.896887 -0.44226 0
    outer loop
      vertex -13.6955 -2.53073 4
      vertex -13.4641 -3 0
      vertex -13.4641 -3 4
    endloop
  endfacet
  facet normal -0.947028 0.32115 0
    outer loop
      vertex -13.8637 148.835 0
      vertex -13.6955 149.331 4
      vertex -13.6955 149.331 0
    endloop
  endfacet
  facet normal -0.947028 0.32115 0
    outer loop
      vertex -13.6955 149.331 4
      vertex -13.8637 148.835 0
      vertex -13.8637 148.835 4
    endloop
  endfacet
  facet normal 0.980813 -0.194951 0
    outer loop
      vertex 116.664 -2.03528 4
      vertex 116.766 -1.52211 0
      vertex 116.766 -1.52211 4
    endloop
  endfacet
  facet normal 0.980813 -0.194951 0
    outer loop
      vertex 116.766 -1.52211 0
      vertex 116.664 -2.03528 4
      vertex 116.664 -2.03528 0
    endloop
  endfacet
  facet normal 0.195013 0.980801 -0
    outer loop
      vertex 113.835 151.664 0
      vertex 113.322 151.766 4
      vertex 113.835 151.664 4
    endloop
  endfacet
  facet normal 0.195013 0.980801 0
    outer loop
      vertex 113.322 151.766 4
      vertex 113.835 151.664 0
      vertex 113.322 151.766 0
    endloop
  endfacet
  facet normal -0.556022 0.831167 0
    outer loop
      vertex -12 151.264 0
      vertex -12.435 150.973 4
      vertex -12 151.264 4
    endloop
  endfacet
  facet normal -0.556022 0.831167 0
    outer loop
      vertex -12.435 150.973 4
      vertex -12 151.264 0
      vertex -12.435 150.973 0
    endloop
  endfacet
  facet normal 0.831191 -0.555987 0
    outer loop
      vertex 115.973 -3.43504 4
      vertex 116.264 -3 0
      vertex 116.264 -3 4
    endloop
  endfacet
  facet normal 0.831191 -0.555987 0
    outer loop
      vertex 116.264 -3 0
      vertex 115.973 -3.43504 4
      vertex 115.973 -3.43504 0
    endloop
  endfacet
  facet normal -0.442253 -0.89689 0
    outer loop
      vertex -12 -4.4641 0
      vertex -11.5307 -4.69551 4
      vertex -12 -4.4641 4
    endloop
  endfacet
  facet normal -0.442253 -0.89689 -0
    outer loop
      vertex -11.5307 -4.69551 4
      vertex -12 -4.4641 0
      vertex -11.5307 -4.69551 0
    endloop
  endfacet
  facet normal 0.980801 0.195013 0
    outer loop
      vertex 116.766 148.322 4
      vertex 116.664 148.835 0
      vertex 116.664 148.835 4
    endloop
  endfacet
  facet normal 0.980801 0.195013 0
    outer loop
      vertex 116.664 148.835 0
      vertex 116.766 148.322 4
      vertex 116.766 148.322 0
    endloop
  endfacet
  facet normal 1 -0 0
    outer loop
      vertex 116.8 -1 4
      vertex 116.8 147.8 0
      vertex 116.8 147.8 4
    endloop
  endfacet
  facet normal 1 0 0
    outer loop
      vertex 116.8 147.8 0
      vertex 116.8 -1 4
      vertex 116.8 -1 0
    endloop
  endfacet
  facet normal -0.997862 -0.0653634 0
    outer loop
      vertex -13.9658 -1.52211 0
      vertex -14 -1 4
      vertex -14 -1 0
    endloop
  endfacet
  facet normal -0.997862 -0.0653634 0
    outer loop
      vertex -14 -1 4
      vertex -13.9658 -1.52211 0
      vertex -13.9658 -1.52211 4
    endloop
  endfacet
  facet normal -1 0 0
    outer loop
      vertex -14 -1 0
      vertex -14 147.8 4
      vertex -14 147.8 0
    endloop
  endfacet
  facet normal -1 -0 0
    outer loop
      vertex -14 147.8 4
      vertex -14 -1 0
      vertex -14 -1 4
    endloop
  endfacet
  facet normal -0.064984 0.997886 0
    outer loop
      vertex -10 151.8 0
      vertex -10.5221 151.766 4
      vertex -10 151.8 4
    endloop
  endfacet
  facet normal -0.064984 0.997886 0
    outer loop
      vertex -10.5221 151.766 4
      vertex -10 151.8 0
      vertex -10.5221 151.766 0
    endloop
  endfacet
  facet normal 0.946563 0.322518 0
    outer loop
      vertex 116.664 148.835 4
      vertex 116.495 149.331 0
      vertex 116.495 149.331 4
    endloop
  endfacet
  facet normal 0.946563 0.322518 0
    outer loop
      vertex 116.495 149.331 0
      vertex 116.664 148.835 4
      vertex 116.664 148.835 0
    endloop
  endfacet
  facet normal -0.0654217 -0.997858 0
    outer loop
      vertex -10.5221 -4.96577 0
      vertex -10 -5 4
      vertex -10.5221 -4.96577 4
    endloop
  endfacet
  facet normal -0.0654217 -0.997858 -0
    outer loop
      vertex -10 -5 4
      vertex -10.5221 -4.96577 0
      vertex -10 -5 0
    endloop
  endfacet
  facet normal 0.322518 0.946563 -0
    outer loop
      vertex 114.331 151.495 0
      vertex 113.835 151.664 4
      vertex 114.331 151.495 4
    endloop
  endfacet
  facet normal 0.322518 0.946563 0
    outer loop
      vertex 113.835 151.664 4
      vertex 114.331 151.495 0
      vertex 113.835 151.664 0
    endloop
  endfacet
  facet normal -0.441622 0.897201 0
    outer loop
      vertex -11.5307 151.495 0
      vertex -12 151.264 4
      vertex -11.5307 151.495 4
    endloop
  endfacet
  facet normal -0.441622 0.897201 0
    outer loop
      vertex -12 151.264 4
      vertex -11.5307 151.495 0
      vertex -12 151.264 0
    endloop
  endfacet
  facet normal -0.751834 -0.659353 0
    outer loop
      vertex -12.8284 -3.82843 0
      vertex -13.1734 -3.43504 4
      vertex -13.1734 -3.43504 0
    endloop
  endfacet
  facet normal -0.751834 -0.659353 0
    outer loop
      vertex -13.1734 -3.43504 4
      vertex -12.8284 -3.82843 0
      vertex -12.8284 -3.82843 4
    endloop
  endfacet
  facet normal 0 1 -0
    outer loop
      vertex 112.8 151.8 0
      vertex -10 151.8 4
      vertex 112.8 151.8 4
    endloop
  endfacet
  facet normal 0 1 0
    outer loop
      vertex -10 151.8 4
      vertex 112.8 151.8 0
      vertex -10 151.8 0
    endloop
  endfacet
  facet normal 0.89719 -0.441645 0
    outer loop
      vertex 116.264 -3 4
      vertex 116.495 -2.53073 0
      vertex 116.495 -2.53073 4
    endloop
  endfacet
  facet normal 0.89719 -0.441645 0
    outer loop
      vertex 116.495 -2.53073 0
      vertex 116.264 -3 4
      vertex 116.264 -3 0
    endloop
  endfacet
  facet normal -0.997861 0.0653771 0
    outer loop
      vertex -14 147.8 0
      vertex -13.9658 148.322 4
      vertex -13.9658 148.322 0
    endloop
  endfacet
  facet normal -0.997861 0.0653771 0
    outer loop
      vertex -13.9658 148.322 4
      vertex -14 147.8 0
      vertex -14 147.8 4
    endloop
  endfacet
  facet normal -0.980764 0.195197 0
    outer loop
      vertex -13.9658 148.322 0
      vertex -13.8637 148.835 4
      vertex -13.8637 148.835 0
    endloop
  endfacet
  facet normal -0.980764 0.195197 0
    outer loop
      vertex -13.8637 148.835 4
      vertex -13.9658 148.322 0
      vertex -13.9658 148.322 4
    endloop
  endfacet
  facet normal -0.831456 -0.555591 0
    outer loop
      vertex -13.1734 -3.43504 0
      vertex -13.4641 -3 4
      vertex -13.4641 -3 0
    endloop
  endfacet
  facet normal -0.831456 -0.555591 0
    outer loop
      vertex -13.4641 -3 4
      vertex -13.1734 -3.43504 0
      vertex -13.1734 -3.43504 4
    endloop
  endfacet
  facet normal -0.19505 -0.980793 0
    outer loop
      vertex -11.0353 -4.86371 0
      vertex -10.5221 -4.96577 4
      vertex -11.0353 -4.86371 4
    endloop
  endfacet
  facet normal -0.19505 -0.980793 -0
    outer loop
      vertex -10.5221 -4.96577 4
      vertex -11.0353 -4.86371 0
      vertex -10.5221 -4.96577 0
    endloop
  endfacet
  facet normal -0.321498 -0.94691 0
    outer loop
      vertex -11.5307 -4.69551 0
      vertex -11.0353 -4.86371 4
      vertex -11.5307 -4.69551 4
    endloop
  endfacet
  facet normal -0.321498 -0.94691 -0
    outer loop
      vertex -11.0353 -4.86371 4
      vertex -11.5307 -4.69551 0
      vertex -11.0353 -4.86371 0
    endloop
  endfacet
  facet normal -0.659343 0.751842 0
    outer loop
      vertex -12.435 150.973 0
      vertex -12.8284 150.628 4
      vertex -12.435 150.973 4
    endloop
  endfacet
  facet normal -0.659343 0.751842 0
    outer loop
      vertex -12.8284 150.628 4
      vertex -12.435 150.973 0
      vertex -12.8284 150.628 0
    endloop
  endfacet
  facet normal -0.75151 0.659722 0
    outer loop
      vertex -13.1734 150.235 0
      vertex -12.8284 150.628 4
      vertex -12.8284 150.628 0
    endloop
  endfacet
  facet normal -0.75151 0.659722 0
    outer loop
      vertex -12.8284 150.628 4
      vertex -13.1734 150.235 0
      vertex -13.1734 150.235 4
    endloop
  endfacet
  facet normal -0.19494 0.980815 0
    outer loop
      vertex -10.5221 151.766 0
      vertex -11.0353 151.664 4
      vertex -10.5221 151.766 4
    endloop
  endfacet
  facet normal -0.19494 0.980815 0
    outer loop
      vertex -11.0353 151.664 4
      vertex -10.5221 151.766 0
      vertex -11.0353 151.664 0
    endloop
  endfacet
  facet normal -0.322868 0.946444 0
    outer loop
      vertex -11.0353 151.664 0
      vertex -11.5307 151.495 4
      vertex -11.0353 151.664 4
    endloop
  endfacet
  facet normal -0.322868 0.946444 0
    outer loop
      vertex -11.5307 151.495 4
      vertex -11.0353 151.664 0
      vertex -11.5307 151.495 0
    endloop
  endfacet
  facet normal 0.997886 0.0649964 0
    outer loop
      vertex 116.8 147.8 4
      vertex 116.766 148.322 0
      vertex 116.766 148.322 4
    endloop
  endfacet
  facet normal 0.997886 0.0649964 0
    outer loop
      vertex 116.766 148.322 0
      vertex 116.8 147.8 4
      vertex 116.8 147.8 0
    endloop
  endfacet
  facet normal -0.94692 -0.321469 0
    outer loop
      vertex -13.6955 -2.53073 0
      vertex -13.8637 -2.03528 4
      vertex -13.8637 -2.03528 0
    endloop
  endfacet
  facet normal -0.94692 -0.321469 0
    outer loop
      vertex -13.8637 -2.03528 4
      vertex -13.6955 -2.53073 0
      vertex -13.6955 -2.53073 4
    endloop
  endfacet
  facet normal -0.831432 0.555626 0
    outer loop
      vertex -13.4641 149.8 0
      vertex -13.1734 150.235 4
      vertex -13.1734 150.235 0
    endloop
  endfacet
  facet normal -0.831432 0.555626 0
    outer loop
      vertex -13.1734 150.235 4
      vertex -13.4641 149.8 0
      vertex -13.4641 149.8 4
    endloop
  endfacet
  facet normal -0.659332 -0.751852 0
    outer loop
      vertex -12.8284 -3.82843 0
      vertex -12.435 -4.17342 4
      vertex -12.8284 -3.82843 4
    endloop
  endfacet
  facet normal -0.659332 -0.751852 -0
    outer loop
      vertex -12.435 -4.17342 4
      vertex -12.8284 -3.82843 0
      vertex -12.435 -4.17342 0
    endloop
  endfacet
  facet normal -0.5556 -0.83145 0
    outer loop
      vertex -12.435 -4.17342 0
      vertex -12 -4.4641 4
      vertex -12.435 -4.17342 4
    endloop
  endfacet
  facet normal -0.5556 -0.83145 -0
    outer loop
      vertex -12 -4.4641 4
      vertex -12.435 -4.17342 0
      vertex -12 -4.4641 0
    endloop
  endfacet
  facet normal -0.980776 -0.195135 0
    outer loop
      vertex -13.8637 -2.03528 0
      vertex -13.9658 -1.52211 4
      vertex -13.9658 -1.52211 0
    endloop
  endfacet
  facet normal -0.980776 -0.195135 0
    outer loop
      vertex -13.9658 -1.52211 4
      vertex -13.8637 -2.03528 0
      vertex -13.8637 -2.03528 4
    endloop
  endfacet
  facet normal 0.946454 -0.322839 0
    outer loop
      vertex 116.495 -2.53073 4
      vertex 116.664 -2.03528 0
      vertex 116.664 -2.03528 4
    endloop
  endfacet
  facet normal 0.946454 -0.322839 0
    outer loop
      vertex 116.664 -2.03528 0
      vertex 116.495 -2.53073 4
      vertex 116.495 -2.53073 0
    endloop
  endfacet
  facet normal 0.556022 0.831167 -0
    outer loop
      vertex 115.235 150.973 0
      vertex 114.8 151.264 4
      vertex 115.235 150.973 4
    endloop
  endfacet
  facet normal 0.556022 0.831167 0
    outer loop
      vertex 114.8 151.264 4
      vertex 115.235 150.973 0
      vertex 114.8 151.264 0
    endloop
  endfacet
  facet normal -0.896786 0.442465 0
    outer loop
      vertex -13.6955 149.331 0
      vertex -13.4641 149.8 4
      vertex -13.4641 149.8 0
    endloop
  endfacet
  facet normal -0.896786 0.442465 0
    outer loop
      vertex -13.4641 149.8 4
      vertex -13.6955 149.331 0
      vertex -13.6955 149.331 4
    endloop
  endfacet
  facet normal -0 0 1
    outer loop
      vertex -4.65333 72.2353 4
      vertex -2.00002 4 4
      vertex -4.5385 72.8126 4
    endloop
  endfacet
  facet normal 0 0 1
    outer loop
      vertex -2.00002 4 4
      vertex -4.5385 10.5874 4
      vertex -4.5 10 4
    endloop
  endfacet
  facet normal -0 0 1
    outer loop
      vertex -4.65333 11.1647 4
      vertex -2.00002 4 4
      vertex -4.65333 72.2353 4
    endloop
  endfacet
  facet normal 0 0 1
    outer loop
      vertex -2.00002 4 4
      vertex -4.65333 11.1647 4
      vertex -4.5385 10.5874 4
    endloop
  endfacet
  facet normal -0 0 1
    outer loop
      vertex -4.84254 71.6779 4
      vertex -4.65333 11.1647 4
      vertex -4.65333 72.2353 4
    endloop
  endfacet
  facet normal 0 0 1
    outer loop
      vertex -4.84254 71.6779 4
      vertex -4.84254 11.7221 4
      vertex -4.65333 11.1647 4
    endloop
  endfacet
  facet normal -0 0 1
    outer loop
      vertex -5.10289 71.15 4
      vertex -4.84254 11.7221 4
      vertex -4.84254 71.6779 4
    endloop
  endfacet
  facet normal 0 0 1
    outer loop
      vertex -5.10289 71.15 4
      vertex -5.10289 12.25 4
      vertex -4.84254 11.7221 4
    endloop
  endfacet
  facet normal -0 0 1
    outer loop
      vertex -5.42991 70.6606 4
      vertex -5.10289 12.25 4
      vertex -5.10289 71.15 4
    endloop
  endfacet
  facet normal 0 0 1
    outer loop
      vertex -5.42991 70.6606 4
      vertex -5.42991 12.7394 4
      vertex -5.10289 12.25 4
    endloop
  endfacet
  facet normal -0 0 1
    outer loop
      vertex -5.81802 70.218 4
      vertex -5.42991 12.7394 4
      vertex -5.42991 70.6606 4
    endloop
  endfacet
  facet normal 0 0 1
    outer loop
      vertex -5.81802 70.218 4
      vertex -5.81802 13.182 4
      vertex -5.42991 12.7394 4
    endloop
  endfacet
  facet normal -0 0 1
    outer loop
      vertex -6.26057 69.8299 4
      vertex -5.81802 13.182 4
      vertex -5.81802 70.218 4
    endloop
  endfacet
  facet normal 0 0 1
    outer loop
      vertex -6.26057 69.8299 4
      vertex -6.26057 13.5701 4
      vertex -5.81802 13.182 4
    endloop
  endfacet
  facet normal -0 0 1
    outer loop
      vertex -6.75 69.5029 4
      vertex -6.26057 13.5701 4
      vertex -6.26057 69.8299 4
    endloop
  endfacet
  facet normal 0 0 1
    outer loop
      vertex -6.75 69.5029 4
      vertex -6.75 13.8971 4
      vertex -6.26057 13.5701 4
    endloop
  endfacet
  facet normal -0 0 1
    outer loop
      vertex -7.27792 69.2425 4
      vertex -6.75 13.8971 4
      vertex -6.75 69.5029 4
    endloop
  endfacet
  facet normal 0 0 1
    outer loop
      vertex -7.27792 69.2425 4
      vertex -7.27792 14.1575 4
      vertex -6.75 13.8971 4
    endloop
  endfacet
  facet normal -0 0 1
    outer loop
      vertex -7.83531 69.0533 4
      vertex -7.27792 14.1575 4
      vertex -7.27792 69.2425 4
    endloop
  endfacet
  facet normal 0 0 1
    outer loop
      vertex -7.83531 69.0533 4
      vertex -7.83531 14.3467 4
      vertex -7.27792 14.1575 4
    endloop
  endfacet
  facet normal -0 0 1
    outer loop
      vertex -8.41263 68.9385 4
      vertex -7.83531 14.3467 4
      vertex -7.83531 69.0533 4
    endloop
  endfacet
  facet normal 0 0 1
    outer loop
      vertex -8.41263 68.9385 4
      vertex -8.41263 14.4615 4
      vertex -7.83531 14.3467 4
    endloop
  endfacet
  facet normal -0 0 1
    outer loop
      vertex -9 68.9 4
      vertex -8.41263 14.4615 4
      vertex -8.41263 68.9385 4
    endloop
  endfacet
  facet normal 0 0 1
    outer loop
      vertex -9 68.9 4
      vertex -9 14.5 4
      vertex -8.41263 14.4615 4
    endloop
  endfacet
  facet normal 0 0 1
    outer loop
      vertex -9.58737 68.9385 4
      vertex -9 14.5 4
      vertex -9 68.9 4
    endloop
  endfacet
  facet normal 0 0 1
    outer loop
      vertex -9.58737 68.9385 4
      vertex -9.58737 14.4615 4
      vertex -9 14.5 4
    endloop
  endfacet
  facet normal 0 0 1
    outer loop
      vertex -10.1647 69.0533 4
      vertex -9.58737 14.4615 4
      vertex -9.58737 68.9385 4
    endloop
  endfacet
  facet normal 0 0 1
    outer loop
      vertex -10.1647 69.0533 4
      vertex -10.1647 14.3467 4
      vertex -9.58737 14.4615 4
    endloop
  endfacet
  facet normal 0 0 1
    outer loop
      vertex -10.7221 69.2425 4
      vertex -10.1647 14.3467 4
      vertex -10.1647 69.0533 4
    endloop
  endfacet
  facet normal 0 0 1
    outer loop
      vertex -10.7221 69.2425 4
      vertex -10.7221 14.1575 4
      vertex -10.1647 14.3467 4
    endloop
  endfacet
  facet normal 0 0 1
    outer loop
      vertex -11.25 69.5029 4
      vertex -10.7221 14.1575 4
      vertex -10.7221 69.2425 4
    endloop
  endfacet
  facet normal 0 0 1
    outer loop
      vertex -11.25 69.5029 4
      vertex -11.25 13.8971 4
      vertex -10.7221 14.1575 4
    endloop
  endfacet
  facet normal 0 0 1
    outer loop
      vertex -11.7394 69.8299 4
      vertex -11.25 13.8971 4
      vertex -11.25 69.5029 4
    endloop
  endfacet
  facet normal 0 0 1
    outer loop
      vertex -11.7394 69.8299 4
      vertex -11.7394 13.5701 4
      vertex -11.25 13.8971 4
    endloop
  endfacet
  facet normal 0 0 1
    outer loop
      vertex -12.182 70.218 4
      vertex -11.7394 13.5701 4
      vertex -11.7394 69.8299 4
    endloop
  endfacet
  facet normal 0 0 1
    outer loop
      vertex -12.182 70.218 4
      vertex -12.182 13.182 4
      vertex -11.7394 13.5701 4
    endloop
  endfacet
  facet normal 0 0 1
    outer loop
      vertex -12.5701 70.6606 4
      vertex -12.182 13.182 4
      vertex -12.182 70.218 4
    endloop
  endfacet
  facet normal 0 0 1
    outer loop
      vertex -12.5701 70.6606 4
      vertex -12.5701 12.7394 4
      vertex -12.182 13.182 4
    endloop
  endfacet
  facet normal 0 0 1
    outer loop
      vertex -12.8971 71.15 4
      vertex -12.5701 12.7394 4
      vertex -12.5701 70.6606 4
    endloop
  endfacet
  facet normal 0 0 1
    outer loop
      vertex -12.8971 71.15 4
      vertex -12.8971 12.25 4
      vertex -12.5701 12.7394 4
    endloop
  endfacet
  facet normal 0 0 1
    outer loop
      vertex -13.1575 71.6779 4
      vertex -12.8971 12.25 4
      vertex -12.8971 71.15 4
    endloop
  endfacet
  facet normal 0 0 1
    outer loop
      vertex -13.1575 71.6779 4
      vertex -13.1575 11.7221 4
      vertex -12.8971 12.25 4
    endloop
  endfacet
  facet normal 0 0 1
    outer loop
      vertex -13.3467 72.2353 4
      vertex -13.1575 11.7221 4
      vertex -13.1575 71.6779 4
    endloop
  endfacet
  facet normal 0 0 1
    outer loop
      vertex -13.3467 72.2353 4
      vertex -13.3467 11.1647 4
      vertex -13.1575 11.7221 4
    endloop
  endfacet
  facet normal 0 0 1
    outer loop
      vertex -13.4615 72.8126 4
      vertex -13.3467 11.1647 4
      vertex -13.3467 72.2353 4
    endloop
  endfacet
  facet normal 0 0 1
    outer loop
      vertex -13.4615 72.8126 4
      vertex -13.4615 10.5874 4
      vertex -13.3467 11.1647 4
    endloop
  endfacet
  facet normal 0 0 1
    outer loop
      vertex -13.5 73.4 4
      vertex -13.4615 10.5874 4
      vertex -13.4615 72.8126 4
    endloop
  endfacet
  facet normal 0 0 1
    outer loop
      vertex -13.4615 10.5874 4
      vertex -13.5 73.4 4
      vertex -13.5 10 4
    endloop
  endfacet
  facet normal 0 0 1
    outer loop
      vertex -4.65333 135.635 4
      vertex -2.00002 142.8 4
      vertex -4.5385 136.213 4
    endloop
  endfacet
  facet normal 0 0 1
    outer loop
      vertex -2.00002 142.8 4
      vertex -4.5385 73.9874 4
      vertex -4.5 73.4 4
    endloop
  endfacet
  facet normal 0 0 1
    outer loop
      vertex -4.65333 74.5647 4
      vertex -2.00002 142.8 4
      vertex -4.65333 135.635 4
    endloop
  endfacet
  facet normal 0 0 1
    outer loop
      vertex -2.00002 142.8 4
      vertex -4.65333 74.5647 4
      vertex -4.5385 73.9874 4
    endloop
  endfacet
  facet normal -0 0 1
    outer loop
      vertex -4.84254 135.078 4
      vertex -4.65333 74.5647 4
      vertex -4.65333 135.635 4
    endloop
  endfacet
  facet normal 0 0 1
    outer loop
      vertex -4.84254 135.078 4
      vertex -4.84254 75.1221 4
      vertex -4.65333 74.5647 4
    endloop
  endfacet
  facet normal -0 0 1
    outer loop
      vertex -5.10289 134.55 4
      vertex -4.84254 75.1221 4
      vertex -4.84254 135.078 4
    endloop
  endfacet
  facet normal 0 0 1
    outer loop
      vertex -5.10289 134.55 4
      vertex -5.10289 75.65 4
      vertex -4.84254 75.1221 4
    endloop
  endfacet
  facet normal -0 0 1
    outer loop
      vertex -5.42991 134.061 4
      vertex -5.10289 75.65 4
      vertex -5.10289 134.55 4
    endloop
  endfacet
  facet normal 0 0 1
    outer loop
      vertex -5.42991 134.061 4
      vertex -5.42991 76.1394 4
      vertex -5.10289 75.65 4
    endloop
  endfacet
  facet normal -0 0 1
    outer loop
      vertex -5.81802 133.618 4
      vertex -5.42991 76.1394 4
      vertex -5.42991 134.061 4
    endloop
  endfacet
  facet normal 0 0 1
    outer loop
      vertex -5.81802 133.618 4
      vertex -5.81802 76.582 4
      vertex -5.42991 76.1394 4
    endloop
  endfacet
  facet normal -0 0 1
    outer loop
      vertex -6.26057 133.23 4
      vertex -5.81802 76.582 4
      vertex -5.81802 133.618 4
    endloop
  endfacet
  facet normal 0 0 1
    outer loop
      vertex -6.26057 133.23 4
      vertex -6.26057 76.9701 4
      vertex -5.81802 76.582 4
    endloop
  endfacet
  facet normal -0 0 1
    outer loop
      vertex -6.75 132.903 4
      vertex -6.26057 76.9701 4
      vertex -6.26057 133.23 4
    endloop
  endfacet
  facet normal 0 0 1
    outer loop
      vertex -6.75 132.903 4
      vertex -6.75 77.2971 4
      vertex -6.26057 76.9701 4
    endloop
  endfacet
  facet normal -0 0 1
    outer loop
      vertex -7.27792 132.643 4
      vertex -6.75 77.2971 4
      vertex -6.75 132.903 4
    endloop
  endfacet
  facet normal 0 0 1
    outer loop
      vertex -7.27792 132.643 4
      vertex -7.27792 77.5575 4
      vertex -6.75 77.2971 4
    endloop
  endfacet
  facet normal -0 0 1
    outer loop
      vertex -7.83531 132.453 4
      vertex -7.27792 77.5575 4
      vertex -7.27792 132.643 4
    endloop
  endfacet
  facet normal 0 0 1
    outer loop
      vertex -7.83531 132.453 4
      vertex -7.83531 77.7467 4
      vertex -7.27792 77.5575 4
    endloop
  endfacet
  facet normal -0 0 1
    outer loop
      vertex -8.41263 132.339 4
      vertex -7.83531 77.7467 4
      vertex -7.83531 132.453 4
    endloop
  endfacet
  facet normal 0 0 1
    outer loop
      vertex -8.41263 132.339 4
      vertex -8.41263 77.8615 4
      vertex -7.83531 77.7467 4
    endloop
  endfacet
  facet normal -0 0 1
    outer loop
      vertex -9 132.3 4
      vertex -8.41263 77.8615 4
      vertex -8.41263 132.339 4
    endloop
  endfacet
  facet normal 0 0 1
    outer loop
      vertex -9 132.3 4
      vertex -9 77.9 4
      vertex -8.41263 77.8615 4
    endloop
  endfacet
  facet normal 0 0 1
    outer loop
      vertex -9.58737 132.339 4
      vertex -9 77.9 4
      vertex -9 132.3 4
    endloop
  endfacet
  facet normal 0 0 1
    outer loop
      vertex -9.58737 132.339 4
      vertex -9.58737 77.8615 4
      vertex -9 77.9 4
    endloop
  endfacet
  facet normal 0 0 1
    outer loop
      vertex -10.1647 132.453 4
      vertex -9.58737 77.8615 4
      vertex -9.58737 132.339 4
    endloop
  endfacet
  facet normal 0 0 1
    outer loop
      vertex -10.1647 132.453 4
      vertex -10.1647 77.7467 4
      vertex -9.58737 77.8615 4
    endloop
  endfacet
  facet normal 0 0 1
    outer loop
      vertex -10.7221 132.643 4
      vertex -10.1647 77.7467 4
      vertex -10.1647 132.453 4
    endloop
  endfacet
  facet normal 0 0 1
    outer loop
      vertex -10.7221 132.643 4
      vertex -10.7221 77.5575 4
      vertex -10.1647 77.7467 4
    endloop
  endfacet
  facet normal 0 0 1
    outer loop
      vertex -11.25 132.903 4
      vertex -10.7221 77.5575 4
      vertex -10.7221 132.643 4
    endloop
  endfacet
  facet normal 0 0 1
    outer loop
      vertex -11.25 132.903 4
      vertex -11.25 77.2971 4
      vertex -10.7221 77.5575 4
    endloop
  endfacet
  facet normal 0 0 1
    outer loop
      vertex -11.7394 133.23 4
      vertex -11.25 77.2971 4
      vertex -11.25 132.903 4
    endloop
  endfacet
  facet normal 0 0 1
    outer loop
      vertex -11.7394 133.23 4
      vertex -11.7394 76.9701 4
      vertex -11.25 77.2971 4
    endloop
  endfacet
  facet normal 0 0 1
    outer loop
      vertex -12.182 133.618 4
      vertex -11.7394 76.9701 4
      vertex -11.7394 133.23 4
    endloop
  endfacet
  facet normal 0 0 1
    outer loop
      vertex -12.182 133.618 4
      vertex -12.182 76.582 4
      vertex -11.7394 76.9701 4
    endloop
  endfacet
  facet normal 0 0 1
    outer loop
      vertex -12.5701 134.061 4
      vertex -12.182 76.582 4
      vertex -12.182 133.618 4
    endloop
  endfacet
  facet normal 0 0 1
    outer loop
      vertex -12.5701 134.061 4
      vertex -12.5701 76.1394 4
      vertex -12.182 76.582 4
    endloop
  endfacet
  facet normal 0 0 1
    outer loop
      vertex -12.8971 134.55 4
      vertex -12.5701 76.1394 4
      vertex -12.5701 134.061 4
    endloop
  endfacet
  facet normal 0 0 1
    outer loop
      vertex -12.8971 134.55 4
      vertex -12.8971 75.65 4
      vertex -12.5701 76.1394 4
    endloop
  endfacet
  facet normal 0 0 1
    outer loop
      vertex -13.1575 135.078 4
      vertex -12.8971 75.65 4
      vertex -12.8971 134.55 4
    endloop
  endfacet
  facet normal 0 0 1
    outer loop
      vertex -13.1575 135.078 4
      vertex -13.1575 75.1221 4
      vertex -12.8971 75.65 4
    endloop
  endfacet
  facet normal 0 0 1
    outer loop
      vertex -13.3467 135.635 4
      vertex -13.1575 75.1221 4
      vertex -13.1575 135.078 4
    endloop
  endfacet
  facet normal 0 0 1
    outer loop
      vertex -13.3467 135.635 4
      vertex -13.3467 74.5647 4
      vertex -13.1575 75.1221 4
    endloop
  endfacet
  facet normal 0 0 1
    outer loop
      vertex -13.4615 136.213 4
      vertex -13.3467 74.5647 4
      vertex -13.3467 135.635 4
    endloop
  endfacet
  facet normal 0 0 1
    outer loop
      vertex -13.4615 136.213 4
      vertex -13.4615 73.9874 4
      vertex -13.3467 74.5647 4
    endloop
  endfacet
  facet normal 0 0 1
    outer loop
      vertex -13.5 136.8 4
      vertex -13.4615 73.9874 4
      vertex -13.4615 136.213 4
    endloop
  endfacet
  facet normal 0 0 1
    outer loop
      vertex -13.4615 73.9874 4
      vertex -13.5 136.8 4
      vertex -13.5 73.4 4
    endloop
  endfacet
  facet normal -0 0 1
    outer loop
      vertex 116.262 72.8126 4
      vertex 116.3 10 4
      vertex 116.3 73.4 4
    endloop
  endfacet
  facet normal 0 0 1
    outer loop
      vertex 116.262 72.8126 4
      vertex 116.262 10.5874 4
      vertex 116.3 10 4
    endloop
  endfacet
  facet normal -0 0 1
    outer loop
      vertex 116.147 72.2353 4
      vertex 116.262 10.5874 4
      vertex 116.262 72.8126 4
    endloop
  endfacet
  facet normal 0 0 1
    outer loop
      vertex 116.147 72.2353 4
      vertex 116.147 11.1647 4
      vertex 116.262 10.5874 4
    endloop
  endfacet
  facet normal -0 0 1
    outer loop
      vertex 115.957 71.6779 4
      vertex 116.147 11.1647 4
      vertex 116.147 72.2353 4
    endloop
  endfacet
  facet normal 0 0 1
    outer loop
      vertex 115.957 71.6779 4
      vertex 115.957 11.7221 4
      vertex 116.147 11.1647 4
    endloop
  endfacet
  facet normal -0 0 1
    outer loop
      vertex 115.697 71.15 4
      vertex 115.957 11.7221 4
      vertex 115.957 71.6779 4
    endloop
  endfacet
  facet normal 0 0 1
    outer loop
      vertex 115.697 71.15 4
      vertex 115.697 12.25 4
      vertex 115.957 11.7221 4
    endloop
  endfacet
  facet normal -0 0 1
    outer loop
      vertex 115.37 70.6606 4
      vertex 115.697 12.25 4
      vertex 115.697 71.15 4
    endloop
  endfacet
  facet normal 0 0 1
    outer loop
      vertex 115.37 70.6606 4
      vertex 115.37 12.7394 4
      vertex 115.697 12.25 4
    endloop
  endfacet
  facet normal -0 0 1
    outer loop
      vertex 114.982 70.218 4
      vertex 115.37 12.7394 4
      vertex 115.37 70.6606 4
    endloop
  endfacet
  facet normal 0 0 1
    outer loop
      vertex 114.982 70.218 4
      vertex 114.982 13.182 4
      vertex 115.37 12.7394 4
    endloop
  endfacet
  facet normal -0 0 1
    outer loop
      vertex 114.539 69.8299 4
      vertex 114.982 13.182 4
      vertex 114.982 70.218 4
    endloop
  endfacet
  facet normal 0 0 1
    outer loop
      vertex 114.539 69.8299 4
      vertex 114.539 13.5701 4
      vertex 114.982 13.182 4
    endloop
  endfacet
  facet normal -0 0 1
    outer loop
      vertex 114.05 69.5029 4
      vertex 114.539 13.5701 4
      vertex 114.539 69.8299 4
    endloop
  endfacet
  facet normal 0 0 1
    outer loop
      vertex 114.05 69.5029 4
      vertex 114.05 13.8971 4
      vertex 114.539 13.5701 4
    endloop
  endfacet
  facet normal -0 0 1
    outer loop
      vertex 113.522 69.2425 4
      vertex 114.05 13.8971 4
      vertex 114.05 69.5029 4
    endloop
  endfacet
  facet normal 0 0 1
    outer loop
      vertex 113.522 69.2425 4
      vertex 113.522 14.1575 4
      vertex 114.05 13.8971 4
    endloop
  endfacet
  facet normal -0 0 1
    outer loop
      vertex 112.965 69.0533 4
      vertex 113.522 14.1575 4
      vertex 113.522 69.2425 4
    endloop
  endfacet
  facet normal 0 0 1
    outer loop
      vertex 112.965 69.0533 4
      vertex 112.965 14.3467 4
      vertex 113.522 14.1575 4
    endloop
  endfacet
  facet normal -0 0 1
    outer loop
      vertex 112.387 68.9385 4
      vertex 112.965 14.3467 4
      vertex 112.965 69.0533 4
    endloop
  endfacet
  facet normal 0 0 1
    outer loop
      vertex 112.387 68.9385 4
      vertex 112.387 14.4615 4
      vertex 112.965 14.3467 4
    endloop
  endfacet
  facet normal -0 0 1
    outer loop
      vertex 111.8 68.9 4
      vertex 112.387 14.4615 4
      vertex 112.387 68.9385 4
    endloop
  endfacet
  facet normal 0 0 1
    outer loop
      vertex 111.8 68.9 4
      vertex 111.8 14.5 4
      vertex 112.387 14.4615 4
    endloop
  endfacet
  facet normal 0 0 1
    outer loop
      vertex 111.213 68.9385 4
      vertex 111.8 14.5 4
      vertex 111.8 68.9 4
    endloop
  endfacet
  facet normal 0 0 1
    outer loop
      vertex 111.213 68.9385 4
      vertex 111.213 14.4615 4
      vertex 111.8 14.5 4
    endloop
  endfacet
  facet normal 0 0 1
    outer loop
      vertex 110.635 69.0533 4
      vertex 111.213 14.4615 4
      vertex 111.213 68.9385 4
    endloop
  endfacet
  facet normal 0 0 1
    outer loop
      vertex 110.635 69.0533 4
      vertex 110.635 14.3467 4
      vertex 111.213 14.4615 4
    endloop
  endfacet
  facet normal 0 0 1
    outer loop
      vertex 110.078 69.2425 4
      vertex 110.635 14.3467 4
      vertex 110.635 69.0533 4
    endloop
  endfacet
  facet normal 0 0 1
    outer loop
      vertex 110.078 69.2425 4
      vertex 110.078 14.1575 4
      vertex 110.635 14.3467 4
    endloop
  endfacet
  facet normal 0 0 1
    outer loop
      vertex 109.55 69.5029 4
      vertex 110.078 14.1575 4
      vertex 110.078 69.2425 4
    endloop
  endfacet
  facet normal 0 0 1
    outer loop
      vertex 109.55 69.5029 4
      vertex 109.55 13.8971 4
      vertex 110.078 14.1575 4
    endloop
  endfacet
  facet normal 0 0 1
    outer loop
      vertex 109.061 69.8299 4
      vertex 109.55 13.8971 4
      vertex 109.55 69.5029 4
    endloop
  endfacet
  facet normal 0 0 1
    outer loop
      vertex 109.061 69.8299 4
      vertex 109.061 13.5701 4
      vertex 109.55 13.8971 4
    endloop
  endfacet
  facet normal 0 0 1
    outer loop
      vertex 108.618 70.218 4
      vertex 109.061 13.5701 4
      vertex 109.061 69.8299 4
    endloop
  endfacet
  facet normal 0 0 1
    outer loop
      vertex 108.618 70.218 4
      vertex 108.618 13.182 4
      vertex 109.061 13.5701 4
    endloop
  endfacet
  facet normal 0 0 1
    outer loop
      vertex 108.23 70.6606 4
      vertex 108.618 13.182 4
      vertex 108.618 70.218 4
    endloop
  endfacet
  facet normal 0 0 1
    outer loop
      vertex 108.23 70.6606 4
      vertex 108.23 12.7394 4
      vertex 108.618 13.182 4
    endloop
  endfacet
  facet normal 0 0 1
    outer loop
      vertex 107.903 71.15 4
      vertex 108.23 12.7394 4
      vertex 108.23 70.6606 4
    endloop
  endfacet
  facet normal 0 0 1
    outer loop
      vertex 107.903 71.15 4
      vertex 107.903 12.25 4
      vertex 108.23 12.7394 4
    endloop
  endfacet
  facet normal 0 0 1
    outer loop
      vertex 107.643 71.6779 4
      vertex 107.903 12.25 4
      vertex 107.903 71.15 4
    endloop
  endfacet
  facet normal 0 0 1
    outer loop
      vertex 107.643 71.6779 4
      vertex 107.643 11.7221 4
      vertex 107.903 12.25 4
    endloop
  endfacet
  facet normal 0 0 1
    outer loop
      vertex 107.453 72.2353 4
      vertex 107.643 11.7221 4
      vertex 107.643 71.6779 4
    endloop
  endfacet
  facet normal 0 0 1
    outer loop
      vertex 107.453 72.2353 4
      vertex 107.453 11.1647 4
      vertex 107.643 11.7221 4
    endloop
  endfacet
  facet normal 0 0 1
    outer loop
      vertex 104.8 4 4
      vertex 107.453 72.2353 4
      vertex 107.339 72.8126 4
    endloop
  endfacet
  facet normal 0 0 1
    outer loop
      vertex 107.453 72.2353 4
      vertex 104.8 4 4
      vertex 107.453 11.1647 4
    endloop
  endfacet
  facet normal 0 0 1
    outer loop
      vertex 104.8 4 4
      vertex 107.339 72.8126 4
      vertex 107.3 73.4 4
    endloop
  endfacet
  facet normal 0 0 1
    outer loop
      vertex 107.453 11.1647 4
      vertex 104.8 4 4
      vertex 107.339 10.5874 4
    endloop
  endfacet
  facet normal -0 0 1
    outer loop
      vertex 116.262 136.213 4
      vertex 116.3 73.4 4
      vertex 116.3 136.8 4
    endloop
  endfacet
  facet normal 0 0 1
    outer loop
      vertex 116.262 136.213 4
      vertex 116.262 73.9874 4
      vertex 116.3 73.4 4
    endloop
  endfacet
  facet normal -0 0 1
    outer loop
      vertex 116.147 135.635 4
      vertex 116.262 73.9874 4
      vertex 116.262 136.213 4
    endloop
  endfacet
  facet normal 0 0 1
    outer loop
      vertex 116.147 135.635 4
      vertex 116.147 74.5647 4
      vertex 116.262 73.9874 4
    endloop
  endfacet
  facet normal -0 0 1
    outer loop
      vertex 115.957 135.078 4
      vertex 116.147 74.5647 4
      vertex 116.147 135.635 4
    endloop
  endfacet
  facet normal 0 0 1
    outer loop
      vertex 115.957 135.078 4
      vertex 115.957 75.1221 4
      vertex 116.147 74.5647 4
    endloop
  endfacet
  facet normal -0 0 1
    outer loop
      vertex 115.697 134.55 4
      vertex 115.957 75.1221 4
      vertex 115.957 135.078 4
    endloop
  endfacet
  facet normal 0 0 1
    outer loop
      vertex 115.697 134.55 4
      vertex 115.697 75.65 4
      vertex 115.957 75.1221 4
    endloop
  endfacet
  facet normal -0 0 1
    outer loop
      vertex 115.37 134.061 4
      vertex 115.697 75.65 4
      vertex 115.697 134.55 4
    endloop
  endfacet
  facet normal 0 0 1
    outer loop
      vertex 115.37 134.061 4
      vertex 115.37 76.1394 4
      vertex 115.697 75.65 4
    endloop
  endfacet
  facet normal -0 0 1
    outer loop
      vertex 114.982 133.618 4
      vertex 115.37 76.1394 4
      vertex 115.37 134.061 4
    endloop
  endfacet
  facet normal 0 0 1
    outer loop
      vertex 114.982 133.618 4
      vertex 114.982 76.582 4
      vertex 115.37 76.1394 4
    endloop
  endfacet
  facet normal -0 0 1
    outer loop
      vertex 114.539 133.23 4
      vertex 114.982 76.582 4
      vertex 114.982 133.618 4
    endloop
  endfacet
  facet normal 0 0 1
    outer loop
      vertex 114.539 133.23 4
      vertex 114.539 76.9701 4
      vertex 114.982 76.582 4
    endloop
  endfacet
  facet normal -0 0 1
    outer loop
      vertex 114.05 132.903 4
      vertex 114.539 76.9701 4
      vertex 114.539 133.23 4
    endloop
  endfacet
  facet normal 0 0 1
    outer loop
      vertex 114.05 132.903 4
      vertex 114.05 77.2971 4
      vertex 114.539 76.9701 4
    endloop
  endfacet
  facet normal -0 0 1
    outer loop
      vertex 113.522 132.643 4
      vertex 114.05 77.2971 4
      vertex 114.05 132.903 4
    endloop
  endfacet
  facet normal 0 0 1
    outer loop
      vertex 113.522 132.643 4
      vertex 113.522 77.5575 4
      vertex 114.05 77.2971 4
    endloop
  endfacet
  facet normal -0 0 1
    outer loop
      vertex 112.965 132.453 4
      vertex 113.522 77.5575 4
      vertex 113.522 132.643 4
    endloop
  endfacet
  facet normal 0 0 1
    outer loop
      vertex 112.965 132.453 4
      vertex 112.965 77.7467 4
      vertex 113.522 77.5575 4
    endloop
  endfacet
  facet normal -0 0 1
    outer loop
      vertex 112.387 132.339 4
      vertex 112.965 77.7467 4
      vertex 112.965 132.453 4
    endloop
  endfacet
  facet normal 0 0 1
    outer loop
      vertex 112.387 132.339 4
      vertex 112.387 77.8615 4
      vertex 112.965 77.7467 4
    endloop
  endfacet
  facet normal -0 0 1
    outer loop
      vertex 111.8 132.3 4
      vertex 112.387 77.8615 4
      vertex 112.387 132.339 4
    endloop
  endfacet
  facet normal 0 0 1
    outer loop
      vertex 111.8 132.3 4
      vertex 111.8 77.9 4
      vertex 112.387 77.8615 4
    endloop
  endfacet
  facet normal 0 0 1
    outer loop
      vertex 111.213 132.339 4
      vertex 111.8 77.9 4
      vertex 111.8 132.3 4
    endloop
  endfacet
  facet normal 0 0 1
    outer loop
      vertex 111.213 132.339 4
      vertex 111.213 77.8615 4
      vertex 111.8 77.9 4
    endloop
  endfacet
  facet normal 0 0 1
    outer loop
      vertex 110.635 132.453 4
      vertex 111.213 77.8615 4
      vertex 111.213 132.339 4
    endloop
  endfacet
  facet normal 0 0 1
    outer loop
      vertex 110.635 132.453 4
      vertex 110.635 77.7467 4
      vertex 111.213 77.8615 4
    endloop
  endfacet
  facet normal 0 0 1
    outer loop
      vertex 110.078 132.643 4
      vertex 110.635 77.7467 4
      vertex 110.635 132.453 4
    endloop
  endfacet
  facet normal 0 0 1
    outer loop
      vertex 110.078 132.643 4
      vertex 110.078 77.5575 4
      vertex 110.635 77.7467 4
    endloop
  endfacet
  facet normal 0 0 1
    outer loop
      vertex 109.55 132.903 4
      vertex 110.078 77.5575 4
      vertex 110.078 132.643 4
    endloop
  endfacet
  facet normal 0 0 1
    outer loop
      vertex 109.55 132.903 4
      vertex 109.55 77.2971 4
      vertex 110.078 77.5575 4
    endloop
  endfacet
  facet normal 0 0 1
    outer loop
      vertex 109.061 133.23 4
      vertex 109.55 77.2971 4
      vertex 109.55 132.903 4
    endloop
  endfacet
  facet normal 0 0 1
    outer loop
      vertex 109.061 133.23 4
      vertex 109.061 76.9701 4
      vertex 109.55 77.2971 4
    endloop
  endfacet
  facet normal 0 0 1
    outer loop
      vertex 108.618 133.618 4
      vertex 109.061 76.9701 4
      vertex 109.061 133.23 4
    endloop
  endfacet
  facet normal 0 0 1
    outer loop
      vertex 108.618 133.618 4
      vertex 108.618 76.582 4
      vertex 109.061 76.9701 4
    endloop
  endfacet
  facet normal 0 0 1
    outer loop
      vertex 108.23 134.061 4
      vertex 108.618 76.582 4
      vertex 108.618 133.618 4
    endloop
  endfacet
  facet normal 0 0 1
    outer loop
      vertex 108.23 134.061 4
      vertex 108.23 76.1394 4
      vertex 108.618 76.582 4
    endloop
  endfacet
  facet normal 0 0 1
    outer loop
      vertex 107.903 134.55 4
      vertex 108.23 76.1394 4
      vertex 108.23 134.061 4
    endloop
  endfacet
  facet normal 0 0 1
    outer loop
      vertex 107.903 134.55 4
      vertex 107.903 75.65 4
      vertex 108.23 76.1394 4
    endloop
  endfacet
  facet normal 0 0 1
    outer loop
      vertex 107.643 135.078 4
      vertex 107.903 75.65 4
      vertex 107.903 134.55 4
    endloop
  endfacet
  facet normal 0 0 1
    outer loop
      vertex 107.643 135.078 4
      vertex 107.643 75.1221 4
      vertex 107.903 75.65 4
    endloop
  endfacet
  facet normal 0 0 1
    outer loop
      vertex 107.453 135.635 4
      vertex 107.643 75.1221 4
      vertex 107.643 135.078 4
    endloop
  endfacet
  facet normal 0 0 1
    outer loop
      vertex 107.453 135.635 4
      vertex 107.453 74.5647 4
      vertex 107.643 75.1221 4
    endloop
  endfacet
  facet normal 0 0 1
    outer loop
      vertex 104.8 142.8 4
      vertex 107.453 135.635 4
      vertex 107.339 136.213 4
    endloop
  endfacet
  facet normal 0 0 1
    outer loop
      vertex 107.453 135.635 4
      vertex 104.8 142.8 4
      vertex 107.453 74.5647 4
    endloop
  endfacet
  facet normal 0 0 1
    outer loop
      vertex 104.8 142.8 4
      vertex 107.339 136.213 4
      vertex 107.3 136.8 4
    endloop
  endfacet
  facet normal 0 0 1
    outer loop
      vertex 107.453 74.5647 4
      vertex 104.8 142.8 4
      vertex 107.339 73.9874 4
    endloop
  endfacet
  facet normal 0 0 1
    outer loop
      vertex 112.8 151.8 4
      vertex 116.8 147.8 4
      vertex 116.766 148.322 4
    endloop
  endfacet
  facet normal 0 0 1
    outer loop
      vertex 116.8 147.8 4
      vertex 116.3 73.4 4
      vertex 116.8 -1 4
    endloop
  endfacet
  facet normal 0 0 1
    outer loop
      vertex 112.8 151.8 4
      vertex 116.766 148.322 4
      vertex 116.664 148.835 4
    endloop
  endfacet
  facet normal -0 0 1
    outer loop
      vertex 116.3 10 4
      vertex 116.8 -1 4
      vertex 116.3 73.4 4
    endloop
  endfacet
  facet normal 0 0 1
    outer loop
      vertex 112.8 151.8 4
      vertex 116.664 148.835 4
      vertex 116.495 149.331 4
    endloop
  endfacet
  facet normal -0 0 1
    outer loop
      vertex 116.262 9.41263 4
      vertex 116.8 -1 4
      vertex 116.3 10 4
    endloop
  endfacet
  facet normal 0 0 1
    outer loop
      vertex 116.8 147.8 4
      vertex 116.3 136.8 4
      vertex 116.3 73.4 4
    endloop
  endfacet
  facet normal 0 0 1
    outer loop
      vertex 112.8 151.8 4
      vertex 116.495 149.331 4
      vertex 116.264 149.8 4
    endloop
  endfacet
  facet normal 0 0 1
    outer loop
      vertex 116.8 147.8 4
      vertex 116.262 137.387 4
      vertex 116.3 136.8 4
    endloop
  endfacet
  facet normal 0 0 1
    outer loop
      vertex 116.8 147.8 4
      vertex 116.147 137.965 4
      vertex 116.262 137.387 4
    endloop
  endfacet
  facet normal 0 0 1
    outer loop
      vertex 112.8 151.8 4
      vertex 116.264 149.8 4
      vertex 115.973 150.235 4
    endloop
  endfacet
  facet normal 0 0 1
    outer loop
      vertex 116.8 147.8 4
      vertex 115.957 138.522 4
      vertex 116.147 137.965 4
    endloop
  endfacet
  facet normal 0 0 1
    outer loop
      vertex 116.8 147.8 4
      vertex 115.697 139.05 4
      vertex 115.957 138.522 4
    endloop
  endfacet
  facet normal 0 0 1
    outer loop
      vertex 112.8 151.8 4
      vertex 115.973 150.235 4
      vertex 115.628 150.628 4
    endloop
  endfacet
  facet normal 0 0 1
    outer loop
      vertex 116.8 147.8 4
      vertex 115.37 139.539 4
      vertex 115.697 139.05 4
    endloop
  endfacet
  facet normal 0 0 1
    outer loop
      vertex 112.8 151.8 4
      vertex 115.628 150.628 4
      vertex 115.235 150.973 4
    endloop
  endfacet
  facet normal 0 0 1
    outer loop
      vertex 116.8 147.8 4
      vertex 114.982 139.982 4
      vertex 115.37 139.539 4
    endloop
  endfacet
  facet normal 0 0 1
    outer loop
      vertex 112.8 151.8 4
      vertex 115.235 150.973 4
      vertex 114.8 151.264 4
    endloop
  endfacet
  facet normal 0 0 1
    outer loop
      vertex 116.8 147.8 4
      vertex 114.539 140.37 4
      vertex 114.982 139.982 4
    endloop
  endfacet
  facet normal 0 0 1
    outer loop
      vertex 112.8 151.8 4
      vertex 114.8 151.264 4
      vertex 114.331 151.495 4
    endloop
  endfacet
  facet normal 0 0 1
    outer loop
      vertex 116.8 147.8 4
      vertex 114.05 140.697 4
      vertex 114.539 140.37 4
    endloop
  endfacet
  facet normal 0 0 1
    outer loop
      vertex 112.8 151.8 4
      vertex 114.331 151.495 4
      vertex 113.835 151.664 4
    endloop
  endfacet
  facet normal 0 0 1
    outer loop
      vertex 116.8 147.8 4
      vertex 113.522 140.957 4
      vertex 114.05 140.697 4
    endloop
  endfacet
  facet normal 0 0 1
    outer loop
      vertex 112.8 151.8 4
      vertex 113.835 151.664 4
      vertex 113.322 151.766 4
    endloop
  endfacet
  facet normal 0 0 1
    outer loop
      vertex 116.8 147.8 4
      vertex 112.965 141.147 4
      vertex 113.522 140.957 4
    endloop
  endfacet
  facet normal 0 0 1
    outer loop
      vertex 116.8 147.8 4
      vertex 112.8 151.8 4
      vertex 111.8 141.3 4
    endloop
  endfacet
  facet normal 0 0 1
    outer loop
      vertex 116.8 147.8 4
      vertex 112.387 141.262 4
      vertex 112.965 141.147 4
    endloop
  endfacet
  facet normal 0 0 1
    outer loop
      vertex 116.8 147.8 4
      vertex 111.8 141.3 4
      vertex 112.387 141.262 4
    endloop
  endfacet
  facet normal 0 0 1
    outer loop
      vertex 112.8 151.8 4
      vertex 111.213 141.262 4
      vertex 111.8 141.3 4
    endloop
  endfacet
  facet normal 0 0 1
    outer loop
      vertex 112.8 151.8 4
      vertex 110.635 141.147 4
      vertex 111.213 141.262 4
    endloop
  endfacet
  facet normal -0 0 1
    outer loop
      vertex 104.417 144.9 4
      vertex 110.635 141.147 4
      vertex 112.8 151.8 4
    endloop
  endfacet
  facet normal -0 -0 1
    outer loop
      vertex 104.535 144.553 4
      vertex 110.635 141.147 4
      vertex 104.417 144.9 4
    endloop
  endfacet
  facet normal 0 0 1
    outer loop
      vertex 110.635 141.147 4
      vertex 104.643 144.149 4
      vertex 110.078 140.957 4
    endloop
  endfacet
  facet normal -0 -0 1
    outer loop
      vertex 104.715 143.79 4
      vertex 110.078 140.957 4
      vertex 104.643 144.149 4
    endloop
  endfacet
  facet normal 0 0 1
    outer loop
      vertex 110.078 140.957 4
      vertex 104.769 143.375 4
      vertex 109.55 140.697 4
    endloop
  endfacet
  facet normal -0 -0 1
    outer loop
      vertex 104.793 143.009 4
      vertex 109.55 140.697 4
      vertex 104.769 143.375 4
    endloop
  endfacet
  facet normal 0 0 1
    outer loop
      vertex 109.55 140.697 4
      vertex 104.8 142.8 4
      vertex 109.061 140.37 4
    endloop
  endfacet
  facet normal 0 0 1
    outer loop
      vertex 107.339 73.9874 4
      vertex 104.8 142.8 4
      vertex 107.3 73.4 4
    endloop
  endfacet
  facet normal 0 0 1
    outer loop
      vertex 104.8 4 4
      vertex 107.3 73.4 4
      vertex 104.8 142.8 4
    endloop
  endfacet
  facet normal 0 0 1
    outer loop
      vertex 107.339 137.387 4
      vertex 104.8 142.8 4
      vertex 107.3 136.8 4
    endloop
  endfacet
  facet normal 0 0 1
    outer loop
      vertex 107.453 137.965 4
      vertex 104.8 142.8 4
      vertex 107.339 137.387 4
    endloop
  endfacet
  facet normal 0 0 1
    outer loop
      vertex 107.643 138.522 4
      vertex 104.8 142.8 4
      vertex 107.453 137.965 4
    endloop
  endfacet
  facet normal 0 0 1
    outer loop
      vertex 108.618 139.982 4
      vertex 104.8 142.8 4
      vertex 108.23 139.539 4
    endloop
  endfacet
  facet normal 0 0 1
    outer loop
      vertex 107.903 139.05 4
      vertex 104.8 142.8 4
      vertex 107.643 138.522 4
    endloop
  endfacet
  facet normal 0 0 1
    outer loop
      vertex 108.23 139.539 4
      vertex 104.8 142.8 4
      vertex 107.903 139.05 4
    endloop
  endfacet
  facet normal 0 0 1
    outer loop
      vertex 109.061 140.37 4
      vertex 104.8 142.8 4
      vertex 108.618 139.982 4
    endloop
  endfacet
  facet normal -0 -0 1
    outer loop
      vertex 104.8 142.8 4
      vertex 109.55 140.697 4
      vertex 104.793 143.009 4
    endloop
  endfacet
  facet normal -0 -0 1
    outer loop
      vertex 104.769 143.375 4
      vertex 110.078 140.957 4
      vertex 104.715 143.79 4
    endloop
  endfacet
  facet normal -0 -0 1
    outer loop
      vertex 104.643 144.149 4
      vertex 110.635 141.147 4
      vertex 104.535 144.553 4
    endloop
  endfacet
  facet normal 0 0 1
    outer loop
      vertex 112.8 151.8 4
      vertex 104.257 145.287 4
      vertex 104.417 144.9 4
    endloop
  endfacet
  facet normal 0 0 1
    outer loop
      vertex 112.8 151.8 4
      vertex 104.095 145.615 4
      vertex 104.257 145.287 4
    endloop
  endfacet
  facet normal 0 0 1
    outer loop
      vertex 112.8 151.8 4
      vertex 103.886 145.978 4
      vertex 104.095 145.615 4
    endloop
  endfacet
  facet normal 0 0 1
    outer loop
      vertex 112.8 151.8 4
      vertex 103.682 146.282 4
      vertex 103.886 145.978 4
    endloop
  endfacet
  facet normal 0 0 1
    outer loop
      vertex 112.8 151.8 4
      vertex 103.427 146.614 4
      vertex 103.682 146.282 4
    endloop
  endfacet
  facet normal 0 0 1
    outer loop
      vertex 112.8 151.8 4
      vertex 103.186 146.89 4
      vertex 103.427 146.614 4
    endloop
  endfacet
  facet normal 0 0 1
    outer loop
      vertex 112.8 151.8 4
      vertex 102.89 147.186 4
      vertex 103.186 146.89 4
    endloop
  endfacet
  facet normal 0 0 1
    outer loop
      vertex 112.8 151.8 4
      vertex 102.614 147.427 4
      vertex 102.89 147.186 4
    endloop
  endfacet
  facet normal 0 0 1
    outer loop
      vertex 112.8 151.8 4
      vertex 102.282 147.682 4
      vertex 102.614 147.427 4
    endloop
  endfacet
  facet normal 0 0 1
    outer loop
      vertex 112.8 151.8 4
      vertex 101.978 147.886 4
      vertex 102.282 147.682 4
    endloop
  endfacet
  facet normal 0 0 1
    outer loop
      vertex 112.8 151.8 4
      vertex 101.615 148.095 4
      vertex 101.978 147.886 4
    endloop
  endfacet
  facet normal 0 0 1
    outer loop
      vertex 112.8 151.8 4
      vertex 101.287 148.257 4
      vertex 101.615 148.095 4
    endloop
  endfacet
  facet normal 0 0 1
    outer loop
      vertex 112.8 151.8 4
      vertex 100.9 148.417 4
      vertex 101.287 148.257 4
    endloop
  endfacet
  facet normal 0 0 1
    outer loop
      vertex 112.8 151.8 4
      vertex 100.553 148.535 4
      vertex 100.9 148.417 4
    endloop
  endfacet
  facet normal 0 0 1
    outer loop
      vertex 112.8 151.8 4
      vertex 100.149 148.643 4
      vertex 100.553 148.535 4
    endloop
  endfacet
  facet normal 0 0 1
    outer loop
      vertex 112.8 151.8 4
      vertex 99.7898 148.715 4
      vertex 100.149 148.643 4
    endloop
  endfacet
  facet normal 0 0 1
    outer loop
      vertex 112.8 151.8 4
      vertex 99.3748 148.769 4
      vertex 99.7898 148.715 4
    endloop
  endfacet
  facet normal 0 0 1
    outer loop
      vertex 112.8 151.8 4
      vertex 99.0093 148.793 4
      vertex 99.3748 148.769 4
    endloop
  endfacet
  facet normal 0 0 1
    outer loop
      vertex 112.8 151.8 4
      vertex 98.8 148.8 4
      vertex 99.0093 148.793 4
    endloop
  endfacet
  facet normal 0 0 1
    outer loop
      vertex 112.8 151.8 4
      vertex 4 148.8 4
      vertex 98.8 148.8 4
    endloop
  endfacet
  facet normal 0 0 1
    outer loop
      vertex -4.5385 136.213 4
      vertex -2.00002 142.8 4
      vertex -4.5 136.8 4
    endloop
  endfacet
  facet normal 0 0 1
    outer loop
      vertex -6.75 140.697 4
      vertex -2.00002 142.8 4
      vertex -1.99316 143.009 4
    endloop
  endfacet
  facet normal 0 0 1
    outer loop
      vertex -6.75 140.697 4
      vertex -1.99316 143.009 4
      vertex -1.96921 143.375 4
    endloop
  endfacet
  facet normal 0 0 1
    outer loop
      vertex -7.27792 140.957 4
      vertex -1.96921 143.375 4
      vertex -1.91457 143.79 4
    endloop
  endfacet
  facet normal 0 0 1
    outer loop
      vertex -7.27792 140.957 4
      vertex -1.91457 143.79 4
      vertex -1.84311 144.149 4
    endloop
  endfacet
  facet normal 0 0 1
    outer loop
      vertex -7.83531 141.147 4
      vertex -1.84311 144.149 4
      vertex -1.7348 144.553 4
    endloop
  endfacet
  facet normal 0 0 1
    outer loop
      vertex -7.83531 141.147 4
      vertex -1.7348 144.553 4
      vertex -1.61708 144.9 4
    endloop
  endfacet
  facet normal 0 0 1
    outer loop
      vertex -2.00002 142.8 4
      vertex -4.5385 137.387 4
      vertex -4.5 136.8 4
    endloop
  endfacet
  facet normal 0 0 1
    outer loop
      vertex -2.00002 142.8 4
      vertex -4.65333 137.965 4
      vertex -4.5385 137.387 4
    endloop
  endfacet
  facet normal 0 0 1
    outer loop
      vertex -10 151.8 4
      vertex -1.61708 144.9 4
      vertex -1.45682 145.287 4
    endloop
  endfacet
  facet normal 0 0 1
    outer loop
      vertex -2.00002 142.8 4
      vertex -4.84254 138.522 4
      vertex -4.65333 137.965 4
    endloop
  endfacet
  facet normal 0 0 1
    outer loop
      vertex -10 151.8 4
      vertex -1.45682 145.287 4
      vertex -1.29482 145.615 4
    endloop
  endfacet
  facet normal 0 0 1
    outer loop
      vertex -2.00002 142.8 4
      vertex -5.10289 139.05 4
      vertex -4.84254 138.522 4
    endloop
  endfacet
  facet normal 0 0 1
    outer loop
      vertex -10 151.8 4
      vertex -1.29482 145.615 4
      vertex -1.08562 145.978 4
    endloop
  endfacet
  facet normal 0 0 1
    outer loop
      vertex -2.00002 142.8 4
      vertex -5.42991 139.539 4
      vertex -5.10289 139.05 4
    endloop
  endfacet
  facet normal 0 0 1
    outer loop
      vertex -10 151.8 4
      vertex -1.08562 145.978 4
      vertex -0.882141 146.282 4
    endloop
  endfacet
  facet normal 0 0 1
    outer loop
      vertex -2.00002 142.8 4
      vertex -5.81802 139.982 4
      vertex -5.42991 139.539 4
    endloop
  endfacet
  facet normal 0 0 1
    outer loop
      vertex -10 151.8 4
      vertex -0.882141 146.282 4
      vertex -0.627274 146.614 4
    endloop
  endfacet
  facet normal 0 0 1
    outer loop
      vertex -2.00002 142.8 4
      vertex -6.26057 140.37 4
      vertex -5.81802 139.982 4
    endloop
  endfacet
  facet normal 0 0 1
    outer loop
      vertex -10 151.8 4
      vertex -0.627274 146.614 4
      vertex -0.385773 146.89 4
    endloop
  endfacet
  facet normal 0 0 1
    outer loop
      vertex -2.00002 142.8 4
      vertex -6.75 140.697 4
      vertex -6.26057 140.37 4
    endloop
  endfacet
  facet normal 0 0 1
    outer loop
      vertex -10 151.8 4
      vertex -0.385773 146.89 4
      vertex -0.0897522 147.186 4
    endloop
  endfacet
  facet normal 0 0 1
    outer loop
      vertex -1.96921 143.375 4
      vertex -7.27792 140.957 4
      vertex -6.75 140.697 4
    endloop
  endfacet
  facet normal 0 0 1
    outer loop
      vertex -10 151.8 4
      vertex -0.0897522 147.186 4
      vertex 0.185623 147.427 4
    endloop
  endfacet
  facet normal 0 0 1
    outer loop
      vertex -1.84311 144.149 4
      vertex -7.83531 141.147 4
      vertex -7.27792 140.957 4
    endloop
  endfacet
  facet normal 0 0 1
    outer loop
      vertex -1.61708 144.9 4
      vertex -10 151.8 4
      vertex -7.83531 141.147 4
    endloop
  endfacet
  facet normal 0 0 1
    outer loop
      vertex -10 151.8 4
      vertex 0.185623 147.427 4
      vertex 0.5177 147.682 4
    endloop
  endfacet
  facet normal 0 0 1
    outer loop
      vertex -7.83531 141.147 4
      vertex -10 151.8 4
      vertex -8.41263 141.262 4
    endloop
  endfacet
  facet normal 0 0 1
    outer loop
      vertex -8.41263 141.262 4
      vertex -10 151.8 4
      vertex -9 141.3 4
    endloop
  endfacet
  facet normal 0 0 1
    outer loop
      vertex -10 151.8 4
      vertex 0.5177 147.682 4
      vertex 0.822235 147.886 4
    endloop
  endfacet
  facet normal -0 0 1
    outer loop
      vertex -10 151.8 4
      vertex 4 148.8 4
      vertex 112.8 151.8 4
    endloop
  endfacet
  facet normal 0 0 1
    outer loop
      vertex -10 151.8 4
      vertex 3.7907 148.793 4
      vertex 4 148.8 4
    endloop
  endfacet
  facet normal 0 0 1
    outer loop
      vertex -10 151.8 4
      vertex 3.42522 148.769 4
      vertex 3.7907 148.793 4
    endloop
  endfacet
  facet normal 0 0 1
    outer loop
      vertex -10 151.8 4
      vertex 3.01021 148.715 4
      vertex 3.42522 148.769 4
    endloop
  endfacet
  facet normal 0 0 1
    outer loop
      vertex -10 151.8 4
      vertex 2.65099 148.643 4
      vertex 3.01021 148.715 4
    endloop
  endfacet
  facet normal 0 0 1
    outer loop
      vertex -10 151.8 4
      vertex 2.24675 148.535 4
      vertex 2.65099 148.643 4
    endloop
  endfacet
  facet normal 0 0 1
    outer loop
      vertex -10 151.8 4
      vertex 1.89993 148.417 4
      vertex 2.24675 148.535 4
    endloop
  endfacet
  facet normal 0 0 1
    outer loop
      vertex -10 151.8 4
      vertex 1.51305 148.257 4
      vertex 1.89993 148.417 4
    endloop
  endfacet
  facet normal 0 0 1
    outer loop
      vertex -10 151.8 4
      vertex 1.18457 148.095 4
      vertex 1.51305 148.257 4
    endloop
  endfacet
  facet normal 0 0 1
    outer loop
      vertex -10 151.8 4
      vertex 0.822235 147.886 4
      vertex 1.18457 148.095 4
    endloop
  endfacet
  facet normal -0 0 1
    outer loop
      vertex -14 147.8 4
      vertex -9 141.3 4
      vertex -10 151.8 4
    endloop
  endfacet
  facet normal 0 0 1
    outer loop
      vertex -9 141.3 4
      vertex -14 147.8 4
      vertex -9.58737 141.262 4
    endloop
  endfacet
  facet normal 0 0 1
    outer loop
      vertex -14 147.8 4
      vertex -10 151.8 4
      vertex -10.5221 151.766 4
    endloop
  endfacet
  facet normal 0 0 1
    outer loop
      vertex -9.58737 141.262 4
      vertex -14 147.8 4
      vertex -10.1647 141.147 4
    endloop
  endfacet
  facet normal 0 0 1
    outer loop
      vertex -14 147.8 4
      vertex -10.5221 151.766 4
      vertex -11.0353 151.664 4
    endloop
  endfacet
  facet normal 0 0 1
    outer loop
      vertex -10.1647 141.147 4
      vertex -14 147.8 4
      vertex -10.7221 140.957 4
    endloop
  endfacet
  facet normal 0 0 1
    outer loop
      vertex -14 147.8 4
      vertex -11.0353 151.664 4
      vertex -11.5307 151.495 4
    endloop
  endfacet
  facet normal 0 0 1
    outer loop
      vertex -10.7221 140.957 4
      vertex -14 147.8 4
      vertex -11.25 140.697 4
    endloop
  endfacet
  facet normal 0 0 1
    outer loop
      vertex -14 147.8 4
      vertex -11.5307 151.495 4
      vertex -12 151.264 4
    endloop
  endfacet
  facet normal 0 0 1
    outer loop
      vertex -11.25 140.697 4
      vertex -14 147.8 4
      vertex -11.7394 140.37 4
    endloop
  endfacet
  facet normal 0 0 1
    outer loop
      vertex -14 147.8 4
      vertex -12 151.264 4
      vertex -12.435 150.973 4
    endloop
  endfacet
  facet normal 0 0 1
    outer loop
      vertex -11.7394 140.37 4
      vertex -14 147.8 4
      vertex -12.182 139.982 4
    endloop
  endfacet
  facet normal 0 0 1
    outer loop
      vertex -14 147.8 4
      vertex -12.435 150.973 4
      vertex -12.8284 150.628 4
    endloop
  endfacet
  facet normal 0 0 1
    outer loop
      vertex -12.182 139.982 4
      vertex -14 147.8 4
      vertex -12.5701 139.539 4
    endloop
  endfacet
  facet normal 0 0 1
    outer loop
      vertex -12.5701 139.539 4
      vertex -14 147.8 4
      vertex -12.8971 139.05 4
    endloop
  endfacet
  facet normal 0 0 1
    outer loop
      vertex -14 147.8 4
      vertex -12.8284 150.628 4
      vertex -13.1734 150.235 4
    endloop
  endfacet
  facet normal 0 0 1
    outer loop
      vertex -12.8971 139.05 4
      vertex -14 147.8 4
      vertex -13.1575 138.522 4
    endloop
  endfacet
  facet normal 0 0 1
    outer loop
      vertex -13.1575 138.522 4
      vertex -14 147.8 4
      vertex -13.3467 137.965 4
    endloop
  endfacet
  facet normal 0 0 1
    outer loop
      vertex -14 147.8 4
      vertex -13.1734 150.235 4
      vertex -13.4641 149.8 4
    endloop
  endfacet
  facet normal 0 0 1
    outer loop
      vertex -13.3467 137.965 4
      vertex -14 147.8 4
      vertex -13.4615 137.387 4
    endloop
  endfacet
  facet normal 0 0 1
    outer loop
      vertex -14 147.8 4
      vertex -13.5 73.4 4
      vertex -13.5 136.8 4
    endloop
  endfacet
  facet normal 0 0 1
    outer loop
      vertex -13.4615 137.387 4
      vertex -14 147.8 4
      vertex -13.5 136.8 4
    endloop
  endfacet
  facet normal 0 0 1
    outer loop
      vertex -14 147.8 4
      vertex -13.4641 149.8 4
      vertex -13.6955 149.331 4
    endloop
  endfacet
  facet normal -0 0 1
    outer loop
      vertex 116.147 8.83531 4
      vertex 116.8 -1 4
      vertex 116.262 9.41263 4
    endloop
  endfacet
  facet normal -0 0 1
    outer loop
      vertex 115.957 8.27792 4
      vertex 116.8 -1 4
      vertex 116.147 8.83531 4
    endloop
  endfacet
  facet normal -0 0 1
    outer loop
      vertex 115.697 7.75 4
      vertex 116.8 -1 4
      vertex 115.957 8.27792 4
    endloop
  endfacet
  facet normal -0 0 1
    outer loop
      vertex 115.37 7.26057 4
      vertex 116.8 -1 4
      vertex 115.697 7.75 4
    endloop
  endfacet
  facet normal -0 0 1
    outer loop
      vertex 114.982 6.81802 4
      vertex 116.8 -1 4
      vertex 115.37 7.26057 4
    endloop
  endfacet
  facet normal -0 0 1
    outer loop
      vertex 114.539 6.42991 4
      vertex 116.8 -1 4
      vertex 114.982 6.81802 4
    endloop
  endfacet
  facet normal -0 0 1
    outer loop
      vertex 114.05 6.10289 4
      vertex 116.8 -1 4
      vertex 114.539 6.42991 4
    endloop
  endfacet
  facet normal -0 0 1
    outer loop
      vertex 113.522 5.84254 4
      vertex 116.8 -1 4
      vertex 114.05 6.10289 4
    endloop
  endfacet
  facet normal -0 0 1
    outer loop
      vertex 112.965 5.65333 4
      vertex 116.8 -1 4
      vertex 113.522 5.84254 4
    endloop
  endfacet
  facet normal -0 0 1
    outer loop
      vertex 112.387 5.5385 4
      vertex 116.8 -1 4
      vertex 112.965 5.65333 4
    endloop
  endfacet
  facet normal -0 0 1
    outer loop
      vertex 111.8 5.5 4
      vertex 116.8 -1 4
      vertex 112.387 5.5385 4
    endloop
  endfacet
  facet normal 0 -0 1
    outer loop
      vertex 112.8 -5 4
      vertex 116.8 -1 4
      vertex 111.8 5.5 4
    endloop
  endfacet
  facet normal 0 0 1
    outer loop
      vertex 116.8 -1 4
      vertex 112.8 -5 4
      vertex 116.766 -1.52211 4
    endloop
  endfacet
  facet normal 0 0 1
    outer loop
      vertex 116.766 -1.52211 4
      vertex 112.8 -5 4
      vertex 116.664 -2.03528 4
    endloop
  endfacet
  facet normal 0 0 1
    outer loop
      vertex 116.664 -2.03528 4
      vertex 112.8 -5 4
      vertex 116.495 -2.53073 4
    endloop
  endfacet
  facet normal 0 0 1
    outer loop
      vertex 116.495 -2.53073 4
      vertex 112.8 -5 4
      vertex 116.264 -3 4
    endloop
  endfacet
  facet normal 0 0 1
    outer loop
      vertex 116.264 -3 4
      vertex 112.8 -5 4
      vertex 115.973 -3.43504 4
    endloop
  endfacet
  facet normal 0 0 1
    outer loop
      vertex 115.973 -3.43504 4
      vertex 112.8 -5 4
      vertex 115.628 -3.82843 4
    endloop
  endfacet
  facet normal 0 0 1
    outer loop
      vertex 115.235 -4.17342 4
      vertex 112.8 -5 4
      vertex 114.8 -4.4641 4
    endloop
  endfacet
  facet normal 0 0 1
    outer loop
      vertex 114.8 -4.4641 4
      vertex 112.8 -5 4
      vertex 114.331 -4.69551 4
    endloop
  endfacet
  facet normal 0 0 1
    outer loop
      vertex 114.331 -4.69551 4
      vertex 112.8 -5 4
      vertex 113.835 -4.86371 4
    endloop
  endfacet
  facet normal 0 0 1
    outer loop
      vertex 113.835 -4.86371 4
      vertex 112.8 -5 4
      vertex 113.322 -4.96577 4
    endloop
  endfacet
  facet normal 0 0 1
    outer loop
      vertex 115.628 -3.82843 4
      vertex 112.8 -5 4
      vertex 115.235 -4.17342 4
    endloop
  endfacet
  facet normal 0 0 1
    outer loop
      vertex 111.213 5.5385 4
      vertex 112.8 -5 4
      vertex 111.8 5.5 4
    endloop
  endfacet
  facet normal 0 0 1
    outer loop
      vertex 110.635 5.65333 4
      vertex 112.8 -5 4
      vertex 111.213 5.5385 4
    endloop
  endfacet
  facet normal 0 0 1
    outer loop
      vertex 104.643 2.65099 4
      vertex 110.635 5.65333 4
      vertex 110.078 5.84254 4
    endloop
  endfacet
  facet normal 0 0 1
    outer loop
      vertex 104.769 3.42522 4
      vertex 110.078 5.84254 4
      vertex 109.55 6.10289 4
    endloop
  endfacet
  facet normal 0 0 1
    outer loop
      vertex 104.8 4 4
      vertex 109.55 6.10289 4
      vertex 109.061 6.42991 4
    endloop
  endfacet
  facet normal 0 0 1
    outer loop
      vertex 104.8 4 4
      vertex 109.061 6.42991 4
      vertex 108.618 6.81802 4
    endloop
  endfacet
  facet normal 0 0 1
    outer loop
      vertex 104.8 4 4
      vertex 108.618 6.81802 4
      vertex 108.23 7.26057 4
    endloop
  endfacet
  facet normal 0 0 1
    outer loop
      vertex 104.8 4 4
      vertex 108.23 7.26057 4
      vertex 107.903 7.75 4
    endloop
  endfacet
  facet normal 0 0 1
    outer loop
      vertex 104.8 4 4
      vertex 107.903 7.75 4
      vertex 107.643 8.27792 4
    endloop
  endfacet
  facet normal 0 0 1
    outer loop
      vertex 107.339 10.5874 4
      vertex 104.8 4 4
      vertex 107.3 10 4
    endloop
  endfacet
  facet normal 0 0 1
    outer loop
      vertex 104.8 4 4
      vertex 107.339 9.41263 4
      vertex 107.3 10 4
    endloop
  endfacet
  facet normal 0 0 1
    outer loop
      vertex 104.8 4 4
      vertex 107.453 8.83531 4
      vertex 107.339 9.41263 4
    endloop
  endfacet
  facet normal 0 0 1
    outer loop
      vertex 104.8 4 4
      vertex 107.643 8.27792 4
      vertex 107.453 8.83531 4
    endloop
  endfacet
  facet normal 0 0 1
    outer loop
      vertex 109.55 6.10289 4
      vertex 104.8 4 4
      vertex 104.793 3.7907 4
    endloop
  endfacet
  facet normal 0 0 1
    outer loop
      vertex 109.55 6.10289 4
      vertex 104.793 3.7907 4
      vertex 104.769 3.42522 4
    endloop
  endfacet
  facet normal 0 0 1
    outer loop
      vertex 110.078 5.84254 4
      vertex 104.769 3.42522 4
      vertex 104.715 3.01021 4
    endloop
  endfacet
  facet normal 0 0 1
    outer loop
      vertex 110.078 5.84254 4
      vertex 104.715 3.01021 4
      vertex 104.643 2.65099 4
    endloop
  endfacet
  facet normal 0 0 1
    outer loop
      vertex 110.635 5.65333 4
      vertex 104.643 2.65099 4
      vertex 104.535 2.24675 4
    endloop
  endfacet
  facet normal 0 0 1
    outer loop
      vertex 110.635 5.65333 4
      vertex 104.535 2.24675 4
      vertex 104.417 1.89993 4
    endloop
  endfacet
  facet normal 0 0 1
    outer loop
      vertex 110.635 5.65333 4
      vertex 104.417 1.89993 4
      vertex 112.8 -5 4
    endloop
  endfacet
  facet normal -0 0 1
    outer loop
      vertex 104.257 1.51305 4
      vertex 112.8 -5 4
      vertex 104.417 1.89993 4
    endloop
  endfacet
  facet normal -0 0 1
    outer loop
      vertex 104.095 1.18457 4
      vertex 112.8 -5 4
      vertex 104.257 1.51305 4
    endloop
  endfacet
  facet normal -0 0 1
    outer loop
      vertex 103.886 0.822235 4
      vertex 112.8 -5 4
      vertex 104.095 1.18457 4
    endloop
  endfacet
  facet normal -0 0 1
    outer loop
      vertex 103.682 0.5177 4
      vertex 112.8 -5 4
      vertex 103.886 0.822235 4
    endloop
  endfacet
  facet normal -0 0 1
    outer loop
      vertex 103.427 0.185623 4
      vertex 112.8 -5 4
      vertex 103.682 0.5177 4
    endloop
  endfacet
  facet normal -0 0 1
    outer loop
      vertex 103.186 -0.0897522 4
      vertex 112.8 -5 4
      vertex 103.427 0.185623 4
    endloop
  endfacet
  facet normal -0 0 1
    outer loop
      vertex 102.89 -0.385773 4
      vertex 112.8 -5 4
      vertex 103.186 -0.0897522 4
    endloop
  endfacet
  facet normal -0 0 1
    outer loop
      vertex 102.614 -0.627274 4
      vertex 112.8 -5 4
      vertex 102.89 -0.385773 4
    endloop
  endfacet
  facet normal -0 0 1
    outer loop
      vertex 102.282 -0.882141 4
      vertex 112.8 -5 4
      vertex 102.614 -0.627274 4
    endloop
  endfacet
  facet normal -0 0 1
    outer loop
      vertex 101.978 -1.08562 4
      vertex 112.8 -5 4
      vertex 102.282 -0.882141 4
    endloop
  endfacet
  facet normal -0 0 1
    outer loop
      vertex 101.615 -1.29482 4
      vertex 112.8 -5 4
      vertex 101.978 -1.08562 4
    endloop
  endfacet
  facet normal -0 0 1
    outer loop
      vertex 101.287 -1.45682 4
      vertex 112.8 -5 4
      vertex 101.615 -1.29482 4
    endloop
  endfacet
  facet normal -0 0 1
    outer loop
      vertex 100.9 -1.61708 4
      vertex 112.8 -5 4
      vertex 101.287 -1.45682 4
    endloop
  endfacet
  facet normal -0 0 1
    outer loop
      vertex 100.553 -1.7348 4
      vertex 112.8 -5 4
      vertex 100.9 -1.61708 4
    endloop
  endfacet
  facet normal -0 0 1
    outer loop
      vertex 100.149 -1.84311 4
      vertex 112.8 -5 4
      vertex 100.553 -1.7348 4
    endloop
  endfacet
  facet normal -0 0 1
    outer loop
      vertex 99.7898 -1.91457 4
      vertex 112.8 -5 4
      vertex 100.149 -1.84311 4
    endloop
  endfacet
  facet normal -0 0 1
    outer loop
      vertex 99.3748 -1.96921 4
      vertex 112.8 -5 4
      vertex 99.7898 -1.91457 4
    endloop
  endfacet
  facet normal -0 0 1
    outer loop
      vertex 99.0093 -1.99316 4
      vertex 112.8 -5 4
      vertex 99.3748 -1.96921 4
    endloop
  endfacet
  facet normal -0 0 1
    outer loop
      vertex 98.8 -2.00002 4
      vertex 112.8 -5 4
      vertex 99.0093 -1.99316 4
    endloop
  endfacet
  facet normal -0 0 1
    outer loop
      vertex 4 -2.00002 4
      vertex 112.8 -5 4
      vertex 98.8 -2.00002 4
    endloop
  endfacet
  facet normal 0 0 1
    outer loop
      vertex -2.00002 142.8 4
      vertex -4.5 73.4 4
      vertex -2.00002 4 4
    endloop
  endfacet
  facet normal -0 0 1
    outer loop
      vertex -4.5385 72.8126 4
      vertex -2.00002 4 4
      vertex -4.5 73.4 4
    endloop
  endfacet
  facet normal -0 0 1
    outer loop
      vertex -4.5385 9.41263 4
      vertex -2.00002 4 4
      vertex -4.5 10 4
    endloop
  endfacet
  facet normal -0 0 1
    outer loop
      vertex -4.65333 8.83531 4
      vertex -2.00002 4 4
      vertex -4.5385 9.41263 4
    endloop
  endfacet
  facet normal -0 0 1
    outer loop
      vertex -4.84254 8.27792 4
      vertex -2.00002 4 4
      vertex -4.65333 8.83531 4
    endloop
  endfacet
  facet normal -0 0 1
    outer loop
      vertex -5.10289 7.75 4
      vertex -2.00002 4 4
      vertex -4.84254 8.27792 4
    endloop
  endfacet
  facet normal -0 0 1
    outer loop
      vertex -5.42991 7.26057 4
      vertex -2.00002 4 4
      vertex -5.10289 7.75 4
    endloop
  endfacet
  facet normal -0 0 1
    outer loop
      vertex -5.81802 6.81802 4
      vertex -2.00002 4 4
      vertex -5.42991 7.26057 4
    endloop
  endfacet
  facet normal -0 0 1
    outer loop
      vertex -6.26057 6.42991 4
      vertex -2.00002 4 4
      vertex -5.81802 6.81802 4
    endloop
  endfacet
  facet normal -0 0 1
    outer loop
      vertex -6.75 6.10289 4
      vertex -2.00002 4 4
      vertex -6.26057 6.42991 4
    endloop
  endfacet
  facet normal 0 0 1
    outer loop
      vertex -2.00002 4 4
      vertex -6.75 6.10289 4
      vertex -1.99316 3.7907 4
    endloop
  endfacet
  facet normal 0 0 1
    outer loop
      vertex -1.99316 3.7907 4
      vertex -6.75 6.10289 4
      vertex -1.96921 3.42522 4
    endloop
  endfacet
  facet normal -0 0 1
    outer loop
      vertex -7.27792 5.84254 4
      vertex -1.96921 3.42522 4
      vertex -6.75 6.10289 4
    endloop
  endfacet
  facet normal 0 0 1
    outer loop
      vertex -1.96921 3.42522 4
      vertex -7.27792 5.84254 4
      vertex -1.91457 3.01021 4
    endloop
  endfacet
  facet normal 0 0 1
    outer loop
      vertex -1.91457 3.01021 4
      vertex -7.27792 5.84254 4
      vertex -1.84311 2.65099 4
    endloop
  endfacet
  facet normal -0 0 1
    outer loop
      vertex -7.83531 5.65333 4
      vertex -1.84311 2.65099 4
      vertex -7.27792 5.84254 4
    endloop
  endfacet
  facet normal 0 0 1
    outer loop
      vertex -1.84311 2.65099 4
      vertex -7.83531 5.65333 4
      vertex -1.7348 2.24675 4
    endloop
  endfacet
  facet normal 0 0 1
    outer loop
      vertex -1.7348 2.24675 4
      vertex -7.83531 5.65333 4
      vertex -1.61708 1.89993 4
    endloop
  endfacet
  facet normal 0 0 1
    outer loop
      vertex -10 -5 4
      vertex -1.61708 1.89993 4
      vertex -7.83531 5.65333 4
    endloop
  endfacet
  facet normal 0 0 1
    outer loop
      vertex -1.61708 1.89993 4
      vertex -10 -5 4
      vertex -1.45682 1.51305 4
    endloop
  endfacet
  facet normal 0 0 1
    outer loop
      vertex -1.45682 1.51305 4
      vertex -10 -5 4
      vertex -1.29482 1.18457 4
    endloop
  endfacet
  facet normal 0 0 1
    outer loop
      vertex -1.29482 1.18457 4
      vertex -10 -5 4
      vertex -1.08562 0.822235 4
    endloop
  endfacet
  facet normal 0 0 1
    outer loop
      vertex -1.08562 0.822235 4
      vertex -10 -5 4
      vertex -0.882141 0.5177 4
    endloop
  endfacet
  facet normal 0 0 1
    outer loop
      vertex -0.882141 0.5177 4
      vertex -10 -5 4
      vertex -0.627274 0.185547 4
    endloop
  endfacet
  facet normal 0 0 1
    outer loop
      vertex -0.627274 0.185547 4
      vertex -10 -5 4
      vertex -0.385773 -0.0898285 4
    endloop
  endfacet
  facet normal 0 0 1
    outer loop
      vertex -0.385773 -0.0898285 4
      vertex -10 -5 4
      vertex -0.0898285 -0.385773 4
    endloop
  endfacet
  facet normal 0 0 1
    outer loop
      vertex -10 -5 4
      vertex -7.83531 5.65333 4
      vertex -8.41263 5.5385 4
    endloop
  endfacet
  facet normal 0 0 1
    outer loop
      vertex -0.0898285 -0.385773 4
      vertex -10 -5 4
      vertex 0.185547 -0.627274 4
    endloop
  endfacet
  facet normal 0 0 1
    outer loop
      vertex -10 -5 4
      vertex -8.41263 5.5385 4
      vertex -9 5.5 4
    endloop
  endfacet
  facet normal 0 0 1
    outer loop
      vertex -14 -1 4
      vertex -9 5.5 4
      vertex -9.58737 5.5385 4
    endloop
  endfacet
  facet normal 0 0 1
    outer loop
      vertex 0.185547 -0.627274 4
      vertex -10 -5 4
      vertex 0.5177 -0.882141 4
    endloop
  endfacet
  facet normal 0 0 1
    outer loop
      vertex 4 -2.00002 4
      vertex -10 -5 4
      vertex 112.8 -5 4
    endloop
  endfacet
  facet normal 0 0 1
    outer loop
      vertex 3.7907 -1.99316 4
      vertex -10 -5 4
      vertex 4 -2.00002 4
    endloop
  endfacet
  facet normal 0 0 1
    outer loop
      vertex 3.42522 -1.96921 4
      vertex -10 -5 4
      vertex 3.7907 -1.99316 4
    endloop
  endfacet
  facet normal 0 0 1
    outer loop
      vertex 3.01021 -1.91457 4
      vertex -10 -5 4
      vertex 3.42522 -1.96921 4
    endloop
  endfacet
  facet normal 0 0 1
    outer loop
      vertex 2.65099 -1.84311 4
      vertex -10 -5 4
      vertex 3.01021 -1.91457 4
    endloop
  endfacet
  facet normal 0 0 1
    outer loop
      vertex 2.24675 -1.7348 4
      vertex -10 -5 4
      vertex 2.65099 -1.84311 4
    endloop
  endfacet
  facet normal 0 0 1
    outer loop
      vertex 1.89993 -1.61708 4
      vertex -10 -5 4
      vertex 2.24675 -1.7348 4
    endloop
  endfacet
  facet normal 0 0 1
    outer loop
      vertex 1.51305 -1.45682 4
      vertex -10 -5 4
      vertex 1.89993 -1.61708 4
    endloop
  endfacet
  facet normal 0 0 1
    outer loop
      vertex 1.18457 -1.29482 4
      vertex -10 -5 4
      vertex 1.51305 -1.45682 4
    endloop
  endfacet
  facet normal 0 0 1
    outer loop
      vertex 0.822235 -1.08562 4
      vertex -10 -5 4
      vertex 1.18457 -1.29482 4
    endloop
  endfacet
  facet normal 0 0 1
    outer loop
      vertex 0.5177 -0.882141 4
      vertex -10 -5 4
      vertex 0.822235 -1.08562 4
    endloop
  endfacet
  facet normal 0 0 1
    outer loop
      vertex -14 -1 4
      vertex -9.58737 5.5385 4
      vertex -10.1647 5.65333 4
    endloop
  endfacet
  facet normal 0 0 1
    outer loop
      vertex -9 5.5 4
      vertex -14 -1 4
      vertex -10 -5 4
    endloop
  endfacet
  facet normal 0 0 1
    outer loop
      vertex -14 -1 4
      vertex -10.1647 5.65333 4
      vertex -10.7221 5.84254 4
    endloop
  endfacet
  facet normal 0 0 1
    outer loop
      vertex -10 -5 4
      vertex -14 -1 4
      vertex -10.5221 -4.96577 4
    endloop
  endfacet
  facet normal 0 0 1
    outer loop
      vertex -14 -1 4
      vertex -10.7221 5.84254 4
      vertex -11.25 6.10289 4
    endloop
  endfacet
  facet normal 0 0 1
    outer loop
      vertex -10.5221 -4.96577 4
      vertex -14 -1 4
      vertex -11.0353 -4.86371 4
    endloop
  endfacet
  facet normal 0 0 1
    outer loop
      vertex -14 -1 4
      vertex -11.25 6.10289 4
      vertex -11.7394 6.42991 4
    endloop
  endfacet
  facet normal 0 0 1
    outer loop
      vertex -11.0353 -4.86371 4
      vertex -14 -1 4
      vertex -11.5307 -4.69551 4
    endloop
  endfacet
  facet normal 0 0 1
    outer loop
      vertex -14 -1 4
      vertex -11.7394 6.42991 4
      vertex -12.182 6.81802 4
    endloop
  endfacet
  facet normal 0 0 1
    outer loop
      vertex -11.5307 -4.69551 4
      vertex -14 -1 4
      vertex -12 -4.4641 4
    endloop
  endfacet
  facet normal 0 0 1
    outer loop
      vertex -14 -1 4
      vertex -12.182 6.81802 4
      vertex -12.5701 7.26057 4
    endloop
  endfacet
  facet normal 0 0 1
    outer loop
      vertex -12 -4.4641 4
      vertex -14 -1 4
      vertex -12.435 -4.17342 4
    endloop
  endfacet
  facet normal 0 0 1
    outer loop
      vertex -14 -1 4
      vertex -12.5701 7.26057 4
      vertex -12.8971 7.75 4
    endloop
  endfacet
  facet normal 0 0 1
    outer loop
      vertex -14 -1 4
      vertex -12.8971 7.75 4
      vertex -13.1575 8.27792 4
    endloop
  endfacet
  facet normal 0 0 1
    outer loop
      vertex -12.435 -4.17342 4
      vertex -14 -1 4
      vertex -12.8284 -3.82843 4
    endloop
  endfacet
  facet normal 0 0 1
    outer loop
      vertex -14 -1 4
      vertex -13.1575 8.27792 4
      vertex -13.3467 8.83531 4
    endloop
  endfacet
  facet normal 0 0 1
    outer loop
      vertex -14 -1 4
      vertex -13.3467 8.83531 4
      vertex -13.4615 9.41263 4
    endloop
  endfacet
  facet normal 0 0 1
    outer loop
      vertex -12.8284 -3.82843 4
      vertex -14 -1 4
      vertex -13.1734 -3.43504 4
    endloop
  endfacet
  facet normal 0 0 1
    outer loop
      vertex -14 -1 4
      vertex -13.4615 9.41263 4
      vertex -13.5 10 4
    endloop
  endfacet
  facet normal 0 0 1
    outer loop
      vertex -13.1734 -3.43504 4
      vertex -14 -1 4
      vertex -13.4641 -3 4
    endloop
  endfacet
  facet normal 0 0 1
    outer loop
      vertex -14 -1 4
      vertex -13.5 73.4 4
      vertex -14 147.8 4
    endloop
  endfacet
  facet normal 0 0 1
    outer loop
      vertex -14 147.8 4
      vertex -13.6955 149.331 4
      vertex -13.8637 148.835 4
    endloop
  endfacet
  facet normal 0 0 1
    outer loop
      vertex -13.5 73.4 4
      vertex -14 -1 4
      vertex -13.5 10 4
    endloop
  endfacet
  facet normal 0 0 1
    outer loop
      vertex -14 147.8 4
      vertex -13.8637 148.835 4
      vertex -13.9658 148.322 4
    endloop
  endfacet
  facet normal 0 0 1
    outer loop
      vertex -13.4641 -3 4
      vertex -14 -1 4
      vertex -13.6955 -2.53073 4
    endloop
  endfacet
  facet normal 0 0 1
    outer loop
      vertex -13.6955 -2.53073 4
      vertex -14 -1 4
      vertex -13.8637 -2.03528 4
    endloop
  endfacet
  facet normal 0 0 1
    outer loop
      vertex -13.8637 -2.03528 4
      vertex -14 -1 4
      vertex -13.9658 -1.52211 4
    endloop
  endfacet
  facet normal -0 0 1
    outer loop
      vertex 4.39998 142.4 4
      vertex 98.4 4.39998 4
      vertex 98.4 142.4 4
    endloop
  endfacet
  facet normal 0 0 1
    outer loop
      vertex 98.4 4.39998 4
      vertex 4.39998 142.4 4
      vertex 4.39998 4.39998 4
    endloop
  endfacet
  facet normal 0.5556 -0.83145 0
    outer loop
      vertex 114.8 -4.4641 0
      vertex 115.235 -4.17342 4
      vertex 114.8 -4.4641 4
    endloop
  endfacet
  facet normal 0.5556 -0.83145 0
    outer loop
      vertex 115.235 -4.17342 4
      vertex 114.8 -4.4641 0
      vertex 115.235 -4.17342 0
    endloop
  endfacet
  facet normal 0.659722 0.75151 -0
    outer loop
      vertex 115.628 150.628 0
      vertex 115.235 150.973 4
      vertex 115.628 150.628 4
    endloop
  endfacet
  facet normal 0.659722 0.75151 0
    outer loop
      vertex 115.235 150.973 4
      vertex 115.628 150.628 0
      vertex 115.235 150.973 0
    endloop
  endfacet
  facet normal 0.659711 -0.751519 0
    outer loop
      vertex 115.235 -4.17342 0
      vertex 115.628 -3.82843 4
      vertex 115.235 -4.17342 4
    endloop
  endfacet
  facet normal 0.659711 -0.751519 0
    outer loop
      vertex 115.628 -3.82843 4
      vertex 115.235 -4.17342 0
      vertex 115.628 -3.82843 0
    endloop
  endfacet
  facet normal 0.897089 0.44185 0
    outer loop
      vertex 116.495 149.331 4
      vertex 116.264 149.8 0
      vertex 116.264 149.8 4
    endloop
  endfacet
  facet normal 0.897089 0.44185 0
    outer loop
      vertex 116.264 149.8 0
      vertex 116.495 149.331 4
      vertex 116.495 149.331 0
    endloop
  endfacet
  facet normal 0.751834 -0.659353 0
    outer loop
      vertex 115.628 -3.82843 4
      vertex 115.973 -3.43504 0
      vertex 115.973 -3.43504 4
    endloop
  endfacet
  facet normal 0.751834 -0.659353 0
    outer loop
      vertex 115.973 -3.43504 0
      vertex 115.628 -3.82843 4
      vertex 115.628 -3.82843 0
    endloop
  endfacet
  facet normal 0 0 -1
    outer loop
      vertex 110.229 74.0506 0
      vertex -7.4294 74.0506 0
      vertex 110.328 74.25 0
    endloop
  endfacet
  facet normal 0 0 -1
    outer loop
      vertex 110.328 135.95 0
      vertex -7.31454 136.578 0
      vertex -7.3 136.8 0
    endloop
  endfacet
  facet normal 0 0 -1
    outer loop
      vertex -7.52776 74.25 0
      vertex 110.328 74.25 0
      vertex -7.4294 74.0506 0
    endloop
  endfacet
  facet normal 0 0 -1
    outer loop
      vertex 110.328 135.95 0
      vertex -7.35793 136.36 0
      vertex -7.31454 136.578 0
    endloop
  endfacet
  facet normal 0 0 -1
    outer loop
      vertex 110.328 74.25 0
      vertex -7.52776 74.25 0
      vertex 110.328 135.95 0
    endloop
  endfacet
  facet normal 0 0 -1
    outer loop
      vertex 110.328 135.95 0
      vertex -7.4294 136.149 0
      vertex -7.35793 136.36 0
    endloop
  endfacet
  facet normal 0 0 -1
    outer loop
      vertex -7.52776 135.95 0
      vertex 110.328 135.95 0
      vertex -7.52776 74.25 0
    endloop
  endfacet
  facet normal 0 0 -1
    outer loop
      vertex 110.328 135.95 0
      vertex -7.52776 135.95 0
      vertex -7.4294 136.149 0
    endloop
  endfacet
  facet normal 0 0 -1
    outer loop
      vertex -7.6513 74.4349 0
      vertex -7.52776 135.95 0
      vertex -7.52776 74.25 0
    endloop
  endfacet
  facet normal 0 0 -1
    outer loop
      vertex -7.6513 74.4349 0
      vertex -7.6513 135.765 0
      vertex -7.52776 135.95 0
    endloop
  endfacet
  facet normal 0 0 -1
    outer loop
      vertex -7.79792 74.6021 0
      vertex -7.6513 135.765 0
      vertex -7.6513 74.4349 0
    endloop
  endfacet
  facet normal 0 0 -1
    outer loop
      vertex -7.79792 74.6021 0
      vertex -7.79792 135.598 0
      vertex -7.6513 135.765 0
    endloop
  endfacet
  facet normal 0 0 -1
    outer loop
      vertex -7.96511 74.7487 0
      vertex -7.79792 135.598 0
      vertex -7.79792 74.6021 0
    endloop
  endfacet
  facet normal 0 0 -1
    outer loop
      vertex -7.96511 74.7487 0
      vertex -7.96511 135.451 0
      vertex -7.79792 135.598 0
    endloop
  endfacet
  facet normal 0 0 -1
    outer loop
      vertex -8.15 74.8722 0
      vertex -7.96511 135.451 0
      vertex -7.96511 74.7487 0
    endloop
  endfacet
  facet normal 0 0 -1
    outer loop
      vertex -8.15 74.8722 0
      vertex -8.15 135.328 0
      vertex -7.96511 135.451 0
    endloop
  endfacet
  facet normal 0 0 -1
    outer loop
      vertex -8.34944 74.9706 0
      vertex -8.15 135.328 0
      vertex -8.15 74.8722 0
    endloop
  endfacet
  facet normal 0 0 -1
    outer loop
      vertex -8.34944 74.9706 0
      vertex -8.34944 135.229 0
      vertex -8.15 135.328 0
    endloop
  endfacet
  facet normal 0 0 -1
    outer loop
      vertex -8.56001 75.0421 0
      vertex -8.34944 135.229 0
      vertex -8.34944 74.9706 0
    endloop
  endfacet
  facet normal 0 0 -1
    outer loop
      vertex -8.56001 75.0421 0
      vertex -8.56001 135.158 0
      vertex -8.34944 135.229 0
    endloop
  endfacet
  facet normal 0 0 -1
    outer loop
      vertex -8.7781 75.0855 0
      vertex -8.56001 135.158 0
      vertex -8.56001 75.0421 0
    endloop
  endfacet
  facet normal 0 0 -1
    outer loop
      vertex -8.7781 75.0855 0
      vertex -8.7781 135.115 0
      vertex -8.56001 135.158 0
    endloop
  endfacet
  facet normal 0 0 -1
    outer loop
      vertex -9 75.1 0
      vertex -8.7781 135.115 0
      vertex -8.7781 75.0855 0
    endloop
  endfacet
  facet normal 0 0 -1
    outer loop
      vertex -9 75.1 0
      vertex -9 135.1 0
      vertex -8.7781 135.115 0
    endloop
  endfacet
  facet normal 0 0 -1
    outer loop
      vertex -9.22189 75.0855 0
      vertex -9 135.1 0
      vertex -9 75.1 0
    endloop
  endfacet
  facet normal 0 0 -1
    outer loop
      vertex -9.22189 75.0855 0
      vertex -9.22189 135.115 0
      vertex -9 135.1 0
    endloop
  endfacet
  facet normal 0 0 -1
    outer loop
      vertex -9.43999 75.0421 0
      vertex -9.22189 135.115 0
      vertex -9.22189 75.0855 0
    endloop
  endfacet
  facet normal 0 0 -1
    outer loop
      vertex -9.43999 75.0421 0
      vertex -9.43999 135.158 0
      vertex -9.22189 135.115 0
    endloop
  endfacet
  facet normal 0 0 -1
    outer loop
      vertex -9.65056 74.9706 0
      vertex -9.43999 135.158 0
      vertex -9.43999 75.0421 0
    endloop
  endfacet
  facet normal 0 0 -1
    outer loop
      vertex -9.65056 74.9706 0
      vertex -9.65056 135.229 0
      vertex -9.43999 135.158 0
    endloop
  endfacet
  facet normal 0 0 -1
    outer loop
      vertex -9.85 74.8722 0
      vertex -9.65056 135.229 0
      vertex -9.65056 74.9706 0
    endloop
  endfacet
  facet normal 0 0 -1
    outer loop
      vertex -9.85 74.8722 0
      vertex -9.85 135.328 0
      vertex -9.65056 135.229 0
    endloop
  endfacet
  facet normal 0 0 -1
    outer loop
      vertex -10.0349 74.7487 0
      vertex -9.85 135.328 0
      vertex -9.85 74.8722 0
    endloop
  endfacet
  facet normal 0 0 -1
    outer loop
      vertex -10.0349 74.7487 0
      vertex -10.0349 135.451 0
      vertex -9.85 135.328 0
    endloop
  endfacet
  facet normal 0 0 -1
    outer loop
      vertex -10.2021 74.6021 0
      vertex -10.0349 135.451 0
      vertex -10.0349 74.7487 0
    endloop
  endfacet
  facet normal 0 0 -1
    outer loop
      vertex -10.2021 74.6021 0
      vertex -10.2021 135.598 0
      vertex -10.0349 135.451 0
    endloop
  endfacet
  facet normal 0 0 -1
    outer loop
      vertex -10.3487 74.4349 0
      vertex -10.2021 135.598 0
      vertex -10.2021 74.6021 0
    endloop
  endfacet
  facet normal 0 0 -1
    outer loop
      vertex -10.3487 74.4349 0
      vertex -10.3487 135.765 0
      vertex -10.2021 135.598 0
    endloop
  endfacet
  facet normal 0 0 -1
    outer loop
      vertex -10.4722 74.25 0
      vertex -10.3487 135.765 0
      vertex -10.3487 74.4349 0
    endloop
  endfacet
  facet normal 0 0 -1
    outer loop
      vertex -10.4722 74.25 0
      vertex -10.4722 135.95 0
      vertex -10.3487 135.765 0
    endloop
  endfacet
  facet normal 0 0 -1
    outer loop
      vertex -10.5706 74.0506 0
      vertex -10.4722 135.95 0
      vertex -10.4722 74.25 0
    endloop
  endfacet
  facet normal 0 0 -1
    outer loop
      vertex -10.5706 74.0506 0
      vertex -10.5706 136.149 0
      vertex -10.4722 135.95 0
    endloop
  endfacet
  facet normal 0 0 -1
    outer loop
      vertex -10.6421 73.84 0
      vertex -10.5706 136.149 0
      vertex -10.5706 74.0506 0
    endloop
  endfacet
  facet normal 0 0 -1
    outer loop
      vertex -10.6421 73.84 0
      vertex -10.6421 136.36 0
      vertex -10.5706 136.149 0
    endloop
  endfacet
  facet normal 0 0 -1
    outer loop
      vertex -14 147.8 0
      vertex -10.6421 73.84 0
      vertex -10.6855 73.6219 0
    endloop
  endfacet
  facet normal 0 0 -1
    outer loop
      vertex -10.6421 73.84 0
      vertex -14 147.8 0
      vertex -10.6421 136.36 0
    endloop
  endfacet
  facet normal 0 0 -1
    outer loop
      vertex -14 147.8 0
      vertex -10.6855 73.6219 0
      vertex -10.7 73.4 0
    endloop
  endfacet
  facet normal 0 0 -1
    outer loop
      vertex -10.6421 136.36 0
      vertex -14 147.8 0
      vertex -10.6855 136.578 0
    endloop
  endfacet
  facet normal 0 0 -1
    outer loop
      vertex -7.4294 10.6506 0
      vertex 110.229 10.6506 0
      vertex -7.35793 10.44 0
    endloop
  endfacet
  facet normal 0 0 -1
    outer loop
      vertex 110.328 10.85 0
      vertex -7.31454 73.1781 0
      vertex -7.3 73.4 0
    endloop
  endfacet
  facet normal 0 0 -1
    outer loop
      vertex 110.229 10.6506 0
      vertex -7.4294 10.6506 0
      vertex 110.328 10.85 0
    endloop
  endfacet
  facet normal 0 0 -1
    outer loop
      vertex 110.328 10.85 0
      vertex -7.35793 72.96 0
      vertex -7.31454 73.1781 0
    endloop
  endfacet
  facet normal 0 0 -1
    outer loop
      vertex -7.52776 10.85 0
      vertex 110.328 10.85 0
      vertex -7.4294 10.6506 0
    endloop
  endfacet
  facet normal 0 0 -1
    outer loop
      vertex 110.328 10.85 0
      vertex -7.4294 72.7494 0
      vertex -7.35793 72.96 0
    endloop
  endfacet
  facet normal 0 0 -1
    outer loop
      vertex -7.52776 72.55 0
      vertex 110.328 10.85 0
      vertex -7.52776 10.85 0
    endloop
  endfacet
  facet normal 0 0 -1
    outer loop
      vertex 110.328 10.85 0
      vertex -7.52776 72.55 0
      vertex -7.4294 72.7494 0
    endloop
  endfacet
  facet normal 0 0 -1
    outer loop
      vertex -7.6513 11.0349 0
      vertex -7.52776 72.55 0
      vertex -7.52776 10.85 0
    endloop
  endfacet
  facet normal 0 0 -1
    outer loop
      vertex -7.6513 11.0349 0
      vertex -7.6513 72.3651 0
      vertex -7.52776 72.55 0
    endloop
  endfacet
  facet normal 0 0 -1
    outer loop
      vertex -7.79792 11.2021 0
      vertex -7.6513 72.3651 0
      vertex -7.6513 11.0349 0
    endloop
  endfacet
  facet normal 0 0 -1
    outer loop
      vertex -7.79792 11.2021 0
      vertex -7.79792 72.1979 0
      vertex -7.6513 72.3651 0
    endloop
  endfacet
  facet normal 0 0 -1
    outer loop
      vertex -7.96511 11.3487 0
      vertex -7.79792 72.1979 0
      vertex -7.79792 11.2021 0
    endloop
  endfacet
  facet normal 0 0 -1
    outer loop
      vertex -7.96511 11.3487 0
      vertex -7.96511 72.0513 0
      vertex -7.79792 72.1979 0
    endloop
  endfacet
  facet normal 0 0 -1
    outer loop
      vertex -8.15 11.4722 0
      vertex -7.96511 72.0513 0
      vertex -7.96511 11.3487 0
    endloop
  endfacet
  facet normal 0 0 -1
    outer loop
      vertex -8.15 11.4722 0
      vertex -8.15 71.9278 0
      vertex -7.96511 72.0513 0
    endloop
  endfacet
  facet normal 0 0 -1
    outer loop
      vertex -8.34944 11.5706 0
      vertex -8.15 71.9278 0
      vertex -8.15 11.4722 0
    endloop
  endfacet
  facet normal 0 0 -1
    outer loop
      vertex -8.34944 11.5706 0
      vertex -8.34944 71.8294 0
      vertex -8.15 71.9278 0
    endloop
  endfacet
  facet normal 0 0 -1
    outer loop
      vertex -8.56001 11.6421 0
      vertex -8.34944 71.8294 0
      vertex -8.34944 11.5706 0
    endloop
  endfacet
  facet normal 0 0 -1
    outer loop
      vertex -8.56001 11.6421 0
      vertex -8.56001 71.7579 0
      vertex -8.34944 71.8294 0
    endloop
  endfacet
  facet normal 0 0 -1
    outer loop
      vertex -8.7781 11.6855 0
      vertex -8.56001 71.7579 0
      vertex -8.56001 11.6421 0
    endloop
  endfacet
  facet normal 0 0 -1
    outer loop
      vertex -8.7781 11.6855 0
      vertex -8.7781 71.7145 0
      vertex -8.56001 71.7579 0
    endloop
  endfacet
  facet normal 0 0 -1
    outer loop
      vertex -9 11.7 0
      vertex -8.7781 71.7145 0
      vertex -8.7781 11.6855 0
    endloop
  endfacet
  facet normal 0 0 -1
    outer loop
      vertex -9 11.7 0
      vertex -9 71.7 0
      vertex -8.7781 71.7145 0
    endloop
  endfacet
  facet normal 0 0 -1
    outer loop
      vertex -9.22189 11.6855 0
      vertex -9 71.7 0
      vertex -9 11.7 0
    endloop
  endfacet
  facet normal 0 0 -1
    outer loop
      vertex -9.22189 11.6855 0
      vertex -9.22189 71.7145 0
      vertex -9 71.7 0
    endloop
  endfacet
  facet normal 0 0 -1
    outer loop
      vertex -9.43999 11.6421 0
      vertex -9.22189 71.7145 0
      vertex -9.22189 11.6855 0
    endloop
  endfacet
  facet normal 0 0 -1
    outer loop
      vertex -9.43999 11.6421 0
      vertex -9.43999 71.7579 0
      vertex -9.22189 71.7145 0
    endloop
  endfacet
  facet normal 0 0 -1
    outer loop
      vertex -9.65056 11.5706 0
      vertex -9.43999 71.7579 0
      vertex -9.43999 11.6421 0
    endloop
  endfacet
  facet normal 0 0 -1
    outer loop
      vertex -9.65056 11.5706 0
      vertex -9.65056 71.8294 0
      vertex -9.43999 71.7579 0
    endloop
  endfacet
  facet normal 0 0 -1
    outer loop
      vertex -9.85 11.4722 0
      vertex -9.65056 71.8294 0
      vertex -9.65056 11.5706 0
    endloop
  endfacet
  facet normal 0 0 -1
    outer loop
      vertex -9.85 11.4722 0
      vertex -9.85 71.9278 0
      vertex -9.65056 71.8294 0
    endloop
  endfacet
  facet normal 0 0 -1
    outer loop
      vertex -10.0349 11.3487 0
      vertex -9.85 71.9278 0
      vertex -9.85 11.4722 0
    endloop
  endfacet
  facet normal 0 0 -1
    outer loop
      vertex -10.0349 11.3487 0
      vertex -10.0349 72.0513 0
      vertex -9.85 71.9278 0
    endloop
  endfacet
  facet normal 0 0 -1
    outer loop
      vertex -10.2021 11.2021 0
      vertex -10.0349 72.0513 0
      vertex -10.0349 11.3487 0
    endloop
  endfacet
  facet normal 0 0 -1
    outer loop
      vertex -10.2021 11.2021 0
      vertex -10.2021 72.1979 0
      vertex -10.0349 72.0513 0
    endloop
  endfacet
  facet normal 0 0 -1
    outer loop
      vertex -10.3487 11.0349 0
      vertex -10.2021 72.1979 0
      vertex -10.2021 11.2021 0
    endloop
  endfacet
  facet normal 0 0 -1
    outer loop
      vertex -10.3487 11.0349 0
      vertex -10.3487 72.3651 0
      vertex -10.2021 72.1979 0
    endloop
  endfacet
  facet normal 0 0 -1
    outer loop
      vertex -10.4722 10.85 0
      vertex -10.3487 72.3651 0
      vertex -10.3487 11.0349 0
    endloop
  endfacet
  facet normal 0 0 -1
    outer loop
      vertex -10.4722 10.85 0
      vertex -10.4722 72.55 0
      vertex -10.3487 72.3651 0
    endloop
  endfacet
  facet normal 0 0 -1
    outer loop
      vertex -10.5706 10.6506 0
      vertex -10.4722 72.55 0
      vertex -10.4722 10.85 0
    endloop
  endfacet
  facet normal 0 0 -1
    outer loop
      vertex -10.5706 10.6506 0
      vertex -10.5706 72.7494 0
      vertex -10.4722 72.55 0
    endloop
  endfacet
  facet normal 0 0 -1
    outer loop
      vertex -10.6421 10.44 0
      vertex -10.5706 72.7494 0
      vertex -10.5706 10.6506 0
    endloop
  endfacet
  facet normal 0 0 -1
    outer loop
      vertex -10.6421 10.44 0
      vertex -10.6421 72.96 0
      vertex -10.5706 72.7494 0
    endloop
  endfacet
  facet normal 0 0 -1
    outer loop
      vertex -14 -1 0
      vertex -10.6421 10.44 0
      vertex -10.6855 10.2219 0
    endloop
  endfacet
  facet normal -0 0 -1
    outer loop
      vertex -10.6421 10.44 0
      vertex -14 -1 0
      vertex -10.6421 72.96 0
    endloop
  endfacet
  facet normal 0 0 -1
    outer loop
      vertex -14 -1 0
      vertex -10.6855 10.2219 0
      vertex -10.7 10 0
    endloop
  endfacet
  facet normal -0 0 -1
    outer loop
      vertex -10.6421 72.96 0
      vertex -14 -1 0
      vertex -10.6855 73.1781 0
    endloop
  endfacet
  facet normal 0 0 -1
    outer loop
      vertex 113.442 73.84 0
      vertex 116.8 147.8 0
      vertex 113.485 73.6219 0
    endloop
  endfacet
  facet normal 0 0 -1
    outer loop
      vertex 116.8 147.8 0
      vertex 113.485 136.578 0
      vertex 113.5 136.8 0
    endloop
  endfacet
  facet normal 0 0 -1
    outer loop
      vertex 113.442 136.36 0
      vertex 116.8 147.8 0
      vertex 113.442 73.84 0
    endloop
  endfacet
  facet normal 0 0 -1
    outer loop
      vertex 116.8 147.8 0
      vertex 113.442 136.36 0
      vertex 113.485 136.578 0
    endloop
  endfacet
  facet normal 0 0 -1
    outer loop
      vertex 113.371 74.0506 0
      vertex 113.442 136.36 0
      vertex 113.442 73.84 0
    endloop
  endfacet
  facet normal 0 0 -1
    outer loop
      vertex 113.371 74.0506 0
      vertex 113.371 136.149 0
      vertex 113.442 136.36 0
    endloop
  endfacet
  facet normal 0 0 -1
    outer loop
      vertex 113.272 74.25 0
      vertex 113.371 136.149 0
      vertex 113.371 74.0506 0
    endloop
  endfacet
  facet normal 0 0 -1
    outer loop
      vertex 113.272 74.25 0
      vertex 113.272 135.95 0
      vertex 113.371 136.149 0
    endloop
  endfacet
  facet normal 0 0 -1
    outer loop
      vertex 113.149 74.4349 0
      vertex 113.272 135.95 0
      vertex 113.272 74.25 0
    endloop
  endfacet
  facet normal 0 0 -1
    outer loop
      vertex 113.149 74.4349 0
      vertex 113.149 135.765 0
      vertex 113.272 135.95 0
    endloop
  endfacet
  facet normal 0 0 -1
    outer loop
      vertex 113.002 74.6021 0
      vertex 113.149 135.765 0
      vertex 113.149 74.4349 0
    endloop
  endfacet
  facet normal 0 0 -1
    outer loop
      vertex 113.002 74.6021 0
      vertex 113.002 135.598 0
      vertex 113.149 135.765 0
    endloop
  endfacet
  facet normal 0 0 -1
    outer loop
      vertex 112.835 74.7487 0
      vertex 113.002 135.598 0
      vertex 113.002 74.6021 0
    endloop
  endfacet
  facet normal 0 0 -1
    outer loop
      vertex 112.835 74.7487 0
      vertex 112.835 135.451 0
      vertex 113.002 135.598 0
    endloop
  endfacet
  facet normal 0 0 -1
    outer loop
      vertex 112.65 74.8722 0
      vertex 112.835 135.451 0
      vertex 112.835 74.7487 0
    endloop
  endfacet
  facet normal 0 0 -1
    outer loop
      vertex 112.65 74.8722 0
      vertex 112.65 135.328 0
      vertex 112.835 135.451 0
    endloop
  endfacet
  facet normal 0 0 -1
    outer loop
      vertex 112.451 74.9706 0
      vertex 112.65 135.328 0
      vertex 112.65 74.8722 0
    endloop
  endfacet
  facet normal 0 0 -1
    outer loop
      vertex 112.451 74.9706 0
      vertex 112.451 135.229 0
      vertex 112.65 135.328 0
    endloop
  endfacet
  facet normal 0 0 -1
    outer loop
      vertex 112.24 75.0421 0
      vertex 112.451 135.229 0
      vertex 112.451 74.9706 0
    endloop
  endfacet
  facet normal 0 0 -1
    outer loop
      vertex 112.24 75.0421 0
      vertex 112.24 135.158 0
      vertex 112.451 135.229 0
    endloop
  endfacet
  facet normal 0 0 -1
    outer loop
      vertex 112.022 75.0855 0
      vertex 112.24 135.158 0
      vertex 112.24 75.0421 0
    endloop
  endfacet
  facet normal 0 0 -1
    outer loop
      vertex 112.022 75.0855 0
      vertex 112.022 135.115 0
      vertex 112.24 135.158 0
    endloop
  endfacet
  facet normal 0 0 -1
    outer loop
      vertex 111.8 75.1 0
      vertex 112.022 135.115 0
      vertex 112.022 75.0855 0
    endloop
  endfacet
  facet normal 0 0 -1
    outer loop
      vertex 111.8 75.1 0
      vertex 111.8 135.1 0
      vertex 112.022 135.115 0
    endloop
  endfacet
  facet normal 0 0 -1
    outer loop
      vertex 111.578 75.0855 0
      vertex 111.8 135.1 0
      vertex 111.8 75.1 0
    endloop
  endfacet
  facet normal 0 0 -1
    outer loop
      vertex 111.578 75.0855 0
      vertex 111.578 135.115 0
      vertex 111.8 135.1 0
    endloop
  endfacet
  facet normal 0 0 -1
    outer loop
      vertex 111.36 75.0421 0
      vertex 111.578 135.115 0
      vertex 111.578 75.0855 0
    endloop
  endfacet
  facet normal 0 0 -1
    outer loop
      vertex 111.36 75.0421 0
      vertex 111.36 135.158 0
      vertex 111.578 135.115 0
    endloop
  endfacet
  facet normal 0 0 -1
    outer loop
      vertex 111.149 74.9706 0
      vertex 111.36 135.158 0
      vertex 111.36 75.0421 0
    endloop
  endfacet
  facet normal 0 0 -1
    outer loop
      vertex 111.149 74.9706 0
      vertex 111.149 135.229 0
      vertex 111.36 135.158 0
    endloop
  endfacet
  facet normal 0 0 -1
    outer loop
      vertex 110.95 74.8722 0
      vertex 111.149 135.229 0
      vertex 111.149 74.9706 0
    endloop
  endfacet
  facet normal 0 0 -1
    outer loop
      vertex 110.95 74.8722 0
      vertex 110.95 135.328 0
      vertex 111.149 135.229 0
    endloop
  endfacet
  facet normal 0 0 -1
    outer loop
      vertex 110.765 74.7487 0
      vertex 110.95 135.328 0
      vertex 110.95 74.8722 0
    endloop
  endfacet
  facet normal 0 0 -1
    outer loop
      vertex 110.765 74.7487 0
      vertex 110.765 135.451 0
      vertex 110.95 135.328 0
    endloop
  endfacet
  facet normal 0 0 -1
    outer loop
      vertex 110.598 74.6021 0
      vertex 110.765 135.451 0
      vertex 110.765 74.7487 0
    endloop
  endfacet
  facet normal 0 0 -1
    outer loop
      vertex 110.598 74.6021 0
      vertex 110.598 135.598 0
      vertex 110.765 135.451 0
    endloop
  endfacet
  facet normal 0 0 -1
    outer loop
      vertex 110.451 74.4349 0
      vertex 110.598 135.598 0
      vertex 110.598 74.6021 0
    endloop
  endfacet
  facet normal 0 0 -1
    outer loop
      vertex 110.451 74.4349 0
      vertex 110.451 135.765 0
      vertex 110.598 135.598 0
    endloop
  endfacet
  facet normal 0 0 -1
    outer loop
      vertex 110.328 74.25 0
      vertex 110.451 135.765 0
      vertex 110.451 74.4349 0
    endloop
  endfacet
  facet normal 0 0 -1
    outer loop
      vertex 110.328 74.25 0
      vertex 110.328 135.95 0
      vertex 110.451 135.765 0
    endloop
  endfacet
  facet normal 0 0 -1
    outer loop
      vertex -7.35793 73.84 0
      vertex 110.158 73.84 0
      vertex -7.31454 73.6219 0
    endloop
  endfacet
  facet normal 0 0 -1
    outer loop
      vertex 110.158 73.84 0
      vertex -7.35793 73.84 0
      vertex 110.229 74.0506 0
    endloop
  endfacet
  facet normal 0 0 -1
    outer loop
      vertex 110.115 73.6219 0
      vertex -7.31454 73.6219 0
      vertex 110.158 73.84 0
    endloop
  endfacet
  facet normal 0 0 -1
    outer loop
      vertex -7.4294 74.0506 0
      vertex 110.229 74.0506 0
      vertex -7.35793 73.84 0
    endloop
  endfacet
  facet normal 0 0 -1
    outer loop
      vertex -7.31454 73.6219 0
      vertex 110.115 73.6219 0
      vertex -7.3 73.4 0
    endloop
  endfacet
  facet normal 0 0 -1
    outer loop
      vertex 110.328 135.95 0
      vertex -7.3 136.8 0
      vertex 110.229 136.149 0
    endloop
  endfacet
  facet normal 0 0 -1
    outer loop
      vertex -7.3 73.4 0
      vertex 110.115 73.6219 0
      vertex 110.1 73.4 0
    endloop
  endfacet
  facet normal 0 0 -1
    outer loop
      vertex 110.229 136.149 0
      vertex -7.3 136.8 0
      vertex 110.158 136.36 0
    endloop
  endfacet
  facet normal 0 0 -1
    outer loop
      vertex 113.442 10.44 0
      vertex 116.8 -1 0
      vertex 113.485 10.2219 0
    endloop
  endfacet
  facet normal 0 0 -1
    outer loop
      vertex 116.8 -1 0
      vertex 113.485 73.1781 0
      vertex 113.5 73.4 0
    endloop
  endfacet
  facet normal 0 0 -1
    outer loop
      vertex 113.442 72.96 0
      vertex 116.8 -1 0
      vertex 113.442 10.44 0
    endloop
  endfacet
  facet normal 0 0 -1
    outer loop
      vertex 116.8 -1 0
      vertex 113.442 72.96 0
      vertex 113.485 73.1781 0
    endloop
  endfacet
  facet normal 0 0 -1
    outer loop
      vertex 113.371 10.6506 0
      vertex 113.442 72.96 0
      vertex 113.442 10.44 0
    endloop
  endfacet
  facet normal 0 0 -1
    outer loop
      vertex 113.371 10.6506 0
      vertex 113.371 72.7494 0
      vertex 113.442 72.96 0
    endloop
  endfacet
  facet normal 0 0 -1
    outer loop
      vertex 113.272 10.85 0
      vertex 113.371 72.7494 0
      vertex 113.371 10.6506 0
    endloop
  endfacet
  facet normal 0 0 -1
    outer loop
      vertex 113.272 10.85 0
      vertex 113.272 72.55 0
      vertex 113.371 72.7494 0
    endloop
  endfacet
  facet normal 0 0 -1
    outer loop
      vertex 113.149 11.0349 0
      vertex 113.272 72.55 0
      vertex 113.272 10.85 0
    endloop
  endfacet
  facet normal 0 0 -1
    outer loop
      vertex 113.149 11.0349 0
      vertex 113.149 72.3651 0
      vertex 113.272 72.55 0
    endloop
  endfacet
  facet normal 0 0 -1
    outer loop
      vertex 113.002 11.2021 0
      vertex 113.149 72.3651 0
      vertex 113.149 11.0349 0
    endloop
  endfacet
  facet normal 0 0 -1
    outer loop
      vertex 113.002 11.2021 0
      vertex 113.002 72.1979 0
      vertex 113.149 72.3651 0
    endloop
  endfacet
  facet normal 0 0 -1
    outer loop
      vertex 112.835 11.3487 0
      vertex 113.002 72.1979 0
      vertex 113.002 11.2021 0
    endloop
  endfacet
  facet normal 0 0 -1
    outer loop
      vertex 112.835 11.3487 0
      vertex 112.835 72.0513 0
      vertex 113.002 72.1979 0
    endloop
  endfacet
  facet normal 0 0 -1
    outer loop
      vertex 112.65 11.4722 0
      vertex 112.835 72.0513 0
      vertex 112.835 11.3487 0
    endloop
  endfacet
  facet normal 0 0 -1
    outer loop
      vertex 112.65 11.4722 0
      vertex 112.65 71.9278 0
      vertex 112.835 72.0513 0
    endloop
  endfacet
  facet normal 0 0 -1
    outer loop
      vertex 112.451 11.5706 0
      vertex 112.65 71.9278 0
      vertex 112.65 11.4722 0
    endloop
  endfacet
  facet normal 0 0 -1
    outer loop
      vertex 112.451 11.5706 0
      vertex 112.451 71.8294 0
      vertex 112.65 71.9278 0
    endloop
  endfacet
  facet normal 0 0 -1
    outer loop
      vertex 112.24 11.6421 0
      vertex 112.451 71.8294 0
      vertex 112.451 11.5706 0
    endloop
  endfacet
  facet normal 0 0 -1
    outer loop
      vertex 112.24 11.6421 0
      vertex 112.24 71.7579 0
      vertex 112.451 71.8294 0
    endloop
  endfacet
  facet normal 0 0 -1
    outer loop
      vertex 112.022 11.6855 0
      vertex 112.24 71.7579 0
      vertex 112.24 11.6421 0
    endloop
  endfacet
  facet normal 0 0 -1
    outer loop
      vertex 112.022 11.6855 0
      vertex 112.022 71.7145 0
      vertex 112.24 71.7579 0
    endloop
  endfacet
  facet normal 0 0 -1
    outer loop
      vertex 111.8 11.7 0
      vertex 112.022 71.7145 0
      vertex 112.022 11.6855 0
    endloop
  endfacet
  facet normal 0 0 -1
    outer loop
      vertex 111.8 11.7 0
      vertex 111.8 71.7 0
      vertex 112.022 71.7145 0
    endloop
  endfacet
  facet normal 0 0 -1
    outer loop
      vertex 111.578 11.6855 0
      vertex 111.8 71.7 0
      vertex 111.8 11.7 0
    endloop
  endfacet
  facet normal 0 0 -1
    outer loop
      vertex 111.578 11.6855 0
      vertex 111.578 71.7145 0
      vertex 111.8 71.7 0
    endloop
  endfacet
  facet normal 0 0 -1
    outer loop
      vertex 111.36 11.6421 0
      vertex 111.578 71.7145 0
      vertex 111.578 11.6855 0
    endloop
  endfacet
  facet normal 0 0 -1
    outer loop
      vertex 111.36 11.6421 0
      vertex 111.36 71.7579 0
      vertex 111.578 71.7145 0
    endloop
  endfacet
  facet normal 0 0 -1
    outer loop
      vertex 111.149 11.5706 0
      vertex 111.36 71.7579 0
      vertex 111.36 11.6421 0
    endloop
  endfacet
  facet normal 0 0 -1
    outer loop
      vertex 111.149 11.5706 0
      vertex 111.149 71.8294 0
      vertex 111.36 71.7579 0
    endloop
  endfacet
  facet normal 0 0 -1
    outer loop
      vertex 110.95 11.4722 0
      vertex 111.149 71.8294 0
      vertex 111.149 11.5706 0
    endloop
  endfacet
  facet normal 0 0 -1
    outer loop
      vertex 110.95 11.4722 0
      vertex 110.95 71.9278 0
      vertex 111.149 71.8294 0
    endloop
  endfacet
  facet normal 0 0 -1
    outer loop
      vertex 110.765 11.3487 0
      vertex 110.95 71.9278 0
      vertex 110.95 11.4722 0
    endloop
  endfacet
  facet normal 0 0 -1
    outer loop
      vertex 110.765 11.3487 0
      vertex 110.765 72.0513 0
      vertex 110.95 71.9278 0
    endloop
  endfacet
  facet normal 0 0 -1
    outer loop
      vertex 110.598 11.2021 0
      vertex 110.765 72.0513 0
      vertex 110.765 11.3487 0
    endloop
  endfacet
  facet normal 0 0 -1
    outer loop
      vertex 110.598 11.2021 0
      vertex 110.598 72.1979 0
      vertex 110.765 72.0513 0
    endloop
  endfacet
  facet normal 0 0 -1
    outer loop
      vertex 110.451 11.0349 0
      vertex 110.598 72.1979 0
      vertex 110.598 11.2021 0
    endloop
  endfacet
  facet normal 0 0 -1
    outer loop
      vertex 110.451 11.0349 0
      vertex 110.451 72.3651 0
      vertex 110.598 72.1979 0
    endloop
  endfacet
  facet normal 0 0 -1
    outer loop
      vertex 110.328 10.85 0
      vertex 110.451 72.3651 0
      vertex 110.451 11.0349 0
    endloop
  endfacet
  facet normal 0 0 -1
    outer loop
      vertex 110.328 10.85 0
      vertex 110.328 72.55 0
      vertex 110.451 72.3651 0
    endloop
  endfacet
  facet normal 0 0 -1
    outer loop
      vertex -7.35793 10.44 0
      vertex 110.158 10.44 0
      vertex -7.31454 10.2219 0
    endloop
  endfacet
  facet normal 0 0 -1
    outer loop
      vertex 110.328 10.85 0
      vertex -7.3 73.4 0
      vertex 110.328 72.55 0
    endloop
  endfacet
  facet normal 0 0 -1
    outer loop
      vertex 110.115 10.2219 0
      vertex -7.31454 10.2219 0
      vertex 110.158 10.44 0
    endloop
  endfacet
  facet normal 0 0 -1
    outer loop
      vertex 110.328 72.55 0
      vertex -7.3 73.4 0
      vertex 110.229 72.7494 0
    endloop
  endfacet
  facet normal 0 0 -1
    outer loop
      vertex -7.31454 10.2219 0
      vertex 110.115 10.2219 0
      vertex -7.3 10 0
    endloop
  endfacet
  facet normal 0 0 -1
    outer loop
      vertex 110.229 72.7494 0
      vertex -7.3 73.4 0
      vertex 110.158 72.96 0
    endloop
  endfacet
  facet normal 0 0 -1
    outer loop
      vertex -7.3 10 0
      vertex 110.115 10.2219 0
      vertex 110.1 10 0
    endloop
  endfacet
  facet normal 0 0 -1
    outer loop
      vertex 110.158 72.96 0
      vertex -7.3 73.4 0
      vertex 110.115 73.1781 0
    endloop
  endfacet
  facet normal 0 0 -1
    outer loop
      vertex 112.8 -5 0
      vertex 116.8 -1 0
      vertex 116.766 -1.52211 0
    endloop
  endfacet
  facet normal 0 0 -1
    outer loop
      vertex 116.8 -1 0
      vertex 113.5 73.4 0
      vertex 116.8 147.8 0
    endloop
  endfacet
  facet normal 0 0 -1
    outer loop
      vertex 112.8 -5 0
      vertex 116.766 -1.52211 0
      vertex 116.664 -2.03528 0
    endloop
  endfacet
  facet normal 0 0 -1
    outer loop
      vertex 113.485 73.6219 0
      vertex 116.8 147.8 0
      vertex 113.5 73.4 0
    endloop
  endfacet
  facet normal 0 0 -1
    outer loop
      vertex 112.8 -5 0
      vertex 116.664 -2.03528 0
      vertex 116.495 -2.53073 0
    endloop
  endfacet
  facet normal 0 0 -1
    outer loop
      vertex 113.485 137.022 0
      vertex 116.8 147.8 0
      vertex 113.5 136.8 0
    endloop
  endfacet
  facet normal 0 0 -1
    outer loop
      vertex 112.8 -5 0
      vertex 116.495 -2.53073 0
      vertex 116.264 -3 0
    endloop
  endfacet
  facet normal 0 0 -1
    outer loop
      vertex 113.442 137.24 0
      vertex 116.8 147.8 0
      vertex 113.485 137.022 0
    endloop
  endfacet
  facet normal 0 0 -1
    outer loop
      vertex 112.8 -5 0
      vertex 116.264 -3 0
      vertex 115.973 -3.43504 0
    endloop
  endfacet
  facet normal 0 0 -1
    outer loop
      vertex 113.371 137.451 0
      vertex 116.8 147.8 0
      vertex 113.442 137.24 0
    endloop
  endfacet
  facet normal 0 0 -1
    outer loop
      vertex 112.8 -5 0
      vertex 115.973 -3.43504 0
      vertex 115.628 -3.82843 0
    endloop
  endfacet
  facet normal 0 0 -1
    outer loop
      vertex 113.272 137.65 0
      vertex 116.8 147.8 0
      vertex 113.371 137.451 0
    endloop
  endfacet
  facet normal 0 0 -1
    outer loop
      vertex 112.8 -5 0
      vertex 115.628 -3.82843 0
      vertex 115.235 -4.17342 0
    endloop
  endfacet
  facet normal 0 0 -1
    outer loop
      vertex 113.149 137.835 0
      vertex 116.8 147.8 0
      vertex 113.272 137.65 0
    endloop
  endfacet
  facet normal 0 0 -1
    outer loop
      vertex 112.8 -5 0
      vertex 115.235 -4.17342 0
      vertex 114.8 -4.4641 0
    endloop
  endfacet
  facet normal 0 0 -1
    outer loop
      vertex 113.002 138.002 0
      vertex 116.8 147.8 0
      vertex 113.149 137.835 0
    endloop
  endfacet
  facet normal 0 0 -1
    outer loop
      vertex 112.8 -5 0
      vertex 114.8 -4.4641 0
      vertex 114.331 -4.69551 0
    endloop
  endfacet
  facet normal 0 0 -1
    outer loop
      vertex 112.835 138.149 0
      vertex 116.8 147.8 0
      vertex 113.002 138.002 0
    endloop
  endfacet
  facet normal 0 0 -1
    outer loop
      vertex 112.8 -5 0
      vertex 114.331 -4.69551 0
      vertex 113.835 -4.86371 0
    endloop
  endfacet
  facet normal 0 0 -1
    outer loop
      vertex 112.65 138.272 0
      vertex 116.8 147.8 0
      vertex 112.835 138.149 0
    endloop
  endfacet
  facet normal 0 0 -1
    outer loop
      vertex 113.485 10.2219 0
      vertex 116.8 -1 0
      vertex 113.5 10 0
    endloop
  endfacet
  facet normal 0 0 -1
    outer loop
      vertex 116.8 -1 0
      vertex 113.485 9.7781 0
      vertex 113.5 10 0
    endloop
  endfacet
  facet normal 0 0 -1
    outer loop
      vertex 116.8 -1 0
      vertex 113.442 9.56001 0
      vertex 113.485 9.7781 0
    endloop
  endfacet
  facet normal 0 0 -1
    outer loop
      vertex 116.8 -1 0
      vertex 113.371 9.34944 0
      vertex 113.442 9.56001 0
    endloop
  endfacet
  facet normal 0 0 -1
    outer loop
      vertex 112.8 -5 0
      vertex 113.835 -4.86371 0
      vertex 113.322 -4.96577 0
    endloop
  endfacet
  facet normal 0 0 -1
    outer loop
      vertex 116.8 -1 0
      vertex 113.272 9.15 0
      vertex 113.371 9.34944 0
    endloop
  endfacet
  facet normal 0 0 -1
    outer loop
      vertex 116.8 -1 0
      vertex 113.149 8.96511 0
      vertex 113.272 9.15 0
    endloop
  endfacet
  facet normal 0 0 -1
    outer loop
      vertex 116.8 -1 0
      vertex 113.002 8.79792 0
      vertex 113.149 8.96511 0
    endloop
  endfacet
  facet normal 0 0 -1
    outer loop
      vertex 116.8 -1 0
      vertex 112.835 8.6513 0
      vertex 113.002 8.79792 0
    endloop
  endfacet
  facet normal -0 0 -1
    outer loop
      vertex 116.8 -1 0
      vertex 112.8 -5 0
      vertex 111.578 8.31454 0
    endloop
  endfacet
  facet normal 0 0 -1
    outer loop
      vertex 116.8 -1 0
      vertex 112.65 8.52776 0
      vertex 112.835 8.6513 0
    endloop
  endfacet
  facet normal 0 0 -1
    outer loop
      vertex 116.8 -1 0
      vertex 112.451 8.4294 0
      vertex 112.65 8.52776 0
    endloop
  endfacet
  facet normal 0 0 -1
    outer loop
      vertex 116.8 -1 0
      vertex 112.24 8.35793 0
      vertex 112.451 8.4294 0
    endloop
  endfacet
  facet normal 0 0 -1
    outer loop
      vertex 116.8 -1 0
      vertex 112.022 8.31454 0
      vertex 112.24 8.35793 0
    endloop
  endfacet
  facet normal 0 0 -1
    outer loop
      vertex 116.8 -1 0
      vertex 111.8 8.3 0
      vertex 112.022 8.31454 0
    endloop
  endfacet
  facet normal 0 0 -1
    outer loop
      vertex 116.8 -1 0
      vertex 111.578 8.31454 0
      vertex 111.8 8.3 0
    endloop
  endfacet
  facet normal 0 0 -1
    outer loop
      vertex 112.8 -5 0
      vertex 111.36 8.35793 0
      vertex 111.578 8.31454 0
    endloop
  endfacet
  facet normal 0 0 -1
    outer loop
      vertex 112.8 -5 0
      vertex 111.149 8.4294 0
      vertex 111.36 8.35793 0
    endloop
  endfacet
  facet normal 0 0 -1
    outer loop
      vertex 112.8 -5 0
      vertex 110.95 8.52776 0
      vertex 111.149 8.4294 0
    endloop
  endfacet
  facet normal 0 0 -1
    outer loop
      vertex 112.8 -5 0
      vertex 110.765 8.6513 0
      vertex 110.95 8.52776 0
    endloop
  endfacet
  facet normal 0 0 -1
    outer loop
      vertex 112.8 -5 0
      vertex 110.598 8.79792 0
      vertex 110.765 8.6513 0
    endloop
  endfacet
  facet normal 0 0 -1
    outer loop
      vertex 112.8 -5 0
      vertex 110.451 8.96511 0
      vertex 110.598 8.79792 0
    endloop
  endfacet
  facet normal 0 0 -1
    outer loop
      vertex 112.8 -5 0
      vertex 110.328 9.15 0
      vertex 110.451 8.96511 0
    endloop
  endfacet
  facet normal 0 0 -1
    outer loop
      vertex 112.8 -5 0
      vertex 110.229 9.34944 0
      vertex 110.328 9.15 0
    endloop
  endfacet
  facet normal 0 0 -1
    outer loop
      vertex 112.8 -5 0
      vertex 110.158 9.56001 0
      vertex 110.229 9.34944 0
    endloop
  endfacet
  facet normal 0 0 -1
    outer loop
      vertex -7.35793 9.56001 0
      vertex 110.158 9.56001 0
      vertex 112.8 -5 0
    endloop
  endfacet
  facet normal 0 0 -1
    outer loop
      vertex 110.115 73.1781 0
      vertex -7.3 73.4 0
      vertex 110.1 73.4 0
    endloop
  endfacet
  facet normal 0 0 -1
    outer loop
      vertex 110.158 10.44 0
      vertex -7.35793 10.44 0
      vertex 110.229 10.6506 0
    endloop
  endfacet
  facet normal 0 0 -1
    outer loop
      vertex 110.115 9.7781 0
      vertex -7.3 10 0
      vertex 110.1 10 0
    endloop
  endfacet
  facet normal 0 0 -1
    outer loop
      vertex 110.158 9.56001 0
      vertex -7.35793 9.56001 0
      vertex 110.115 9.7781 0
    endloop
  endfacet
  facet normal 0 0 -1
    outer loop
      vertex 110.115 9.7781 0
      vertex -7.31454 9.7781 0
      vertex -7.3 10 0
    endloop
  endfacet
  facet normal -0 0 -1
    outer loop
      vertex 110.115 9.7781 0
      vertex -7.35793 9.56001 0
      vertex -7.31454 9.7781 0
    endloop
  endfacet
  facet normal 0 0 -1
    outer loop
      vertex -10 -5 0
      vertex -7.35793 9.56001 0
      vertex 112.8 -5 0
    endloop
  endfacet
  facet normal 0 0 -1
    outer loop
      vertex -7.35793 9.56001 0
      vertex -10 -5 0
      vertex -7.4294 9.34944 0
    endloop
  endfacet
  facet normal 0 0 -1
    outer loop
      vertex -7.4294 9.34944 0
      vertex -10 -5 0
      vertex -7.52776 9.15 0
    endloop
  endfacet
  facet normal 0 0 -1
    outer loop
      vertex -7.52776 9.15 0
      vertex -10 -5 0
      vertex -7.6513 8.96511 0
    endloop
  endfacet
  facet normal 0 0 -1
    outer loop
      vertex -7.6513 8.96511 0
      vertex -10 -5 0
      vertex -7.79792 8.79792 0
    endloop
  endfacet
  facet normal 0 0 -1
    outer loop
      vertex -7.79792 8.79792 0
      vertex -10 -5 0
      vertex -7.96511 8.6513 0
    endloop
  endfacet
  facet normal 0 0 -1
    outer loop
      vertex -7.96511 8.6513 0
      vertex -10 -5 0
      vertex -8.15 8.52776 0
    endloop
  endfacet
  facet normal 0 0 -1
    outer loop
      vertex -8.15 8.52776 0
      vertex -10 -5 0
      vertex -8.34944 8.4294 0
    endloop
  endfacet
  facet normal 0 0 -1
    outer loop
      vertex -8.34944 8.4294 0
      vertex -10 -5 0
      vertex -8.56001 8.35793 0
    endloop
  endfacet
  facet normal 0 0 -1
    outer loop
      vertex -8.56001 8.35793 0
      vertex -10 -5 0
      vertex -8.7781 8.31454 0
    endloop
  endfacet
  facet normal 0 0 -1
    outer loop
      vertex -14 -1 0
      vertex -8.7781 8.31454 0
      vertex -10 -5 0
    endloop
  endfacet
  facet normal 0 0 -1
    outer loop
      vertex -8.7781 8.31454 0
      vertex -14 -1 0
      vertex -9 8.3 0
    endloop
  endfacet
  facet normal -0 0 -1
    outer loop
      vertex -9 8.3 0
      vertex -14 -1 0
      vertex -9.22189 8.31454 0
    endloop
  endfacet
  facet normal -0 0 -1
    outer loop
      vertex -9.22189 8.31454 0
      vertex -14 -1 0
      vertex -9.43999 8.35793 0
    endloop
  endfacet
  facet normal -0 0 -1
    outer loop
      vertex -9.43999 8.35793 0
      vertex -14 -1 0
      vertex -9.65056 8.4294 0
    endloop
  endfacet
  facet normal -0 0 -1
    outer loop
      vertex -9.65056 8.4294 0
      vertex -14 -1 0
      vertex -9.85 8.52776 0
    endloop
  endfacet
  facet normal -0 0 -1
    outer loop
      vertex -9.85 8.52776 0
      vertex -14 -1 0
      vertex -10.0349 8.6513 0
    endloop
  endfacet
  facet normal -0 0 -1
    outer loop
      vertex -10.0349 8.6513 0
      vertex -14 -1 0
      vertex -10.2021 8.79792 0
    endloop
  endfacet
  facet normal -0 0 -1
    outer loop
      vertex -10.2021 8.79792 0
      vertex -14 -1 0
      vertex -10.3487 8.96511 0
    endloop
  endfacet
  facet normal 0 0 -1
    outer loop
      vertex -14 -1 0
      vertex -10 -5 0
      vertex -10.5221 -4.96577 0
    endloop
  endfacet
  facet normal -0 0 -1
    outer loop
      vertex -10.3487 8.96511 0
      vertex -14 -1 0
      vertex -10.4722 9.15 0
    endloop
  endfacet
  facet normal -0 0 -1
    outer loop
      vertex -10.4722 9.15 0
      vertex -14 -1 0
      vertex -10.5706 9.34944 0
    endloop
  endfacet
  facet normal -0 0 -1
    outer loop
      vertex -10.5706 9.34944 0
      vertex -14 -1 0
      vertex -10.6421 9.56001 0
    endloop
  endfacet
  facet normal -0 0 -1
    outer loop
      vertex -10.6421 9.56001 0
      vertex -14 -1 0
      vertex -10.6855 9.7781 0
    endloop
  endfacet
  facet normal -0 0 -1
    outer loop
      vertex -10.6855 73.1781 0
      vertex -14 -1 0
      vertex -10.7 73.4 0
    endloop
  endfacet
  facet normal -0 0 -1
    outer loop
      vertex -10.6855 9.7781 0
      vertex -14 -1 0
      vertex -10.7 10 0
    endloop
  endfacet
  facet normal 0 0 -1
    outer loop
      vertex -14 -1 0
      vertex -10.5221 -4.96577 0
      vertex -11.0353 -4.86371 0
    endloop
  endfacet
  facet normal 0 0 -1
    outer loop
      vertex 112.451 138.371 0
      vertex 116.8 147.8 0
      vertex 112.65 138.272 0
    endloop
  endfacet
  facet normal 0 0 -1
    outer loop
      vertex 112.24 138.442 0
      vertex 116.8 147.8 0
      vertex 112.451 138.371 0
    endloop
  endfacet
  facet normal 0 0 -1
    outer loop
      vertex 112.022 138.485 0
      vertex 116.8 147.8 0
      vertex 112.24 138.442 0
    endloop
  endfacet
  facet normal 0 0 -1
    outer loop
      vertex 111.8 138.5 0
      vertex 116.8 147.8 0
      vertex 112.022 138.485 0
    endloop
  endfacet
  facet normal 0 0 -1
    outer loop
      vertex 111.578 138.485 0
      vertex 116.8 147.8 0
      vertex 111.8 138.5 0
    endloop
  endfacet
  facet normal 0 -0 -1
    outer loop
      vertex 112.8 151.8 0
      vertex 116.8 147.8 0
      vertex 111.578 138.485 0
    endloop
  endfacet
  facet normal 0 0 -1
    outer loop
      vertex 116.8 147.8 0
      vertex 112.8 151.8 0
      vertex 116.766 148.322 0
    endloop
  endfacet
  facet normal 0 0 -1
    outer loop
      vertex 116.766 148.322 0
      vertex 112.8 151.8 0
      vertex 116.664 148.835 0
    endloop
  endfacet
  facet normal 0 0 -1
    outer loop
      vertex 116.495 149.331 0
      vertex 112.8 151.8 0
      vertex 116.264 149.8 0
    endloop
  endfacet
  facet normal 0 0 -1
    outer loop
      vertex 116.264 149.8 0
      vertex 112.8 151.8 0
      vertex 115.973 150.235 0
    endloop
  endfacet
  facet normal 0 0 -1
    outer loop
      vertex 115.973 150.235 0
      vertex 112.8 151.8 0
      vertex 115.628 150.628 0
    endloop
  endfacet
  facet normal 0 0 -1
    outer loop
      vertex 115.628 150.628 0
      vertex 112.8 151.8 0
      vertex 115.235 150.973 0
    endloop
  endfacet
  facet normal 0 0 -1
    outer loop
      vertex 115.235 150.973 0
      vertex 112.8 151.8 0
      vertex 114.8 151.264 0
    endloop
  endfacet
  facet normal 0 0 -1
    outer loop
      vertex 114.331 151.495 0
      vertex 112.8 151.8 0
      vertex 113.835 151.664 0
    endloop
  endfacet
  facet normal 0 0 -1
    outer loop
      vertex 113.835 151.664 0
      vertex 112.8 151.8 0
      vertex 113.322 151.766 0
    endloop
  endfacet
  facet normal 0 0 -1
    outer loop
      vertex 114.8 151.264 0
      vertex 112.8 151.8 0
      vertex 114.331 151.495 0
    endloop
  endfacet
  facet normal 0 0 -1
    outer loop
      vertex 116.664 148.835 0
      vertex 112.8 151.8 0
      vertex 116.495 149.331 0
    endloop
  endfacet
  facet normal 0 0 -1
    outer loop
      vertex 111.36 138.442 0
      vertex 112.8 151.8 0
      vertex 111.578 138.485 0
    endloop
  endfacet
  facet normal 0 0 -1
    outer loop
      vertex 111.149 138.371 0
      vertex 112.8 151.8 0
      vertex 111.36 138.442 0
    endloop
  endfacet
  facet normal 0 0 -1
    outer loop
      vertex 110.95 138.272 0
      vertex 112.8 151.8 0
      vertex 111.149 138.371 0
    endloop
  endfacet
  facet normal 0 0 -1
    outer loop
      vertex 110.765 138.149 0
      vertex 112.8 151.8 0
      vertex 110.95 138.272 0
    endloop
  endfacet
  facet normal 0 0 -1
    outer loop
      vertex 110.598 138.002 0
      vertex 112.8 151.8 0
      vertex 110.765 138.149 0
    endloop
  endfacet
  facet normal 0 0 -1
    outer loop
      vertex 110.451 137.835 0
      vertex 112.8 151.8 0
      vertex 110.598 138.002 0
    endloop
  endfacet
  facet normal 0 0 -1
    outer loop
      vertex 110.328 137.65 0
      vertex 112.8 151.8 0
      vertex 110.451 137.835 0
    endloop
  endfacet
  facet normal 0 0 -1
    outer loop
      vertex 110.229 137.451 0
      vertex 112.8 151.8 0
      vertex 110.328 137.65 0
    endloop
  endfacet
  facet normal 0 0 -1
    outer loop
      vertex 110.158 137.24 0
      vertex 112.8 151.8 0
      vertex 110.229 137.451 0
    endloop
  endfacet
  facet normal 0 0 -1
    outer loop
      vertex -7.35793 137.24 0
      vertex 110.158 137.24 0
      vertex 110.115 137.022 0
    endloop
  endfacet
  facet normal 0 0 -1
    outer loop
      vertex 110.158 136.36 0
      vertex -7.3 136.8 0
      vertex 110.115 136.578 0
    endloop
  endfacet
  facet normal 0 0 -1
    outer loop
      vertex 110.115 136.578 0
      vertex -7.3 136.8 0
      vertex 110.1 136.8 0
    endloop
  endfacet
  facet normal 0 0 -1
    outer loop
      vertex 110.1 136.8 0
      vertex -7.3 136.8 0
      vertex 110.115 137.022 0
    endloop
  endfacet
  facet normal 0 0 -1
    outer loop
      vertex -7.31454 137.022 0
      vertex 110.115 137.022 0
      vertex -7.3 136.8 0
    endloop
  endfacet
  facet normal 0 0 -1
    outer loop
      vertex -7.35793 137.24 0
      vertex 110.115 137.022 0
      vertex -7.31454 137.022 0
    endloop
  endfacet
  facet normal 0 0 -1
    outer loop
      vertex 110.158 137.24 0
      vertex -7.35793 137.24 0
      vertex 112.8 151.8 0
    endloop
  endfacet
  facet normal 0 0 -1
    outer loop
      vertex -10 151.8 0
      vertex -7.35793 137.24 0
      vertex -7.4294 137.451 0
    endloop
  endfacet
  facet normal 0 0 -1
    outer loop
      vertex -10 151.8 0
      vertex -7.4294 137.451 0
      vertex -7.52776 137.65 0
    endloop
  endfacet
  facet normal 0 0 -1
    outer loop
      vertex -10 151.8 0
      vertex -7.52776 137.65 0
      vertex -7.6513 137.835 0
    endloop
  endfacet
  facet normal 0 0 -1
    outer loop
      vertex -10 151.8 0
      vertex -7.6513 137.835 0
      vertex -7.79792 138.002 0
    endloop
  endfacet
  facet normal 0 0 -1
    outer loop
      vertex -10 151.8 0
      vertex -7.79792 138.002 0
      vertex -7.96511 138.149 0
    endloop
  endfacet
  facet normal 0 0 -1
    outer loop
      vertex -10 151.8 0
      vertex -7.96511 138.149 0
      vertex -8.15 138.272 0
    endloop
  endfacet
  facet normal 0 0 -1
    outer loop
      vertex -10 151.8 0
      vertex -8.15 138.272 0
      vertex -8.34944 138.371 0
    endloop
  endfacet
  facet normal 0 0 -1
    outer loop
      vertex -10 151.8 0
      vertex -8.34944 138.371 0
      vertex -8.56001 138.442 0
    endloop
  endfacet
  facet normal 0 0 -1
    outer loop
      vertex -10 151.8 0
      vertex -8.56001 138.442 0
      vertex -8.7781 138.485 0
    endloop
  endfacet
  facet normal 0 0 -1
    outer loop
      vertex -14 147.8 0
      vertex -8.7781 138.485 0
      vertex -9 138.5 0
    endloop
  endfacet
  facet normal 0 0 -1
    outer loop
      vertex -14 147.8 0
      vertex -9 138.5 0
      vertex -9.22189 138.485 0
    endloop
  endfacet
  facet normal 0 0 -1
    outer loop
      vertex -7.35793 137.24 0
      vertex -10 151.8 0
      vertex 112.8 151.8 0
    endloop
  endfacet
  facet normal 0 0 -1
    outer loop
      vertex -14 147.8 0
      vertex -9.22189 138.485 0
      vertex -9.43999 138.442 0
    endloop
  endfacet
  facet normal 0 0 -1
    outer loop
      vertex -14 147.8 0
      vertex -9.43999 138.442 0
      vertex -9.65056 138.371 0
    endloop
  endfacet
  facet normal 0 0 -1
    outer loop
      vertex -14 147.8 0
      vertex -9.65056 138.371 0
      vertex -9.85 138.272 0
    endloop
  endfacet
  facet normal 0 0 -1
    outer loop
      vertex -14 147.8 0
      vertex -9.85 138.272 0
      vertex -10.0349 138.149 0
    endloop
  endfacet
  facet normal 0 0 -1
    outer loop
      vertex -14 147.8 0
      vertex -10.0349 138.149 0
      vertex -10.2021 138.002 0
    endloop
  endfacet
  facet normal 0 0 -1
    outer loop
      vertex -14 147.8 0
      vertex -10.2021 138.002 0
      vertex -10.3487 137.835 0
    endloop
  endfacet
  facet normal 0 0 -1
    outer loop
      vertex -14 147.8 0
      vertex -10.3487 137.835 0
      vertex -10.4722 137.65 0
    endloop
  endfacet
  facet normal 0 0 -1
    outer loop
      vertex -8.7781 138.485 0
      vertex -14 147.8 0
      vertex -10 151.8 0
    endloop
  endfacet
  facet normal 0 0 -1
    outer loop
      vertex -14 147.8 0
      vertex -10.4722 137.65 0
      vertex -10.5706 137.451 0
    endloop
  endfacet
  facet normal 0 0 -1
    outer loop
      vertex -14 147.8 0
      vertex -10.5706 137.451 0
      vertex -10.6421 137.24 0
    endloop
  endfacet
  facet normal 0 0 -1
    outer loop
      vertex -14 147.8 0
      vertex -10.6421 137.24 0
      vertex -10.6855 137.022 0
    endloop
  endfacet
  facet normal 0 0 -1
    outer loop
      vertex -14 147.8 0
      vertex -10.6855 137.022 0
      vertex -10.7 136.8 0
    endloop
  endfacet
  facet normal 0 0 -1
    outer loop
      vertex -10 151.8 0
      vertex -14 147.8 0
      vertex -10.5221 151.766 0
    endloop
  endfacet
  facet normal 0 0 -1
    outer loop
      vertex -14 147.8 0
      vertex -10.7 73.4 0
      vertex -14 -1 0
    endloop
  endfacet
  facet normal 0 0 -1
    outer loop
      vertex -14 -1 0
      vertex -11.0353 -4.86371 0
      vertex -11.5307 -4.69551 0
    endloop
  endfacet
  facet normal 0 0 -1
    outer loop
      vertex -10.6855 136.578 0
      vertex -14 147.8 0
      vertex -10.7 136.8 0
    endloop
  endfacet
  facet normal 0 0 -1
    outer loop
      vertex -14 -1 0
      vertex -11.5307 -4.69551 0
      vertex -12 -4.4641 0
    endloop
  endfacet
  facet normal 0 0 -1
    outer loop
      vertex -10.5221 151.766 0
      vertex -14 147.8 0
      vertex -11.0353 151.664 0
    endloop
  endfacet
  facet normal 0 0 -1
    outer loop
      vertex -14 -1 0
      vertex -12 -4.4641 0
      vertex -12.435 -4.17342 0
    endloop
  endfacet
  facet normal 0 0 -1
    outer loop
      vertex -11.0353 151.664 0
      vertex -14 147.8 0
      vertex -11.5307 151.495 0
    endloop
  endfacet
  facet normal 0 0 -1
    outer loop
      vertex -14 -1 0
      vertex -12.435 -4.17342 0
      vertex -12.8284 -3.82843 0
    endloop
  endfacet
  facet normal 0 0 -1
    outer loop
      vertex -11.5307 151.495 0
      vertex -14 147.8 0
      vertex -12 151.264 0
    endloop
  endfacet
  facet normal 0 0 -1
    outer loop
      vertex -14 -1 0
      vertex -12.8284 -3.82843 0
      vertex -13.1734 -3.43504 0
    endloop
  endfacet
  facet normal 0 0 -1
    outer loop
      vertex -12 151.264 0
      vertex -14 147.8 0
      vertex -12.435 150.973 0
    endloop
  endfacet
  facet normal 0 0 -1
    outer loop
      vertex -14 -1 0
      vertex -13.1734 -3.43504 0
      vertex -13.4641 -3 0
    endloop
  endfacet
  facet normal 0 0 -1
    outer loop
      vertex -12.435 150.973 0
      vertex -14 147.8 0
      vertex -12.8284 150.628 0
    endloop
  endfacet
  facet normal 0 0 -1
    outer loop
      vertex -14 -1 0
      vertex -13.4641 -3 0
      vertex -13.6955 -2.53073 0
    endloop
  endfacet
  facet normal 0 0 -1
    outer loop
      vertex -12.8284 150.628 0
      vertex -14 147.8 0
      vertex -13.1734 150.235 0
    endloop
  endfacet
  facet normal 0 0 -1
    outer loop
      vertex -14 -1 0
      vertex -13.6955 -2.53073 0
      vertex -13.8637 -2.03528 0
    endloop
  endfacet
  facet normal 0 0 -1
    outer loop
      vertex -13.1734 150.235 0
      vertex -14 147.8 0
      vertex -13.4641 149.8 0
    endloop
  endfacet
  facet normal 0 0 -1
    outer loop
      vertex -14 -1 0
      vertex -13.8637 -2.03528 0
      vertex -13.9658 -1.52211 0
    endloop
  endfacet
  facet normal 0 0 -1
    outer loop
      vertex -13.4641 149.8 0
      vertex -14 147.8 0
      vertex -13.6955 149.331 0
    endloop
  endfacet
  facet normal 0 0 -1
    outer loop
      vertex -13.6955 149.331 0
      vertex -14 147.8 0
      vertex -13.8637 148.835 0
    endloop
  endfacet
  facet normal 0 0 -1
    outer loop
      vertex -13.8637 148.835 0
      vertex -14 147.8 0
      vertex -13.9658 148.322 0
    endloop
  endfacet
  facet normal 0.44185 0.897089 -0
    outer loop
      vertex 114.8 151.264 0
      vertex 114.331 151.495 4
      vertex 114.8 151.264 4
    endloop
  endfacet
  facet normal 0.44185 0.897089 0
    outer loop
      vertex 114.331 151.495 4
      vertex 114.8 151.264 0
      vertex 114.331 151.495 0
    endloop
  endfacet
  facet normal 0.0649964 0.997886 -0
    outer loop
      vertex 113.322 151.766 0
      vertex 112.8 151.8 4
      vertex 113.322 151.766 4
    endloop
  endfacet
  facet normal 0.0649964 0.997886 0
    outer loop
      vertex 112.8 151.8 4
      vertex 113.322 151.766 0
      vertex 112.8 151.8 0
    endloop
  endfacet
  facet normal 0.997886 -0.0649827 0
    outer loop
      vertex 116.766 -1.52211 4
      vertex 116.8 -1 0
      vertex 116.8 -1 4
    endloop
  endfacet
  facet normal 0.997886 -0.0649827 0
    outer loop
      vertex 116.8 -1 0
      vertex 116.766 -1.52211 4
      vertex 116.766 -1.52211 0
    endloop
  endfacet
  facet normal 0.442481 -0.896778 0
    outer loop
      vertex 114.331 -4.69551 0
      vertex 114.8 -4.4641 4
      vertex 114.331 -4.69551 4
    endloop
  endfacet
  facet normal 0.442481 -0.896778 0
    outer loop
      vertex 114.8 -4.4641 4
      vertex 114.331 -4.69551 0
      vertex 114.8 -4.4641 0
    endloop
  endfacet
  facet normal -0.980779 -0.195122 0
    outer loop
      vertex -7.31454 10.2219 0
      vertex -7.35793 10.44 5
      vertex -7.35793 10.44 0
    endloop
  endfacet
  facet normal -0.980779 -0.195122 0
    outer loop
      vertex -7.35793 10.44 5
      vertex -7.31454 10.2219 0
      vertex -7.31454 10.2219 5
    endloop
  endfacet
  facet normal -0.99786 -0.0653848 0
    outer loop
      vertex -7.3 10 0
      vertex -7.31454 10.2219 5
      vertex -7.31454 10.2219 0
    endloop
  endfacet
  facet normal -0.99786 -0.0653848 0
    outer loop
      vertex -7.31454 10.2219 5
      vertex -7.3 10 0
      vertex -7.3 10 5
    endloop
  endfacet
  facet normal 0.442459 -0.896789 0
    outer loop
      vertex -9.85 11.4722 0
      vertex -9.65056 11.5706 5
      vertex -9.85 11.4722 5
    endloop
  endfacet
  facet normal 0.442459 -0.896789 0
    outer loop
      vertex -9.65056 11.5706 5
      vertex -9.85 11.4722 0
      vertex -9.65056 11.5706 0
    endloop
  endfacet
  facet normal -0.555447 -0.831552 0
    outer loop
      vertex -8.15 11.4722 0
      vertex -7.96511 11.3487 5
      vertex -8.15 11.4722 5
    endloop
  endfacet
  facet normal -0.555447 -0.831552 -0
    outer loop
      vertex -7.96511 11.3487 5
      vertex -8.15 11.4722 0
      vertex -7.96511 11.3487 0
    endloop
  endfacet
  facet normal 0.659268 -0.751908 0
    outer loop
      vertex -10.2021 11.2021 0
      vertex -10.0349 11.3487 5
      vertex -10.2021 11.2021 5
    endloop
  endfacet
  facet normal 0.659268 -0.751908 0
    outer loop
      vertex -10.0349 11.3487 5
      vertex -10.2021 11.2021 0
      vertex -10.0349 11.3487 0
    endloop
  endfacet
  facet normal -0.321404 0.946942 0
    outer loop
      vertex -8.34944 8.4294 0
      vertex -8.56001 8.35793 5
      vertex -8.34944 8.4294 5
    endloop
  endfacet
  facet normal -0.321404 0.946942 0
    outer loop
      vertex -8.56001 8.35793 5
      vertex -8.34944 8.4294 0
      vertex -8.56001 8.35793 0
    endloop
  endfacet
  facet normal -0.831469 0.555572 0
    outer loop
      vertex -7.6513 8.96511 0
      vertex -7.52776 9.15 5
      vertex -7.52776 9.15 0
    endloop
  endfacet
  facet normal -0.831469 0.555572 0
    outer loop
      vertex -7.52776 9.15 5
      vertex -7.6513 8.96511 0
      vertex -7.6513 8.96511 5
    endloop
  endfacet
  facet normal -0.946942 0.321404 0
    outer loop
      vertex -7.4294 9.34944 0
      vertex -7.35793 9.56001 5
      vertex -7.35793 9.56001 0
    endloop
  endfacet
  facet normal -0.946942 0.321404 0
    outer loop
      vertex -7.35793 9.56001 5
      vertex -7.4294 9.34944 0
      vertex -7.4294 9.34944 5
    endloop
  endfacet
  facet normal -0.321525 -0.946901 0
    outer loop
      vertex -8.56001 11.6421 0
      vertex -8.34944 11.5706 5
      vertex -8.56001 11.6421 5
    endloop
  endfacet
  facet normal -0.321525 -0.946901 -0
    outer loop
      vertex -8.34944 11.5706 5
      vertex -8.56001 11.6421 0
      vertex -8.34944 11.5706 0
    endloop
  endfacet
  facet normal -0.195173 -0.980769 0
    outer loop
      vertex -8.7781 11.6855 0
      vertex -8.56001 11.6421 5
      vertex -8.7781 11.6855 5
    endloop
  endfacet
  facet normal -0.195173 -0.980769 -0
    outer loop
      vertex -8.56001 11.6421 5
      vertex -8.7781 11.6855 0
      vertex -8.56001 11.6421 0
    endloop
  endfacet
  facet normal 0.555426 -0.831566 0
    outer loop
      vertex -10.0349 11.3487 0
      vertex -9.85 11.4722 5
      vertex -10.0349 11.3487 5
    endloop
  endfacet
  facet normal 0.555426 -0.831566 0
    outer loop
      vertex -9.85 11.4722 5
      vertex -10.0349 11.3487 0
      vertex -9.85 11.4722 0
    endloop
  endfacet
  facet normal -0.89686 0.442314 0
    outer loop
      vertex -7.52776 9.15 0
      vertex -7.4294 9.34944 5
      vertex -7.4294 9.34944 0
    endloop
  endfacet
  facet normal -0.89686 0.442314 0
    outer loop
      vertex -7.4294 9.34944 5
      vertex -7.52776 9.15 0
      vertex -7.52776 9.15 5
    endloop
  endfacet
  facet normal -0.659291 -0.751888 0
    outer loop
      vertex -7.96511 11.3487 0
      vertex -7.79792 11.2021 5
      vertex -7.96511 11.3487 5
    endloop
  endfacet
  facet normal -0.659291 -0.751888 -0
    outer loop
      vertex -7.79792 11.2021 5
      vertex -7.96511 11.3487 0
      vertex -7.79792 11.2021 0
    endloop
  endfacet
  facet normal -0.555572 0.831469 0
    outer loop
      vertex -7.96511 8.6513 0
      vertex -8.15 8.52776 5
      vertex -7.96511 8.6513 5
    endloop
  endfacet
  facet normal -0.555572 0.831469 0
    outer loop
      vertex -8.15 8.52776 5
      vertex -7.96511 8.6513 0
      vertex -8.15 8.52776 0
    endloop
  endfacet
  facet normal -0.442459 -0.896789 0
    outer loop
      vertex -8.34944 11.5706 0
      vertex -8.15 11.4722 5
      vertex -8.34944 11.5706 5
    endloop
  endfacet
  facet normal -0.442459 -0.896789 -0
    outer loop
      vertex -8.15 11.4722 5
      vertex -8.34944 11.5706 0
      vertex -8.15 11.4722 0
    endloop
  endfacet
  facet normal 0.659319 0.751863 -0
    outer loop
      vertex -10.0349 8.6513 0
      vertex -10.2021 8.79792 5
      vertex -10.0349 8.6513 5
    endloop
  endfacet
  facet normal 0.659319 0.751863 0
    outer loop
      vertex -10.2021 8.79792 5
      vertex -10.0349 8.6513 0
      vertex -10.2021 8.79792 0
    endloop
  endfacet
  facet normal 0.751888 0.659291 0
    outer loop
      vertex -10.2021 8.79792 5
      vertex -10.3487 8.96511 0
      vertex -10.3487 8.96511 5
    endloop
  endfacet
  facet normal 0.751888 0.659291 0
    outer loop
      vertex -10.3487 8.96511 0
      vertex -10.2021 8.79792 5
      vertex -10.2021 8.79792 0
    endloop
  endfacet
  facet normal 0.831552 0.555447 0
    outer loop
      vertex -10.3487 8.96511 5
      vertex -10.4722 9.15 0
      vertex -10.4722 9.15 5
    endloop
  endfacet
  facet normal 0.831552 0.555447 0
    outer loop
      vertex -10.4722 9.15 0
      vertex -10.3487 8.96511 5
      vertex -10.3487 8.96511 0
    endloop
  endfacet
  facet normal -0.831483 -0.555551 0
    outer loop
      vertex -7.52776 10.85 0
      vertex -7.6513 11.0349 5
      vertex -7.6513 11.0349 0
    endloop
  endfacet
  facet normal -0.831483 -0.555551 0
    outer loop
      vertex -7.6513 11.0349 5
      vertex -7.52776 10.85 0
      vertex -7.52776 10.85 5
    endloop
  endfacet
  facet normal -0.19513 0.980777 0
    outer loop
      vertex -8.56001 8.35793 0
      vertex -8.7781 8.31454 5
      vertex -8.56001 8.35793 5
    endloop
  endfacet
  facet normal -0.19513 0.980777 0
    outer loop
      vertex -8.7781 8.31454 5
      vertex -8.56001 8.35793 0
      vertex -8.7781 8.31454 0
    endloop
  endfacet
  facet normal -0.980777 0.19513 0
    outer loop
      vertex -7.35793 9.56001 0
      vertex -7.31454 9.7781 5
      vertex -7.31454 9.7781 0
    endloop
  endfacet
  facet normal -0.980777 0.19513 0
    outer loop
      vertex -7.31454 9.7781 5
      vertex -7.35793 9.56001 0
      vertex -7.35793 9.56001 5
    endloop
  endfacet
  facet normal 0.946901 0.321525 0
    outer loop
      vertex -10.5706 9.34944 5
      vertex -10.6421 9.56001 0
      vertex -10.6421 9.56001 5
    endloop
  endfacet
  facet normal 0.946901 0.321525 0
    outer loop
      vertex -10.6421 9.56001 0
      vertex -10.5706 9.34944 5
      vertex -10.5706 9.34944 0
    endloop
  endfacet
  facet normal -0.442314 0.89686 0
    outer loop
      vertex -8.15 8.52776 0
      vertex -8.34944 8.4294 5
      vertex -8.15 8.52776 5
    endloop
  endfacet
  facet normal -0.442314 0.89686 0
    outer loop
      vertex -8.34944 8.4294 5
      vertex -8.15 8.52776 0
      vertex -8.34944 8.4294 0
    endloop
  endfacet
  facet normal -0.0652057 -0.997872 0
    outer loop
      vertex -9 11.7 0
      vertex -8.7781 11.6855 5
      vertex -9 11.7 5
    endloop
  endfacet
  facet normal -0.0652057 -0.997872 -0
    outer loop
      vertex -8.7781 11.6855 5
      vertex -9 11.7 0
      vertex -8.7781 11.6855 0
    endloop
  endfacet
  facet normal 0.321525 -0.946901 0
    outer loop
      vertex -9.65056 11.5706 0
      vertex -9.43999 11.6421 5
      vertex -9.65056 11.5706 5
    endloop
  endfacet
  facet normal 0.321525 -0.946901 0
    outer loop
      vertex -9.43999 11.6421 5
      vertex -9.65056 11.5706 0
      vertex -9.43999 11.6421 0
    endloop
  endfacet
  facet normal 0.195165 -0.98077 0
    outer loop
      vertex -9.43999 11.6421 0
      vertex -9.22189 11.6855 5
      vertex -9.43999 11.6421 5
    endloop
  endfacet
  facet normal 0.195165 -0.98077 0
    outer loop
      vertex -9.22189 11.6855 5
      vertex -9.43999 11.6421 0
      vertex -9.22189 11.6855 0
    endloop
  endfacet
  facet normal -0.896825 -0.442386 0
    outer loop
      vertex -7.4294 10.6506 0
      vertex -7.52776 10.85 5
      vertex -7.52776 10.85 0
    endloop
  endfacet
  facet normal -0.896825 -0.442386 0
    outer loop
      vertex -7.52776 10.85 5
      vertex -7.4294 10.6506 0
      vertex -7.4294 10.6506 5
    endloop
  endfacet
  facet normal -0.99786 0.0653848 0
    outer loop
      vertex -7.31454 9.7781 0
      vertex -7.3 10 5
      vertex -7.3 10 0
    endloop
  endfacet
  facet normal -0.99786 0.0653848 0
    outer loop
      vertex -7.3 10 5
      vertex -7.31454 9.7781 0
      vertex -7.31454 9.7781 5
    endloop
  endfacet
  facet normal -0.0653848 0.99786 0
    outer loop
      vertex -8.7781 8.31454 0
      vertex -9 8.3 5
      vertex -8.7781 8.31454 5
    endloop
  endfacet
  facet normal -0.0653848 0.99786 0
    outer loop
      vertex -9 8.3 5
      vertex -8.7781 8.31454 0
      vertex -9 8.3 0
    endloop
  endfacet
  facet normal -0.751863 -0.659319 0
    outer loop
      vertex -7.6513 11.0349 0
      vertex -7.79792 11.2021 5
      vertex -7.79792 11.2021 0
    endloop
  endfacet
  facet normal -0.751863 -0.659319 0
    outer loop
      vertex -7.79792 11.2021 5
      vertex -7.6513 11.0349 0
      vertex -7.6513 11.0349 5
    endloop
  endfacet
  facet normal 0.997872 0.0652057 0
    outer loop
      vertex -10.6855 9.7781 5
      vertex -10.7 10 0
      vertex -10.7 10 5
    endloop
  endfacet
  facet normal 0.997872 0.0652057 0
    outer loop
      vertex -10.7 10 0
      vertex -10.6855 9.7781 5
      vertex -10.6855 9.7781 0
    endloop
  endfacet
  facet normal -0.751844 0.659342 0
    outer loop
      vertex -7.79792 8.79792 0
      vertex -7.6513 8.96511 5
      vertex -7.6513 8.96511 0
    endloop
  endfacet
  facet normal -0.751844 0.659342 0
    outer loop
      vertex -7.6513 8.96511 5
      vertex -7.79792 8.79792 0
      vertex -7.79792 8.79792 5
    endloop
  endfacet
  facet normal 0.751908 -0.659268 0
    outer loop
      vertex -10.3487 11.0349 5
      vertex -10.2021 11.2021 0
      vertex -10.2021 11.2021 5
    endloop
  endfacet
  facet normal 0.751908 -0.659268 0
    outer loop
      vertex -10.2021 11.2021 0
      vertex -10.3487 11.0349 5
      vertex -10.3487 11.0349 0
    endloop
  endfacet
  facet normal 0.831566 -0.555426 0
    outer loop
      vertex -10.4722 10.85 5
      vertex -10.3487 11.0349 0
      vertex -10.3487 11.0349 5
    endloop
  endfacet
  facet normal 0.831566 -0.555426 0
    outer loop
      vertex -10.3487 11.0349 0
      vertex -10.4722 10.85 5
      vertex -10.4722 10.85 0
    endloop
  endfacet
  facet normal 0.0652086 -0.997872 0
    outer loop
      vertex -9.22189 11.6855 0
      vertex -9 11.7 5
      vertex -9.22189 11.6855 5
    endloop
  endfacet
  facet normal 0.0652086 -0.997872 0
    outer loop
      vertex -9 11.7 5
      vertex -9.22189 11.6855 0
      vertex -9 11.7 0
    endloop
  endfacet
  facet normal 0.980769 0.195173 0
    outer loop
      vertex -10.6421 9.56001 5
      vertex -10.6855 9.7781 0
      vertex -10.6855 9.7781 5
    endloop
  endfacet
  facet normal 0.980769 0.195173 0
    outer loop
      vertex -10.6855 9.7781 0
      vertex -10.6421 9.56001 5
      vertex -10.6421 9.56001 0
    endloop
  endfacet
  facet normal 0.321404 0.946942 -0
    outer loop
      vertex -9.43999 8.35793 0
      vertex -9.65056 8.4294 5
      vertex -9.43999 8.35793 5
    endloop
  endfacet
  facet normal 0.321404 0.946942 0
    outer loop
      vertex -9.65056 8.4294 5
      vertex -9.43999 8.35793 0
      vertex -9.65056 8.4294 0
    endloop
  endfacet
  facet normal -0.946956 -0.321363 0
    outer loop
      vertex -7.35793 10.44 0
      vertex -7.4294 10.6506 5
      vertex -7.4294 10.6506 0
    endloop
  endfacet
  facet normal -0.946956 -0.321363 0
    outer loop
      vertex -7.4294 10.6506 5
      vertex -7.35793 10.44 0
      vertex -7.35793 10.44 5
    endloop
  endfacet
  facet normal 0.442314 0.89686 -0
    outer loop
      vertex -9.65056 8.4294 0
      vertex -9.85 8.52776 5
      vertex -9.65056 8.4294 5
    endloop
  endfacet
  facet normal 0.442314 0.89686 0
    outer loop
      vertex -9.85 8.52776 5
      vertex -9.65056 8.4294 0
      vertex -9.85 8.52776 0
    endloop
  endfacet
  facet normal 0.555551 0.831483 -0
    outer loop
      vertex -9.85 8.52776 0
      vertex -10.0349 8.6513 5
      vertex -9.85 8.52776 5
    endloop
  endfacet
  facet normal 0.555551 0.831483 0
    outer loop
      vertex -10.0349 8.6513 5
      vertex -9.85 8.52776 0
      vertex -10.0349 8.6513 0
    endloop
  endfacet
  facet normal 0.0653877 0.99786 -0
    outer loop
      vertex -9 8.3 0
      vertex -9.22189 8.31454 5
      vertex -9 8.3 5
    endloop
  endfacet
  facet normal 0.0653877 0.99786 0
    outer loop
      vertex -9.22189 8.31454 5
      vertex -9 8.3 0
      vertex -9.22189 8.31454 0
    endloop
  endfacet
  facet normal 0.195122 0.980779 -0
    outer loop
      vertex -9.22189 8.31454 0
      vertex -9.43999 8.35793 5
      vertex -9.22189 8.31454 5
    endloop
  endfacet
  facet normal 0.195122 0.980779 0
    outer loop
      vertex -9.43999 8.35793 5
      vertex -9.22189 8.31454 0
      vertex -9.43999 8.35793 0
    endloop
  endfacet
  facet normal 0.896754 -0.44253 0
    outer loop
      vertex -10.5706 10.6506 5
      vertex -10.4722 10.85 0
      vertex -10.4722 10.85 5
    endloop
  endfacet
  facet normal 0.896754 -0.44253 0
    outer loop
      vertex -10.4722 10.85 0
      vertex -10.5706 10.6506 5
      vertex -10.5706 10.6506 0
    endloop
  endfacet
  facet normal 0.896789 0.442459 0
    outer loop
      vertex -10.4722 9.15 5
      vertex -10.5706 9.34944 0
      vertex -10.5706 9.34944 5
    endloop
  endfacet
  facet normal 0.896789 0.442459 0
    outer loop
      vertex -10.5706 9.34944 0
      vertex -10.4722 9.15 5
      vertex -10.4722 9.15 0
    endloop
  endfacet
  facet normal 0.997872 -0.0652057 0
    outer loop
      vertex -10.7 10 5
      vertex -10.6855 10.2219 0
      vertex -10.6855 10.2219 5
    endloop
  endfacet
  facet normal 0.997872 -0.0652057 0
    outer loop
      vertex -10.6855 10.2219 0
      vertex -10.7 10 5
      vertex -10.7 10 0
    endloop
  endfacet
  facet normal 0.98077 -0.195165 0
    outer loop
      vertex -10.6855 10.2219 5
      vertex -10.6421 10.44 0
      vertex -10.6421 10.44 5
    endloop
  endfacet
  facet normal 0.98077 -0.195165 0
    outer loop
      vertex -10.6421 10.44 0
      vertex -10.6855 10.2219 5
      vertex -10.6855 10.2219 0
    endloop
  endfacet
  facet normal 0.946915 -0.321484 0
    outer loop
      vertex -10.6421 10.44 5
      vertex -10.5706 10.6506 0
      vertex -10.5706 10.6506 5
    endloop
  endfacet
  facet normal 0.946915 -0.321484 0
    outer loop
      vertex -10.5706 10.6506 0
      vertex -10.6421 10.44 5
      vertex -10.6421 10.44 0
    endloop
  endfacet
  facet normal -0.659342 0.751844 0
    outer loop
      vertex -7.79792 8.79792 0
      vertex -7.96511 8.6513 5
      vertex -7.79792 8.79792 5
    endloop
  endfacet
  facet normal -0.659342 0.751844 0
    outer loop
      vertex -7.96511 8.6513 5
      vertex -7.79792 8.79792 0
      vertex -7.96511 8.6513 0
    endloop
  endfacet
  facet normal 0.195251 -0.980753 0
    outer loop
      vertex 111.36 11.6421 0
      vertex 111.578 11.6855 5
      vertex 111.36 11.6421 5
    endloop
  endfacet
  facet normal 0.195251 -0.980753 0
    outer loop
      vertex 111.578 11.6855 5
      vertex 111.36 11.6421 0
      vertex 111.578 11.6855 0
    endloop
  endfacet
  facet normal -0.981113 -0.193434 0
    outer loop
      vertex 113.485 10.2219 0
      vertex 113.442 10.44 5
      vertex 113.442 10.44 0
    endloop
  endfacet
  facet normal -0.981113 -0.193434 0
    outer loop
      vertex 113.442 10.44 5
      vertex 113.485 10.2219 0
      vertex 113.485 10.2219 5
    endloop
  endfacet
  facet normal -0.997723 -0.0674441 0
    outer loop
      vertex 113.5 10 0
      vertex 113.485 10.2219 5
      vertex 113.485 10.2219 0
    endloop
  endfacet
  facet normal -0.997723 -0.0674441 0
    outer loop
      vertex 113.485 10.2219 5
      vertex 113.5 10 0
      vertex 113.5 10 5
    endloop
  endfacet
  facet normal -0.750997 0.660306 0
    outer loop
      vertex 113.002 8.79792 0
      vertex 113.149 8.96511 5
      vertex 113.149 8.96511 0
    endloop
  endfacet
  facet normal -0.750997 0.660306 0
    outer loop
      vertex 113.149 8.96511 5
      vertex 113.002 8.79792 0
      vertex 113.002 8.79792 5
    endloop
  endfacet
  facet normal -0.555219 -0.831704 0
    outer loop
      vertex 112.65 11.4722 0
      vertex 112.835 11.3487 5
      vertex 112.65 11.4722 5
    endloop
  endfacet
  facet normal -0.555219 -0.831704 -0
    outer loop
      vertex 112.835 11.3487 5
      vertex 112.65 11.4722 0
      vertex 112.835 11.3487 0
    endloop
  endfacet
  facet normal -0.0653555 0.997862 0
    outer loop
      vertex 112.022 8.31454 0
      vertex 111.8 8.3 5
      vertex 112.022 8.31454 5
    endloop
  endfacet
  facet normal -0.0653555 0.997862 0
    outer loop
      vertex 111.8 8.3 5
      vertex 112.022 8.31454 0
      vertex 111.8 8.3 0
    endloop
  endfacet
  facet normal 0.320937 -0.947101 0
    outer loop
      vertex 111.149 11.5706 0
      vertex 111.36 11.6421 5
      vertex 111.149 11.5706 5
    endloop
  endfacet
  facet normal 0.320937 -0.947101 0
    outer loop
      vertex 111.36 11.6421 5
      vertex 111.149 11.5706 0
      vertex 111.36 11.6421 0
    endloop
  endfacet
  facet normal 0.750997 0.660306 0
    outer loop
      vertex 110.598 8.79792 5
      vertex 110.451 8.96511 0
      vertex 110.451 8.96511 5
    endloop
  endfacet
  facet normal 0.750997 0.660306 0
    outer loop
      vertex 110.451 8.96511 0
      vertex 110.598 8.79792 5
      vertex 110.598 8.79792 0
    endloop
  endfacet
  facet normal -0.947584 0.319506 0
    outer loop
      vertex 113.371 9.34944 0
      vertex 113.442 9.56001 5
      vertex 113.442 9.56001 0
    endloop
  endfacet
  facet normal -0.947584 0.319506 0
    outer loop
      vertex 113.442 9.56001 5
      vertex 113.371 9.34944 0
      vertex 113.371 9.34944 5
    endloop
  endfacet
  facet normal -0.320937 -0.947101 0
    outer loop
      vertex 112.24 11.6421 0
      vertex 112.451 11.5706 5
      vertex 112.24 11.6421 5
    endloop
  endfacet
  facet normal -0.320937 -0.947101 -0
    outer loop
      vertex 112.451 11.5706 5
      vertex 112.24 11.6421 0
      vertex 112.451 11.5706 0
    endloop
  endfacet
  facet normal -0.0651764 -0.997874 0
    outer loop
      vertex 111.8 11.7 0
      vertex 112.022 11.6855 5
      vertex 111.8 11.7 5
    endloop
  endfacet
  facet normal -0.0651764 -0.997874 -0
    outer loop
      vertex 112.022 11.6855 5
      vertex 111.8 11.7 0
      vertex 112.022 11.6855 0
    endloop
  endfacet
  facet normal 0.555219 -0.831704 0
    outer loop
      vertex 110.765 11.3487 0
      vertex 110.95 11.4722 5
      vertex 110.765 11.3487 5
    endloop
  endfacet
  facet normal 0.555219 -0.831704 0
    outer loop
      vertex 110.95 11.4722 5
      vertex 110.765 11.3487 0
      vertex 110.95 11.4722 0
    endloop
  endfacet
  facet normal 0.555343 0.831621 -0
    outer loop
      vertex 110.95 8.52776 0
      vertex 110.765 8.6513 5
      vertex 110.95 8.52776 5
    endloop
  endfacet
  facet normal 0.555343 0.831621 0
    outer loop
      vertex 110.765 8.6513 5
      vertex 110.95 8.52776 0
      vertex 110.765 8.6513 0
    endloop
  endfacet
  facet normal -0.83259 0.553889 0
    outer loop
      vertex 113.149 8.96511 0
      vertex 113.272 9.15 5
      vertex 113.272 9.15 0
    endloop
  endfacet
  facet normal -0.83259 0.553889 0
    outer loop
      vertex 113.272 9.15 5
      vertex 113.149 8.96511 0
      vertex 113.149 8.96511 5
    endloop
  endfacet
  facet normal 0.832604 -0.553869 0
    outer loop
      vertex 110.328 10.85 5
      vertex 110.451 11.0349 0
      vertex 110.451 11.0349 5
    endloop
  endfacet
  facet normal 0.832604 -0.553869 0
    outer loop
      vertex 110.451 11.0349 0
      vertex 110.328 10.85 5
      vertex 110.328 10.85 0
    endloop
  endfacet
  facet normal 0.0651764 -0.997874 0
    outer loop
      vertex 111.578 11.6855 0
      vertex 111.8 11.7 5
      vertex 111.578 11.6855 5
    endloop
  endfacet
  facet normal 0.0651764 -0.997874 0
    outer loop
      vertex 111.8 11.7 5
      vertex 111.578 11.6855 0
      vertex 111.8 11.7 0
    endloop
  endfacet
  facet normal -0.555343 0.831621 0
    outer loop
      vertex 112.835 8.6513 0
      vertex 112.65 8.52776 5
      vertex 112.835 8.6513 5
    endloop
  endfacet
  facet normal -0.555343 0.831621 0
    outer loop
      vertex 112.65 8.52776 5
      vertex 112.835 8.6513 0
      vertex 112.65 8.52776 0
    endloop
  endfacet
  facet normal -0.832604 -0.553869 0
    outer loop
      vertex 113.272 10.85 0
      vertex 113.149 11.0349 5
      vertex 113.149 11.0349 0
    endloop
  endfacet
  facet normal -0.832604 -0.553869 0
    outer loop
      vertex 113.149 11.0349 5
      vertex 113.272 10.85 0
      vertex 113.272 10.85 5
    endloop
  endfacet
  facet normal -0.195208 0.980762 0
    outer loop
      vertex 112.24 8.35793 0
      vertex 112.022 8.31454 5
      vertex 112.24 8.35793 5
    endloop
  endfacet
  facet normal -0.195208 0.980762 0
    outer loop
      vertex 112.022 8.31454 5
      vertex 112.24 8.35793 0
      vertex 112.022 8.31454 0
    endloop
  endfacet
  facet normal 0.4431 0.896472 -0
    outer loop
      vertex 111.149 8.4294 0
      vertex 110.95 8.52776 5
      vertex 111.149 8.4294 5
    endloop
  endfacet
  facet normal 0.4431 0.896472 0
    outer loop
      vertex 110.95 8.52776 5
      vertex 111.149 8.4294 0
      vertex 110.95 8.52776 0
    endloop
  endfacet
  facet normal -0.320816 0.947141 0
    outer loop
      vertex 112.451 8.4294 0
      vertex 112.24 8.35793 5
      vertex 112.451 8.4294 5
    endloop
  endfacet
  facet normal -0.320816 0.947141 0
    outer loop
      vertex 112.24 8.35793 5
      vertex 112.451 8.4294 0
      vertex 112.24 8.35793 0
    endloop
  endfacet
  facet normal -0.997723 0.0674441 0
    outer loop
      vertex 113.485 9.7781 0
      vertex 113.5 10 5
      vertex 113.5 10 0
    endloop
  endfacet
  facet normal -0.997723 0.0674441 0
    outer loop
      vertex 113.5 10 5
      vertex 113.485 9.7781 0
      vertex 113.485 9.7781 5
    endloop
  endfacet
  facet normal -0.981112 0.193442 0
    outer loop
      vertex 113.442 9.56001 0
      vertex 113.485 9.7781 5
      vertex 113.485 9.7781 0
    endloop
  endfacet
  facet normal -0.981112 0.193442 0
    outer loop
      vertex 113.485 9.7781 5
      vertex 113.442 9.56001 0
      vertex 113.442 9.56001 5
    endloop
  endfacet
  facet normal 0.0653555 0.997862 -0
    outer loop
      vertex 111.8 8.3 0
      vertex 111.578 8.31454 5
      vertex 111.8 8.3 5
    endloop
  endfacet
  facet normal 0.0653555 0.997862 0
    outer loop
      vertex 111.578 8.31454 5
      vertex 111.8 8.3 0
      vertex 111.578 8.31454 0
    endloop
  endfacet
  facet normal 0.751016 -0.660284 0
    outer loop
      vertex 110.451 11.0349 5
      vertex 110.598 11.2021 0
      vertex 110.598 11.2021 5
    endloop
  endfacet
  facet normal 0.751016 -0.660284 0
    outer loop
      vertex 110.598 11.2021 0
      vertex 110.451 11.0349 5
      vertex 110.451 11.0349 0
    endloop
  endfacet
  facet normal 0.659714 -0.751516 0
    outer loop
      vertex 110.598 11.2021 0
      vertex 110.765 11.3487 5
      vertex 110.598 11.2021 5
    endloop
  endfacet
  facet normal 0.659714 -0.751516 0
    outer loop
      vertex 110.765 11.3487 5
      vertex 110.598 11.2021 0
      vertex 110.765 11.3487 0
    endloop
  endfacet
  facet normal -0.443245 -0.8964 0
    outer loop
      vertex 112.451 11.5706 0
      vertex 112.65 11.4722 5
      vertex 112.451 11.5706 5
    endloop
  endfacet
  facet normal -0.443245 -0.8964 -0
    outer loop
      vertex 112.65 11.4722 5
      vertex 112.451 11.5706 0
      vertex 112.65 11.4722 0
    endloop
  endfacet
  facet normal -0.659765 0.751472 0
    outer loop
      vertex 113.002 8.79792 0
      vertex 112.835 8.6513 5
      vertex 113.002 8.79792 5
    endloop
  endfacet
  facet normal -0.659765 0.751472 0
    outer loop
      vertex 112.835 8.6513 5
      vertex 113.002 8.79792 0
      vertex 112.835 8.6513 0
    endloop
  endfacet
  facet normal 0.997723 -0.0674441 0
    outer loop
      vertex 110.1 10 5
      vertex 110.115 10.2219 0
      vertex 110.115 10.2219 5
    endloop
  endfacet
  facet normal 0.997723 -0.0674441 0
    outer loop
      vertex 110.115 10.2219 0
      vertex 110.1 10 5
      vertex 110.1 10 0
    endloop
  endfacet
  facet normal -0.4431 0.896472 0
    outer loop
      vertex 112.65 8.52776 0
      vertex 112.451 8.4294 5
      vertex 112.65 8.52776 5
    endloop
  endfacet
  facet normal -0.4431 0.896472 0
    outer loop
      vertex 112.451 8.4294 5
      vertex 112.65 8.52776 0
      vertex 112.451 8.4294 0
    endloop
  endfacet
  facet normal 0.997723 0.0674441 0
    outer loop
      vertex 110.115 9.7781 5
      vertex 110.1 10 0
      vertex 110.1 10 5
    endloop
  endfacet
  facet normal 0.997723 0.0674441 0
    outer loop
      vertex 110.1 10 0
      vertex 110.115 9.7781 5
      vertex 110.115 9.7781 0
    endloop
  endfacet
  facet normal 0.947584 0.319506 0
    outer loop
      vertex 110.229 9.34944 5
      vertex 110.158 9.56001 0
      vertex 110.158 9.56001 5
    endloop
  endfacet
  facet normal 0.947584 0.319506 0
    outer loop
      vertex 110.158 9.56001 0
      vertex 110.229 9.34944 5
      vertex 110.229 9.34944 0
    endloop
  endfacet
  facet normal 0.320816 0.947141 -0
    outer loop
      vertex 111.36 8.35793 0
      vertex 111.149 8.4294 5
      vertex 111.36 8.35793 5
    endloop
  endfacet
  facet normal 0.320816 0.947141 0
    outer loop
      vertex 111.149 8.4294 5
      vertex 111.36 8.35793 0
      vertex 111.149 8.4294 0
    endloop
  endfacet
  facet normal 0.981112 0.193442 0
    outer loop
      vertex 110.158 9.56001 5
      vertex 110.115 9.7781 0
      vertex 110.115 9.7781 5
    endloop
  endfacet
  facet normal 0.981112 0.193442 0
    outer loop
      vertex 110.115 9.7781 0
      vertex 110.158 9.56001 5
      vertex 110.158 9.56001 0
    endloop
  endfacet
  facet normal -0.895681 -0.444696 0
    outer loop
      vertex 113.371 10.6506 0
      vertex 113.272 10.85 5
      vertex 113.272 10.85 0
    endloop
  endfacet
  facet normal -0.895681 -0.444696 0
    outer loop
      vertex 113.272 10.85 5
      vertex 113.371 10.6506 0
      vertex 113.371 10.6506 5
    endloop
  endfacet
  facet normal 0.659765 0.751472 -0
    outer loop
      vertex 110.765 8.6513 0
      vertex 110.598 8.79792 5
      vertex 110.765 8.6513 5
    endloop
  endfacet
  facet normal 0.659765 0.751472 0
    outer loop
      vertex 110.598 8.79792 5
      vertex 110.765 8.6513 0
      vertex 110.598 8.79792 0
    endloop
  endfacet
  facet normal -0.895717 0.444625 0
    outer loop
      vertex 113.272 9.15 0
      vertex 113.371 9.34944 5
      vertex 113.371 9.34944 0
    endloop
  endfacet
  facet normal -0.895717 0.444625 0
    outer loop
      vertex 113.371 9.34944 5
      vertex 113.272 9.15 0
      vertex 113.272 9.15 5
    endloop
  endfacet
  facet normal 0.981113 -0.193434 0
    outer loop
      vertex 110.115 10.2219 5
      vertex 110.158 10.44 0
      vertex 110.158 10.44 5
    endloop
  endfacet
  facet normal 0.981113 -0.193434 0
    outer loop
      vertex 110.158 10.44 0
      vertex 110.115 10.2219 5
      vertex 110.115 10.2219 0
    endloop
  endfacet
  facet normal 0.443245 -0.8964 0
    outer loop
      vertex 110.95 11.4722 0
      vertex 111.149 11.5706 5
      vertex 110.95 11.4722 5
    endloop
  endfacet
  facet normal 0.443245 -0.8964 0
    outer loop
      vertex 111.149 11.5706 5
      vertex 110.95 11.4722 0
      vertex 111.149 11.5706 0
    endloop
  endfacet
  facet normal -0.751016 -0.660284 0
    outer loop
      vertex 113.149 11.0349 0
      vertex 113.002 11.2021 5
      vertex 113.002 11.2021 0
    endloop
  endfacet
  facet normal -0.751016 -0.660284 0
    outer loop
      vertex 113.002 11.2021 5
      vertex 113.149 11.0349 0
      vertex 113.149 11.0349 5
    endloop
  endfacet
  facet normal -0.947598 -0.319466 0
    outer loop
      vertex 113.442 10.44 0
      vertex 113.371 10.6506 5
      vertex 113.371 10.6506 0
    endloop
  endfacet
  facet normal -0.947598 -0.319466 0
    outer loop
      vertex 113.371 10.6506 5
      vertex 113.442 10.44 0
      vertex 113.442 10.44 5
    endloop
  endfacet
  facet normal -0.195251 -0.980753 0
    outer loop
      vertex 112.022 11.6855 0
      vertex 112.24 11.6421 5
      vertex 112.022 11.6855 5
    endloop
  endfacet
  facet normal -0.195251 -0.980753 -0
    outer loop
      vertex 112.24 11.6421 5
      vertex 112.022 11.6855 0
      vertex 112.24 11.6421 0
    endloop
  endfacet
  facet normal 0.947598 -0.319466 0
    outer loop
      vertex 110.158 10.44 5
      vertex 110.229 10.6506 0
      vertex 110.229 10.6506 5
    endloop
  endfacet
  facet normal 0.947598 -0.319466 0
    outer loop
      vertex 110.229 10.6506 0
      vertex 110.158 10.44 5
      vertex 110.158 10.44 0
    endloop
  endfacet
  facet normal -0.659714 -0.751516 0
    outer loop
      vertex 112.835 11.3487 0
      vertex 113.002 11.2021 5
      vertex 112.835 11.3487 5
    endloop
  endfacet
  facet normal -0.659714 -0.751516 -0
    outer loop
      vertex 113.002 11.2021 5
      vertex 112.835 11.3487 0
      vertex 113.002 11.2021 0
    endloop
  endfacet
  facet normal 0.195208 0.980762 -0
    outer loop
      vertex 111.578 8.31454 0
      vertex 111.36 8.35793 5
      vertex 111.578 8.31454 5
    endloop
  endfacet
  facet normal 0.195208 0.980762 0
    outer loop
      vertex 111.36 8.35793 5
      vertex 111.578 8.31454 0
      vertex 111.36 8.35793 0
    endloop
  endfacet
  facet normal 0.895717 0.444625 0
    outer loop
      vertex 110.328 9.15 5
      vertex 110.229 9.34944 0
      vertex 110.229 9.34944 5
    endloop
  endfacet
  facet normal 0.895717 0.444625 0
    outer loop
      vertex 110.229 9.34944 0
      vertex 110.328 9.15 5
      vertex 110.328 9.15 0
    endloop
  endfacet
  facet normal 0.83259 0.553889 0
    outer loop
      vertex 110.451 8.96511 5
      vertex 110.328 9.15 0
      vertex 110.328 9.15 5
    endloop
  endfacet
  facet normal 0.83259 0.553889 0
    outer loop
      vertex 110.328 9.15 0
      vertex 110.451 8.96511 5
      vertex 110.451 8.96511 0
    endloop
  endfacet
  facet normal 0.895681 -0.444696 0
    outer loop
      vertex 110.229 10.6506 5
      vertex 110.328 10.85 0
      vertex 110.328 10.85 5
    endloop
  endfacet
  facet normal 0.895681 -0.444696 0
    outer loop
      vertex 110.328 10.85 0
      vertex 110.229 10.6506 5
      vertex 110.229 10.6506 0
    endloop
  endfacet
  facet normal -0.980779 -0.195122 0
    outer loop
      vertex -7.31454 73.6219 0
      vertex -7.35793 73.84 5
      vertex -7.35793 73.84 0
    endloop
  endfacet
  facet normal -0.980779 -0.195122 0
    outer loop
      vertex -7.35793 73.84 5
      vertex -7.31454 73.6219 0
      vertex -7.31454 73.6219 5
    endloop
  endfacet
  facet normal -0.99786 -0.0653848 0
    outer loop
      vertex -7.3 73.4 0
      vertex -7.31454 73.6219 5
      vertex -7.31454 73.6219 0
    endloop
  endfacet
  facet normal -0.99786 -0.0653848 0
    outer loop
      vertex -7.31454 73.6219 5
      vertex -7.3 73.4 0
      vertex -7.3 73.4 5
    endloop
  endfacet
  facet normal 0.555426 0.831566 -0
    outer loop
      vertex -9.85 71.9278 0
      vertex -10.0349 72.0513 5
      vertex -9.85 71.9278 5
    endloop
  endfacet
  facet normal 0.555426 0.831566 0
    outer loop
      vertex -10.0349 72.0513 5
      vertex -9.85 71.9278 0
      vertex -10.0349 72.0513 0
    endloop
  endfacet
  facet normal 0.997872 0.0652057 0
    outer loop
      vertex -10.6855 73.1781 5
      vertex -10.7 73.4 0
      vertex -10.7 73.4 5
    endloop
  endfacet
  facet normal 0.997872 0.0652057 0
    outer loop
      vertex -10.7 73.4 0
      vertex -10.6855 73.1781 5
      vertex -10.6855 73.1781 0
    endloop
  endfacet
  facet normal 0.896754 -0.44253 0
    outer loop
      vertex -10.5706 74.0506 5
      vertex -10.4722 74.25 0
      vertex -10.4722 74.25 5
    endloop
  endfacet
  facet normal 0.896754 -0.44253 0
    outer loop
      vertex -10.4722 74.25 0
      vertex -10.5706 74.0506 5
      vertex -10.5706 74.0506 0
    endloop
  endfacet
  facet normal 0.442459 -0.896789 0
    outer loop
      vertex -9.85 74.8722 0
      vertex -9.65056 74.9706 5
      vertex -9.85 74.8722 5
    endloop
  endfacet
  facet normal 0.442459 -0.896789 0
    outer loop
      vertex -9.65056 74.9706 5
      vertex -9.85 74.8722 0
      vertex -9.65056 74.9706 0
    endloop
  endfacet
  facet normal -0.831483 -0.555551 0
    outer loop
      vertex -7.52776 74.25 0
      vertex -7.6513 74.4349 5
      vertex -7.6513 74.4349 0
    endloop
  endfacet
  facet normal -0.831483 -0.555551 0
    outer loop
      vertex -7.6513 74.4349 5
      vertex -7.52776 74.25 0
      vertex -7.52776 74.25 5
    endloop
  endfacet
  facet normal -0.321525 0.946901 0
    outer loop
      vertex -8.34944 71.8294 0
      vertex -8.56001 71.7579 5
      vertex -8.34944 71.8294 5
    endloop
  endfacet
  facet normal -0.321525 0.946901 0
    outer loop
      vertex -8.56001 71.7579 5
      vertex -8.34944 71.8294 0
      vertex -8.56001 71.7579 0
    endloop
  endfacet
  facet normal -0.896825 -0.442386 0
    outer loop
      vertex -7.4294 74.0506 0
      vertex -7.52776 74.25 5
      vertex -7.52776 74.25 0
    endloop
  endfacet
  facet normal -0.896825 -0.442386 0
    outer loop
      vertex -7.52776 74.25 5
      vertex -7.4294 74.0506 0
      vertex -7.4294 74.0506 5
    endloop
  endfacet
  facet normal -0.442459 0.896789 0
    outer loop
      vertex -8.15 71.9278 0
      vertex -8.34944 71.8294 5
      vertex -8.15 71.9278 5
    endloop
  endfacet
  facet normal -0.442459 0.896789 0
    outer loop
      vertex -8.34944 71.8294 5
      vertex -8.15 71.9278 0
      vertex -8.34944 71.8294 0
    endloop
  endfacet
  facet normal -0.831483 0.555551 0
    outer loop
      vertex -7.6513 72.3651 0
      vertex -7.52776 72.55 5
      vertex -7.52776 72.55 0
    endloop
  endfacet
  facet normal -0.831483 0.555551 0
    outer loop
      vertex -7.52776 72.55 5
      vertex -7.6513 72.3651 0
      vertex -7.6513 72.3651 5
    endloop
  endfacet
  facet normal -0.946956 0.321363 0
    outer loop
      vertex -7.4294 72.7494 0
      vertex -7.35793 72.96 5
      vertex -7.35793 72.96 0
    endloop
  endfacet
  facet normal -0.946956 0.321363 0
    outer loop
      vertex -7.35793 72.96 5
      vertex -7.4294 72.7494 0
      vertex -7.4294 72.7494 5
    endloop
  endfacet
  facet normal 0.195165 0.98077 -0
    outer loop
      vertex -9.22189 71.7145 0
      vertex -9.43999 71.7579 5
      vertex -9.22189 71.7145 5
    endloop
  endfacet
  facet normal 0.195165 0.98077 0
    outer loop
      vertex -9.43999 71.7579 5
      vertex -9.22189 71.7145 0
      vertex -9.43999 71.7579 0
    endloop
  endfacet
  facet normal -0.0652057 0.997872 0
    outer loop
      vertex -8.7781 71.7145 0
      vertex -9 71.7 5
      vertex -8.7781 71.7145 5
    endloop
  endfacet
  facet normal -0.0652057 0.997872 0
    outer loop
      vertex -9 71.7 5
      vertex -8.7781 71.7145 0
      vertex -9 71.7 0
    endloop
  endfacet
  facet normal -0.99786 0.0653848 0
    outer loop
      vertex -7.31454 73.1781 0
      vertex -7.3 73.4 5
      vertex -7.3 73.4 0
    endloop
  endfacet
  facet normal -0.99786 0.0653848 0
    outer loop
      vertex -7.3 73.4 5
      vertex -7.31454 73.1781 0
      vertex -7.31454 73.1781 5
    endloop
  endfacet
  facet normal -0.896825 0.442386 0
    outer loop
      vertex -7.52776 72.55 0
      vertex -7.4294 72.7494 5
      vertex -7.4294 72.7494 0
    endloop
  endfacet
  facet normal -0.896825 0.442386 0
    outer loop
      vertex -7.4294 72.7494 5
      vertex -7.52776 72.55 0
      vertex -7.52776 72.55 5
    endloop
  endfacet
  facet normal -0.0652057 -0.997872 0
    outer loop
      vertex -9 75.1 0
      vertex -8.7781 75.0855 5
      vertex -9 75.1 5
    endloop
  endfacet
  facet normal -0.0652057 -0.997872 -0
    outer loop
      vertex -8.7781 75.0855 5
      vertex -9 75.1 0
      vertex -8.7781 75.0855 0
    endloop
  endfacet
  facet normal -0.751863 -0.659319 0
    outer loop
      vertex -7.6513 74.4349 0
      vertex -7.79792 74.6021 5
      vertex -7.79792 74.6021 0
    endloop
  endfacet
  facet normal -0.751863 -0.659319 0
    outer loop
      vertex -7.79792 74.6021 5
      vertex -7.6513 74.4349 0
      vertex -7.6513 74.4349 5
    endloop
  endfacet
  facet normal 0.751908 0.659268 0
    outer loop
      vertex -10.2021 72.1979 5
      vertex -10.3487 72.3651 0
      vertex -10.3487 72.3651 5
    endloop
  endfacet
  facet normal 0.751908 0.659268 0
    outer loop
      vertex -10.3487 72.3651 0
      vertex -10.2021 72.1979 5
      vertex -10.2021 72.1979 0
    endloop
  endfacet
  facet normal 0.98077 0.195165 0
    outer loop
      vertex -10.6421 72.96 5
      vertex -10.6855 73.1781 0
      vertex -10.6855 73.1781 5
    endloop
  endfacet
  facet normal 0.98077 0.195165 0
    outer loop
      vertex -10.6855 73.1781 0
      vertex -10.6421 72.96 5
      vertex -10.6421 72.96 0
    endloop
  endfacet
  facet normal 0.751908 -0.659268 0
    outer loop
      vertex -10.3487 74.4349 5
      vertex -10.2021 74.6021 0
      vertex -10.2021 74.6021 5
    endloop
  endfacet
  facet normal 0.751908 -0.659268 0
    outer loop
      vertex -10.2021 74.6021 0
      vertex -10.3487 74.4349 5
      vertex -10.3487 74.4349 0
    endloop
  endfacet
  facet normal 0.896754 0.44253 0
    outer loop
      vertex -10.4722 72.55 5
      vertex -10.5706 72.7494 0
      vertex -10.5706 72.7494 5
    endloop
  endfacet
  facet normal 0.896754 0.44253 0
    outer loop
      vertex -10.5706 72.7494 0
      vertex -10.4722 72.55 5
      vertex -10.4722 72.55 0
    endloop
  endfacet
  facet normal -0.195173 0.980769 0
    outer loop
      vertex -8.56001 71.7579 0
      vertex -8.7781 71.7145 5
      vertex -8.56001 71.7579 5
    endloop
  endfacet
  facet normal -0.195173 0.980769 0
    outer loop
      vertex -8.7781 71.7145 5
      vertex -8.56001 71.7579 0
      vertex -8.7781 71.7145 0
    endloop
  endfacet
  facet normal 0.321525 0.946901 -0
    outer loop
      vertex -9.43999 71.7579 0
      vertex -9.65056 71.8294 5
      vertex -9.43999 71.7579 5
    endloop
  endfacet
  facet normal 0.321525 0.946901 0
    outer loop
      vertex -9.65056 71.8294 5
      vertex -9.43999 71.7579 0
      vertex -9.65056 71.8294 0
    endloop
  endfacet
  facet normal 0.555426 -0.831566 0
    outer loop
      vertex -10.0349 74.7487 0
      vertex -9.85 74.8722 5
      vertex -10.0349 74.7487 5
    endloop
  endfacet
  facet normal 0.555426 -0.831566 0
    outer loop
      vertex -9.85 74.8722 5
      vertex -10.0349 74.7487 0
      vertex -9.85 74.8722 0
    endloop
  endfacet
  facet normal -0.555447 -0.831552 0
    outer loop
      vertex -8.15 74.8722 0
      vertex -7.96511 74.7487 5
      vertex -8.15 74.8722 5
    endloop
  endfacet
  facet normal -0.555447 -0.831552 -0
    outer loop
      vertex -7.96511 74.7487 5
      vertex -8.15 74.8722 0
      vertex -7.96511 74.7487 0
    endloop
  endfacet
  facet normal 0.442459 0.896789 -0
    outer loop
      vertex -9.65056 71.8294 0
      vertex -9.85 71.9278 5
      vertex -9.65056 71.8294 5
    endloop
  endfacet
  facet normal 0.442459 0.896789 0
    outer loop
      vertex -9.85 71.9278 5
      vertex -9.65056 71.8294 0
      vertex -9.85 71.9278 0
    endloop
  endfacet
  facet normal -0.555447 0.831552 0
    outer loop
      vertex -7.96511 72.0513 0
      vertex -8.15 71.9278 5
      vertex -7.96511 72.0513 5
    endloop
  endfacet
  facet normal -0.555447 0.831552 0
    outer loop
      vertex -8.15 71.9278 5
      vertex -7.96511 72.0513 0
      vertex -8.15 71.9278 0
    endloop
  endfacet
  facet normal -0.321525 -0.946901 0
    outer loop
      vertex -8.56001 75.0421 0
      vertex -8.34944 74.9706 5
      vertex -8.56001 75.0421 5
    endloop
  endfacet
  facet normal -0.321525 -0.946901 -0
    outer loop
      vertex -8.34944 74.9706 5
      vertex -8.56001 75.0421 0
      vertex -8.34944 74.9706 0
    endloop
  endfacet
  facet normal 0.997872 -0.0652057 0
    outer loop
      vertex -10.7 73.4 5
      vertex -10.6855 73.6219 0
      vertex -10.6855 73.6219 5
    endloop
  endfacet
  facet normal 0.997872 -0.0652057 0
    outer loop
      vertex -10.6855 73.6219 0
      vertex -10.7 73.4 5
      vertex -10.7 73.4 0
    endloop
  endfacet
  facet normal -0.195173 -0.980769 0
    outer loop
      vertex -8.7781 75.0855 0
      vertex -8.56001 75.0421 5
      vertex -8.7781 75.0855 5
    endloop
  endfacet
  facet normal -0.195173 -0.980769 -0
    outer loop
      vertex -8.56001 75.0421 5
      vertex -8.7781 75.0855 0
      vertex -8.56001 75.0421 0
    endloop
  endfacet
  facet normal 0.195165 -0.98077 0
    outer loop
      vertex -9.43999 75.0421 0
      vertex -9.22189 75.0855 5
      vertex -9.43999 75.0421 5
    endloop
  endfacet
  facet normal 0.195165 -0.98077 0
    outer loop
      vertex -9.22189 75.0855 5
      vertex -9.43999 75.0421 0
      vertex -9.22189 75.0855 0
    endloop
  endfacet
  facet normal -0.980779 0.195122 0
    outer loop
      vertex -7.35793 72.96 0
      vertex -7.31454 73.1781 5
      vertex -7.31454 73.1781 0
    endloop
  endfacet
  facet normal -0.980779 0.195122 0
    outer loop
      vertex -7.31454 73.1781 5
      vertex -7.35793 72.96 0
      vertex -7.35793 72.96 5
    endloop
  endfacet
  facet normal -0.442459 -0.896789 0
    outer loop
      vertex -8.34944 74.9706 0
      vertex -8.15 74.8722 5
      vertex -8.34944 74.9706 5
    endloop
  endfacet
  facet normal -0.442459 -0.896789 -0
    outer loop
      vertex -8.15 74.8722 5
      vertex -8.34944 74.9706 0
      vertex -8.15 74.8722 0
    endloop
  endfacet
  facet normal 0.321525 -0.946901 0
    outer loop
      vertex -9.65056 74.9706 0
      vertex -9.43999 75.0421 5
      vertex -9.65056 74.9706 5
    endloop
  endfacet
  facet normal 0.321525 -0.946901 0
    outer loop
      vertex -9.43999 75.0421 5
      vertex -9.65056 74.9706 0
      vertex -9.43999 75.0421 0
    endloop
  endfacet
  facet normal 0.98077 -0.195165 0
    outer loop
      vertex -10.6855 73.6219 5
      vertex -10.6421 73.84 0
      vertex -10.6421 73.84 5
    endloop
  endfacet
  facet normal 0.98077 -0.195165 0
    outer loop
      vertex -10.6421 73.84 0
      vertex -10.6855 73.6219 5
      vertex -10.6855 73.6219 0
    endloop
  endfacet
  facet normal -0.659291 -0.751888 0
    outer loop
      vertex -7.96511 74.7487 0
      vertex -7.79792 74.6021 5
      vertex -7.96511 74.7487 5
    endloop
  endfacet
  facet normal -0.659291 -0.751888 -0
    outer loop
      vertex -7.79792 74.6021 5
      vertex -7.96511 74.7487 0
      vertex -7.79792 74.6021 0
    endloop
  endfacet
  facet normal -0.751863 0.659319 0
    outer loop
      vertex -7.79792 72.1979 0
      vertex -7.6513 72.3651 5
      vertex -7.6513 72.3651 0
    endloop
  endfacet
  facet normal -0.751863 0.659319 0
    outer loop
      vertex -7.6513 72.3651 5
      vertex -7.79792 72.1979 0
      vertex -7.79792 72.1979 5
    endloop
  endfacet
  facet normal 0.659268 0.751908 -0
    outer loop
      vertex -10.0349 72.0513 0
      vertex -10.2021 72.1979 5
      vertex -10.0349 72.0513 5
    endloop
  endfacet
  facet normal 0.659268 0.751908 0
    outer loop
      vertex -10.2021 72.1979 5
      vertex -10.0349 72.0513 0
      vertex -10.2021 72.1979 0
    endloop
  endfacet
  facet normal -0.946956 -0.321363 0
    outer loop
      vertex -7.35793 73.84 0
      vertex -7.4294 74.0506 5
      vertex -7.4294 74.0506 0
    endloop
  endfacet
  facet normal -0.946956 -0.321363 0
    outer loop
      vertex -7.4294 74.0506 5
      vertex -7.35793 73.84 0
      vertex -7.35793 73.84 5
    endloop
  endfacet
  facet normal 0.0652086 0.997872 -0
    outer loop
      vertex -9 71.7 0
      vertex -9.22189 71.7145 5
      vertex -9 71.7 5
    endloop
  endfacet
  facet normal 0.0652086 0.997872 0
    outer loop
      vertex -9.22189 71.7145 5
      vertex -9 71.7 0
      vertex -9.22189 71.7145 0
    endloop
  endfacet
  facet normal 0.0652086 -0.997872 0
    outer loop
      vertex -9.22189 75.0855 0
      vertex -9 75.1 5
      vertex -9.22189 75.0855 5
    endloop
  endfacet
  facet normal 0.0652086 -0.997872 0
    outer loop
      vertex -9 75.1 5
      vertex -9.22189 75.0855 0
      vertex -9 75.1 0
    endloop
  endfacet
  facet normal 0.946915 0.321484 0
    outer loop
      vertex -10.5706 72.7494 5
      vertex -10.6421 72.96 0
      vertex -10.6421 72.96 5
    endloop
  endfacet
  facet normal 0.946915 0.321484 0
    outer loop
      vertex -10.6421 72.96 0
      vertex -10.5706 72.7494 5
      vertex -10.5706 72.7494 0
    endloop
  endfacet
  facet normal 0.659268 -0.751908 0
    outer loop
      vertex -10.2021 74.6021 0
      vertex -10.0349 74.7487 5
      vertex -10.2021 74.6021 5
    endloop
  endfacet
  facet normal 0.659268 -0.751908 0
    outer loop
      vertex -10.0349 74.7487 5
      vertex -10.2021 74.6021 0
      vertex -10.0349 74.7487 0
    endloop
  endfacet
  facet normal -0.659291 0.751888 0
    outer loop
      vertex -7.79792 72.1979 0
      vertex -7.96511 72.0513 5
      vertex -7.79792 72.1979 5
    endloop
  endfacet
  facet normal -0.659291 0.751888 0
    outer loop
      vertex -7.96511 72.0513 5
      vertex -7.79792 72.1979 0
      vertex -7.96511 72.0513 0
    endloop
  endfacet
  facet normal 0.946915 -0.321484 0
    outer loop
      vertex -10.6421 73.84 5
      vertex -10.5706 74.0506 0
      vertex -10.5706 74.0506 5
    endloop
  endfacet
  facet normal 0.946915 -0.321484 0
    outer loop
      vertex -10.5706 74.0506 0
      vertex -10.6421 73.84 5
      vertex -10.6421 73.84 0
    endloop
  endfacet
  facet normal 0.831566 0.555426 0
    outer loop
      vertex -10.3487 72.3651 5
      vertex -10.4722 72.55 0
      vertex -10.4722 72.55 5
    endloop
  endfacet
  facet normal 0.831566 0.555426 0
    outer loop
      vertex -10.4722 72.55 0
      vertex -10.3487 72.3651 5
      vertex -10.3487 72.3651 0
    endloop
  endfacet
  facet normal 0.831566 -0.555426 0
    outer loop
      vertex -10.4722 74.25 5
      vertex -10.3487 74.4349 0
      vertex -10.3487 74.4349 5
    endloop
  endfacet
  facet normal 0.831566 -0.555426 0
    outer loop
      vertex -10.3487 74.4349 0
      vertex -10.4722 74.25 5
      vertex -10.4722 74.25 0
    endloop
  endfacet
  facet normal -0.981113 -0.193434 0
    outer loop
      vertex 113.485 73.6219 0
      vertex 113.442 73.84 5
      vertex 113.442 73.84 0
    endloop
  endfacet
  facet normal -0.981113 -0.193434 0
    outer loop
      vertex 113.442 73.84 5
      vertex 113.485 73.6219 0
      vertex 113.485 73.6219 5
    endloop
  endfacet
  facet normal -0.997723 -0.0674441 0
    outer loop
      vertex 113.5 73.4 0
      vertex 113.485 73.6219 5
      vertex 113.485 73.6219 0
    endloop
  endfacet
  facet normal -0.997723 -0.0674441 0
    outer loop
      vertex 113.485 73.6219 5
      vertex 113.5 73.4 0
      vertex 113.5 73.4 5
    endloop
  endfacet
  facet normal 0.751016 -0.660284 0
    outer loop
      vertex 110.451 74.4349 5
      vertex 110.598 74.6021 0
      vertex 110.598 74.6021 5
    endloop
  endfacet
  facet normal 0.751016 -0.660284 0
    outer loop
      vertex 110.598 74.6021 0
      vertex 110.451 74.4349 5
      vertex 110.451 74.4349 0
    endloop
  endfacet
  facet normal 0.195251 0.980753 -0
    outer loop
      vertex 111.578 71.7145 0
      vertex 111.36 71.7579 5
      vertex 111.578 71.7145 5
    endloop
  endfacet
  facet normal 0.195251 0.980753 0
    outer loop
      vertex 111.36 71.7579 5
      vertex 111.578 71.7145 0
      vertex 111.36 71.7579 0
    endloop
  endfacet
  facet normal 0.895681 0.444696 0
    outer loop
      vertex 110.328 72.55 5
      vertex 110.229 72.7494 0
      vertex 110.229 72.7494 5
    endloop
  endfacet
  facet normal 0.895681 0.444696 0
    outer loop
      vertex 110.229 72.7494 0
      vertex 110.328 72.55 5
      vertex 110.328 72.55 0
    endloop
  endfacet
  facet normal -0.443245 -0.8964 0
    outer loop
      vertex 112.451 74.9706 0
      vertex 112.65 74.8722 5
      vertex 112.451 74.9706 5
    endloop
  endfacet
  facet normal -0.443245 -0.8964 -0
    outer loop
      vertex 112.65 74.8722 5
      vertex 112.451 74.9706 0
      vertex 112.65 74.8722 0
    endloop
  endfacet
  facet normal -0.981113 0.193434 0
    outer loop
      vertex 113.442 72.96 0
      vertex 113.485 73.1781 5
      vertex 113.485 73.1781 0
    endloop
  endfacet
  facet normal -0.981113 0.193434 0
    outer loop
      vertex 113.485 73.1781 5
      vertex 113.442 72.96 0
      vertex 113.442 72.96 5
    endloop
  endfacet
  facet normal -0.947598 0.319466 0
    outer loop
      vertex 113.371 72.7494 0
      vertex 113.442 72.96 5
      vertex 113.442 72.96 0
    endloop
  endfacet
  facet normal -0.947598 0.319466 0
    outer loop
      vertex 113.442 72.96 5
      vertex 113.371 72.7494 0
      vertex 113.371 72.7494 5
    endloop
  endfacet
  facet normal 0.997723 -0.0674441 0
    outer loop
      vertex 110.1 73.4 5
      vertex 110.115 73.6219 0
      vertex 110.115 73.6219 5
    endloop
  endfacet
  facet normal 0.997723 -0.0674441 0
    outer loop
      vertex 110.115 73.6219 0
      vertex 110.1 73.4 5
      vertex 110.1 73.4 0
    endloop
  endfacet
  facet normal -0.320937 0.947101 0
    outer loop
      vertex 112.451 71.8294 0
      vertex 112.24 71.7579 5
      vertex 112.451 71.8294 5
    endloop
  endfacet
  facet normal -0.320937 0.947101 0
    outer loop
      vertex 112.24 71.7579 5
      vertex 112.451 71.8294 0
      vertex 112.24 71.7579 0
    endloop
  endfacet
  facet normal -0.659714 0.751516 0
    outer loop
      vertex 113.002 72.1979 0
      vertex 112.835 72.0513 5
      vertex 113.002 72.1979 5
    endloop
  endfacet
  facet normal -0.659714 0.751516 0
    outer loop
      vertex 112.835 72.0513 5
      vertex 113.002 72.1979 0
      vertex 112.835 72.0513 0
    endloop
  endfacet
  facet normal -0.443245 0.8964 0
    outer loop
      vertex 112.65 71.9278 0
      vertex 112.451 71.8294 5
      vertex 112.65 71.9278 5
    endloop
  endfacet
  facet normal -0.443245 0.8964 0
    outer loop
      vertex 112.451 71.8294 5
      vertex 112.65 71.9278 0
      vertex 112.451 71.8294 0
    endloop
  endfacet
  facet normal -0.195251 -0.980753 0
    outer loop
      vertex 112.022 75.0855 0
      vertex 112.24 75.0421 5
      vertex 112.022 75.0855 5
    endloop
  endfacet
  facet normal -0.195251 -0.980753 -0
    outer loop
      vertex 112.24 75.0421 5
      vertex 112.022 75.0855 0
      vertex 112.24 75.0421 0
    endloop
  endfacet
  facet normal -0.832604 -0.553869 0
    outer loop
      vertex 113.272 74.25 0
      vertex 113.149 74.4349 5
      vertex 113.149 74.4349 0
    endloop
  endfacet
  facet normal -0.832604 -0.553869 0
    outer loop
      vertex 113.149 74.4349 5
      vertex 113.272 74.25 0
      vertex 113.272 74.25 5
    endloop
  endfacet
  facet normal 0.0651764 -0.997874 0
    outer loop
      vertex 111.578 75.0855 0
      vertex 111.8 75.1 5
      vertex 111.578 75.0855 5
    endloop
  endfacet
  facet normal 0.0651764 -0.997874 0
    outer loop
      vertex 111.8 75.1 5
      vertex 111.578 75.0855 0
      vertex 111.8 75.1 0
    endloop
  endfacet
  facet normal -0.0651764 0.997874 0
    outer loop
      vertex 112.022 71.7145 0
      vertex 111.8 71.7 5
      vertex 112.022 71.7145 5
    endloop
  endfacet
  facet normal -0.0651764 0.997874 0
    outer loop
      vertex 111.8 71.7 5
      vertex 112.022 71.7145 0
      vertex 111.8 71.7 0
    endloop
  endfacet
  facet normal 0.659714 -0.751516 0
    outer loop
      vertex 110.598 74.6021 0
      vertex 110.765 74.7487 5
      vertex 110.598 74.6021 5
    endloop
  endfacet
  facet normal 0.659714 -0.751516 0
    outer loop
      vertex 110.765 74.7487 5
      vertex 110.598 74.6021 0
      vertex 110.765 74.7487 0
    endloop
  endfacet
  facet normal 0.443245 0.8964 -0
    outer loop
      vertex 111.149 71.8294 0
      vertex 110.95 71.9278 5
      vertex 111.149 71.8294 5
    endloop
  endfacet
  facet normal 0.443245 0.8964 0
    outer loop
      vertex 110.95 71.9278 5
      vertex 111.149 71.8294 0
      vertex 110.95 71.9278 0
    endloop
  endfacet
  facet normal 0.659714 0.751516 -0
    outer loop
      vertex 110.765 72.0513 0
      vertex 110.598 72.1979 5
      vertex 110.765 72.0513 5
    endloop
  endfacet
  facet normal 0.659714 0.751516 0
    outer loop
      vertex 110.598 72.1979 5
      vertex 110.765 72.0513 0
      vertex 110.598 72.1979 0
    endloop
  endfacet
  facet normal 0.751016 0.660284 0
    outer loop
      vertex 110.598 72.1979 5
      vertex 110.451 72.3651 0
      vertex 110.451 72.3651 5
    endloop
  endfacet
  facet normal 0.751016 0.660284 0
    outer loop
      vertex 110.451 72.3651 0
      vertex 110.598 72.1979 5
      vertex 110.598 72.1979 0
    endloop
  endfacet
  facet normal 0.832604 0.553869 0
    outer loop
      vertex 110.451 72.3651 5
      vertex 110.328 72.55 0
      vertex 110.328 72.55 5
    endloop
  endfacet
  facet normal 0.832604 0.553869 0
    outer loop
      vertex 110.328 72.55 0
      vertex 110.451 72.3651 5
      vertex 110.451 72.3651 0
    endloop
  endfacet
  facet normal -0.997723 0.0674441 0
    outer loop
      vertex 113.485 73.1781 0
      vertex 113.5 73.4 5
      vertex 113.5 73.4 0
    endloop
  endfacet
  facet normal -0.997723 0.0674441 0
    outer loop
      vertex 113.5 73.4 5
      vertex 113.485 73.1781 0
      vertex 113.485 73.1781 5
    endloop
  endfacet
  facet normal -0.659714 -0.751516 0
    outer loop
      vertex 112.835 74.7487 0
      vertex 113.002 74.6021 5
      vertex 112.835 74.7487 5
    endloop
  endfacet
  facet normal -0.659714 -0.751516 -0
    outer loop
      vertex 113.002 74.6021 5
      vertex 112.835 74.7487 0
      vertex 113.002 74.6021 0
    endloop
  endfacet
  facet normal -0.832604 0.553869 0
    outer loop
      vertex 113.149 72.3651 0
      vertex 113.272 72.55 5
      vertex 113.272 72.55 0
    endloop
  endfacet
  facet normal -0.832604 0.553869 0
    outer loop
      vertex 113.272 72.55 5
      vertex 113.149 72.3651 0
      vertex 113.149 72.3651 5
    endloop
  endfacet
  facet normal -0.555219 -0.831704 0
    outer loop
      vertex 112.65 74.8722 0
      vertex 112.835 74.7487 5
      vertex 112.65 74.8722 5
    endloop
  endfacet
  facet normal -0.555219 -0.831704 -0
    outer loop
      vertex 112.835 74.7487 5
      vertex 112.65 74.8722 0
      vertex 112.835 74.7487 0
    endloop
  endfacet
  facet normal -0.320937 -0.947101 0
    outer loop
      vertex 112.24 75.0421 0
      vertex 112.451 74.9706 5
      vertex 112.24 75.0421 5
    endloop
  endfacet
  facet normal -0.320937 -0.947101 -0
    outer loop
      vertex 112.451 74.9706 5
      vertex 112.24 75.0421 0
      vertex 112.451 74.9706 0
    endloop
  endfacet
  facet normal 0.195251 -0.980753 0
    outer loop
      vertex 111.36 75.0421 0
      vertex 111.578 75.0855 5
      vertex 111.36 75.0421 5
    endloop
  endfacet
  facet normal 0.195251 -0.980753 0
    outer loop
      vertex 111.578 75.0855 5
      vertex 111.36 75.0421 0
      vertex 111.578 75.0855 0
    endloop
  endfacet
  facet normal 0.947598 0.319466 0
    outer loop
      vertex 110.229 72.7494 5
      vertex 110.158 72.96 0
      vertex 110.158 72.96 5
    endloop
  endfacet
  facet normal 0.947598 0.319466 0
    outer loop
      vertex 110.158 72.96 0
      vertex 110.229 72.7494 5
      vertex 110.229 72.7494 0
    endloop
  endfacet
  facet normal -0.195251 0.980753 0
    outer loop
      vertex 112.24 71.7579 0
      vertex 112.022 71.7145 5
      vertex 112.24 71.7579 5
    endloop
  endfacet
  facet normal -0.195251 0.980753 0
    outer loop
      vertex 112.022 71.7145 5
      vertex 112.24 71.7579 0
      vertex 112.022 71.7145 0
    endloop
  endfacet
  facet normal 0.555219 0.831704 -0
    outer loop
      vertex 110.95 71.9278 0
      vertex 110.765 72.0513 5
      vertex 110.95 71.9278 5
    endloop
  endfacet
  facet normal 0.555219 0.831704 0
    outer loop
      vertex 110.765 72.0513 5
      vertex 110.95 71.9278 0
      vertex 110.765 72.0513 0
    endloop
  endfacet
  facet normal -0.751016 0.660284 0
    outer loop
      vertex 113.002 72.1979 0
      vertex 113.149 72.3651 5
      vertex 113.149 72.3651 0
    endloop
  endfacet
  facet normal -0.751016 0.660284 0
    outer loop
      vertex 113.149 72.3651 5
      vertex 113.002 72.1979 0
      vertex 113.002 72.1979 5
    endloop
  endfacet
  facet normal 0.997723 0.0674441 0
    outer loop
      vertex 110.115 73.1781 5
      vertex 110.1 73.4 0
      vertex 110.1 73.4 5
    endloop
  endfacet
  facet normal 0.997723 0.0674441 0
    outer loop
      vertex 110.1 73.4 0
      vertex 110.115 73.1781 5
      vertex 110.115 73.1781 0
    endloop
  endfacet
  facet normal 0.981113 0.193434 0
    outer loop
      vertex 110.158 72.96 5
      vertex 110.115 73.1781 0
      vertex 110.115 73.1781 5
    endloop
  endfacet
  facet normal 0.981113 0.193434 0
    outer loop
      vertex 110.115 73.1781 0
      vertex 110.158 72.96 5
      vertex 110.158 72.96 0
    endloop
  endfacet
  facet normal -0.895681 0.444696 0
    outer loop
      vertex 113.272 72.55 0
      vertex 113.371 72.7494 5
      vertex 113.371 72.7494 0
    endloop
  endfacet
  facet normal -0.895681 0.444696 0
    outer loop
      vertex 113.371 72.7494 5
      vertex 113.272 72.55 0
      vertex 113.272 72.55 5
    endloop
  endfacet
  facet normal 0.555219 -0.831704 0
    outer loop
      vertex 110.765 74.7487 0
      vertex 110.95 74.8722 5
      vertex 110.765 74.7487 5
    endloop
  endfacet
  facet normal 0.555219 -0.831704 0
    outer loop
      vertex 110.95 74.8722 5
      vertex 110.765 74.7487 0
      vertex 110.95 74.8722 0
    endloop
  endfacet
  facet normal 0.981113 -0.193434 0
    outer loop
      vertex 110.115 73.6219 5
      vertex 110.158 73.84 0
      vertex 110.158 73.84 5
    endloop
  endfacet
  facet normal 0.981113 -0.193434 0
    outer loop
      vertex 110.158 73.84 0
      vertex 110.115 73.6219 5
      vertex 110.115 73.6219 0
    endloop
  endfacet
  facet normal 0.947598 -0.319466 0
    outer loop
      vertex 110.158 73.84 5
      vertex 110.229 74.0506 0
      vertex 110.229 74.0506 5
    endloop
  endfacet
  facet normal 0.947598 -0.319466 0
    outer loop
      vertex 110.229 74.0506 0
      vertex 110.158 73.84 5
      vertex 110.158 73.84 0
    endloop
  endfacet
  facet normal -0.895681 -0.444696 0
    outer loop
      vertex 113.371 74.0506 0
      vertex 113.272 74.25 5
      vertex 113.272 74.25 0
    endloop
  endfacet
  facet normal -0.895681 -0.444696 0
    outer loop
      vertex 113.272 74.25 5
      vertex 113.371 74.0506 0
      vertex 113.371 74.0506 5
    endloop
  endfacet
  facet normal -0.751016 -0.660284 0
    outer loop
      vertex 113.149 74.4349 0
      vertex 113.002 74.6021 5
      vertex 113.002 74.6021 0
    endloop
  endfacet
  facet normal -0.751016 -0.660284 0
    outer loop
      vertex 113.002 74.6021 5
      vertex 113.149 74.4349 0
      vertex 113.149 74.4349 5
    endloop
  endfacet
  facet normal -0.947598 -0.319466 0
    outer loop
      vertex 113.442 73.84 0
      vertex 113.371 74.0506 5
      vertex 113.371 74.0506 0
    endloop
  endfacet
  facet normal -0.947598 -0.319466 0
    outer loop
      vertex 113.371 74.0506 5
      vertex 113.442 73.84 0
      vertex 113.442 73.84 5
    endloop
  endfacet
  facet normal 0.443245 -0.8964 0
    outer loop
      vertex 110.95 74.8722 0
      vertex 111.149 74.9706 5
      vertex 110.95 74.8722 5
    endloop
  endfacet
  facet normal 0.443245 -0.8964 0
    outer loop
      vertex 111.149 74.9706 5
      vertex 110.95 74.8722 0
      vertex 111.149 74.9706 0
    endloop
  endfacet
  facet normal -0.0651764 -0.997874 0
    outer loop
      vertex 111.8 75.1 0
      vertex 112.022 75.0855 5
      vertex 111.8 75.1 5
    endloop
  endfacet
  facet normal -0.0651764 -0.997874 -0
    outer loop
      vertex 112.022 75.0855 5
      vertex 111.8 75.1 0
      vertex 112.022 75.0855 0
    endloop
  endfacet
  facet normal 0.895681 -0.444696 0
    outer loop
      vertex 110.229 74.0506 5
      vertex 110.328 74.25 0
      vertex 110.328 74.25 5
    endloop
  endfacet
  facet normal 0.895681 -0.444696 0
    outer loop
      vertex 110.328 74.25 0
      vertex 110.229 74.0506 5
      vertex 110.229 74.0506 0
    endloop
  endfacet
  facet normal -0.555219 0.831704 0
    outer loop
      vertex 112.835 72.0513 0
      vertex 112.65 71.9278 5
      vertex 112.835 72.0513 5
    endloop
  endfacet
  facet normal -0.555219 0.831704 0
    outer loop
      vertex 112.65 71.9278 5
      vertex 112.835 72.0513 0
      vertex 112.65 71.9278 0
    endloop
  endfacet
  facet normal 0.320937 -0.947101 0
    outer loop
      vertex 111.149 74.9706 0
      vertex 111.36 75.0421 5
      vertex 111.149 74.9706 5
    endloop
  endfacet
  facet normal 0.320937 -0.947101 0
    outer loop
      vertex 111.36 75.0421 5
      vertex 111.149 74.9706 0
      vertex 111.36 75.0421 0
    endloop
  endfacet
  facet normal 0.320937 0.947101 -0
    outer loop
      vertex 111.36 71.7579 0
      vertex 111.149 71.8294 5
      vertex 111.36 71.7579 5
    endloop
  endfacet
  facet normal 0.320937 0.947101 0
    outer loop
      vertex 111.149 71.8294 5
      vertex 111.36 71.7579 0
      vertex 111.149 71.8294 0
    endloop
  endfacet
  facet normal 0.832604 -0.553869 0
    outer loop
      vertex 110.328 74.25 5
      vertex 110.451 74.4349 0
      vertex 110.451 74.4349 5
    endloop
  endfacet
  facet normal 0.832604 -0.553869 0
    outer loop
      vertex 110.451 74.4349 0
      vertex 110.328 74.25 5
      vertex 110.328 74.25 0
    endloop
  endfacet
  facet normal 0.0651764 0.997874 -0
    outer loop
      vertex 111.8 71.7 0
      vertex 111.578 71.7145 5
      vertex 111.8 71.7 5
    endloop
  endfacet
  facet normal 0.0651764 0.997874 0
    outer loop
      vertex 111.578 71.7145 5
      vertex 111.8 71.7 0
      vertex 111.578 71.7145 0
    endloop
  endfacet
  facet normal -0.980762 -0.195208 0
    outer loop
      vertex -7.31454 137.022 0
      vertex -7.35793 137.24 5
      vertex -7.35793 137.24 0
    endloop
  endfacet
  facet normal -0.980762 -0.195208 0
    outer loop
      vertex -7.35793 137.24 5
      vertex -7.31454 137.022 0
      vertex -7.31454 137.022 5
    endloop
  endfacet
  facet normal -0.997862 -0.0653555 0
    outer loop
      vertex -7.3 136.8 0
      vertex -7.31454 137.022 5
      vertex -7.31454 137.022 0
    endloop
  endfacet
  facet normal -0.997862 -0.0653555 0
    outer loop
      vertex -7.31454 137.022 5
      vertex -7.3 136.8 0
      vertex -7.3 136.8 5
    endloop
  endfacet
  facet normal -0.997862 0.0653555 0
    outer loop
      vertex -7.31454 136.578 0
      vertex -7.3 136.8 5
      vertex -7.3 136.8 0
    endloop
  endfacet
  facet normal -0.997862 0.0653555 0
    outer loop
      vertex -7.3 136.8 5
      vertex -7.31454 136.578 0
      vertex -7.31454 136.578 5
    endloop
  endfacet
  facet normal -0.553889 -0.83259 0
    outer loop
      vertex -8.15 138.272 0
      vertex -7.96511 138.149 5
      vertex -8.15 138.272 5
    endloop
  endfacet
  facet normal -0.553889 -0.83259 -0
    outer loop
      vertex -7.96511 138.149 5
      vertex -8.15 138.272 0
      vertex -7.96511 138.149 0
    endloop
  endfacet
  facet normal 0.947101 0.320937 0
    outer loop
      vertex -10.5706 136.149 5
      vertex -10.6421 136.36 0
      vertex -10.6421 136.36 5
    endloop
  endfacet
  facet normal 0.947101 0.320937 0
    outer loop
      vertex -10.6421 136.36 0
      vertex -10.5706 136.149 5
      vertex -10.5706 136.149 0
    endloop
  endfacet
  facet normal -0.831621 -0.555343 0
    outer loop
      vertex -7.52776 137.65 0
      vertex -7.6513 137.835 5
      vertex -7.6513 137.835 0
    endloop
  endfacet
  facet normal -0.831621 -0.555343 0
    outer loop
      vertex -7.6513 137.835 5
      vertex -7.52776 137.65 0
      vertex -7.52776 137.65 5
    endloop
  endfacet
  facet normal -0.319506 0.947584 0
    outer loop
      vertex -8.34944 135.229 0
      vertex -8.56001 135.158 5
      vertex -8.34944 135.229 5
    endloop
  endfacet
  facet normal -0.319506 0.947584 0
    outer loop
      vertex -8.56001 135.158 5
      vertex -8.34944 135.229 0
      vertex -8.56001 135.158 0
    endloop
  endfacet
  facet normal 0.660284 0.751016 -0
    outer loop
      vertex -10.0349 135.451 0
      vertex -10.2021 135.598 5
      vertex -10.0349 135.451 5
    endloop
  endfacet
  facet normal 0.660284 0.751016 0
    outer loop
      vertex -10.2021 135.598 5
      vertex -10.0349 135.451 0
      vertex -10.2021 135.598 0
    endloop
  endfacet
  facet normal 0.444625 -0.895717 0
    outer loop
      vertex -9.85 138.272 0
      vertex -9.65056 138.371 5
      vertex -9.85 138.272 5
    endloop
  endfacet
  facet normal 0.444625 -0.895717 0
    outer loop
      vertex -9.65056 138.371 5
      vertex -9.85 138.272 0
      vertex -9.65056 138.371 0
    endloop
  endfacet
  facet normal -0.896472 -0.4431 0
    outer loop
      vertex -7.4294 137.451 0
      vertex -7.52776 137.65 5
      vertex -7.52776 137.65 0
    endloop
  endfacet
  facet normal -0.896472 -0.4431 0
    outer loop
      vertex -7.52776 137.65 5
      vertex -7.4294 137.451 0
      vertex -7.4294 137.451 5
    endloop
  endfacet
  facet normal -0.444625 0.895717 0
    outer loop
      vertex -8.15 135.328 0
      vertex -8.34944 135.229 5
      vertex -8.15 135.328 5
    endloop
  endfacet
  facet normal -0.444625 0.895717 0
    outer loop
      vertex -8.34944 135.229 5
      vertex -8.15 135.328 0
      vertex -8.34944 135.229 0
    endloop
  endfacet
  facet normal -0.947141 0.320816 0
    outer loop
      vertex -7.4294 136.149 0
      vertex -7.35793 136.36 5
      vertex -7.35793 136.36 0
    endloop
  endfacet
  facet normal -0.947141 0.320816 0
    outer loop
      vertex -7.35793 136.36 5
      vertex -7.4294 136.149 0
      vertex -7.4294 136.149 5
    endloop
  endfacet
  facet normal -0.319506 -0.947584 0
    outer loop
      vertex -8.56001 138.442 0
      vertex -8.34944 138.371 5
      vertex -8.56001 138.442 5
    endloop
  endfacet
  facet normal -0.319506 -0.947584 -0
    outer loop
      vertex -8.34944 138.371 5
      vertex -8.56001 138.442 0
      vertex -8.34944 138.371 0
    endloop
  endfacet
  facet normal -0.193442 -0.981112 0
    outer loop
      vertex -8.7781 138.485 0
      vertex -8.56001 138.442 5
      vertex -8.7781 138.485 5
    endloop
  endfacet
  facet normal -0.193442 -0.981112 -0
    outer loop
      vertex -8.56001 138.442 5
      vertex -8.7781 138.485 0
      vertex -8.56001 138.442 0
    endloop
  endfacet
  facet normal -0.660306 -0.750997 0
    outer loop
      vertex -7.96511 138.149 0
      vertex -7.79792 138.002 5
      vertex -7.96511 138.149 5
    endloop
  endfacet
  facet normal -0.660306 -0.750997 -0
    outer loop
      vertex -7.79792 138.002 5
      vertex -7.96511 138.149 0
      vertex -7.79792 138.002 0
    endloop
  endfacet
  facet normal -0.0674441 0.997723 0
    outer loop
      vertex -8.7781 135.115 0
      vertex -9 135.1 5
      vertex -8.7781 135.115 5
    endloop
  endfacet
  facet normal -0.0674441 0.997723 0
    outer loop
      vertex -9 135.1 5
      vertex -8.7781 135.115 0
      vertex -9 135.1 0
    endloop
  endfacet
  facet normal 0.980753 -0.195251 0
    outer loop
      vertex -10.6855 137.022 5
      vertex -10.6421 137.24 0
      vertex -10.6421 137.24 5
    endloop
  endfacet
  facet normal 0.980753 -0.195251 0
    outer loop
      vertex -10.6421 137.24 0
      vertex -10.6855 137.022 5
      vertex -10.6855 137.022 0
    endloop
  endfacet
  facet normal 0.751516 -0.659714 0
    outer loop
      vertex -10.3487 137.835 5
      vertex -10.2021 138.002 0
      vertex -10.2021 138.002 5
    endloop
  endfacet
  facet normal 0.751516 -0.659714 0
    outer loop
      vertex -10.2021 138.002 0
      vertex -10.3487 137.835 5
      vertex -10.3487 137.835 0
    endloop
  endfacet
  facet normal 0.193434 0.981113 -0
    outer loop
      vertex -9.22189 135.115 0
      vertex -9.43999 135.158 5
      vertex -9.22189 135.115 5
    endloop
  endfacet
  facet normal 0.193434 0.981113 0
    outer loop
      vertex -9.43999 135.158 5
      vertex -9.22189 135.115 0
      vertex -9.43999 135.158 0
    endloop
  endfacet
  facet normal 0.997874 -0.0651764 0
    outer loop
      vertex -10.7 136.8 5
      vertex -10.6855 137.022 0
      vertex -10.6855 137.022 5
    endloop
  endfacet
  facet normal 0.997874 -0.0651764 0
    outer loop
      vertex -10.6855 137.022 0
      vertex -10.7 136.8 5
      vertex -10.7 136.8 0
    endloop
  endfacet
  facet normal -0.553889 0.83259 0
    outer loop
      vertex -7.96511 135.451 0
      vertex -8.15 135.328 5
      vertex -7.96511 135.451 5
    endloop
  endfacet
  facet normal -0.553889 0.83259 0
    outer loop
      vertex -8.15 135.328 5
      vertex -7.96511 135.451 0
      vertex -8.15 135.328 0
    endloop
  endfacet
  facet normal 0.751516 0.659714 0
    outer loop
      vertex -10.2021 135.598 5
      vertex -10.3487 135.765 0
      vertex -10.3487 135.765 5
    endloop
  endfacet
  facet normal 0.751516 0.659714 0
    outer loop
      vertex -10.3487 135.765 0
      vertex -10.2021 135.598 5
      vertex -10.2021 135.598 0
    endloop
  endfacet
  facet normal 0.660284 -0.751016 0
    outer loop
      vertex -10.2021 138.002 0
      vertex -10.0349 138.149 5
      vertex -10.2021 138.002 5
    endloop
  endfacet
  facet normal 0.660284 -0.751016 0
    outer loop
      vertex -10.0349 138.149 5
      vertex -10.2021 138.002 0
      vertex -10.0349 138.149 0
    endloop
  endfacet
  facet normal 0.831704 -0.555219 0
    outer loop
      vertex -10.4722 137.65 5
      vertex -10.3487 137.835 0
      vertex -10.3487 137.835 5
    endloop
  endfacet
  facet normal 0.831704 -0.555219 0
    outer loop
      vertex -10.3487 137.835 0
      vertex -10.4722 137.65 5
      vertex -10.4722 137.65 0
    endloop
  endfacet
  facet normal -0.193442 0.981112 0
    outer loop
      vertex -8.56001 135.158 0
      vertex -8.7781 135.115 5
      vertex -8.56001 135.158 5
    endloop
  endfacet
  facet normal -0.193442 0.981112 0
    outer loop
      vertex -8.7781 135.115 5
      vertex -8.56001 135.158 0
      vertex -8.7781 135.115 0
    endloop
  endfacet
  facet normal -0.896472 0.4431 0
    outer loop
      vertex -7.52776 135.95 0
      vertex -7.4294 136.149 5
      vertex -7.4294 136.149 0
    endloop
  endfacet
  facet normal -0.896472 0.4431 0
    outer loop
      vertex -7.4294 136.149 5
      vertex -7.52776 135.95 0
      vertex -7.52776 135.95 5
    endloop
  endfacet
  facet normal -0.751472 -0.659765 0
    outer loop
      vertex -7.6513 137.835 0
      vertex -7.79792 138.002 5
      vertex -7.79792 138.002 0
    endloop
  endfacet
  facet normal -0.751472 -0.659765 0
    outer loop
      vertex -7.79792 138.002 5
      vertex -7.6513 137.835 0
      vertex -7.6513 137.835 5
    endloop
  endfacet
  facet normal -0.444625 -0.895717 0
    outer loop
      vertex -8.34944 138.371 0
      vertex -8.15 138.272 5
      vertex -8.34944 138.371 5
    endloop
  endfacet
  facet normal -0.444625 -0.895717 -0
    outer loop
      vertex -8.15 138.272 5
      vertex -8.34944 138.371 0
      vertex -8.15 138.272 0
    endloop
  endfacet
  facet normal -0.751472 0.659765 0
    outer loop
      vertex -7.79792 135.598 0
      vertex -7.6513 135.765 5
      vertex -7.6513 135.765 0
    endloop
  endfacet
  facet normal -0.751472 0.659765 0
    outer loop
      vertex -7.6513 135.765 5
      vertex -7.79792 135.598 0
      vertex -7.79792 135.598 5
    endloop
  endfacet
  facet normal -0.980762 0.195208 0
    outer loop
      vertex -7.35793 136.36 0
      vertex -7.31454 136.578 5
      vertex -7.31454 136.578 0
    endloop
  endfacet
  facet normal -0.980762 0.195208 0
    outer loop
      vertex -7.31454 136.578 5
      vertex -7.35793 136.36 0
      vertex -7.35793 136.36 5
    endloop
  endfacet
  facet normal 0.319506 -0.947584 0
    outer loop
      vertex -9.65056 138.371 0
      vertex -9.43999 138.442 5
      vertex -9.65056 138.371 5
    endloop
  endfacet
  facet normal 0.319506 -0.947584 0
    outer loop
      vertex -9.43999 138.442 5
      vertex -9.65056 138.371 0
      vertex -9.43999 138.442 0
    endloop
  endfacet
  facet normal 0.980753 0.195251 0
    outer loop
      vertex -10.6421 136.36 5
      vertex -10.6855 136.578 0
      vertex -10.6855 136.578 5
    endloop
  endfacet
  facet normal 0.980753 0.195251 0
    outer loop
      vertex -10.6855 136.578 0
      vertex -10.6421 136.36 5
      vertex -10.6421 136.36 0
    endloop
  endfacet
  facet normal 0.319506 0.947584 -0
    outer loop
      vertex -9.43999 135.158 0
      vertex -9.65056 135.229 5
      vertex -9.43999 135.158 5
    endloop
  endfacet
  facet normal 0.319506 0.947584 0
    outer loop
      vertex -9.65056 135.229 5
      vertex -9.43999 135.158 0
      vertex -9.65056 135.229 0
    endloop
  endfacet
  facet normal 0.553869 -0.832604 0
    outer loop
      vertex -10.0349 138.149 0
      vertex -9.85 138.272 5
      vertex -10.0349 138.149 5
    endloop
  endfacet
  facet normal 0.553869 -0.832604 0
    outer loop
      vertex -9.85 138.272 5
      vertex -10.0349 138.149 0
      vertex -9.85 138.272 0
    endloop
  endfacet
  facet normal -0.831621 0.555343 0
    outer loop
      vertex -7.6513 135.765 0
      vertex -7.52776 135.95 5
      vertex -7.52776 135.95 0
    endloop
  endfacet
  facet normal -0.831621 0.555343 0
    outer loop
      vertex -7.52776 135.95 5
      vertex -7.6513 135.765 0
      vertex -7.6513 135.765 5
    endloop
  endfacet
  facet normal 0.947101 -0.320937 0
    outer loop
      vertex -10.6421 137.24 5
      vertex -10.5706 137.451 0
      vertex -10.5706 137.451 5
    endloop
  endfacet
  facet normal 0.947101 -0.320937 0
    outer loop
      vertex -10.5706 137.451 0
      vertex -10.6421 137.24 5
      vertex -10.6421 137.24 0
    endloop
  endfacet
  facet normal 0.997874 0.0651764 0
    outer loop
      vertex -10.6855 136.578 5
      vertex -10.7 136.8 0
      vertex -10.7 136.8 5
    endloop
  endfacet
  facet normal 0.997874 0.0651764 0
    outer loop
      vertex -10.7 136.8 0
      vertex -10.6855 136.578 5
      vertex -10.6855 136.578 0
    endloop
  endfacet
  facet normal -0.0674441 -0.997723 0
    outer loop
      vertex -9 138.5 0
      vertex -8.7781 138.485 5
      vertex -9 138.5 5
    endloop
  endfacet
  facet normal -0.0674441 -0.997723 -0
    outer loop
      vertex -8.7781 138.485 5
      vertex -9 138.5 0
      vertex -8.7781 138.485 0
    endloop
  endfacet
  facet normal 0.193434 -0.981113 0
    outer loop
      vertex -9.43999 138.442 0
      vertex -9.22189 138.485 5
      vertex -9.43999 138.442 5
    endloop
  endfacet
  facet normal 0.193434 -0.981113 0
    outer loop
      vertex -9.22189 138.485 5
      vertex -9.43999 138.442 0
      vertex -9.22189 138.485 0
    endloop
  endfacet
  facet normal -0.947141 -0.320816 0
    outer loop
      vertex -7.35793 137.24 0
      vertex -7.4294 137.451 5
      vertex -7.4294 137.451 0
    endloop
  endfacet
  facet normal -0.947141 -0.320816 0
    outer loop
      vertex -7.4294 137.451 5
      vertex -7.35793 137.24 0
      vertex -7.35793 137.24 5
    endloop
  endfacet
  facet normal 0.0674471 -0.997723 0
    outer loop
      vertex -9.22189 138.485 0
      vertex -9 138.5 5
      vertex -9.22189 138.485 5
    endloop
  endfacet
  facet normal 0.0674471 -0.997723 0
    outer loop
      vertex -9 138.5 5
      vertex -9.22189 138.485 0
      vertex -9 138.5 0
    endloop
  endfacet
  facet normal 0.444625 0.895717 -0
    outer loop
      vertex -9.65056 135.229 0
      vertex -9.85 135.328 5
      vertex -9.65056 135.229 5
    endloop
  endfacet
  facet normal 0.444625 0.895717 0
    outer loop
      vertex -9.85 135.328 5
      vertex -9.65056 135.229 0
      vertex -9.85 135.328 0
    endloop
  endfacet
  facet normal 0.553869 0.832604 -0
    outer loop
      vertex -9.85 135.328 0
      vertex -10.0349 135.451 5
      vertex -9.85 135.328 5
    endloop
  endfacet
  facet normal 0.553869 0.832604 0
    outer loop
      vertex -10.0349 135.451 5
      vertex -9.85 135.328 0
      vertex -10.0349 135.451 0
    endloop
  endfacet
  facet normal 0.8964 0.443245 0
    outer loop
      vertex -10.4722 135.95 5
      vertex -10.5706 136.149 0
      vertex -10.5706 136.149 5
    endloop
  endfacet
  facet normal 0.8964 0.443245 0
    outer loop
      vertex -10.5706 136.149 0
      vertex -10.4722 135.95 5
      vertex -10.4722 135.95 0
    endloop
  endfacet
  facet normal -0.660306 0.750997 0
    outer loop
      vertex -7.79792 135.598 0
      vertex -7.96511 135.451 5
      vertex -7.79792 135.598 5
    endloop
  endfacet
  facet normal -0.660306 0.750997 0
    outer loop
      vertex -7.96511 135.451 5
      vertex -7.79792 135.598 0
      vertex -7.96511 135.451 0
    endloop
  endfacet
  facet normal 0.831704 0.555219 0
    outer loop
      vertex -10.3487 135.765 5
      vertex -10.4722 135.95 0
      vertex -10.4722 135.95 5
    endloop
  endfacet
  facet normal 0.831704 0.555219 0
    outer loop
      vertex -10.4722 135.95 0
      vertex -10.3487 135.765 5
      vertex -10.3487 135.765 0
    endloop
  endfacet
  facet normal 0.8964 -0.443245 0
    outer loop
      vertex -10.5706 137.451 5
      vertex -10.4722 137.65 0
      vertex -10.4722 137.65 5
    endloop
  endfacet
  facet normal 0.8964 -0.443245 0
    outer loop
      vertex -10.4722 137.65 0
      vertex -10.5706 137.451 5
      vertex -10.5706 137.451 0
    endloop
  endfacet
  facet normal 0.0674471 0.997723 -0
    outer loop
      vertex -9 135.1 0
      vertex -9.22189 135.115 5
      vertex -9 135.1 5
    endloop
  endfacet
  facet normal 0.0674471 0.997723 0
    outer loop
      vertex -9.22189 135.115 5
      vertex -9 135.1 0
      vertex -9.22189 135.115 0
    endloop
  endfacet
  facet normal -0.981097 -0.193519 0
    outer loop
      vertex 113.485 137.022 0
      vertex 113.442 137.24 5
      vertex 113.442 137.24 0
    endloop
  endfacet
  facet normal -0.981097 -0.193519 0
    outer loop
      vertex 113.442 137.24 5
      vertex 113.485 137.022 0
      vertex 113.485 137.022 5
    endloop
  endfacet
  facet normal -0.997725 -0.0674139 0
    outer loop
      vertex 113.5 136.8 0
      vertex 113.485 137.022 5
      vertex 113.485 137.022 0
    endloop
  endfacet
  facet normal -0.997725 -0.0674139 0
    outer loop
      vertex 113.485 137.022 5
      vertex 113.5 136.8 0
      vertex 113.5 136.8 5
    endloop
  endfacet
  facet normal 0.445413 -0.895325 0
    outer loop
      vertex 110.95 138.272 0
      vertex 111.149 138.371 5
      vertex 110.95 138.272 5
    endloop
  endfacet
  facet normal 0.445413 -0.895325 0
    outer loop
      vertex 111.149 138.371 5
      vertex 110.95 138.272 0
      vertex 111.149 138.371 0
    endloop
  endfacet
  facet normal 0.0674139 -0.997725 0
    outer loop
      vertex 111.578 138.485 0
      vertex 111.8 138.5 5
      vertex 111.578 138.485 5
    endloop
  endfacet
  facet normal 0.0674139 -0.997725 0
    outer loop
      vertex 111.8 138.5 5
      vertex 111.578 138.485 0
      vertex 111.8 138.5 0
    endloop
  endfacet
  facet normal -0.832742 -0.553661 0
    outer loop
      vertex 113.272 137.65 0
      vertex 113.149 137.835 5
      vertex 113.149 137.835 0
    endloop
  endfacet
  facet normal -0.832742 -0.553661 0
    outer loop
      vertex 113.149 137.835 5
      vertex 113.272 137.65 0
      vertex 113.272 137.65 5
    endloop
  endfacet
  facet normal -0.947781 0.318922 0
    outer loop
      vertex 113.371 136.149 0
      vertex 113.442 136.36 5
      vertex 113.442 136.36 0
    endloop
  endfacet
  facet normal -0.947781 0.318922 0
    outer loop
      vertex 113.442 136.36 5
      vertex 113.371 136.149 0
      vertex 113.371 136.149 5
    endloop
  endfacet
  facet normal -0.660729 -0.750624 0
    outer loop
      vertex 112.835 138.149 0
      vertex 113.002 138.002 5
      vertex 112.835 138.149 5
    endloop
  endfacet
  facet normal -0.660729 -0.750624 -0
    outer loop
      vertex 113.002 138.002 5
      vertex 112.835 138.149 0
      vertex 113.002 138.002 0
    endloop
  endfacet
  facet normal 0.750624 -0.660729 0
    outer loop
      vertex 110.451 137.835 5
      vertex 110.598 138.002 0
      vertex 110.598 138.002 5
    endloop
  endfacet
  facet normal 0.750624 -0.660729 0
    outer loop
      vertex 110.598 138.002 0
      vertex 110.451 137.835 5
      vertex 110.451 137.835 0
    endloop
  endfacet
  facet normal 0.981097 0.193519 0
    outer loop
      vertex 110.158 136.36 5
      vertex 110.115 136.578 0
      vertex 110.115 136.578 5
    endloop
  endfacet
  facet normal 0.981097 0.193519 0
    outer loop
      vertex 110.115 136.578 0
      vertex 110.158 136.36 5
      vertex 110.158 136.36 0
    endloop
  endfacet
  facet normal -0.445413 -0.895325 0
    outer loop
      vertex 112.451 138.371 0
      vertex 112.65 138.272 5
      vertex 112.451 138.371 5
    endloop
  endfacet
  facet normal -0.445413 -0.895325 -0
    outer loop
      vertex 112.65 138.272 5
      vertex 112.451 138.371 0
      vertex 112.65 138.272 0
    endloop
  endfacet
  facet normal -0.947781 -0.318922 0
    outer loop
      vertex 113.442 137.24 0
      vertex 113.371 137.451 5
      vertex 113.371 137.451 0
    endloop
  endfacet
  facet normal -0.947781 -0.318922 0
    outer loop
      vertex 113.371 137.451 5
      vertex 113.442 137.24 0
      vertex 113.442 137.24 5
    endloop
  endfacet
  facet normal -0.193519 0.981097 0
    outer loop
      vertex 112.24 135.158 0
      vertex 112.022 135.115 5
      vertex 112.24 135.158 5
    endloop
  endfacet
  facet normal -0.193519 0.981097 0
    outer loop
      vertex 112.022 135.115 5
      vertex 112.24 135.158 0
      vertex 112.022 135.115 0
    endloop
  endfacet
  facet normal 0.553661 -0.832742 0
    outer loop
      vertex 110.765 138.149 0
      vertex 110.95 138.272 5
      vertex 110.765 138.149 5
    endloop
  endfacet
  facet normal 0.553661 -0.832742 0
    outer loop
      vertex 110.95 138.272 5
      vertex 110.765 138.149 0
      vertex 110.95 138.272 0
    endloop
  endfacet
  facet normal -0.553661 -0.832742 0
    outer loop
      vertex 112.65 138.272 0
      vertex 112.835 138.149 5
      vertex 112.65 138.272 5
    endloop
  endfacet
  facet normal -0.553661 -0.832742 -0
    outer loop
      vertex 112.835 138.149 5
      vertex 112.65 138.272 0
      vertex 112.835 138.149 0
    endloop
  endfacet
  facet normal 0.750624 0.660729 0
    outer loop
      vertex 110.598 135.598 5
      vertex 110.451 135.765 0
      vertex 110.451 135.765 5
    endloop
  endfacet
  facet normal 0.750624 0.660729 0
    outer loop
      vertex 110.451 135.765 0
      vertex 110.598 135.598 5
      vertex 110.598 135.598 0
    endloop
  endfacet
  facet normal 0.832742 -0.553661 0
    outer loop
      vertex 110.328 137.65 5
      vertex 110.451 137.835 0
      vertex 110.451 137.835 5
    endloop
  endfacet
  facet normal 0.832742 -0.553661 0
    outer loop
      vertex 110.451 137.835 0
      vertex 110.328 137.65 5
      vertex 110.328 137.65 0
    endloop
  endfacet
  facet normal -0.0674139 -0.997725 0
    outer loop
      vertex 111.8 138.5 0
      vertex 112.022 138.485 5
      vertex 111.8 138.5 5
    endloop
  endfacet
  facet normal -0.0674139 -0.997725 -0
    outer loop
      vertex 112.022 138.485 5
      vertex 111.8 138.5 0
      vertex 112.022 138.485 0
    endloop
  endfacet
  facet normal -0.318922 -0.947781 0
    outer loop
      vertex 112.24 138.442 0
      vertex 112.451 138.371 5
      vertex 112.24 138.442 5
    endloop
  endfacet
  facet normal -0.318922 -0.947781 -0
    outer loop
      vertex 112.451 138.371 5
      vertex 112.24 138.442 0
      vertex 112.451 138.371 0
    endloop
  endfacet
  facet normal 0.947781 0.318922 0
    outer loop
      vertex 110.229 136.149 5
      vertex 110.158 136.36 0
      vertex 110.158 136.36 5
    endloop
  endfacet
  facet normal 0.947781 0.318922 0
    outer loop
      vertex 110.158 136.36 0
      vertex 110.229 136.149 5
      vertex 110.229 136.149 0
    endloop
  endfacet
  facet normal -0.981097 0.193519 0
    outer loop
      vertex 113.442 136.36 0
      vertex 113.485 136.578 5
      vertex 113.485 136.578 0
    endloop
  endfacet
  facet normal -0.981097 0.193519 0
    outer loop
      vertex 113.485 136.578 5
      vertex 113.442 136.36 0
      vertex 113.442 136.36 5
    endloop
  endfacet
  facet normal 0.318922 -0.947781 0
    outer loop
      vertex 111.149 138.371 0
      vertex 111.36 138.442 5
      vertex 111.149 138.371 5
    endloop
  endfacet
  facet normal 0.318922 -0.947781 0
    outer loop
      vertex 111.36 138.442 5
      vertex 111.149 138.371 0
      vertex 111.36 138.442 0
    endloop
  endfacet
  facet normal -0.660729 0.750624 0
    outer loop
      vertex 113.002 135.598 0
      vertex 112.835 135.451 5
      vertex 113.002 135.598 5
    endloop
  endfacet
  facet normal -0.660729 0.750624 0
    outer loop
      vertex 112.835 135.451 5
      vertex 113.002 135.598 0
      vertex 112.835 135.451 0
    endloop
  endfacet
  facet normal -0.553661 0.832742 0
    outer loop
      vertex 112.835 135.451 0
      vertex 112.65 135.328 5
      vertex 112.835 135.451 5
    endloop
  endfacet
  facet normal -0.553661 0.832742 0
    outer loop
      vertex 112.65 135.328 5
      vertex 112.835 135.451 0
      vertex 112.65 135.328 0
    endloop
  endfacet
  facet normal 0.981097 -0.193519 0
    outer loop
      vertex 110.115 137.022 5
      vertex 110.158 137.24 0
      vertex 110.158 137.24 5
    endloop
  endfacet
  facet normal 0.981097 -0.193519 0
    outer loop
      vertex 110.158 137.24 0
      vertex 110.115 137.022 5
      vertex 110.115 137.022 0
    endloop
  endfacet
  facet normal 0.193519 -0.981097 0
    outer loop
      vertex 111.36 138.442 0
      vertex 111.578 138.485 5
      vertex 111.36 138.442 5
    endloop
  endfacet
  facet normal 0.193519 -0.981097 0
    outer loop
      vertex 111.578 138.485 5
      vertex 111.36 138.442 0
      vertex 111.578 138.485 0
    endloop
  endfacet
  facet normal -0.895325 -0.445413 0
    outer loop
      vertex 113.371 137.451 0
      vertex 113.272 137.65 5
      vertex 113.272 137.65 0
    endloop
  endfacet
  facet normal -0.895325 -0.445413 0
    outer loop
      vertex 113.272 137.65 5
      vertex 113.371 137.451 0
      vertex 113.371 137.451 5
    endloop
  endfacet
  facet normal -0.895325 0.445413 0
    outer loop
      vertex 113.272 135.95 0
      vertex 113.371 136.149 5
      vertex 113.371 136.149 0
    endloop
  endfacet
  facet normal -0.895325 0.445413 0
    outer loop
      vertex 113.371 136.149 5
      vertex 113.272 135.95 0
      vertex 113.272 135.95 5
    endloop
  endfacet
  facet normal 0.553661 0.832742 -0
    outer loop
      vertex 110.95 135.328 0
      vertex 110.765 135.451 5
      vertex 110.95 135.328 5
    endloop
  endfacet
  facet normal 0.553661 0.832742 0
    outer loop
      vertex 110.765 135.451 5
      vertex 110.95 135.328 0
      vertex 110.765 135.451 0
    endloop
  endfacet
  facet normal 0.660729 0.750624 -0
    outer loop
      vertex 110.765 135.451 0
      vertex 110.598 135.598 5
      vertex 110.765 135.451 5
    endloop
  endfacet
  facet normal 0.660729 0.750624 0
    outer loop
      vertex 110.598 135.598 5
      vertex 110.765 135.451 0
      vertex 110.598 135.598 0
    endloop
  endfacet
  facet normal -0.750624 0.660729 0
    outer loop
      vertex 113.002 135.598 0
      vertex 113.149 135.765 5
      vertex 113.149 135.765 0
    endloop
  endfacet
  facet normal -0.750624 0.660729 0
    outer loop
      vertex 113.149 135.765 5
      vertex 113.002 135.598 0
      vertex 113.002 135.598 5
    endloop
  endfacet
  facet normal 0.318922 0.947781 -0
    outer loop
      vertex 111.36 135.158 0
      vertex 111.149 135.229 5
      vertex 111.36 135.158 5
    endloop
  endfacet
  facet normal 0.318922 0.947781 0
    outer loop
      vertex 111.149 135.229 5
      vertex 111.36 135.158 0
      vertex 111.149 135.229 0
    endloop
  endfacet
  facet normal 0.895325 0.445413 0
    outer loop
      vertex 110.328 135.95 5
      vertex 110.229 136.149 0
      vertex 110.229 136.149 5
    endloop
  endfacet
  facet normal 0.895325 0.445413 0
    outer loop
      vertex 110.229 136.149 0
      vertex 110.328 135.95 5
      vertex 110.328 135.95 0
    endloop
  endfacet
  facet normal 0.0674139 0.997725 -0
    outer loop
      vertex 111.8 135.1 0
      vertex 111.578 135.115 5
      vertex 111.8 135.1 5
    endloop
  endfacet
  facet normal 0.0674139 0.997725 0
    outer loop
      vertex 111.578 135.115 5
      vertex 111.8 135.1 0
      vertex 111.578 135.115 0
    endloop
  endfacet
  facet normal -0.997725 0.0674139 0
    outer loop
      vertex 113.485 136.578 0
      vertex 113.5 136.8 5
      vertex 113.5 136.8 0
    endloop
  endfacet
  facet normal -0.997725 0.0674139 0
    outer loop
      vertex 113.5 136.8 5
      vertex 113.485 136.578 0
      vertex 113.485 136.578 5
    endloop
  endfacet
  facet normal -0.750624 -0.660729 0
    outer loop
      vertex 113.149 137.835 0
      vertex 113.002 138.002 5
      vertex 113.002 138.002 0
    endloop
  endfacet
  facet normal -0.750624 -0.660729 0
    outer loop
      vertex 113.002 138.002 5
      vertex 113.149 137.835 0
      vertex 113.149 137.835 5
    endloop
  endfacet
  facet normal 0.193519 0.981097 -0
    outer loop
      vertex 111.578 135.115 0
      vertex 111.36 135.158 5
      vertex 111.578 135.115 5
    endloop
  endfacet
  facet normal 0.193519 0.981097 0
    outer loop
      vertex 111.36 135.158 5
      vertex 111.578 135.115 0
      vertex 111.36 135.158 0
    endloop
  endfacet
  facet normal -0.445413 0.895325 0
    outer loop
      vertex 112.65 135.328 0
      vertex 112.451 135.229 5
      vertex 112.65 135.328 5
    endloop
  endfacet
  facet normal -0.445413 0.895325 0
    outer loop
      vertex 112.451 135.229 5
      vertex 112.65 135.328 0
      vertex 112.451 135.229 0
    endloop
  endfacet
  facet normal -0.832742 0.553661 0
    outer loop
      vertex 113.149 135.765 0
      vertex 113.272 135.95 5
      vertex 113.272 135.95 0
    endloop
  endfacet
  facet normal -0.832742 0.553661 0
    outer loop
      vertex 113.272 135.95 5
      vertex 113.149 135.765 0
      vertex 113.149 135.765 5
    endloop
  endfacet
  facet normal -0.0674139 0.997725 0
    outer loop
      vertex 112.022 135.115 0
      vertex 111.8 135.1 5
      vertex 112.022 135.115 5
    endloop
  endfacet
  facet normal -0.0674139 0.997725 0
    outer loop
      vertex 111.8 135.1 5
      vertex 112.022 135.115 0
      vertex 111.8 135.1 0
    endloop
  endfacet
  facet normal -0.318922 0.947781 0
    outer loop
      vertex 112.451 135.229 0
      vertex 112.24 135.158 5
      vertex 112.451 135.229 5
    endloop
  endfacet
  facet normal -0.318922 0.947781 0
    outer loop
      vertex 112.24 135.158 5
      vertex 112.451 135.229 0
      vertex 112.24 135.158 0
    endloop
  endfacet
  facet normal 0.895325 -0.445413 0
    outer loop
      vertex 110.229 137.451 5
      vertex 110.328 137.65 0
      vertex 110.328 137.65 5
    endloop
  endfacet
  facet normal 0.895325 -0.445413 0
    outer loop
      vertex 110.328 137.65 0
      vertex 110.229 137.451 5
      vertex 110.229 137.451 0
    endloop
  endfacet
  facet normal 0.997725 0.0674139 0
    outer loop
      vertex 110.115 136.578 5
      vertex 110.1 136.8 0
      vertex 110.1 136.8 5
    endloop
  endfacet
  facet normal 0.997725 0.0674139 0
    outer loop
      vertex 110.1 136.8 0
      vertex 110.115 136.578 5
      vertex 110.115 136.578 0
    endloop
  endfacet
  facet normal 0.997725 -0.0674139 0
    outer loop
      vertex 110.1 136.8 5
      vertex 110.115 137.022 0
      vertex 110.115 137.022 5
    endloop
  endfacet
  facet normal 0.997725 -0.0674139 0
    outer loop
      vertex 110.115 137.022 0
      vertex 110.1 136.8 5
      vertex 110.1 136.8 0
    endloop
  endfacet
  facet normal -0.193519 -0.981097 0
    outer loop
      vertex 112.022 138.485 0
      vertex 112.24 138.442 5
      vertex 112.022 138.485 5
    endloop
  endfacet
  facet normal -0.193519 -0.981097 -0
    outer loop
      vertex 112.24 138.442 5
      vertex 112.022 138.485 0
      vertex 112.24 138.442 0
    endloop
  endfacet
  facet normal 0.445413 0.895325 -0
    outer loop
      vertex 111.149 135.229 0
      vertex 110.95 135.328 5
      vertex 111.149 135.229 5
    endloop
  endfacet
  facet normal 0.445413 0.895325 0
    outer loop
      vertex 110.95 135.328 5
      vertex 111.149 135.229 0
      vertex 110.95 135.328 0
    endloop
  endfacet
  facet normal 0.660729 -0.750624 0
    outer loop
      vertex 110.598 138.002 0
      vertex 110.765 138.149 5
      vertex 110.598 138.002 5
    endloop
  endfacet
  facet normal 0.660729 -0.750624 0
    outer loop
      vertex 110.765 138.149 5
      vertex 110.598 138.002 0
      vertex 110.765 138.149 0
    endloop
  endfacet
  facet normal 0.832742 0.553661 0
    outer loop
      vertex 110.451 135.765 5
      vertex 110.328 135.95 0
      vertex 110.328 135.95 5
    endloop
  endfacet
  facet normal 0.832742 0.553661 0
    outer loop
      vertex 110.328 135.95 0
      vertex 110.451 135.765 5
      vertex 110.451 135.765 0
    endloop
  endfacet
  facet normal 0.947781 -0.318922 0
    outer loop
      vertex 110.158 137.24 5
      vertex 110.229 137.451 0
      vertex 110.229 137.451 5
    endloop
  endfacet
  facet normal 0.947781 -0.318922 0
    outer loop
      vertex 110.229 137.451 0
      vertex 110.158 137.24 5
      vertex 110.158 137.24 0
    endloop
  endfacet
  facet normal 0 0 1
    outer loop
      vertex 98.4 142.4 3.5
      vertex 104.8 142.8 3.5
      vertex 104.793 143.009 3.5
    endloop
  endfacet
  facet normal 0 0 1
    outer loop
      vertex 104.8 142.8 3.5
      vertex 98.4 142.4 3.5
      vertex 104.8 4 3.5
    endloop
  endfacet
  facet normal 0 0 1
    outer loop
      vertex 98.4 142.4 3.5
      vertex 104.793 143.009 3.5
      vertex 104.769 143.375 3.5
    endloop
  endfacet
  facet normal -0 0 1
    outer loop
      vertex 98.4 4.39998 3.5
      vertex 104.8 4 3.5
      vertex 98.4 142.4 3.5
    endloop
  endfacet
  facet normal 0 0 1
    outer loop
      vertex 98.4 142.4 3.5
      vertex 104.769 143.375 3.5
      vertex 104.715 143.79 3.5
    endloop
  endfacet
  facet normal 0 0 1
    outer loop
      vertex 104.8 4 3.5
      vertex 98.4 4.39998 3.5
      vertex 104.793 3.7907 3.5
    endloop
  endfacet
  facet normal 0 0 1
    outer loop
      vertex 98.4 142.4 3.5
      vertex 104.715 143.79 3.5
      vertex 104.643 144.149 3.5
    endloop
  endfacet
  facet normal 0 0 1
    outer loop
      vertex 104.793 3.7907 3.5
      vertex 98.4 4.39998 3.5
      vertex 104.769 3.42522 3.5
    endloop
  endfacet
  facet normal 0 0 1
    outer loop
      vertex 98.4 142.4 3.5
      vertex 104.643 144.149 3.5
      vertex 104.535 144.553 3.5
    endloop
  endfacet
  facet normal 0 0 1
    outer loop
      vertex 104.769 3.42522 3.5
      vertex 98.4 4.39998 3.5
      vertex 104.715 3.01021 3.5
    endloop
  endfacet
  facet normal 0 0 1
    outer loop
      vertex 98.4 142.4 3.5
      vertex 104.535 144.553 3.5
      vertex 104.417 144.9 3.5
    endloop
  endfacet
  facet normal 0 0 1
    outer loop
      vertex 104.715 3.01021 3.5
      vertex 98.4 4.39998 3.5
      vertex 104.643 2.65099 3.5
    endloop
  endfacet
  facet normal 0 0 1
    outer loop
      vertex 98.4 142.4 3.5
      vertex 104.417 144.9 3.5
      vertex 104.257 145.287 3.5
    endloop
  endfacet
  facet normal 0 0 1
    outer loop
      vertex 104.643 2.65099 3.5
      vertex 98.4 4.39998 3.5
      vertex 104.535 2.24675 3.5
    endloop
  endfacet
  facet normal 0 0 1
    outer loop
      vertex 98.4 142.4 3.5
      vertex 104.257 145.287 3.5
      vertex 104.095 145.615 3.5
    endloop
  endfacet
  facet normal 0 0 1
    outer loop
      vertex 104.535 2.24675 3.5
      vertex 98.4 4.39998 3.5
      vertex 104.417 1.89993 3.5
    endloop
  endfacet
  facet normal 0 0 1
    outer loop
      vertex 98.4 142.4 3.5
      vertex 104.095 145.615 3.5
      vertex 103.886 145.978 3.5
    endloop
  endfacet
  facet normal 0 0 1
    outer loop
      vertex 104.417 1.89993 3.5
      vertex 98.4 4.39998 3.5
      vertex 104.257 1.51305 3.5
    endloop
  endfacet
  facet normal 0 0 1
    outer loop
      vertex 98.4 142.4 3.5
      vertex 103.886 145.978 3.5
      vertex 103.682 146.282 3.5
    endloop
  endfacet
  facet normal 0 0 1
    outer loop
      vertex 104.257 1.51305 3.5
      vertex 98.4 4.39998 3.5
      vertex 104.095 1.18457 3.5
    endloop
  endfacet
  facet normal 0 0 1
    outer loop
      vertex 98.4 142.4 3.5
      vertex 103.682 146.282 3.5
      vertex 103.427 146.614 3.5
    endloop
  endfacet
  facet normal 0 0 1
    outer loop
      vertex 104.095 1.18457 3.5
      vertex 98.4 4.39998 3.5
      vertex 103.886 0.822235 3.5
    endloop
  endfacet
  facet normal 0 0 1
    outer loop
      vertex 98.4 142.4 3.5
      vertex 103.427 146.614 3.5
      vertex 103.186 146.89 3.5
    endloop
  endfacet
  facet normal 0 0 1
    outer loop
      vertex 103.886 0.822235 3.5
      vertex 98.4 4.39998 3.5
      vertex 103.682 0.5177 3.5
    endloop
  endfacet
  facet normal 0 0 1
    outer loop
      vertex 103.427 0.185623 3.5
      vertex 98.4 4.39998 3.5
      vertex 103.186 -0.0897522 3.5
    endloop
  endfacet
  facet normal 0 0 1
    outer loop
      vertex 98.4 142.4 3.5
      vertex 103.186 146.89 3.5
      vertex 102.89 147.186 3.5
    endloop
  endfacet
  facet normal 0 0 1
    outer loop
      vertex 103.186 -0.0897522 3.5
      vertex 98.4 4.39998 3.5
      vertex 102.89 -0.385773 3.5
    endloop
  endfacet
  facet normal 0 0 1
    outer loop
      vertex 98.4 142.4 3.5
      vertex 102.89 147.186 3.5
      vertex 102.614 147.427 3.5
    endloop
  endfacet
  facet normal 0 0 1
    outer loop
      vertex 98.4 142.4 3.5
      vertex 102.614 147.427 3.5
      vertex 102.282 147.682 3.5
    endloop
  endfacet
  facet normal 0 0 1
    outer loop
      vertex 103.682 0.5177 3.5
      vertex 98.4 4.39998 3.5
      vertex 103.427 0.185623 3.5
    endloop
  endfacet
  facet normal 0 0 1
    outer loop
      vertex 98.4 142.4 3.5
      vertex 102.282 147.682 3.5
      vertex 101.978 147.886 3.5
    endloop
  endfacet
  facet normal 0 0 1
    outer loop
      vertex 102.89 -0.385773 3.5
      vertex 98.4 4.39998 3.5
      vertex 102.614 -0.627274 3.5
    endloop
  endfacet
  facet normal 0 0 1
    outer loop
      vertex 98.4 142.4 3.5
      vertex 101.978 147.886 3.5
      vertex 101.615 148.095 3.5
    endloop
  endfacet
  facet normal 0 0 1
    outer loop
      vertex 102.614 -0.627274 3.5
      vertex 98.4 4.39998 3.5
      vertex 102.282 -0.882141 3.5
    endloop
  endfacet
  facet normal 0 0 1
    outer loop
      vertex 98.4 142.4 3.5
      vertex 101.615 148.095 3.5
      vertex 101.287 148.257 3.5
    endloop
  endfacet
  facet normal 0 0 1
    outer loop
      vertex 102.282 -0.882141 3.5
      vertex 98.4 4.39998 3.5
      vertex 101.978 -1.08562 3.5
    endloop
  endfacet
  facet normal 0 0 1
    outer loop
      vertex 98.4 142.4 3.5
      vertex 101.287 148.257 3.5
      vertex 100.9 148.417 3.5
    endloop
  endfacet
  facet normal 0 0 1
    outer loop
      vertex 101.978 -1.08562 3.5
      vertex 98.4 4.39998 3.5
      vertex 101.615 -1.29482 3.5
    endloop
  endfacet
  facet normal 0 0 1
    outer loop
      vertex 98.4 142.4 3.5
      vertex 100.9 148.417 3.5
      vertex 100.553 148.535 3.5
    endloop
  endfacet
  facet normal 0 0 1
    outer loop
      vertex 101.615 -1.29482 3.5
      vertex 98.4 4.39998 3.5
      vertex 101.287 -1.45682 3.5
    endloop
  endfacet
  facet normal 0 0 1
    outer loop
      vertex 98.4 142.4 3.5
      vertex 100.553 148.535 3.5
      vertex 100.149 148.643 3.5
    endloop
  endfacet
  facet normal 0 0 1
    outer loop
      vertex 101.287 -1.45682 3.5
      vertex 98.4 4.39998 3.5
      vertex 100.9 -1.61708 3.5
    endloop
  endfacet
  facet normal 0 0 1
    outer loop
      vertex 98.4 142.4 3.5
      vertex 100.149 148.643 3.5
      vertex 99.7898 148.715 3.5
    endloop
  endfacet
  facet normal 0 0 1
    outer loop
      vertex 100.9 -1.61708 3.5
      vertex 98.4 4.39998 3.5
      vertex 100.553 -1.7348 3.5
    endloop
  endfacet
  facet normal 0 0 1
    outer loop
      vertex 98.4 142.4 3.5
      vertex 99.7898 148.715 3.5
      vertex 99.3748 148.769 3.5
    endloop
  endfacet
  facet normal 0 0 1
    outer loop
      vertex 100.553 -1.7348 3.5
      vertex 98.4 4.39998 3.5
      vertex 100.149 -1.84311 3.5
    endloop
  endfacet
  facet normal 0 0 1
    outer loop
      vertex 98.4 142.4 3.5
      vertex 99.3748 148.769 3.5
      vertex 99.0093 148.793 3.5
    endloop
  endfacet
  facet normal 0 0 1
    outer loop
      vertex 100.149 -1.84311 3.5
      vertex 98.4 4.39998 3.5
      vertex 99.7898 -1.91457 3.5
    endloop
  endfacet
  facet normal 0 0 1
    outer loop
      vertex 98.4 142.4 3.5
      vertex 99.0093 148.793 3.5
      vertex 98.8 148.8 3.5
    endloop
  endfacet
  facet normal 0 0 1
    outer loop
      vertex 99.7898 -1.91457 3.5
      vertex 98.4 4.39998 3.5
      vertex 99.3748 -1.96921 3.5
    endloop
  endfacet
  facet normal 0 0 1
    outer loop
      vertex 99.3748 -1.96921 3.5
      vertex 98.4 4.39998 3.5
      vertex 99.0093 -1.99316 3.5
    endloop
  endfacet
  facet normal 0 0 1
    outer loop
      vertex 98.8 148.8 3.5
      vertex 4.39998 142.4 3.5
      vertex 98.4 142.4 3.5
    endloop
  endfacet
  facet normal -0 0 1
    outer loop
      vertex 3.7907 148.793 3.5
      vertex 4.39998 142.4 3.5
      vertex 4 148.8 3.5
    endloop
  endfacet
  facet normal -0 0 1
    outer loop
      vertex 4 148.8 3.5
      vertex 4.39998 142.4 3.5
      vertex 98.8 148.8 3.5
    endloop
  endfacet
  facet normal 0 0 1
    outer loop
      vertex 99.0093 -1.99316 3.5
      vertex 98.4 4.39998 3.5
      vertex 98.8 -2.00002 3.5
    endloop
  endfacet
  facet normal -0 0 1
    outer loop
      vertex 4.39998 4.39998 3.5
      vertex 98.8 -2.00002 3.5
      vertex 98.4 4.39998 3.5
    endloop
  endfacet
  facet normal 0 0 1
    outer loop
      vertex 4.39998 4.39998 3.5
      vertex 4 -2.00002 3.5
      vertex 98.8 -2.00002 3.5
    endloop
  endfacet
  facet normal 0 0 1
    outer loop
      vertex 4.39998 142.4 3.5
      vertex -2.00002 142.8 3.5
      vertex 4.39998 4.39998 3.5
    endloop
  endfacet
  facet normal -0 0 1
    outer loop
      vertex 3.42522 148.769 3.5
      vertex 4.39998 142.4 3.5
      vertex 3.7907 148.793 3.5
    endloop
  endfacet
  facet normal 0 0 1
    outer loop
      vertex -2.00002 4 3.5
      vertex 4.39998 4.39998 3.5
      vertex -2.00002 142.8 3.5
    endloop
  endfacet
  facet normal -0 0 1
    outer loop
      vertex 3.01021 148.715 3.5
      vertex 4.39998 142.4 3.5
      vertex 3.42522 148.769 3.5
    endloop
  endfacet
  facet normal 0 -0 1
    outer loop
      vertex -1.99316 3.7907 3.5
      vertex 4.39998 4.39998 3.5
      vertex -2.00002 4 3.5
    endloop
  endfacet
  facet normal -0 0 1
    outer loop
      vertex 2.65099 148.643 3.5
      vertex 4.39998 142.4 3.5
      vertex 3.01021 148.715 3.5
    endloop
  endfacet
  facet normal 0 0 1
    outer loop
      vertex 4.39998 4.39998 3.5
      vertex 3.7907 -1.99316 3.5
      vertex 4 -2.00002 3.5
    endloop
  endfacet
  facet normal -0 0 1
    outer loop
      vertex 2.24675 148.535 3.5
      vertex 4.39998 142.4 3.5
      vertex 2.65099 148.643 3.5
    endloop
  endfacet
  facet normal 0 -0 1
    outer loop
      vertex -1.96921 3.42522 3.5
      vertex 4.39998 4.39998 3.5
      vertex -1.99316 3.7907 3.5
    endloop
  endfacet
  facet normal -0 0 1
    outer loop
      vertex 1.89993 148.417 3.5
      vertex 4.39998 142.4 3.5
      vertex 2.24675 148.535 3.5
    endloop
  endfacet
  facet normal 0 0 1
    outer loop
      vertex 4.39998 4.39998 3.5
      vertex 3.42522 -1.96921 3.5
      vertex 3.7907 -1.99316 3.5
    endloop
  endfacet
  facet normal -0 0 1
    outer loop
      vertex 1.51305 148.257 3.5
      vertex 4.39998 142.4 3.5
      vertex 1.89993 148.417 3.5
    endloop
  endfacet
  facet normal 0 0 1
    outer loop
      vertex 4.39998 4.39998 3.5
      vertex 3.01021 -1.91457 3.5
      vertex 3.42522 -1.96921 3.5
    endloop
  endfacet
  facet normal -0 0 1
    outer loop
      vertex 1.18457 148.095 3.5
      vertex 4.39998 142.4 3.5
      vertex 1.51305 148.257 3.5
    endloop
  endfacet
  facet normal 0 0 1
    outer loop
      vertex 4.39998 4.39998 3.5
      vertex 2.65099 -1.84311 3.5
      vertex 3.01021 -1.91457 3.5
    endloop
  endfacet
  facet normal -0 0 1
    outer loop
      vertex 0.822235 147.886 3.5
      vertex 4.39998 142.4 3.5
      vertex 1.18457 148.095 3.5
    endloop
  endfacet
  facet normal 0 0 1
    outer loop
      vertex 4.39998 4.39998 3.5
      vertex 2.24675 -1.7348 3.5
      vertex 2.65099 -1.84311 3.5
    endloop
  endfacet
  facet normal -0 0 1
    outer loop
      vertex 0.5177 147.682 3.5
      vertex 4.39998 142.4 3.5
      vertex 0.822235 147.886 3.5
    endloop
  endfacet
  facet normal 0 0 1
    outer loop
      vertex 4.39998 4.39998 3.5
      vertex 1.89993 -1.61708 3.5
      vertex 2.24675 -1.7348 3.5
    endloop
  endfacet
  facet normal -0 0 1
    outer loop
      vertex 0.185623 147.427 3.5
      vertex 4.39998 142.4 3.5
      vertex 0.5177 147.682 3.5
    endloop
  endfacet
  facet normal 0 0 1
    outer loop
      vertex 4.39998 4.39998 3.5
      vertex 1.51305 -1.45682 3.5
      vertex 1.89993 -1.61708 3.5
    endloop
  endfacet
  facet normal -0 0 1
    outer loop
      vertex -0.0897522 147.186 3.5
      vertex 4.39998 142.4 3.5
      vertex 0.185623 147.427 3.5
    endloop
  endfacet
  facet normal 0 0 1
    outer loop
      vertex 4.39998 4.39998 3.5
      vertex 1.18457 -1.29482 3.5
      vertex 1.51305 -1.45682 3.5
    endloop
  endfacet
  facet normal -0 0 1
    outer loop
      vertex -0.385773 146.89 3.5
      vertex 4.39998 142.4 3.5
      vertex -0.0897522 147.186 3.5
    endloop
  endfacet
  facet normal 0 0 1
    outer loop
      vertex 4.39998 4.39998 3.5
      vertex 0.822235 -1.08562 3.5
      vertex 1.18457 -1.29482 3.5
    endloop
  endfacet
  facet normal -0 0 1
    outer loop
      vertex -0.627274 146.614 3.5
      vertex 4.39998 142.4 3.5
      vertex -0.385773 146.89 3.5
    endloop
  endfacet
  facet normal 0 0 1
    outer loop
      vertex 4.39998 4.39998 3.5
      vertex 0.5177 -0.882141 3.5
      vertex 0.822235 -1.08562 3.5
    endloop
  endfacet
  facet normal -0 0 1
    outer loop
      vertex -0.882141 146.282 3.5
      vertex 4.39998 142.4 3.5
      vertex -0.627274 146.614 3.5
    endloop
  endfacet
  facet normal 0 0 1
    outer loop
      vertex 4.39998 4.39998 3.5
      vertex 0.185547 -0.627274 3.5
      vertex 0.5177 -0.882141 3.5
    endloop
  endfacet
  facet normal -0 0 1
    outer loop
      vertex -1.08562 145.978 3.5
      vertex 4.39998 142.4 3.5
      vertex -0.882141 146.282 3.5
    endloop
  endfacet
  facet normal 0 0 1
    outer loop
      vertex 4.39998 4.39998 3.5
      vertex -0.0898285 -0.385773 3.5
      vertex 0.185547 -0.627274 3.5
    endloop
  endfacet
  facet normal -0 0 1
    outer loop
      vertex -1.29482 145.615 3.5
      vertex 4.39998 142.4 3.5
      vertex -1.08562 145.978 3.5
    endloop
  endfacet
  facet normal 0 0 1
    outer loop
      vertex 4.39998 4.39998 3.5
      vertex -0.385773 -0.0898285 3.5
      vertex -0.0898285 -0.385773 3.5
    endloop
  endfacet
  facet normal -0 0 1
    outer loop
      vertex -1.45682 145.287 3.5
      vertex 4.39998 142.4 3.5
      vertex -1.29482 145.615 3.5
    endloop
  endfacet
  facet normal 0 0 1
    outer loop
      vertex 4.39998 4.39998 3.5
      vertex -0.627274 0.185547 3.5
      vertex -0.385773 -0.0898285 3.5
    endloop
  endfacet
  facet normal -0 0 1
    outer loop
      vertex -1.61708 144.9 3.5
      vertex 4.39998 142.4 3.5
      vertex -1.45682 145.287 3.5
    endloop
  endfacet
  facet normal 0 0 1
    outer loop
      vertex 4.39998 4.39998 3.5
      vertex -0.882141 0.5177 3.5
      vertex -0.627274 0.185547 3.5
    endloop
  endfacet
  facet normal -0 0 1
    outer loop
      vertex -1.7348 144.553 3.5
      vertex 4.39998 142.4 3.5
      vertex -1.61708 144.9 3.5
    endloop
  endfacet
  facet normal 0 0 1
    outer loop
      vertex 4.39998 4.39998 3.5
      vertex -1.08562 0.822235 3.5
      vertex -0.882141 0.5177 3.5
    endloop
  endfacet
  facet normal -0 0 1
    outer loop
      vertex -1.84311 144.149 3.5
      vertex 4.39998 142.4 3.5
      vertex -1.7348 144.553 3.5
    endloop
  endfacet
  facet normal 0 0 1
    outer loop
      vertex 4.39998 4.39998 3.5
      vertex -1.29482 1.18457 3.5
      vertex -1.08562 0.822235 3.5
    endloop
  endfacet
  facet normal -0 0 1
    outer loop
      vertex -1.91457 143.79 3.5
      vertex 4.39998 142.4 3.5
      vertex -1.84311 144.149 3.5
    endloop
  endfacet
  facet normal 0 0 1
    outer loop
      vertex 4.39998 4.39998 3.5
      vertex -1.45682 1.51305 3.5
      vertex -1.29482 1.18457 3.5
    endloop
  endfacet
  facet normal -0 0 1
    outer loop
      vertex -1.96921 143.375 3.5
      vertex 4.39998 142.4 3.5
      vertex -1.91457 143.79 3.5
    endloop
  endfacet
  facet normal 0 0 1
    outer loop
      vertex 4.39998 4.39998 3.5
      vertex -1.61708 1.89993 3.5
      vertex -1.45682 1.51305 3.5
    endloop
  endfacet
  facet normal 0 0 1
    outer loop
      vertex 4.39998 142.4 3.5
      vertex -1.96921 143.375 3.5
      vertex -1.99316 143.009 3.5
    endloop
  endfacet
  facet normal 0 0 1
    outer loop
      vertex 4.39998 4.39998 3.5
      vertex -1.7348 2.24675 3.5
      vertex -1.61708 1.89993 3.5
    endloop
  endfacet
  facet normal 0 0 1
    outer loop
      vertex 4.39998 142.4 3.5
      vertex -1.99316 143.009 3.5
      vertex -2.00002 142.8 3.5
    endloop
  endfacet
  facet normal 0 0 1
    outer loop
      vertex 4.39998 4.39998 3.5
      vertex -1.84311 2.65099 3.5
      vertex -1.7348 2.24675 3.5
    endloop
  endfacet
  facet normal 0 0 1
    outer loop
      vertex 4.39998 4.39998 3.5
      vertex -1.91457 3.01021 3.5
      vertex -1.84311 2.65099 3.5
    endloop
  endfacet
  facet normal 0 0 1
    outer loop
      vertex 4.39998 4.39998 3.5
      vertex -1.96921 3.42522 3.5
      vertex -1.91457 3.01021 3.5
    endloop
  endfacet
  facet normal -0.0653864 0.99786 0
    outer loop
      vertex 99.3748 -1.96921 3.5
      vertex 99.0093 -1.99316 4
      vertex 99.3748 -1.96921 4
    endloop
  endfacet
  facet normal -0.0653864 0.99786 0
    outer loop
      vertex 99.0093 -1.99316 4
      vertex 99.3748 -1.96921 3.5
      vertex 99.0093 -1.99316 3.5
    endloop
  endfacet
  facet normal -0.130536 0.991444 0
    outer loop
      vertex 99.7898 -1.91457 3.5
      vertex 99.3748 -1.96921 4
      vertex 99.7898 -1.91457 4
    endloop
  endfacet
  facet normal -0.130536 0.991444 0
    outer loop
      vertex 99.3748 -1.96921 4
      vertex 99.7898 -1.91457 3.5
      vertex 99.3748 -1.96921 3.5
    endloop
  endfacet
  facet normal -0.195118 0.98078 0
    outer loop
      vertex 100.149 -1.84311 3.5
      vertex 99.7898 -1.91457 4
      vertex 100.149 -1.84311 4
    endloop
  endfacet
  facet normal -0.195118 0.98078 0
    outer loop
      vertex 99.7898 -1.91457 4
      vertex 100.149 -1.84311 3.5
      vertex 99.7898 -1.91457 3.5
    endloop
  endfacet
  facet normal -0.25895 0.965891 0
    outer loop
      vertex 100.553 -1.7348 3.5
      vertex 100.149 -1.84311 4
      vertex 100.553 -1.7348 4
    endloop
  endfacet
  facet normal -0.25895 0.965891 0
    outer loop
      vertex 100.149 -1.84311 4
      vertex 100.553 -1.7348 3.5
      vertex 100.149 -1.84311 3.5
    endloop
  endfacet
  facet normal -0.321267 0.946989 0
    outer loop
      vertex 100.9 -1.61708 3.5
      vertex 100.553 -1.7348 4
      vertex 100.9 -1.61708 4
    endloop
  endfacet
  facet normal -0.321267 0.946989 0
    outer loop
      vertex 100.553 -1.7348 4
      vertex 100.9 -1.61708 3.5
      vertex 100.553 -1.7348 3.5
    endloop
  endfacet
  facet normal -0.382601 0.923914 0
    outer loop
      vertex 101.287 -1.45682 3.5
      vertex 100.9 -1.61708 4
      vertex 101.287 -1.45682 4
    endloop
  endfacet
  facet normal -0.382601 0.923914 0
    outer loop
      vertex 100.9 -1.61708 4
      vertex 101.287 -1.45682 3.5
      vertex 100.9 -1.61708 3.5
    endloop
  endfacet
  facet normal -0.442835 0.896603 0
    outer loop
      vertex 101.615 -1.29482 3.5
      vertex 101.287 -1.45682 4
      vertex 101.615 -1.29482 4
    endloop
  endfacet
  facet normal -0.442835 0.896603 0
    outer loop
      vertex 101.287 -1.45682 4
      vertex 101.615 -1.29482 3.5
      vertex 101.287 -1.45682 3.5
    endloop
  endfacet
  facet normal -0.499323 0.866416 0
    outer loop
      vertex 101.978 -1.08562 3.5
      vertex 101.615 -1.29482 4
      vertex 101.978 -1.08562 4
    endloop
  endfacet
  facet normal -0.499323 0.866416 0
    outer loop
      vertex 101.615 -1.29482 4
      vertex 101.978 -1.08562 3.5
      vertex 101.615 -1.29482 3.5
    endloop
  endfacet
  facet normal -0.556237 0.831024 0
    outer loop
      vertex 102.282 -0.882141 3.5
      vertex 101.978 -1.08562 4
      vertex 102.282 -0.882141 4
    endloop
  endfacet
  facet normal -0.556237 0.831024 0
    outer loop
      vertex 101.978 -1.08562 4
      vertex 102.282 -0.882141 3.5
      vertex 101.978 -1.08562 3.5
    endloop
  endfacet
  facet normal -0.608934 0.793221 0
    outer loop
      vertex 102.614 -0.627274 3.5
      vertex 102.282 -0.882141 4
      vertex 102.614 -0.627274 4
    endloop
  endfacet
  facet normal -0.608934 0.793221 0
    outer loop
      vertex 102.282 -0.882141 4
      vertex 102.614 -0.627274 3.5
      vertex 102.282 -0.882141 3.5
    endloop
  endfacet
  facet normal -0.658506 0.752575 0
    outer loop
      vertex 102.89 -0.385773 3.5
      vertex 102.614 -0.627274 4
      vertex 102.89 -0.385773 4
    endloop
  endfacet
  facet normal -0.658506 0.752575 0
    outer loop
      vertex 102.614 -0.627274 4
      vertex 102.89 -0.385773 3.5
      vertex 102.614 -0.627274 3.5
    endloop
  endfacet
  facet normal -0.707132 0.707082 0
    outer loop
      vertex 102.89 -0.385773 3.5
      vertex 103.186 -0.0897522 4
      vertex 103.186 -0.0897522 3.5
    endloop
  endfacet
  facet normal -0.707132 0.707082 0
    outer loop
      vertex 103.186 -0.0897522 4
      vertex 102.89 -0.385773 3.5
      vertex 102.89 -0.385773 4
    endloop
  endfacet
  facet normal -0.752513 0.658577 0
    outer loop
      vertex 103.186 -0.0897522 3.5
      vertex 103.427 0.185623 4
      vertex 103.427 0.185623 3.5
    endloop
  endfacet
  facet normal -0.752513 0.658577 0
    outer loop
      vertex 103.427 0.185623 4
      vertex 103.186 -0.0897522 3.5
      vertex 103.186 -0.0897522 4
    endloop
  endfacet
  facet normal -0.793136 0.609045 0
    outer loop
      vertex 103.427 0.185623 3.5
      vertex 103.682 0.5177 4
      vertex 103.682 0.5177 3.5
    endloop
  endfacet
  facet normal -0.793136 0.609045 0
    outer loop
      vertex 103.682 0.5177 4
      vertex 103.427 0.185623 3.5
      vertex 103.427 0.185623 4
    endloop
  endfacet
  facet normal -0.830818 0.556543 0
    outer loop
      vertex 103.682 0.5177 3.5
      vertex 103.886 0.822235 4
      vertex 103.886 0.822235 3.5
    endloop
  endfacet
  facet normal -0.830818 0.556543 0
    outer loop
      vertex 103.886 0.822235 4
      vertex 103.682 0.5177 3.5
      vertex 103.682 0.5177 4
    endloop
  endfacet
  facet normal -0.866226 0.499652 0
    outer loop
      vertex 103.886 0.822235 3.5
      vertex 104.095 1.18457 4
      vertex 104.095 1.18457 3.5
    endloop
  endfacet
  facet normal -0.866226 0.499652 0
    outer loop
      vertex 104.095 1.18457 4
      vertex 103.886 0.822235 3.5
      vertex 103.886 0.822235 4
    endloop
  endfacet
  facet normal -0.89686 0.442314 0
    outer loop
      vertex 104.095 1.18457 3.5
      vertex 104.257 1.51305 4
      vertex 104.257 1.51305 3.5
    endloop
  endfacet
  facet normal -0.89686 0.442314 0
    outer loop
      vertex 104.257 1.51305 4
      vertex 104.095 1.18457 3.5
      vertex 104.095 1.18457 4
    endloop
  endfacet
  facet normal -0.924091 0.382172 0
    outer loop
      vertex 104.257 1.51305 3.5
      vertex 104.417 1.89993 4
      vertex 104.417 1.89993 3.5
    endloop
  endfacet
  facet normal -0.924091 0.382172 0
    outer loop
      vertex 104.417 1.89993 4
      vertex 104.257 1.51305 3.5
      vertex 104.257 1.51305 4
    endloop
  endfacet
  facet normal -0.946705 0.322101 0
    outer loop
      vertex 104.417 1.89993 3.5
      vertex 104.535 2.24675 4
      vertex 104.535 2.24675 3.5
    endloop
  endfacet
  facet normal -0.946705 0.322101 0
    outer loop
      vertex 104.535 2.24675 4
      vertex 104.417 1.89993 3.5
      vertex 104.417 1.89993 4
    endloop
  endfacet
  facet normal -0.966114 0.258115 0
    outer loop
      vertex 104.535 2.24675 3.5
      vertex 104.643 2.65099 4
      vertex 104.643 2.65099 3.5
    endloop
  endfacet
  facet normal -0.966114 0.258115 0
    outer loop
      vertex 104.643 2.65099 4
      vertex 104.535 2.24675 3.5
      vertex 104.535 2.24675 4
    endloop
  endfacet
  facet normal -0.980499 0.196526 0
    outer loop
      vertex 104.643 2.65099 3.5
      vertex 104.715 3.01021 4
      vertex 104.715 3.01021 3.5
    endloop
  endfacet
  facet normal -0.980499 0.196526 0
    outer loop
      vertex 104.715 3.01021 4
      vertex 104.643 2.65099 3.5
      vertex 104.643 2.65099 4
    endloop
  endfacet
  facet normal -0.991641 0.12903 0
    outer loop
      vertex 104.715 3.01021 3.5
      vertex 104.769 3.42522 4
      vertex 104.769 3.42522 3.5
    endloop
  endfacet
  facet normal -0.991641 0.12903 0
    outer loop
      vertex 104.769 3.42522 4
      vertex 104.715 3.01021 3.5
      vertex 104.715 3.01021 4
    endloop
  endfacet
  facet normal -0.997851 0.0655259 0
    outer loop
      vertex 104.769 3.42522 3.5
      vertex 104.793 3.7907 4
      vertex 104.793 3.7907 3.5
    endloop
  endfacet
  facet normal -0.997851 0.0655259 0
    outer loop
      vertex 104.793 3.7907 4
      vertex 104.769 3.42522 3.5
      vertex 104.769 3.42522 4
    endloop
  endfacet
  facet normal -0.999441 0.0334261 0
    outer loop
      vertex 104.793 3.7907 3.5
      vertex 104.8 4 4
      vertex 104.8 4 3.5
    endloop
  endfacet
  facet normal -0.999441 0.0334261 0
    outer loop
      vertex 104.8 4 4
      vertex 104.793 3.7907 3.5
      vertex 104.793 3.7907 4
    endloop
  endfacet
  facet normal -1 0 0
    outer loop
      vertex 104.8 4 3.5
      vertex 104.8 142.8 4
      vertex 104.8 142.8 3.5
    endloop
  endfacet
  facet normal -1 -0 0
    outer loop
      vertex 104.8 142.8 4
      vertex 104.8 4 3.5
      vertex 104.8 4 4
    endloop
  endfacet
  facet normal -0.99944 -0.0334741 0
    outer loop
      vertex 104.8 142.8 3.5
      vertex 104.793 143.009 4
      vertex 104.793 143.009 3.5
    endloop
  endfacet
  facet normal -0.99944 -0.0334741 0
    outer loop
      vertex 104.793 143.009 4
      vertex 104.8 142.8 3.5
      vertex 104.8 142.8 4
    endloop
  endfacet
  facet normal -0.997857 -0.0654332 0
    outer loop
      vertex 104.793 143.009 3.5
      vertex 104.769 143.375 4
      vertex 104.769 143.375 3.5
    endloop
  endfacet
  facet normal -0.997857 -0.0654332 0
    outer loop
      vertex 104.769 143.375 4
      vertex 104.793 143.009 3.5
      vertex 104.793 143.009 4
    endloop
  endfacet
  facet normal -0.99164 -0.129033 0
    outer loop
      vertex 104.769 143.375 3.5
      vertex 104.715 143.79 4
      vertex 104.715 143.79 3.5
    endloop
  endfacet
  facet normal -0.99164 -0.129033 0
    outer loop
      vertex 104.715 143.79 4
      vertex 104.769 143.375 3.5
      vertex 104.769 143.375 4
    endloop
  endfacet
  facet normal -0.980475 -0.196641 0
    outer loop
      vertex 104.715 143.79 3.5
      vertex 104.643 144.149 4
      vertex 104.643 144.149 3.5
    endloop
  endfacet
  facet normal -0.980475 -0.196641 0
    outer loop
      vertex 104.643 144.149 4
      vertex 104.715 143.79 3.5
      vertex 104.715 143.79 4
    endloop
  endfacet
  facet normal -0.966076 -0.258258 0
    outer loop
      vertex 104.643 144.149 3.5
      vertex 104.535 144.553 4
      vertex 104.535 144.553 3.5
    endloop
  endfacet
  facet normal -0.966076 -0.258258 0
    outer loop
      vertex 104.535 144.553 4
      vertex 104.643 144.149 3.5
      vertex 104.643 144.149 4
    endloop
  endfacet
  facet normal -0.946756 -0.321952 0
    outer loop
      vertex 104.535 144.553 3.5
      vertex 104.417 144.9 4
      vertex 104.417 144.9 3.5
    endloop
  endfacet
  facet normal -0.946756 -0.321952 0
    outer loop
      vertex 104.417 144.9 4
      vertex 104.535 144.553 3.5
      vertex 104.535 144.553 4
    endloop
  endfacet
  facet normal -0.924133 -0.382071 0
    outer loop
      vertex 104.417 144.9 3.5
      vertex 104.257 145.287 4
      vertex 104.257 145.287 3.5
    endloop
  endfacet
  facet normal -0.924133 -0.382071 0
    outer loop
      vertex 104.257 145.287 4
      vertex 104.417 144.9 3.5
      vertex 104.417 144.9 4
    endloop
  endfacet
  facet normal -0.896603 -0.442835 0
    outer loop
      vertex 104.257 145.287 3.5
      vertex 104.095 145.615 4
      vertex 104.095 145.615 3.5
    endloop
  endfacet
  facet normal -0.896603 -0.442835 0
    outer loop
      vertex 104.095 145.615 4
      vertex 104.257 145.287 3.5
      vertex 104.257 145.287 4
    endloop
  endfacet
  facet normal -0.866622 -0.498964 0
    outer loop
      vertex 104.095 145.615 3.5
      vertex 103.886 145.978 4
      vertex 103.886 145.978 3.5
    endloop
  endfacet
  facet normal -0.866622 -0.498964 0
    outer loop
      vertex 103.886 145.978 4
      vertex 104.095 145.615 3.5
      vertex 104.095 145.615 4
    endloop
  endfacet
  facet normal -0.830366 -0.557219 0
    outer loop
      vertex 103.886 145.978 3.5
      vertex 103.682 146.282 4
      vertex 103.682 146.282 3.5
    endloop
  endfacet
  facet normal -0.830366 -0.557219 0
    outer loop
      vertex 103.682 146.282 4
      vertex 103.886 145.978 3.5
      vertex 103.886 145.978 4
    endloop
  endfacet
  facet normal -0.793068 -0.609133 0
    outer loop
      vertex 103.682 146.282 3.5
      vertex 103.427 146.614 4
      vertex 103.427 146.614 3.5
    endloop
  endfacet
  facet normal -0.793068 -0.609133 0
    outer loop
      vertex 103.427 146.614 4
      vertex 103.682 146.282 3.5
      vertex 103.682 146.282 4
    endloop
  endfacet
  facet normal -0.753253 -0.657731 0
    outer loop
      vertex 103.427 146.614 3.5
      vertex 103.186 146.89 4
      vertex 103.186 146.89 3.5
    endloop
  endfacet
  facet normal -0.753253 -0.657731 0
    outer loop
      vertex 103.186 146.89 4
      vertex 103.427 146.614 3.5
      vertex 103.427 146.614 4
    endloop
  endfacet
  facet normal -0.707107 -0.707107 0
    outer loop
      vertex 103.186 146.89 3.5
      vertex 102.89 147.186 4
      vertex 102.89 147.186 3.5
    endloop
  endfacet
  facet normal -0.707107 -0.707107 0
    outer loop
      vertex 102.89 147.186 4
      vertex 103.186 146.89 3.5
      vertex 103.186 146.89 4
    endloop
  endfacet
  facet normal -0.657731 -0.753253 0
    outer loop
      vertex 102.614 147.427 3.5
      vertex 102.89 147.186 4
      vertex 102.614 147.427 4
    endloop
  endfacet
  facet normal -0.657731 -0.753253 -0
    outer loop
      vertex 102.89 147.186 4
      vertex 102.614 147.427 3.5
      vertex 102.89 147.186 3.5
    endloop
  endfacet
  facet normal -0.609133 -0.793068 0
    outer loop
      vertex 102.282 147.682 3.5
      vertex 102.614 147.427 4
      vertex 102.282 147.682 4
    endloop
  endfacet
  facet normal -0.609133 -0.793068 -0
    outer loop
      vertex 102.614 147.427 4
      vertex 102.282 147.682 3.5
      vertex 102.614 147.427 3.5
    endloop
  endfacet
  facet normal -0.557219 -0.830366 0
    outer loop
      vertex 101.978 147.886 3.5
      vertex 102.282 147.682 4
      vertex 101.978 147.886 4
    endloop
  endfacet
  facet normal -0.557219 -0.830366 -0
    outer loop
      vertex 102.282 147.682 4
      vertex 101.978 147.886 3.5
      vertex 102.282 147.682 3.5
    endloop
  endfacet
  facet normal -0.498964 -0.866622 0
    outer loop
      vertex 101.615 148.095 3.5
      vertex 101.978 147.886 4
      vertex 101.615 148.095 4
    endloop
  endfacet
  facet normal -0.498964 -0.866622 -0
    outer loop
      vertex 101.978 147.886 4
      vertex 101.615 148.095 3.5
      vertex 101.978 147.886 3.5
    endloop
  endfacet
  facet normal -0.442835 -0.896603 0
    outer loop
      vertex 101.287 148.257 3.5
      vertex 101.615 148.095 4
      vertex 101.287 148.257 4
    endloop
  endfacet
  facet normal -0.442835 -0.896603 -0
    outer loop
      vertex 101.615 148.095 4
      vertex 101.287 148.257 3.5
      vertex 101.615 148.095 3.5
    endloop
  endfacet
  facet normal -0.382071 -0.924133 0
    outer loop
      vertex 100.9 148.417 3.5
      vertex 101.287 148.257 4
      vertex 100.9 148.417 4
    endloop
  endfacet
  facet normal -0.382071 -0.924133 -0
    outer loop
      vertex 101.287 148.257 4
      vertex 100.9 148.417 3.5
      vertex 101.287 148.257 3.5
    endloop
  endfacet
  facet normal -0.321952 -0.946756 0
    outer loop
      vertex 100.553 148.535 3.5
      vertex 100.9 148.417 4
      vertex 100.553 148.535 4
    endloop
  endfacet
  facet normal -0.321952 -0.946756 -0
    outer loop
      vertex 100.9 148.417 4
      vertex 100.553 148.535 3.5
      vertex 100.9 148.417 3.5
    endloop
  endfacet
  facet normal -0.258258 -0.966076 0
    outer loop
      vertex 100.149 148.643 3.5
      vertex 100.553 148.535 4
      vertex 100.149 148.643 4
    endloop
  endfacet
  facet normal -0.258258 -0.966076 -0
    outer loop
      vertex 100.553 148.535 4
      vertex 100.149 148.643 3.5
      vertex 100.553 148.535 3.5
    endloop
  endfacet
  facet normal -0.196536 -0.980497 0
    outer loop
      vertex 99.7898 148.715 3.5
      vertex 100.149 148.643 4
      vertex 99.7898 148.715 4
    endloop
  endfacet
  facet normal -0.196536 -0.980497 -0
    outer loop
      vertex 100.149 148.643 4
      vertex 99.7898 148.715 3.5
      vertex 100.149 148.643 3.5
    endloop
  endfacet
  facet normal -0.129033 -0.99164 0
    outer loop
      vertex 99.3748 148.769 3.5
      vertex 99.7898 148.715 4
      vertex 99.3748 148.769 4
    endloop
  endfacet
  facet normal -0.129033 -0.99164 -0
    outer loop
      vertex 99.7898 148.715 4
      vertex 99.3748 148.769 3.5
      vertex 99.7898 148.715 3.5
    endloop
  endfacet
  facet normal -0.0655224 -0.997851 0
    outer loop
      vertex 99.0093 148.793 3.5
      vertex 99.3748 148.769 4
      vertex 99.0093 148.793 4
    endloop
  endfacet
  facet normal -0.0655224 -0.997851 -0
    outer loop
      vertex 99.3748 148.769 4
      vertex 99.0093 148.793 3.5
      vertex 99.3748 148.769 3.5
    endloop
  endfacet
  facet normal -0.0334261 -0.999441 0
    outer loop
      vertex 98.8 148.8 3.5
      vertex 99.0093 148.793 4
      vertex 98.8 148.8 4
    endloop
  endfacet
  facet normal -0.0334261 -0.999441 -0
    outer loop
      vertex 99.0093 148.793 4
      vertex 98.8 148.8 3.5
      vertex 99.0093 148.793 3.5
    endloop
  endfacet
  facet normal 0 -1 0
    outer loop
      vertex 4 148.8 3.5
      vertex 98.8 148.8 4
      vertex 4 148.8 4
    endloop
  endfacet
  facet normal 0 -1 -0
    outer loop
      vertex 98.8 148.8 4
      vertex 4 148.8 3.5
      vertex 98.8 148.8 3.5
    endloop
  endfacet
  facet normal 0.0334261 -0.999441 0
    outer loop
      vertex 3.7907 148.793 3.5
      vertex 4 148.8 4
      vertex 3.7907 148.793 4
    endloop
  endfacet
  facet normal 0.0334261 -0.999441 0
    outer loop
      vertex 4 148.8 4
      vertex 3.7907 148.793 3.5
      vertex 4 148.8 3.5
    endloop
  endfacet
  facet normal 0.0655259 -0.997851 0
    outer loop
      vertex 3.42522 148.769 3.5
      vertex 3.7907 148.793 4
      vertex 3.42522 148.769 4
    endloop
  endfacet
  facet normal 0.0655259 -0.997851 0
    outer loop
      vertex 3.7907 148.793 4
      vertex 3.42522 148.769 3.5
      vertex 3.7907 148.793 3.5
    endloop
  endfacet
  facet normal 0.12903 -0.991641 0
    outer loop
      vertex 3.01021 148.715 3.5
      vertex 3.42522 148.769 4
      vertex 3.01021 148.715 4
    endloop
  endfacet
  facet normal 0.12903 -0.991641 0
    outer loop
      vertex 3.42522 148.769 4
      vertex 3.01021 148.715 3.5
      vertex 3.42522 148.769 3.5
    endloop
  endfacet
  facet normal 0.196526 -0.980499 0
    outer loop
      vertex 2.65099 148.643 3.5
      vertex 3.01021 148.715 4
      vertex 2.65099 148.643 4
    endloop
  endfacet
  facet normal 0.196526 -0.980499 0
    outer loop
      vertex 3.01021 148.715 4
      vertex 2.65099 148.643 3.5
      vertex 3.01021 148.715 3.5
    endloop
  endfacet
  facet normal 0.258115 -0.966114 0
    outer loop
      vertex 2.24675 148.535 3.5
      vertex 2.65099 148.643 4
      vertex 2.24675 148.535 4
    endloop
  endfacet
  facet normal 0.258115 -0.966114 0
    outer loop
      vertex 2.65099 148.643 4
      vertex 2.24675 148.535 3.5
      vertex 2.65099 148.643 3.5
    endloop
  endfacet
  facet normal 0.322101 -0.946705 0
    outer loop
      vertex 1.89993 148.417 3.5
      vertex 2.24675 148.535 4
      vertex 1.89993 148.417 4
    endloop
  endfacet
  facet normal 0.322101 -0.946705 0
    outer loop
      vertex 2.24675 148.535 4
      vertex 1.89993 148.417 3.5
      vertex 2.24675 148.535 3.5
    endloop
  endfacet
  facet normal 0.382172 -0.924091 0
    outer loop
      vertex 1.51305 148.257 3.5
      vertex 1.89993 148.417 4
      vertex 1.51305 148.257 4
    endloop
  endfacet
  facet normal 0.382172 -0.924091 0
    outer loop
      vertex 1.89993 148.417 4
      vertex 1.51305 148.257 3.5
      vertex 1.89993 148.417 3.5
    endloop
  endfacet
  facet normal 0.442314 -0.89686 0
    outer loop
      vertex 1.18457 148.095 3.5
      vertex 1.51305 148.257 4
      vertex 1.18457 148.095 4
    endloop
  endfacet
  facet normal 0.442314 -0.89686 0
    outer loop
      vertex 1.51305 148.257 4
      vertex 1.18457 148.095 3.5
      vertex 1.51305 148.257 3.5
    endloop
  endfacet
  facet normal 0.499652 -0.866226 0
    outer loop
      vertex 0.822235 147.886 3.5
      vertex 1.18457 148.095 4
      vertex 0.822235 147.886 4
    endloop
  endfacet
  facet normal 0.499652 -0.866226 0
    outer loop
      vertex 1.18457 148.095 4
      vertex 0.822235 147.886 3.5
      vertex 1.18457 148.095 3.5
    endloop
  endfacet
  facet normal 0.556543 -0.830818 0
    outer loop
      vertex 0.5177 147.682 3.5
      vertex 0.822235 147.886 4
      vertex 0.5177 147.682 4
    endloop
  endfacet
  facet normal 0.556543 -0.830818 0
    outer loop
      vertex 0.822235 147.886 4
      vertex 0.5177 147.682 3.5
      vertex 0.822235 147.886 3.5
    endloop
  endfacet
  facet normal 0.609045 -0.793136 0
    outer loop
      vertex 0.185623 147.427 3.5
      vertex 0.5177 147.682 4
      vertex 0.185623 147.427 4
    endloop
  endfacet
  facet normal 0.609045 -0.793136 0
    outer loop
      vertex 0.5177 147.682 4
      vertex 0.185623 147.427 3.5
      vertex 0.5177 147.682 3.5
    endloop
  endfacet
  facet normal 0.658577 -0.752513 0
    outer loop
      vertex -0.0897522 147.186 3.5
      vertex 0.185623 147.427 4
      vertex -0.0897522 147.186 4
    endloop
  endfacet
  facet normal 0.658577 -0.752513 0
    outer loop
      vertex 0.185623 147.427 4
      vertex -0.0897522 147.186 3.5
      vertex 0.185623 147.427 3.5
    endloop
  endfacet
  facet normal 0.707082 -0.707132 0
    outer loop
      vertex -0.385773 146.89 4
      vertex -0.0897522 147.186 3.5
      vertex -0.0897522 147.186 4
    endloop
  endfacet
  facet normal 0.707082 -0.707132 0
    outer loop
      vertex -0.0897522 147.186 3.5
      vertex -0.385773 146.89 4
      vertex -0.385773 146.89 3.5
    endloop
  endfacet
  facet normal 0.752575 -0.658506 0
    outer loop
      vertex -0.627274 146.614 4
      vertex -0.385773 146.89 3.5
      vertex -0.385773 146.89 4
    endloop
  endfacet
  facet normal 0.752575 -0.658506 0
    outer loop
      vertex -0.385773 146.89 3.5
      vertex -0.627274 146.614 4
      vertex -0.627274 146.614 3.5
    endloop
  endfacet
  facet normal 0.793221 -0.608934 0
    outer loop
      vertex -0.882141 146.282 4
      vertex -0.627274 146.614 3.5
      vertex -0.627274 146.614 4
    endloop
  endfacet
  facet normal 0.793221 -0.608934 0
    outer loop
      vertex -0.627274 146.614 3.5
      vertex -0.882141 146.282 4
      vertex -0.882141 146.282 3.5
    endloop
  endfacet
  facet normal 0.831024 -0.556237 0
    outer loop
      vertex -1.08562 145.978 4
      vertex -0.882141 146.282 3.5
      vertex -0.882141 146.282 4
    endloop
  endfacet
  facet normal 0.831024 -0.556237 0
    outer loop
      vertex -0.882141 146.282 3.5
      vertex -1.08562 145.978 4
      vertex -1.08562 145.978 3.5
    endloop
  endfacet
  facet normal 0.866416 -0.499323 0
    outer loop
      vertex -1.29482 145.615 4
      vertex -1.08562 145.978 3.5
      vertex -1.08562 145.978 4
    endloop
  endfacet
  facet normal 0.866416 -0.499323 0
    outer loop
      vertex -1.08562 145.978 3.5
      vertex -1.29482 145.615 4
      vertex -1.29482 145.615 3.5
    endloop
  endfacet
  facet normal 0.896603 -0.442835 0
    outer loop
      vertex -1.45682 145.287 4
      vertex -1.29482 145.615 3.5
      vertex -1.29482 145.615 4
    endloop
  endfacet
  facet normal 0.896603 -0.442835 0
    outer loop
      vertex -1.29482 145.615 3.5
      vertex -1.45682 145.287 4
      vertex -1.45682 145.287 3.5
    endloop
  endfacet
  facet normal 0.923914 -0.382601 0
    outer loop
      vertex -1.61708 144.9 4
      vertex -1.45682 145.287 3.5
      vertex -1.45682 145.287 4
    endloop
  endfacet
  facet normal 0.923914 -0.382601 0
    outer loop
      vertex -1.45682 145.287 3.5
      vertex -1.61708 144.9 4
      vertex -1.61708 144.9 3.5
    endloop
  endfacet
  facet normal 0.946989 -0.321267 0
    outer loop
      vertex -1.7348 144.553 4
      vertex -1.61708 144.9 3.5
      vertex -1.61708 144.9 4
    endloop
  endfacet
  facet normal 0.946989 -0.321267 0
    outer loop
      vertex -1.61708 144.9 3.5
      vertex -1.7348 144.553 4
      vertex -1.7348 144.553 3.5
    endloop
  endfacet
  facet normal 0.965891 -0.25895 0
    outer loop
      vertex -1.84311 144.149 4
      vertex -1.7348 144.553 3.5
      vertex -1.7348 144.553 4
    endloop
  endfacet
  facet normal 0.965891 -0.25895 0
    outer loop
      vertex -1.7348 144.553 3.5
      vertex -1.84311 144.149 4
      vertex -1.84311 144.149 3.5
    endloop
  endfacet
  facet normal 0.980759 -0.195223 0
    outer loop
      vertex -1.91457 143.79 4
      vertex -1.84311 144.149 3.5
      vertex -1.84311 144.149 4
    endloop
  endfacet
  facet normal 0.980759 -0.195223 0
    outer loop
      vertex -1.84311 144.149 3.5
      vertex -1.91457 143.79 4
      vertex -1.91457 143.79 3.5
    endloop
  endfacet
  facet normal 0.991444 -0.130536 0
    outer loop
      vertex -1.96921 143.375 4
      vertex -1.91457 143.79 3.5
      vertex -1.91457 143.79 4
    endloop
  endfacet
  facet normal 0.991444 -0.130536 0
    outer loop
      vertex -1.91457 143.79 3.5
      vertex -1.96921 143.375 4
      vertex -1.96921 143.375 3.5
    endloop
  endfacet
  facet normal 0.997866 -0.0652975 0
    outer loop
      vertex -1.99316 143.009 4
      vertex -1.96921 143.375 3.5
      vertex -1.96921 143.375 4
    endloop
  endfacet
  facet normal 0.997866 -0.0652975 0
    outer loop
      vertex -1.96921 143.375 3.5
      vertex -1.99316 143.009 4
      vertex -1.99316 143.009 3.5
    endloop
  endfacet
  facet normal 0.999462 -0.0328053 0
    outer loop
      vertex -2.00002 142.8 4
      vertex -1.99316 143.009 3.5
      vertex -1.99316 143.009 4
    endloop
  endfacet
  facet normal 0.999462 -0.0328053 0
    outer loop
      vertex -1.99316 143.009 3.5
      vertex -2.00002 142.8 4
      vertex -2.00002 142.8 3.5
    endloop
  endfacet
  facet normal 1 -0 0
    outer loop
      vertex -2.00002 4 4
      vertex -2.00002 142.8 3.5
      vertex -2.00002 142.8 4
    endloop
  endfacet
  facet normal 1 0 0
    outer loop
      vertex -2.00002 142.8 3.5
      vertex -2.00002 4 4
      vertex -2.00002 4 3.5
    endloop
  endfacet
  facet normal 0.999463 0.0327583 0
    outer loop
      vertex -1.99316 3.7907 4
      vertex -2.00002 4 3.5
      vertex -2.00002 4 4
    endloop
  endfacet
  facet normal 0.999463 0.0327583 0
    outer loop
      vertex -2.00002 4 3.5
      vertex -1.99316 3.7907 4
      vertex -1.99316 3.7907 3.5
    endloop
  endfacet
  facet normal 0.99786 0.06539 0
    outer loop
      vertex -1.96921 3.42522 4
      vertex -1.99316 3.7907 3.5
      vertex -1.99316 3.7907 4
    endloop
  endfacet
  facet normal 0.99786 0.06539 0
    outer loop
      vertex -1.99316 3.7907 3.5
      vertex -1.96921 3.42522 4
      vertex -1.96921 3.42522 3.5
    endloop
  endfacet
  facet normal 0.991444 0.130533 0
    outer loop
      vertex -1.91457 3.01021 4
      vertex -1.96921 3.42522 3.5
      vertex -1.96921 3.42522 4
    endloop
  endfacet
  facet normal 0.991444 0.130533 0
    outer loop
      vertex -1.96921 3.42522 3.5
      vertex -1.91457 3.01021 4
      vertex -1.91457 3.01021 3.5
    endloop
  endfacet
  facet normal 0.980782 0.195108 0
    outer loop
      vertex -1.84311 2.65099 4
      vertex -1.91457 3.01021 3.5
      vertex -1.91457 3.01021 4
    endloop
  endfacet
  facet normal 0.980782 0.195108 0
    outer loop
      vertex -1.91457 3.01021 3.5
      vertex -1.84311 2.65099 4
      vertex -1.84311 2.65099 3.5
    endloop
  endfacet
  facet normal 0.965929 0.258806 0
    outer loop
      vertex -1.7348 2.24675 4
      vertex -1.84311 2.65099 3.5
      vertex -1.84311 2.65099 4
    endloop
  endfacet
  facet normal 0.965929 0.258806 0
    outer loop
      vertex -1.84311 2.65099 3.5
      vertex -1.7348 2.24675 4
      vertex -1.7348 2.24675 3.5
    endloop
  endfacet
  facet normal 0.946938 0.321416 0
    outer loop
      vertex -1.61708 1.89993 4
      vertex -1.7348 2.24675 3.5
      vertex -1.7348 2.24675 4
    endloop
  endfacet
  facet normal 0.946938 0.321416 0
    outer loop
      vertex -1.7348 2.24675 3.5
      vertex -1.61708 1.89993 4
      vertex -1.61708 1.89993 3.5
    endloop
  endfacet
  facet normal 0.923872 0.382702 0
    outer loop
      vertex -1.45682 1.51305 4
      vertex -1.61708 1.89993 3.5
      vertex -1.61708 1.89993 4
    endloop
  endfacet
  facet normal 0.923872 0.382702 0
    outer loop
      vertex -1.61708 1.89993 3.5
      vertex -1.45682 1.51305 4
      vertex -1.45682 1.51305 3.5
    endloop
  endfacet
  facet normal 0.89686 0.442314 0
    outer loop
      vertex -1.29482 1.18457 4
      vertex -1.45682 1.51305 3.5
      vertex -1.45682 1.51305 4
    endloop
  endfacet
  facet normal 0.89686 0.442314 0
    outer loop
      vertex -1.45682 1.51305 3.5
      vertex -1.29482 1.18457 4
      vertex -1.29482 1.18457 3.5
    endloop
  endfacet
  facet normal 0.866019 0.50001 0
    outer loop
      vertex -1.08562 0.822235 4
      vertex -1.29482 1.18457 3.5
      vertex -1.29482 1.18457 4
    endloop
  endfacet
  facet normal 0.866019 0.50001 0
    outer loop
      vertex -1.29482 1.18457 3.5
      vertex -1.08562 0.822235 4
      vertex -1.08562 0.822235 3.5
    endloop
  endfacet
  facet normal 0.831476 0.555561 0
    outer loop
      vertex -0.882141 0.5177 4
      vertex -1.08562 0.822235 3.5
      vertex -1.08562 0.822235 4
    endloop
  endfacet
  facet normal 0.831476 0.555561 0
    outer loop
      vertex -1.08562 0.822235 3.5
      vertex -0.882141 0.5177 4
      vertex -0.882141 0.5177 3.5
    endloop
  endfacet
  facet normal 0.793357 0.608757 0
    outer loop
      vertex -0.627274 0.185547 4
      vertex -0.882141 0.5177 3.5
      vertex -0.882141 0.5177 4
    endloop
  endfacet
  facet normal 0.793357 0.608757 0
    outer loop
      vertex -0.882141 0.5177 3.5
      vertex -0.627274 0.185547 4
      vertex -0.627274 0.185547 3.5
    endloop
  endfacet
  facet normal 0.751836 0.659351 0
    outer loop
      vertex -0.385773 -0.0898285 4
      vertex -0.627274 0.185547 3.5
      vertex -0.627274 0.185547 4
    endloop
  endfacet
  facet normal 0.751836 0.659351 0
    outer loop
      vertex -0.627274 0.185547 3.5
      vertex -0.385773 -0.0898285 4
      vertex -0.385773 -0.0898285 3.5
    endloop
  endfacet
  facet normal 0.707107 0.707107 0
    outer loop
      vertex -0.0898285 -0.385773 4
      vertex -0.385773 -0.0898285 3.5
      vertex -0.385773 -0.0898285 4
    endloop
  endfacet
  facet normal 0.707107 0.707107 0
    outer loop
      vertex -0.385773 -0.0898285 3.5
      vertex -0.0898285 -0.385773 4
      vertex -0.0898285 -0.385773 3.5
    endloop
  endfacet
  facet normal 0.659351 0.751836 -0
    outer loop
      vertex 0.185547 -0.627274 3.5
      vertex -0.0898285 -0.385773 4
      vertex 0.185547 -0.627274 4
    endloop
  endfacet
  facet normal 0.659351 0.751836 0
    outer loop
      vertex -0.0898285 -0.385773 4
      vertex 0.185547 -0.627274 3.5
      vertex -0.0898285 -0.385773 3.5
    endloop
  endfacet
  facet normal 0.608757 0.793357 -0
    outer loop
      vertex 0.5177 -0.882141 3.5
      vertex 0.185547 -0.627274 4
      vertex 0.5177 -0.882141 4
    endloop
  endfacet
  facet normal 0.608757 0.793357 0
    outer loop
      vertex 0.185547 -0.627274 4
      vertex 0.5177 -0.882141 3.5
      vertex 0.185547 -0.627274 3.5
    endloop
  endfacet
  facet normal 0.555561 0.831476 -0
    outer loop
      vertex 0.822235 -1.08562 3.5
      vertex 0.5177 -0.882141 4
      vertex 0.822235 -1.08562 4
    endloop
  endfacet
  facet normal 0.555561 0.831476 0
    outer loop
      vertex 0.5177 -0.882141 4
      vertex 0.822235 -1.08562 3.5
      vertex 0.5177 -0.882141 3.5
    endloop
  endfacet
  facet normal 0.50001 0.866019 -0
    outer loop
      vertex 1.18457 -1.29482 3.5
      vertex 0.822235 -1.08562 4
      vertex 1.18457 -1.29482 4
    endloop
  endfacet
  facet normal 0.50001 0.866019 0
    outer loop
      vertex 0.822235 -1.08562 4
      vertex 1.18457 -1.29482 3.5
      vertex 0.822235 -1.08562 3.5
    endloop
  endfacet
  facet normal 0.442314 0.89686 -0
    outer loop
      vertex 1.51305 -1.45682 3.5
      vertex 1.18457 -1.29482 4
      vertex 1.51305 -1.45682 4
    endloop
  endfacet
  facet normal 0.442314 0.89686 0
    outer loop
      vertex 1.18457 -1.29482 4
      vertex 1.51305 -1.45682 3.5
      vertex 1.18457 -1.29482 3.5
    endloop
  endfacet
  facet normal 0.382702 0.923872 -0
    outer loop
      vertex 1.89993 -1.61708 3.5
      vertex 1.51305 -1.45682 4
      vertex 1.89993 -1.61708 4
    endloop
  endfacet
  facet normal 0.382702 0.923872 0
    outer loop
      vertex 1.51305 -1.45682 4
      vertex 1.89993 -1.61708 3.5
      vertex 1.51305 -1.45682 3.5
    endloop
  endfacet
  facet normal 0.321416 0.946938 -0
    outer loop
      vertex 2.24675 -1.7348 3.5
      vertex 1.89993 -1.61708 4
      vertex 2.24675 -1.7348 4
    endloop
  endfacet
  facet normal 0.321416 0.946938 0
    outer loop
      vertex 1.89993 -1.61708 4
      vertex 2.24675 -1.7348 3.5
      vertex 1.89993 -1.61708 3.5
    endloop
  endfacet
  facet normal 0.258806 0.965929 -0
    outer loop
      vertex 2.65099 -1.84311 3.5
      vertex 2.24675 -1.7348 4
      vertex 2.65099 -1.84311 4
    endloop
  endfacet
  facet normal 0.258806 0.965929 0
    outer loop
      vertex 2.24675 -1.7348 4
      vertex 2.65099 -1.84311 3.5
      vertex 2.24675 -1.7348 3.5
    endloop
  endfacet
  facet normal 0.195108 0.980782 -0
    outer loop
      vertex 3.01021 -1.91457 3.5
      vertex 2.65099 -1.84311 4
      vertex 3.01021 -1.91457 4
    endloop
  endfacet
  facet normal 0.195108 0.980782 0
    outer loop
      vertex 2.65099 -1.84311 4
      vertex 3.01021 -1.91457 3.5
      vertex 2.65099 -1.84311 3.5
    endloop
  endfacet
  facet normal 0.130533 0.991444 -0
    outer loop
      vertex 3.42522 -1.96921 3.5
      vertex 3.01021 -1.91457 4
      vertex 3.42522 -1.96921 4
    endloop
  endfacet
  facet normal 0.130533 0.991444 0
    outer loop
      vertex 3.01021 -1.91457 4
      vertex 3.42522 -1.96921 3.5
      vertex 3.01021 -1.91457 3.5
    endloop
  endfacet
  facet normal 0.06539 0.99786 -0
    outer loop
      vertex 3.7907 -1.99316 3.5
      vertex 3.42522 -1.96921 4
      vertex 3.7907 -1.99316 4
    endloop
  endfacet
  facet normal 0.06539 0.99786 0
    outer loop
      vertex 3.42522 -1.96921 4
      vertex 3.7907 -1.99316 3.5
      vertex 3.42522 -1.96921 3.5
    endloop
  endfacet
  facet normal 0.0327583 0.999463 -0
    outer loop
      vertex 4 -2.00002 3.5
      vertex 3.7907 -1.99316 4
      vertex 4 -2.00002 4
    endloop
  endfacet
  facet normal 0.0327583 0.999463 0
    outer loop
      vertex 3.7907 -1.99316 4
      vertex 4 -2.00002 3.5
      vertex 3.7907 -1.99316 3.5
    endloop
  endfacet
  facet normal 0 1 -0
    outer loop
      vertex 98.8 -2.00002 3.5
      vertex 4 -2.00002 4
      vertex 98.8 -2.00002 4
    endloop
  endfacet
  facet normal 0 1 0
    outer loop
      vertex 4 -2.00002 4
      vertex 98.8 -2.00002 3.5
      vertex 4 -2.00002 3.5
    endloop
  endfacet
  facet normal -0.0327583 0.999463 0
    outer loop
      vertex 99.0093 -1.99316 3.5
      vertex 98.8 -2.00002 4
      vertex 99.0093 -1.99316 4
    endloop
  endfacet
  facet normal -0.0327583 0.999463 0
    outer loop
      vertex 98.8 -2.00002 4
      vertex 99.0093 -1.99316 3.5
      vertex 98.8 -2.00002 3.5
    endloop
  endfacet
  facet normal -1 0 0
    outer loop
      vertex 4.39998 4.39998 3.5
      vertex 4.39998 142.4 4
      vertex 4.39998 142.4 3.5
    endloop
  endfacet
  facet normal -1 -0 0
    outer loop
      vertex 4.39998 142.4 4
      vertex 4.39998 4.39998 3.5
      vertex 4.39998 4.39998 4
    endloop
  endfacet
  facet normal 0 1 -0
    outer loop
      vertex 98.4 142.4 3.5
      vertex 4.39998 142.4 4
      vertex 98.4 142.4 4
    endloop
  endfacet
  facet normal 0 1 0
    outer loop
      vertex 4.39998 142.4 4
      vertex 98.4 142.4 3.5
      vertex 4.39998 142.4 3.5
    endloop
  endfacet
  facet normal 1 -0 0
    outer loop
      vertex 98.4 4.39998 4
      vertex 98.4 142.4 3.5
      vertex 98.4 142.4 4
    endloop
  endfacet
  facet normal 1 0 0
    outer loop
      vertex 98.4 142.4 3.5
      vertex 98.4 4.39998 4
      vertex 98.4 4.39998 3.5
    endloop
  endfacet
  facet normal 0 -1 0
    outer loop
      vertex 4.39998 4.39998 3.5
      vertex 98.4 4.39998 4
      vertex 4.39998 4.39998 4
    endloop
  endfacet
  facet normal 0 -1 -0
    outer loop
      vertex 98.4 4.39998 4
      vertex 4.39998 4.39998 3.5
      vertex 98.4 4.39998 3.5
    endloop
  endfacet
endsolid OpenSCAD_Model
